{
    "normalized_frobenius_error": 0.8564388751983643,
    "masked_rmse": 0.2233724743127823,
    "mean_nonzero_value": 1.345635175704956,
    "relative_rmse": 0.16599780321121216,
    "explained_variance": 0.26651251316070557,
    "computation_time": 0.6202819347381592,
    "all_factors_non_negative": true,
    "factor_sparsity": [
        "13.78%",
        "12.44%",
        "10.83%"
    ],
    "device": "mps",
    "best_initialization": "random",
    "errors_history": [
        0.9427345991134644,
        0.9228104948997498,
        0.8991827368736267,
        0.8844698071479797,
        0.8762153387069702,
        0.8711561560630798,
        0.8669369220733643,
        0.8634009957313538,
        0.8609097003936768,
        0.8593300580978394,
        0.8583661913871765,
        0.8577576875686646,
        0.8573453426361084,
        0.8570592403411865,
        0.8568668961524963,
        0.8567395210266113,
        0.8566529750823975,
        0.8565948009490967,
        0.8565564751625061,
        0.8565298318862915,
        0.85651034116745,
        0.8564955592155457,
        0.8564846515655518,
        0.8564766645431519,
        0.85647052526474,
        0.8564658164978027,
        0.8564620614051819,
        0.8564591407775879,
        0.8564566969871521,
        0.856454610824585,
        0.8564528822898865,
        0.8564514517784119,
        0.8564501404762268,
        0.8564490675926208,
        0.8564481139183044,
        0.856447160243988,
        0.856446385383606,
        0.8564456105232239,
        0.8564448356628418,
        0.856444239616394,
        0.8564435839653015,
        0.8564431071281433,
        0.8564426898956299,
        0.8564422130584717,
        0.8564416766166687,
        0.8564414381980896,
        0.856441080570221,
        0.8564408421516418,
        0.8564404845237732,
        0.8564403653144836,
        0.8564400672912598,
        0.8564398288726807,
        0.8564397096633911,
        0.8564395308494568,
        0.856439471244812,
        0.8564393520355225,
        0.8564392328262329,
        0.8564391136169434,
        0.856438934803009,
        0.856438934803009
    ],
    "l1_regularization": 0.0,
    "l2_regularization": 0.0,
    "random_state": 769502,
    "c1_unique_zones": 2,
    "c2_unique_od_pairs": 0,
    "c1_c2_approach": "percentage",
    "c1_c2_percentage": 0.2
}