{
    "normalized_frobenius_error": 0.8564391732215881,
    "masked_rmse": 0.22337253391742706,
    "mean_nonzero_value": 1.345635175704956,
    "relative_rmse": 0.16599784791469574,
    "explained_variance": 0.2665119767189026,
    "computation_time": 0.4413430690765381,
    "all_factors_non_negative": true,
    "factor_sparsity": [
        "15.11%",
        "11.11%",
        "10.83%"
    ],
    "device": "mps",
    "best_initialization": "random",
    "errors_history": [
        0.9424858689308167,
        0.9246081709861755,
        0.9020747542381287,
        0.8869013786315918,
        0.8774988651275635,
        0.8702793717384338,
        0.8645350337028503,
        0.8609309792518616,
        0.8590621948242188,
        0.8580840229988098,
        0.857519805431366,
        0.8571765422821045,
        0.8569599390029907,
        0.8568166494369507,
        0.8567180633544922,
        0.8566494584083557,
        0.8566011786460876,
        0.8565664887428284,
        0.8565409779548645,
        0.8565219640731812,
        0.8565074801445007,
        0.8564963340759277,
        0.8564875721931458,
        0.8564804792404175,
        0.856474757194519,
        0.856469988822937,
        0.8564661145210266,
        0.8564627170562744,
        0.8564598560333252,
        0.8564574718475342,
        0.8564552068710327,
        0.8564533591270447,
        0.8564517498016357,
        0.8564504384994507,
        0.8564491271972656,
        0.8564479947090149,
        0.8564469814300537,
        0.8564461469650269,
        0.8564452528953552,
        0.8564445376396179,
        0.8564440011978149,
        0.8564434051513672,
        0.856442928314209,
        0.8564424514770508,
        0.8564420938491821,
        0.8564417362213135,
        0.8564414381980896,
        0.856441080570221,
        0.8564409017562866,
        0.8564406037330627,
        0.8564404845237732,
        0.8564401865005493,
        0.8564400672912598,
        0.8564398884773254,
        0.8564398288726807,
        0.8564397096633911,
        0.8564395904541016,
        0.856439471244812,
        0.8564393520355225,
        0.8564392328262329,
        0.8564392328262329
    ],
    "l1_regularization": 0.0,
    "l2_regularization": 0.0,
    "random_state": 251401,
    "c1_unique_zones": 2,
    "c2_unique_od_pairs": 0,
    "c1_c2_approach": "percentage",
    "c1_c2_percentage": 0.2
}