{
    "normalized_frobenius_error": 0.8564398884773254,
    "masked_rmse": 0.22337274253368378,
    "mean_nonzero_value": 1.345635175704956,
    "relative_rmse": 0.16599799692630768,
    "explained_variance": 0.2665107846260071,
    "computation_time": 0.6677680015563965,
    "all_factors_non_negative": true,
    "factor_sparsity": [
        "20.89%",
        "19.11%",
        "10.83%"
    ],
    "device": "mps",
    "best_initialization": "random",
    "errors_history": [
        0.9415028095245361,
        0.9302865862846375,
        0.9196121096611023,
        0.9056442379951477,
        0.8932346701622009,
        0.8857551217079163,
        0.8809954524040222,
        0.8774036765098572,
        0.8739495873451233,
        0.8701012134552002,
        0.8663391470909119,
        0.8634573817253113,
        0.8614766597747803,
        0.8600925207138062,
        0.8591126203536987,
        0.8584263324737549,
        0.8579452037811279,
        0.8576028943061829,
        0.8573596477508545,
        0.8571838140487671,
        0.8570541739463806,
        0.8569557070732117,
        0.8568770289421082,
        0.8568105697631836,
        0.8567524552345276,
        0.8567020893096924,
        0.8566592931747437,
        0.8566235899925232,
        0.8565942049026489,
        0.8565702438354492,
        0.856550395488739,
        0.8565343022346497,
        0.8565212488174438,
        0.8565107583999634,
        0.8565024733543396,
        0.8564959168434143,
        0.8564908504486084,
        0.8564867973327637,
        0.8564833998680115,
        0.8564806580543518,
        0.8564780950546265,
        0.8564755320549011,
        0.8564727902412415,
        0.856469988822937,
        0.8564672470092773,
        0.8564650416374207,
        0.8564634323120117,
        0.8564622402191162,
        0.8564612865447998,
        0.8564605116844177,
        0.8564597964286804,
        0.8564592003822327,
        0.8564586043357849,
        0.8564580678939819,
        0.856457531452179,
        0.8564570546150208,
        0.8564566969871521,
        0.8564562201499939,
        0.8564558029174805,
        0.856455385684967,
        0.8564549684524536,
        0.856454610824585,
        0.8564541339874268,
        0.8564538359642029,
        0.8564533591270447,
        0.856453001499176,
        0.8564526438713074,
        0.856452226638794,
        0.8564518690109253,
        0.8564514517784119,
        0.8564509749412537,
        0.8564504384994507,
        0.8564499020576477,
        0.8564493656158447,
        0.8564488291740417,
        0.8564481139183044,
        0.8564473390579224,
        0.8564465641975403,
        0.8564457297325134,
        0.8564450144767761,
        0.8564441800117493,
        0.8564435243606567,
        0.856442928314209,
        0.856442391872406,
        0.8564419150352478,
        0.8564415574073792,
        0.8564413189888,
        0.856441080570221,
        0.8564408421516418,
        0.8564406633377075,
        0.8564404845237732,
        0.8564403653144836,
        0.8564401865005493,
        0.8564400672912598,
        0.8564399480819702,
        0.8564399480819702
    ],
    "l1_regularization": 0.0,
    "l2_regularization": 0.0,
    "random_state": 495497,
    "c1_unique_zones": 2,
    "c2_unique_od_pairs": 0,
    "c1_c2_approach": "percentage",
    "c1_c2_percentage": 0.2
}