{
    "normalized_frobenius_error": 0.8857612013816833,
    "masked_rmse": 0.12036549299955368,
    "mean_nonzero_value": 1.1494661569595337,
    "relative_rmse": 0.10471425205469131,
    "explained_variance": 0.21542716026306152,
    "computation_time": 1.0125460624694824,
    "all_factors_non_negative": true,
    "factor_sparsity": [
        "32.73%",
        "22.73%",
        "20.83%"
    ],
    "device": "mps",
    "best_initialization": "random",
    "errors_history": [
        0.959937572479248,
        0.9412463307380676,
        0.9276220202445984,
        0.9165247082710266,
        0.9054653644561768,
        0.8976688385009766,
        0.8936692476272583,
        0.8917377591133118,
        0.8905978798866272,
        0.8897387385368347,
        0.8891609311103821,
        0.8887680172920227,
        0.8884536027908325,
        0.8881797194480896,
        0.8879362940788269,
        0.8877142071723938,
        0.8875053524971008,
        0.8873066902160645,
        0.8871238827705383,
        0.8869608044624329,
        0.8868167996406555,
        0.8866927027702332,
        0.8865875005722046,
        0.886497974395752,
        0.8864206075668335,
        0.8863516449928284,
        0.8862882256507874,
        0.8862302303314209,
        0.8861808180809021,
        0.8861410021781921,
        0.8861077427864075,
        0.8860796093940735,
        0.8860551714897156,
        0.886033296585083,
        0.8860135674476624,
        0.8859955668449402,
        0.8859792351722717,
        0.8859639167785645,
        0.8859497308731079,
        0.885936439037323,
        0.8859241604804993,
        0.8859125971794128,
        0.8859021067619324,
        0.8858925104141235,
        0.8858838081359863,
        0.885875940322876,
        0.8858689665794373,
        0.8858628869056702,
        0.8858574032783508,
        0.8858526945114136,
        0.8858485817909241,
        0.8858449459075928,
        0.8858418464660645,
        0.8858391046524048,
        0.8858366012573242,
        0.8858345150947571,
        0.8858326077461243,
        0.885830819606781,
        0.8858290910720825,
        0.8858276605606079,
        0.8858262896537781,
        0.8858249187469482,
        0.8858235478401184,
        0.8858215808868408,
        0.8858180642127991,
        0.8858124613761902,
        0.8858081698417664,
        0.8858060836791992,
        0.8858044743537903,
        0.8858030438423157,
        0.8858018517494202,
        0.8858007192611694,
        0.8857993483543396,
        0.8857977986335754,
        0.8857956528663635,
        0.8857929706573486,
        0.885789692401886,
        0.8857858180999756,
        0.8857821822166443,
        0.885779082775116,
        0.8857765197753906,
        0.8857747912406921,
        0.8857734799385071,
        0.8857724666595459,
        0.8857718706130981,
        0.8857713937759399,
        0.8857709765434265,
        0.8857704997062683,
        0.8857701420783997,
        0.8857696056365967,
        0.8857690691947937,
        0.8857685923576355,
        0.8857682347297668,
        0.8857680559158325,
        0.8857678771018982,
        0.8857676386833191,
        0.8857675194740295,
        0.8857673406600952,
        0.8857672214508057,
        0.8857669830322266,
        0.8857667446136475,
        0.8857663869857788,
        0.8857657313346863,
        0.885765016078949,
        0.8857643008232117,
        0.8857635855674744,
        0.8857626914978027,
        0.8857622146606445,
        0.8857619166374207,
        0.8857616782188416,
        0.885761559009552,
        0.8857614398002625,
        0.8857612609863281,
        0.8857612609863281
    ],
    "l1_regularization": 0.0,
    "l2_regularization": 0.0,
    "random_state": 265464,
    "c1_unique_zones": 1,
    "c2_unique_od_pairs": 0,
    "c1_c2_approach": "percentage",
    "c1_c2_percentage": 0.2
}