{
    "normalized_frobenius_error": 0.8652870059013367,
    "masked_rmse": 0.2256801873445511,
    "mean_nonzero_value": 1.345635175704956,
    "relative_rmse": 0.1677127629518509,
    "explained_variance": 0.25127846002578735,
    "computation_time": 0.943640947341919,
    "all_factors_non_negative": true,
    "factor_sparsity": [
        "23.11%",
        "19.56%",
        "12.50%"
    ],
    "device": "mps",
    "best_initialization": "random",
    "errors_history": [
        0.9442161917686462,
        0.9304999709129333,
        0.910729169845581,
        0.8968245983123779,
        0.8901453018188477,
        0.8860774636268616,
        0.883438766002655,
        0.8815982937812805,
        0.8801444172859192,
        0.8789070248603821,
        0.8778699636459351,
        0.877047061920166,
        0.8764262795448303,
        0.8759693503379822,
        0.8756321668624878,
        0.875379204750061,
        0.875185489654541,
        0.8750342130661011,
        0.8749132752418518,
        0.8748142719268799,
        0.8747310042381287,
        0.8746588230133057,
        0.8745940327644348,
        0.8745338320732117,
        0.87447589635849,
        0.8744184970855713,
        0.8743599653244019,
        0.874299168586731,
        0.8742344975471497,
        0.8741638660430908,
        0.8740835785865784,
        0.8739886283874512,
        0.8738740682601929,
        0.873737096786499,
        0.8735772967338562,
        0.8733920454978943,
        0.8731740117073059,
        0.872909426689148,
        0.8725728392601013,
        0.8721333742141724,
        0.8715882301330566,
        0.8709882497787476,
        0.8703834414482117,
        0.869780421257019,
        0.8691854476928711,
        0.8686294555664062,
        0.8681303262710571,
        0.8676439523696899,
        0.867165744304657,
        0.8667209148406982,
        0.8664060235023499,
        0.8662257790565491,
        0.8661144971847534,
        0.8660342693328857,
        0.8659611344337463,
        0.8658807277679443,
        0.8657968640327454,
        0.8657273054122925,
        0.8656787872314453,
        0.8656445145606995,
        0.8656145930290222,
        0.8655791878700256,
        0.8655362725257874,
        0.8655012249946594,
        0.8654825687408447,
        0.8654723167419434,
        0.8654659986495972,
        0.8654620051383972,
        0.8654590249061584,
        0.8654566407203674,
        0.865454375743866,
        0.8654515743255615,
        0.865447998046875,
        0.8654433488845825,
        0.865437924861908,
        0.8654318451881409,
        0.8654249906539917,
        0.8654181361198425,
        0.8654114007949829,
        0.8654044270515442,
        0.8653978109359741,
        0.8653910160064697,
        0.8653823137283325,
        0.8653698563575745,
        0.8653535842895508,
        0.8653377294540405,
        0.8653260469436646,
        0.8653194308280945,
        0.8653159737586975,
        0.8653141260147095,
        0.865312933921814,
        0.8653122186660767,
        0.8653115630149841,
        0.8653109669685364,
        0.8653104305267334,
        0.86531001329422,
        0.8653095960617065,
        0.8653091788291931,
        0.8653088212013245,
        0.8653085231781006,
        0.8653081655502319,
        0.8653079271316528,
        0.8653075695037842,
        0.8653072714805603,
        0.8653070330619812,
        0.8653066754341125,
        0.8653063774108887,
        0.8653057813644409,
        0.8653044700622559,
        0.8653019666671753,
        0.8652983903884888,
        0.8652952909469604,
        0.8652939200401306,
        0.8652933835983276,
        0.865293025970459,
        0.8652927875518799,
        0.865292489528656,
        0.8652922511100769,
        0.8652918338775635,
        0.8652915358543396,
        0.8652909994125366,
        0.8652905821800232,
        0.8652899861335754,
        0.865289568901062,
        0.8652892112731934,
        0.8652887940406799,
        0.865288496017456,
        0.865288257598877,
        0.8652880787849426,
        0.8652878403663635,
        0.865287721157074,
        0.8652876019477844,
        0.8652874827384949,
        0.8652873039245605,
        0.8652872443199158,
        0.8652871251106262,
        0.8652870655059814,
        0.8652870059013367,
        0.8652870059013367
    ],
    "l1_regularization": 0.0,
    "l2_regularization": 0.0,
    "random_state": 112555,
    "c1_unique_zones": 3,
    "c2_unique_od_pairs": 0,
    "c1_c2_approach": "percentage",
    "c1_c2_percentage": 0.2
}