{
    "normalized_frobenius_error": 0.8652632236480713,
    "masked_rmse": 0.22567401826381683,
    "mean_nonzero_value": 1.345635175704956,
    "relative_rmse": 0.16770817339420319,
    "explained_variance": 0.2513195872306824,
    "computation_time": 0.7201869487762451,
    "all_factors_non_negative": true,
    "factor_sparsity": [
        "25.33%",
        "22.67%",
        "10.83%"
    ],
    "device": "mps",
    "best_initialization": "random",
    "errors_history": [
        0.9427767395973206,
        0.9270516633987427,
        0.9075137376785278,
        0.8929640650749207,
        0.8844869136810303,
        0.879705548286438,
        0.8769283294677734,
        0.8752407431602478,
        0.8741346597671509,
        0.8733476996421814,
        0.8727481365203857,
        0.8722698092460632,
        0.8718770146369934,
        0.8715505599975586,
        0.8712784051895142,
        0.8710483908653259,
        0.870848536491394,
        0.8706678748130798,
        0.8704971671104431,
        0.8703285455703735,
        0.8701561093330383,
        0.8699743151664734,
        0.869777500629425,
        0.869559109210968,
        0.8693125247955322,
        0.8690313696861267,
        0.8687103390693665,
        0.8683503866195679,
        0.8679595589637756,
        0.8675574064254761,
        0.8671709895133972,
        0.8668267726898193,
        0.8665398359298706,
        0.8663092851638794,
        0.866122841835022,
        0.8659760355949402,
        0.8658713102340698,
        0.8657963275909424,
        0.8657400608062744,
        0.8656967878341675,
        0.8656629323959351,
        0.8656359314918518,
        0.8656136989593506,
        0.865595281124115,
        0.86557936668396,
        0.8655651211738586,
        0.8655515313148499,
        0.8655377626419067,
        0.8655238747596741,
        0.8655110597610474,
        0.8655003905296326,
        0.8654916882514954,
        0.8654842972755432,
        0.8654773235321045,
        0.865470826625824,
        0.8654642701148987,
        0.8654575347900391,
        0.865450382232666,
        0.8654429316520691,
        0.8654348254203796,
        0.865426242351532,
        0.8654175400733948,
        0.8654090762138367,
        0.865401566028595,
        0.8653948903083801,
        0.8653889298439026,
        0.8653836250305176,
        0.8653787970542908,
        0.8653745055198669,
        0.865370512008667,
        0.8653668761253357,
        0.8653634786605835,
        0.8653603792190552,
        0.8653575778007507,
        0.8653549551963806,
        0.8653523921966553,
        0.8653500080108643,
        0.8653479218482971,
        0.8653458952903748,
        0.8653439283370972,
        0.8653421401977539,
        0.8653404712677002,
        0.8653388023376465,
        0.8653371930122375,
        0.8653357028961182,
        0.865334153175354,
        0.8653327226638794,
        0.8653314113616943,
        0.8653298020362854,
        0.8653284907341003,
        0.8653269410133362,
        0.8653255701065063,
        0.865324079990387,
        0.8653226494789124,
        0.8653212189674377,
        0.8653198480606079,
        0.8653185963630676,
        0.8653172254562378,
        0.8653159737586975,
        0.8653147220611572,
        0.8653134107589722,
        0.8653121590614319,
        0.8653106689453125,
        0.8653092384338379,
        0.8653076887130737,
        0.86530601978302,
        0.8653044104576111,
        0.8653025031089783,
        0.8653005361557007,
        0.8652984499931335,
        0.8652964234352112,
        0.865294337272644,
        0.8652923107147217,
        0.8652902245521545,
        0.865288496017456,
        0.8652868270874023,
        0.8652852177619934,
        0.8652836680412292,
        0.8652821183204651,
        0.8652807474136353,
        0.8652793765068054,
        0.8652781844139099,
        0.8652768731117249,
        0.8652757406234741,
        0.8652747869491577,
        0.8652738332748413,
        0.8652730584144592,
        0.8652724027633667,
        0.865271806716919,
        0.865271270275116,
        0.865270733833313,
        0.8652702569961548,
        0.8652698993682861,
        0.8652695417404175,
        0.865269124507904,
        0.8652688264846802,
        0.8652684092521667,
        0.8652682304382324,
        0.8652678728103638,
        0.8652676343917847,
        0.8652673363685608,
        0.8652671575546265,
        0.8652670383453369,
        0.865266740322113,
        0.8652665615081787,
        0.8652663230895996,
        0.8652661442756653,
        0.865265965461731,
        0.8652658462524414,
        0.8652656078338623,
        0.8652654886245728,
        0.8652653694152832,
        0.8652652502059937,
        0.8652649521827698,
        0.8652648329734802,
        0.8652646541595459,
        0.8652645945549011,
        0.8652644157409668,
        0.8652642965316772,
        0.8652641773223877,
        0.8652641177177429,
        0.8652640581130981,
        0.8652639389038086,
        0.8652637600898743,
        0.8652637004852295,
        0.8652635812759399,
        0.8652635216712952,
        0.8652634024620056,
        0.8652633428573608,
        0.8652633428573608
    ],
    "l1_regularization": 0.0,
    "l2_regularization": 0.0,
    "random_state": 286350,
    "c1_unique_zones": 3,
    "c2_unique_od_pairs": 0,
    "c1_c2_approach": "percentage",
    "c1_c2_percentage": 0.2
}