{
    "normalized_frobenius_error": 0.8897603750228882,
    "masked_rmse": 0.12090940028429031,
    "mean_nonzero_value": 1.1494661569595337,
    "relative_rmse": 0.10518743842840195,
    "explained_variance": 0.20832645893096924,
    "computation_time": 0.34348082542419434,
    "all_factors_non_negative": true,
    "factor_sparsity": [
        "24.43%",
        "24.24%",
        "4.17%"
    ],
    "device": "cpu",
    "best_initialization": "svd",
    "errors_history": [
        0.9303297996520996,
        0.9202927350997925,
        0.914577841758728,
        0.9100939631462097,
        0.9064150452613831,
        0.9035441279411316,
        0.9012823104858398,
        0.8994035720825195,
        0.8978217840194702,
        0.8964934945106506,
        0.8954048156738281,
        0.8945514559745789,
        0.8939064741134644,
        0.8934279084205627,
        0.8930748105049133,
        0.8928138017654419,
        0.892619788646698,
        0.8924745321273804,
        0.8923644423484802,
        0.8922780156135559,
        0.8922069072723389,
        0.892145574092865,
        0.8920903205871582,
        0.8920385241508484,
        0.8919888734817505,
        0.8919402360916138,
        0.8918917775154114,
        0.8918430209159851,
        0.8917935490608215,
        0.8917431831359863,
        0.8916923999786377,
        0.8916405439376831,
        0.8915884494781494,
        0.8915358781814575,
        0.8914830684661865,
        0.8914303183555603,
        0.8913781046867371,
        0.8913267254829407,
        0.8912760019302368,
        0.8912263512611389,
        0.8911780118942261,
        0.8911306858062744,
        0.8910847306251526,
        0.8910399079322815,
        0.8909966945648193,
        0.890954315662384,
        0.8909133076667786,
        0.8908730149269104,
        0.8908333778381348,
        0.890794575214386,
        0.8907563090324402,
        0.8907186985015869,
        0.8906809091567993,
        0.890643835067749,
        0.8906068801879883,
        0.8905708193778992,
        0.8905353546142578,
        0.8905001282691956,
        0.890466034412384,
        0.8904327154159546,
        0.8904010653495789,
        0.8903706073760986,
        0.8903415203094482,
        0.8903133273124695,
        0.8902871012687683,
        0.8902624845504761,
        0.8902390599250793,
        0.8902168869972229,
        0.8901962041854858,
        0.8901767134666443,
        0.8901585936546326,
        0.8901418447494507,
        0.8901254534721375,
        0.890110433101654,
        0.8900962471961975,
        0.8900826573371887,
        0.8900697231292725,
        0.8900580406188965,
        0.8900467753410339,
        0.8900359272956848,
        0.8900256752967834,
        0.8900158405303955,
        0.8900066614151001,
        0.8899976015090942,
        0.8899893760681152,
        0.8899814486503601,
        0.8899737000465393,
        0.8899668455123901,
        0.8899596929550171,
        0.8899534344673157,
        0.8899471163749695,
        0.8899411559104919,
        0.8899351358413696,
        0.889929473400116,
        0.8899239897727966,
        0.8899191617965698,
        0.8899141550064087,
        0.8899096846580505,
        0.8899053931236267,
        0.8899009823799133,
        0.8898969292640686,
        0.8898929357528687,
        0.8898892998695374,
        0.8898857235908508,
        0.8898820877075195,
        0.8898791670799255,
        0.8898758888244629,
        0.8898729085922241,
        0.8898698687553406,
        0.88986736536026,
        0.8898646235466003,
        0.8898620009422302,
        0.8898594379425049,
        0.8898568153381348,
        0.8898547887802124,
        0.8898524641990662,
        0.8898503184318542,
        0.8898484706878662,
        0.8898464441299438,
        0.8898444771766663,
        0.8898428082466125,
        0.8898411393165588,
        0.8898395299911499,
        0.8898378014564514,
        0.8898363709449768,
        0.889835000038147,
        0.8898337483406067,
        0.8898321986198425,
        0.8898307681083679,
        0.8898293972015381,
        0.8898283243179321,
        0.8898271918296814,
        0.8898260593414307,
        0.889824628829956,
        0.8898235559463501,
        0.8898228406906128,
        0.8898218274116516,
        0.8898208141326904,
        0.8898199796676636,
        0.8898190855979919,
        0.8898182511329651,
        0.889817476272583,
        0.8898164629936218,
        0.889815628528595,
        0.8898149728775024,
        0.8898142576217651,
        0.8898134827613831,
        0.8898127675056458,
        0.8898119926452637,
        0.8898113965988159,
        0.8898107409477234,
        0.8898102641105652,
        0.8898094892501831,
        0.8898089528083801,
        0.8898082971572876,
        0.8898077607154846,
        0.8898073434829712,
        0.8898067474365234,
        0.8898061513900757,
        0.8898056745529175,
        0.8898050785064697,
        0.8898046612739563,
        0.8898041844367981,
        0.8898036479949951,
        0.8898031711578369,
        0.889802873134613,
        0.8898025751113892,
        0.8898019790649414,
        0.8898017406463623,
        0.8898011445999146,
        0.8898008465766907,
        0.8898002505302429,
        0.8897998929023743,
        0.8897994756698608,
        0.8897989988327026,
        0.8897985816001892,
        0.8897982835769653,
        0.8897979855537415,
        0.8897976279258728,
        0.8897972106933594,
        0.889796793460846,
        0.8897966146469116,
        0.8897961974143982,
        0.8897956609725952,
        0.8897954821586609,
        0.8897950649261475,
        0.8897945284843445,
        0.889794111251831,
        0.8897938132286072,
        0.8897937536239624,
        0.8897935748100281,
        0.8897930383682251,
        0.8897926807403564,
        0.889792263507843,
        0.8897919058799744,
        0.8897914290428162,
        0.8897912502288818,
        0.8897907733917236,
        0.8897905945777893,
        0.8897902369499207,
        0.8897897601127625,
        0.8897895216941833,
        0.8897892236709595,
        0.889788806438446,
        0.8897885084152222,
        0.8897882103919983,
        0.8897877931594849,
        0.8897872567176819,
        0.8897870779037476,
        0.889786958694458,
        0.8897866010665894,
        0.8897862434387207,
        0.8897858262062073,
        0.8897855281829834,
        0.8897851705551147,
        0.8897849321365356,
        0.8897844552993774,
        0.8897839784622192,
        0.8897838592529297,
        0.8897834420204163,
        0.8897829651832581,
        0.889782726764679,
        0.8897823691368103,
        0.8897820115089417,
        0.8897815346717834,
        0.8897812366485596,
        0.8897809982299805,
        0.8897804021835327,
        0.8897801041603088,
        0.8897800445556641,
        0.8897793889045715,
        0.8897791504859924,
        0.8897786736488342,
        0.8897781372070312,
        0.8897779583930969,
        0.8897775411605835,
        0.8897771239280701,
        0.8897769451141357,
        0.8897765874862671,
        0.8897759318351746,
        0.8897757530212402,
        0.8897749781608582,
        0.8897745609283447,
        0.8897742033004761,
        0.8897737264633179,
        0.8897733092308044,
        0.8897728323936462,
        0.8897726535797119,
        0.8897722363471985,
        0.8897718191146851,
        0.8897715210914612,
        0.8897709250450134,
        0.8897705674171448,
        0.8897700309753418,
        0.8897695541381836,
        0.8897691369056702,
        0.8897687196731567,
        0.8897683620452881,
        0.8897680640220642,
        0.8897674679756165,
        0.8897672295570374,
        0.8897668719291687,
        0.8897665143013,
        0.8897659778594971,
        0.8897658586502075,
        0.8897653222084045,
        0.8897650837898254,
        0.8897647261619568,
        0.8897646069526672,
