{
    "normalized_frobenius_error": 0.9307087063789368,
    "masked_rmse": 0.12210731953382492,
    "mean_nonzero_value": 1.3623639345169067,
    "relative_rmse": 0.08962900191545486,
    "explained_variance": 0.1337813138961792,
    "computation_time": 0.6496798992156982,
    "all_factors_non_negative": true,
    "factor_sparsity": [
        "43.95%",
        "42.34%",
        "21.88%"
    ],
    "device": "mps",
    "best_initialization": "random",
    "errors_history": [
        0.9773263931274414,
        0.9671877026557922,
        0.9581732153892517,
        0.9475481510162354,
        0.9401126503944397,
        0.9366140365600586,
        0.9349293112754822,
        0.9338542222976685,
        0.9332879781723022,
        0.9329080581665039,
        0.9326146245002747,
        0.9323855638504028,
        0.9321969151496887,
        0.9320327043533325,
        0.9318941235542297,
        0.931776762008667,
        0.9316837787628174,
        0.9316160082817078,
        0.9315639138221741,
        0.9315196871757507,
        0.9314793348312378,
        0.9314368963241577,
        0.9313920140266418,
        0.9313485622406006,
        0.9313122630119324,
        0.9312849640846252,
        0.9312648177146912,
        0.9312490224838257,
        0.9312359094619751,
        0.93122398853302,
        0.9312125444412231,
        0.9312008619308472,
        0.9311890006065369,
        0.9311767220497131,
        0.9311640858650208,
        0.9311506152153015,
        0.9311362504959106,
        0.9311206936836243,
        0.9311037659645081,
        0.9310864806175232,
        0.9310691952705383,
        0.9310516119003296,
        0.931033730506897,
        0.9310154318809509,
        0.9309969544410706,
        0.9309781789779663,
        0.9309589266777039,
        0.9309364557266235,
        0.9309120178222656,
        0.9308925867080688,
        0.9308753609657288,
        0.9308592081069946,
        0.9308434724807739,
        0.9308271408081055,
        0.9308128356933594,
        0.9308009147644043,
        0.9307904839515686,
        0.9307810664176941,
        0.9307730197906494,
        0.9307661652565002,
        0.9307603240013123,
        0.9307553172111511,
        0.9307512044906616,
        0.9307478666305542,
        0.930745005607605,
        0.930742621421814,
        0.9307407736778259,
        0.9307390451431274,
        0.9307377338409424,
        0.9307365417480469,
        0.9307354092597961,
        0.9307344555854797,
        0.9307335019111633,
        0.9307311177253723,
        0.9307287335395813,
        0.9307279586791992,
        0.9307276010513306,
        0.9307270050048828,
        0.9307267069816589,
        0.9307263493537903,
        0.9307257533073425,
        0.9307246804237366,
        0.9307227730751038,
        0.9307209849357605,
        0.9307202696800232,
        0.9307200908660889,
        0.930719792842865,
        0.9307197332382202,
        0.9307195544242859,
        0.9307194352149963,
        0.930719256401062,
        0.9307190775871277,
        0.9307188391685486,
        0.9307186007499695,
        0.9307183027267456,
        0.9307180047035217,
        0.9307173490524292,
        0.930716872215271,
        0.9307163953781128,
        0.9307159185409546,
        0.9307155013084412,
        0.930715024471283,
        0.9307147264480591,
        0.9307143688201904,
        0.9307140707969666,
        0.9307137727737427,
        0.9307134747505188,
        0.9307132959365845,
        0.9307129979133606,
        0.9307127594947815,
        0.9307123422622681,
        0.9307118654251099,
        0.9307112693786621,
        0.9307107925415039,
        0.9307103157043457,
        0.9307098388671875,
        0.9307094812393188,
        0.930709183216095,
        0.9307090044021606,
        0.9307088851928711,
        0.9307088255882263,
        0.9307087063789368,
        0.9307087063789368
    ],
    "l1_regularization": 0.0,
    "l2_regularization": 0.0,
    "random_state": 322795,
    "c1_unique_zones": 3,
    "c2_unique_od_pairs": 1,
    "c1_c2_approach": "percentage",
    "c1_c2_percentage": 0.2
}