{
    "normalized_frobenius_error": 0.868136465549469,
    "masked_rmse": 0.22642338275909424,
    "mean_nonzero_value": 1.345635175704956,
    "relative_rmse": 0.16826505959033966,
    "explained_variance": 0.24633914232254028,
    "computation_time": 1.263808012008667,
    "all_factors_non_negative": true,
    "factor_sparsity": [
        "26.67%",
        "25.33%",
        "10.00%"
    ],
    "device": "mps",
    "best_initialization": "random",
    "errors_history": [
        0.940937876701355,
        0.9256500601768494,
        0.9098793864250183,
        0.8966946005821228,
        0.8862342834472656,
        0.8796623349189758,
        0.8763148188591003,
        0.8743428587913513,
        0.8730710744857788,
        0.8721885681152344,
        0.8715526461601257,
        0.8710747957229614,
        0.8707080483436584,
        0.8704123497009277,
        0.870160698890686,
        0.8699459433555603,
        0.8697664141654968,
        0.8696144223213196,
        0.8694813251495361,
        0.8693622946739197,
        0.8692565560340881,
        0.8691641092300415,
        0.8690840601921082,
        0.8690142631530762,
        0.8689533472061157,
        0.8689003586769104,
        0.8688545823097229,
        0.8688151836395264,
        0.8687815070152283,
        0.8687525391578674,
        0.8687275052070618,
        0.868705689907074,
        0.868686318397522,
        0.868668794631958,
        0.8686528205871582,
        0.86863774061203,
        0.8686233162879944,
        0.8686090111732483,
        0.8685945868492126,
        0.8685801029205322,
        0.8685654997825623,
        0.868550717830658,
        0.8685360550880432,
        0.8685214519500732,
        0.8685072064399719,
        0.8684930801391602,
        0.8684792518615723,
        0.8684654831886292,
        0.868451714515686,
        0.8684380650520325,
        0.8684244155883789,
        0.8684107661247253,
        0.8683971762657166,
        0.8683837652206421,
        0.868370532989502,
        0.8683575391769409,
        0.8683449029922485,
        0.8683326840400696,
        0.868320882320404,
        0.8683096766471863,
        0.8682989478111267,
        0.8682886958122253,
        0.8682789206504822,
        0.8682697415351868,
        0.8682608604431152,
        0.8682523369789124,
        0.8682444095611572,
        0.8682367205619812,
        0.8682296276092529,
        0.8682230710983276,
        0.8682172894477844,
        0.8682119250297546,
        0.8682070970535278,
        0.868202805519104,
        0.868198812007904,
        0.868195116519928,
        0.868191659450531,
        0.8681885600090027,
        0.8681855201721191,
        0.868182897567749,
        0.8681803941726685,
        0.8681780099868774,
        0.8681758046150208,
        0.8681736588478088,
        0.868171751499176,
        0.8681700825691223,
        0.8681683540344238,
        0.8681666851043701,
        0.8681652545928955,
        0.8681638240814209,
        0.8681625723838806,
        0.8681612610816956,
        0.8681601285934448,
        0.8681590557098389,
        0.8681580424308777,
        0.868157148361206,
        0.8681561946868896,
        0.8681554198265076,
        0.8681546449661255,
        0.8681539297103882,
        0.8681531548500061,
        0.8681525588035583,
        0.8681519627571106,
        0.8681514263153076,
        0.8681508302688599,
        0.8681504130363464,
        0.868149995803833,
        0.86814945936203,
        0.8681490421295166,
        0.868148684501648,
        0.8681483268737793,
        0.8681479096412659,
        0.868147611618042,
        0.8681472539901733,
        0.8681470155715942,
        0.8681466579437256,
        0.8681464195251465,
        0.8681460618972778,
        0.8681458234786987,
        0.8681455850601196,
        0.8681454062461853,
        0.868145227432251,
        0.8681449294090271,
        0.8681447505950928,
        0.8681444525718689,
        0.8681443333625793,
        0.868144154548645,
        0.8681439757347107,
        0.8681437373161316,
        0.868143618106842,
        0.8681433796882629,
        0.8681432008743286,
        0.8681430816650391,
        0.8681429028511047,
        0.8681427836418152,
        0.8681424856185913,
        0.8681423664093018,
        0.8681422472000122,
        0.8681420087814331,
        0.8681418299674988,
        0.8681417107582092,
        0.8681414723396301,
        0.8681412935256958,
        0.8681411147117615,
        0.8681408762931824,
        0.868140697479248,
        0.8681406378746033,
        0.868140459060669,
        0.8681402206420898,
        0.8681400418281555,
        0.8681398630142212,
        0.8681396245956421,
        0.8681394457817078,
        0.8681393265724182,
        0.8681390881538391,
        0.8681389689445496,
        0.8681387305259705,
        0.8681384921073914,
        0.8681383728981018,
        0.8681382536888123,
        0.8681381344795227,
        0.8681379556655884,
        0.868137776851654,
        0.8681376576423645,
        0.868137538433075,
        0.8681374192237854,
        0.8681373000144958,
        0.8681371808052063,
        0.8681371212005615,
        0.8681370615959167,
        0.8681369423866272,
        0.8681367635726929,
        0.8681367039680481,
        0.8681366443634033,
        0.8681365847587585,
        0.868136465549469,
        0.868136465549469
    ],
    "l1_regularization": 0.0,
    "l2_regularization": 0.0,
    "random_state": 161907,
    "c1_unique_zones": 3,
    "c2_unique_od_pairs": 0,
    "c1_c2_approach": "percentage",
    "c1_c2_percentage": 0.2
}