{
    "normalized_frobenius_error": 0.8826943635940552,
    "masked_rmse": 0.11994874477386475,
    "mean_nonzero_value": 1.1494661569595337,
    "relative_rmse": 0.1043516993522644,
    "explained_variance": 0.22085070610046387,
    "computation_time": 0.7567398548126221,
    "all_factors_non_negative": true,
    "factor_sparsity": [
        "34.55%",
        "26.36%",
        "18.33%"
    ],
    "device": "mps",
    "best_initialization": "random",
    "errors_history": [
        0.9586713314056396,
        0.9433947205543518,
        0.9301930069923401,
        0.9219231605529785,
        0.9151589274406433,
        0.908314049243927,
        0.9029593467712402,
        0.8987639546394348,
        0.8952085375785828,
        0.8926153182983398,
        0.8910466432571411,
        0.8901969790458679,
        0.8896881341934204,
        0.889320969581604,
        0.8890206813812256,
        0.8887659311294556,
        0.8885285258293152,
        0.8882920742034912,
        0.8880506753921509,
        0.8878027200698853,
        0.8875511288642883,
        0.8873021602630615,
        0.8870646357536316,
        0.8868462443351746,
        0.8866527676582336,
        0.8864868879318237,
        0.8863471150398254,
        0.886229932308197,
        0.8861309289932251,
        0.8860467076301575,
        0.8859735131263733,
        0.8859080076217651,
        0.8858465552330017,
        0.8857861161231995,
        0.8857234716415405,
        0.8856561183929443,
        0.8855869174003601,
        0.8855189085006714,
        0.8854588270187378,
        0.885412871837616,
        0.8853760957717896,
        0.8853459358215332,
        0.8853195905685425,
        0.8852957487106323,
        0.8852735161781311,
        0.8852519392967224,
        0.8852304220199585,
        0.8852081894874573,
        0.885184645652771,
        0.885158360004425,
        0.8851290941238403,
        0.8850988745689392,
        0.885068953037262,
        0.8850379586219788,
        0.8850047588348389,
        0.8849687576293945,
        0.8849291801452637,
        0.8848852515220642,
        0.8848363161087036,
        0.8847818374633789,
        0.8847232460975647,
        0.8846638798713684,
        0.8846068382263184,
        0.8845532536506653,
        0.8845019936561584,
        0.8844488263130188,
        0.8843819499015808,
        0.8842753171920776,
        0.8840981125831604,
        0.8838720321655273,
        0.8836693167686462,
        0.8835031390190125,
        0.8833503127098083,
        0.8832120895385742,
        0.8831071257591248,
        0.8830285668373108,
        0.8829691410064697,
        0.8829243779182434,
        0.8828909397125244,
        0.8828656673431396,
        0.882846474647522,
        0.8828316330909729,
        0.8828198909759521,
        0.882810652256012,
        0.8828030228614807,
        0.8827955722808838,
        0.8827858567237854,
        0.8827688097953796,
        0.8827441334724426,
        0.8827245235443115,
        0.8827146887779236,
        0.8827095627784729,
        0.8827062845230103,
        0.882703959941864,
        0.8827023506164551,
        0.8827009201049805,
        0.8826998472213745,
        0.8826990127563477,
        0.8826982975006104,
        0.8826977014541626,
        0.8826971650123596,
        0.8826967477798462,
        0.8826963305473328,
        0.8826959133148193,
        0.8826954364776611,
        0.882695198059082,
        0.8826949596405029,
        0.8826947808265686,
        0.8826945424079895,
        0.8826944828033447,
        0.8826944828033447
    ],
    "l1_regularization": 0.0,
    "l2_regularization": 0.0,
    "random_state": 636506,
    "c1_unique_zones": 1,
    "c2_unique_od_pairs": 0,
    "c1_c2_approach": "percentage",
    "c1_c2_percentage": 0.2
}