{
    "normalized_frobenius_error": 0.9321542978286743,
    "masked_rmse": 0.12229697406291962,
    "mean_nonzero_value": 1.3623639345169067,
    "relative_rmse": 0.08976820856332779,
    "explained_variance": 0.13108843564987183,
    "computation_time": 0.5348899364471436,
    "all_factors_non_negative": true,
    "factor_sparsity": [
        "15.32%",
        "11.69%",
        "8.33%"
    ],
    "device": "mps",
    "best_initialization": "random",
    "errors_history": [
        0.9767096042633057,
        0.9670397043228149,
        0.9568642973899841,
        0.948741614818573,
        0.9428699612617493,
        0.9386714100837708,
        0.9357702136039734,
        0.934052050113678,
        0.9332053661346436,
        0.9327395558357239,
        0.9324972629547119,
        0.9323689341545105,
        0.9322968125343323,
        0.9322547316551208,
        0.932226300239563,
        0.9322040677070618,
        0.9321906566619873,
        0.9321833848953247,
        0.9321784973144531,
        0.9321748614311218,
        0.9321721196174622,
        0.9321697950363159,
        0.9321677684783936,
        0.9321658611297607,
        0.9321641325950623,
        0.9321626424789429,
        0.9321613907814026,
        0.9321603178977966,
        0.9321594834327698,
        0.9321587681770325,
        0.9321579933166504,
        0.9321572780609131,
        0.9321568012237549,
        0.9321563839912415,
        0.9321560263633728,
        0.9321557283401489,
        0.932155430316925,
        0.9321551322937012,
        0.9321550726890564,
        0.9321548342704773,
        0.9321547746658325,
        0.9321545958518982,
        0.9321544766426086,
        0.9321543574333191,
        0.9321542978286743,
        0.9321542978286743
    ],
    "l1_regularization": 0.0,
    "l2_regularization": 0.0,
    "random_state": 841733,
    "c1_unique_zones": 2,
    "c2_unique_od_pairs": 0,
    "c1_c2_approach": "percentage",
    "c1_c2_percentage": 0.2
}