{
    "normalized_frobenius_error": 0.8826742172241211,
    "masked_rmse": 0.11994600296020508,
    "mean_nonzero_value": 1.1494661569595337,
    "relative_rmse": 0.10434931516647339,
    "explained_variance": 0.22088629007339478,
    "computation_time": 1.1542549133300781,
    "all_factors_non_negative": true,
    "factor_sparsity": [
        "28.64%",
        "25.00%",
        "18.33%"
    ],
    "device": "mps",
    "best_initialization": "random",
    "errors_history": [
        0.9496964812278748,
        0.9249317049980164,
        0.9132913947105408,
        0.9065453410148621,
        0.9009283781051636,
        0.8953707218170166,
        0.8909786939620972,
        0.8882591724395752,
        0.8866055607795715,
        0.8855699896812439,
        0.8849443793296814,
        0.8845284581184387,
        0.8842086791992188,
        0.8839325308799744,
        0.8836773037910461,
        0.8834449648857117,
        0.8832550048828125,
        0.883109986782074,
        0.8830010890960693,
        0.8829212784767151,
        0.8828644156455994,
        0.8828251361846924,
        0.8827987313270569,
        0.8827811479568481,
        0.8827694654464722,
        0.8827616572380066,
        0.8827558755874634,
        0.8827506899833679,
        0.8827438950538635,
        0.8827319145202637,
        0.8827166557312012,
        0.8827075362205505,
        0.882704496383667,
        0.8827030062675476,
        0.8827018141746521,
        0.8827009201049805,
        0.8827000856399536,
        0.8826993703842163,
        0.8826985359191895,
        0.8826978802680969,
        0.882697343826294,
        0.8826966881752014,
        0.8826959729194641,
        0.8826953768730164,
        0.882694661617279,
        0.8826939463615417,
        0.8826932907104492,
        0.8826926350593567,
        0.8826920986175537,
        0.8826914429664612,
        0.8826910853385925,
        0.8826904892921448,
        0.8826900124549866,
        0.8826895952224731,
        0.8826890587806702,
        0.8826885223388672,
        0.8826881051063538,
        0.8826876282691956,
        0.8826871514320374,
        0.8826866149902344,
        0.882686197757721,
        0.8826857209205627,
        0.882685124874115,
        0.8826847076416016,
        0.882684051990509,
        0.8826833367347717,
        0.882682740688324,
        0.8826819658279419,
        0.8826812505722046,
        0.8826805949211121,
        0.8826799392700195,
        0.8826794028282166,
        0.8826789855957031,
        0.8826786279678345,
        0.8826782703399658,
        0.8826779723167419,
        0.8826776742935181,
        0.8826773762702942,
        0.8826771378517151,
        0.882676899433136,
        0.8826766610145569,
        0.8826764822006226,
        0.8826762437820435,
        0.8826761245727539,
        0.8826758861541748,
        0.8826757073402405,
        0.8826755285263062,
        0.8826753497123718,
        0.8826752305030823,
        0.8826751112937927,
        0.8826749920845032,
        0.8826748728752136,
        0.8826748132705688,
        0.8826746344566345,
        0.882674515247345,
        0.8826743960380554,
        0.8826743364334106,
        0.8826742768287659,
        0.8826742768287659
    ],
    "l1_regularization": 0.0,
    "l2_regularization": 0.0,
    "random_state": 8534,
    "c1_unique_zones": 1,
    "c2_unique_od_pairs": 0,
    "c1_c2_approach": "percentage",
    "c1_c2_percentage": 0.2
}