{
    "normalized_frobenius_error": 0.9080030918121338,
    "masked_rmse": 0.11912838369607925,
    "mean_nonzero_value": 1.3623639345169067,
    "relative_rmse": 0.08744240552186966,
    "explained_variance": 0.17553043365478516,
    "computation_time": 1.6190690994262695,
    "all_factors_non_negative": true,
    "factor_sparsity": [
        "47.04%",
        "47.31%",
        "30.56%"
    ],
    "device": "mps",
    "best_initialization": "random",
    "errors_history": [
        0.9746176600456238,
        0.9589306712150574,
        0.9433231353759766,
        0.9329810738563538,
        0.9266071915626526,
        0.9215250611305237,
        0.9171239733695984,
        0.9141913056373596,
        0.9126707911491394,
        0.9118395447731018,
        0.9112517237663269,
        0.9109006524085999,
        0.9106833934783936,
        0.910536527633667,
        0.9104349613189697,
        0.9103583097457886,
        0.9102962613105774,
        0.910243034362793,
        0.9101960062980652,
        0.9101553559303284,
        0.9101189374923706,
        0.9100843071937561,
        0.9100498557090759,
        0.9100142121315002,
        0.9099762439727783,
        0.9099357724189758,
        0.9098944067955017,
        0.9098536372184753,
        0.9098138809204102,
        0.9097750186920166,
        0.9097369313240051,
        0.9096998572349548,
        0.9096642732620239,
        0.909630537033081,
        0.909599244594574,
        0.9095704555511475,
        0.9095437526702881,
        0.9095184803009033,
        0.9094949960708618,
        0.9094728827476501,
        0.9094514846801758,
        0.909430205821991,
        0.9094088673591614,
        0.9093872308731079,
        0.9093649387359619,
        0.9093418717384338,
        0.9093177318572998,
        0.9092915058135986,
        0.9092615246772766,
        0.9092291593551636,
        0.9091941714286804,
        0.9091532826423645,
        0.9091094136238098,
        0.909066379070282,
        0.9090206623077393,
        0.9089711904525757,
        0.9089290499687195,
        0.9088912606239319,
        0.9088561534881592,
        0.9088192582130432,
        0.9087771773338318,
        0.9087371230125427,
        0.908698558807373,
        0.9086611270904541,
        0.9086290001869202,
        0.9086037278175354,
        0.9085835218429565,
        0.9085662961006165,
        0.9085513353347778,
        0.9085383415222168,
        0.9085263609886169,
        0.9085153341293335,
        0.9085052013397217,
        0.9084957242012024,
        0.908486545085907,
        0.908477246761322,
        0.9084674119949341,
        0.9084560871124268,
        0.908442497253418,
        0.9084261059761047,
        0.9084072709083557,
        0.9083881378173828,
        0.9083704948425293,
        0.9083539247512817,
        0.9083382487297058,
        0.9083232879638672,
        0.9083093404769897,
        0.9082960486412048,
        0.9082834124565125,
        0.9082714319229126,
        0.9082597494125366,
        0.908247709274292,
        0.9082342982292175,
        0.9082197546958923,
        0.908207893371582,
        0.9081982970237732,
        0.9081894755363464,
        0.9081818461418152,
        0.9081752300262451,
        0.9081693887710571,
        0.9081642031669617,
        0.908159613609314,
        0.9081556797027588,
        0.9081523418426514,
        0.9081493020057678,
        0.9081466197967529,
        0.9081442356109619,
        0.90814208984375,
        0.9081403017044067,
        0.9081389307975769,
        0.9081377983093262,
        0.9081369638442993,
        0.908136248588562,
        0.9081355929374695,
        0.9081351161003113,
        0.9081346392631531,
        0.9081341624259949,
        0.9081338047981262,
        0.908133327960968,
        0.908132791519165,
        0.9081324338912964,
        0.9081320762634277,
        0.9081316590309143,
        0.9081313014030457,
        0.9081310033798218,
        0.9081306457519531,
        0.9081302285194397,
        0.908129870891571,
        0.9081294536590576,
        0.908129096031189,
        0.9081287980079651,
        0.9081283211708069,
        0.9081278443336487,
        0.9081268906593323,
        0.9081250429153442,
        0.9081220030784607,
        0.9081180095672607,
        0.9081142544746399,
        0.9081116914749146,
        0.908109724521637,
        0.9081079363822937,
        0.9081065058708191,
        0.9081053733825684,
        0.9081043601036072,
        0.9081034064292908,
        0.90810227394104,
        0.9081005454063416,
        0.908098578453064,
        0.9080969095230103,
        0.9080955982208252,
        0.9080943465232849,
        0.9080933928489685,
        0.9080924391746521,
        0.90809166431427,
        0.9080908894538879,
        0.9080901145935059,
        0.9080894589424133,
        0.9080885648727417,
        0.9080878496170044,
        0.9080869555473328,
        0.9080861210823059,
        0.9080852270126343,
        0.9080843925476074,
        0.908083438873291,
        0.9080823659896851,
        0.9080814123153687,
        0.9080803394317627,
        0.908079206943512,
        0.908078134059906,
        0.9080769419670105,
        0.9080756902694702,
        0.9080744385719299,
        0.9080730080604553,
        0.9080715775489807,
        0.9080700278282166,
        0.9080682992935181,
        0.9080666899681091,
        0.9080648422241211,
        0.9080630540847778,
        0.9080610275268555,
        0.9080591201782227,
        0.9080572128295898,
        0.9080551862716675,
        0.9080531597137451,
        0.908051073551178,
        0.9080490469932556,
        0.9080470204353333,
        0.9080449342727661,
        0.9080429077148438,
        0.9080408215522766,
        0.9080387949943542,
        0.9080367088317871,
        0.9080348014831543,
        0.9080327749252319,
        0.9080308675765991,
        0.9080290794372559,
        0.9080273509025574,
        0.9080255031585693,
        0.9080238938331604,
        0.9080223441123962,
        0.9080207943916321,
        0.9080193042755127,
        0.9080179333686829,
        0.9080166220664978,
        0.9080154299736023,
        0.9080142974853516,
        0.9080132842063904,
        0.9080122113227844,
        0.908011257648468,
        0.9080103635787964,
        0.9080096483230591,
        0.9080089330673218,
        0.9080082774162292,
        0.908007800579071,
        0.9080072045326233,
        0.9080067276954651,
        0.9080063700675964,
        0.908005952835083,
        0.9080055952072144,
        0.9080052971839905,
        0.9080049991607666,
        0.9080047607421875,
        0.9080045223236084,
        0.9080043435096741,
        0.9080041646957397,
        0.9080039858818054,
        0.9080038070678711,
        0.9080036878585815,
        0.908003568649292,
        0.9080035090446472,
        0.9080033898353577,
        0.9080033302307129,
        0.9080032110214233,
        0.9080030918121338,
        0.9080030918121338
    ],
    "l1_regularization": 0.0,
    "l2_regularization": 0.0,
    "random_state": 448145,
    "c1_unique_zones": 3,
    "c2_unique_od_pairs": 0,
    "c1_c2_approach": "percentage",
    "c1_c2_percentage": 0.2
}