{
    "normalized_frobenius_error": 0.8844539523124695,
    "masked_rmse": 0.1201883852481842,
    "mean_nonzero_value": 1.1494661569595337,
    "relative_rmse": 0.10456017404794693,
    "explained_variance": 0.2177411913871765,
    "computation_time": 0.5318930149078369,
    "all_factors_non_negative": true,
    "factor_sparsity": [
        "34.85%",
        "12.12%",
        "12.50%"
    ],
    "device": "cpu",
    "best_initialization": "random",
    "errors_history": [
        0.9658186435699463,
        0.9609653353691101,
        0.9602660536766052,
        0.9598202109336853,
        0.9592511653900146,
        0.958323061466217,
        0.9566205143928528,
        0.9533073902130127,
        0.947370171546936,
        0.9397526383399963,
        0.933479905128479,
        0.9289440512657166,
        0.9243887662887573,
        0.9187943935394287,
        0.9136214256286621,
        0.909857988357544,
        0.907339870929718,
        0.9056229591369629,
        0.904378354549408,
        0.903407096862793,
        0.9025858640670776,
        0.9018310904502869,
        0.9010855555534363,
        0.9003036022186279,
        0.899446427822113,
        0.8984853029251099,
        0.8974199891090393,
        0.8963065147399902,
        0.8952506184577942,
        0.8943457007408142,
        0.8936246633529663,
        0.8930642008781433,
        0.8926234245300293,
        0.8922668099403381,
        0.891966700553894,
        0.891703188419342,
        0.8914634585380554,
        0.8912396430969238,
        0.8910273909568787,
        0.890824556350708,
        0.8906309008598328,
        0.8904459476470947,
        0.890271008014679,
        0.8901057839393616,
        0.8899486064910889,
        0.8897984623908997,
        0.8896531462669373,
        0.8895116448402405,
        0.8893723487854004,
        0.8892342448234558,
        0.8890959024429321,
        0.8889564275741577,
        0.8888148665428162,
        0.8886701464653015,
        0.8885212540626526,
        0.8883673548698425,
        0.8882092833518982,
        0.8880454301834106,
        0.8878774046897888,
        0.8877061009407043,
        0.8875340223312378,
        0.8873629570007324,
        0.8871973752975464,
        0.8870404362678528,
        0.8868923187255859,
        0.8867524862289429,
        0.8866223692893982,
        0.8865126967430115,
        0.8864253759384155,
        0.8863534927368164,
        0.8862941265106201,
        0.8862449526786804,
        0.8862035274505615,
        0.886168360710144,
        0.8861373662948608,
        0.8861094117164612,
        0.8860830664634705,
        0.8860580921173096,
        0.8860325813293457,
        0.8860060572624207,
        0.8859778046607971,
        0.8859471082687378,
        0.8859152793884277,
        0.8858828544616699,
        0.8858514428138733,
        0.8858222961425781,
        0.8857965469360352,
        0.8857741355895996,
        0.8857535123825073,
        0.8857352137565613,
        0.8857173323631287,
        0.8856995701789856,
        0.8856812715530396,
        0.8856625556945801,
        0.8856441378593445,
        0.8856263756752014,
        0.8856102824211121,
        0.8855948448181152,
        0.8855792880058289,
        0.8855642676353455,
        0.8855498433113098,
        0.8855358362197876,
        0.8855228424072266,
        0.8855103254318237,
        0.8854982256889343,
        0.8854866623878479,
        0.885475218296051,
        0.8854643702507019,
        0.8854535222053528,
        0.8854431509971619,
        0.8854330778121948,
        0.8854230046272278,
        0.885413408279419,
        0.8854039311408997,
        0.885394811630249,
        0.8853862285614014,
        0.8853771686553955,
        0.8853687047958374,
        0.8853600025177002,
        0.8853520154953003,
        0.885343611240387,
        0.8853358030319214,
        0.8853281736373901,
        0.8853210806846619,
        0.8853143453598022,
        0.8853080868721008,
        0.8853018879890442,
        0.8852958083152771,
        0.8852899074554443,
        0.8852843642234802,
        0.8852792978286743,
        0.8852742910385132,
        0.8852692246437073,
        0.88526451587677,
        0.8852596879005432,
        0.8852553963661194,
        0.8852512240409851,
        0.8852471709251404,
        0.8852434754371643,
        0.8852399587631226,
        0.8852365016937256,
        0.885233461856842,
        0.885230302810669,
        0.8852270841598511,
        0.885223925113678,
        0.8852208852767944,
        0.8852176666259766,
        0.8852145671844482,
        0.8852116465568542,
        0.8852083683013916,
        0.8852047920227051,
        0.8852011561393738,
        0.8851977586746216,
        0.8851943016052246,
        0.8851910829544067,
        0.8851879239082336,
        0.8851845264434814,
        0.8851818442344666,
        0.8851786255836487,
        0.8851749897003174,
        0.8851709961891174,
        0.8851664066314697,
        0.8851615190505981,
        0.8851571679115295,
        0.8851536512374878,
        0.885150671005249,
        0.8851481080055237,
        0.8851455450057983,
        0.8851429224014282,
        0.8851401805877686,
        0.8851375579833984,
        0.8851351141929626,
        0.8851325511932373,
        0.8851299285888672,
        0.8851273655891418,
        0.8851252198219299,
        0.8851227164268494,
        0.8851202130317688,
        0.8851180076599121,
        0.8851157426834106,
        0.8851138353347778,
        0.885111927986145,
        0.8851097822189331,
        0.8851079940795898,
        0.8851062655448914,
        0.8851044178009033,
        0.8851025104522705,
        0.8851007223129272,
        0.885098934173584,
        0.8850977420806885,
        0.8850961327552795,
        0.8850945830345154,
        0.885093092918396,
        0.8850916028022766,
        0.8850898742675781,
        0.8850882649421692,
        0.8850865364074707,
        0.8850849270820618,
        0.8850831389427185,
        0.8850820064544678,
        0.8850803375244141,
        0.8850788474082947,
        0.8850772380828857,
        0.8850759267807007,
        0.8850745558738708,
        0.8850733637809753,
        0.8850718140602112,
        0.8850704431533813,
        0.8850691914558411,
        0.8850675225257874,
        0.885066568851471,
        0.8850650787353516,
        0.8850635290145874,
        0.8850623369216919,
        0.885060727596283,
        0.8850595355033875,
        0.8850582838058472,
        0.8850568532943726,
        0.8850554823875427,
        0.8850539922714233,
        0.8850522637367249,
        0.8850506544113159,
        0.8850489854812622,
        0.8850477337837219,
        0.8850458264350891,
        0.8850441575050354,
        0.8850426077842712,
        0.8850408792495728,
        0.8850394487380981,
        0.8850379586219788,
        0.8850364089012146,
        0.8850353360176086,
        0.8850337266921997,
        0.8850326538085938,
        0.8850315809249878,
        0.8850308656692505,
        0.8850297927856445,
        0.8850287199020386,
        0.8850276470184326,
        0.8850266933441162,
        0.885025680065155,
        0.8850248456001282,
        0.8850238919258118,
        0.8850226998329163,
        0.8850218653678894,
        0.8850210309028625,
        0.8850201964378357,
        0.8850194811820984,
        0.8850187659263611,
        0.8850176334381104,
        0.8850170373916626,
        0.885016143321991,
        0.8850151896476746,
        0.8850144743919373,
        0.8850135207176208,
        0.8850128650665283,
        0.8850122094154358,
        0.8850111365318298,
        0.8850101828575134,
        0.8850093483924866,
        0.8850083947181702,
        0.8850076198577881,
        0.8850067257881165,
        0.8850059509277344,
        0.8850049376487732,
        0.8850040435791016,
        0.8850030303001404,
        0.8850021362304688,
        0.8850011229515076,
