{
    "normalized_frobenius_error": 0.8815200924873352,
    "masked_rmse": 0.11978917568922043,
    "mean_nonzero_value": 1.1494661569595337,
    "relative_rmse": 0.10421288013458252,
    "explained_variance": 0.22292232513427734,
    "computation_time": 0.7860088348388672,
    "all_factors_non_negative": true,
    "factor_sparsity": [
        "20.00%",
        "18.18%",
        "13.33%"
    ],
    "device": "mps",
    "best_initialization": "random",
    "errors_history": [
        0.9607974290847778,
        0.945713996887207,
        0.9322671294212341,
        0.9186378717422485,
        0.9048495888710022,
        0.8941766023635864,
        0.8884953856468201,
        0.8855992555618286,
        0.8839744925498962,
        0.8829623460769653,
        0.8823245167732239,
        0.8819820284843445,
        0.8817993998527527,
        0.8817039132118225,
        0.8816513419151306,
        0.8816201686859131,
        0.881599485874176,
        0.8815860152244568,
        0.8815770149230957,
        0.881570041179657,
        0.881564199924469,
        0.8815597891807556,
        0.88155597448349,
        0.8815526962280273,
        0.8815498352050781,
        0.881547212600708,
        0.8815447688102722,
        0.881542444229126,
        0.8815402388572693,
        0.8815382719039917,
        0.8815364241600037,
        0.8815348744392395,
        0.8815334439277649,
        0.8815320730209351,
        0.8815308213233948,
        0.8815294504165649,
        0.8815279603004456,
        0.8815264105796814,
        0.8815249800682068,
        0.8815237879753113,
        0.8815230131149292,
        0.8815223574638367,
        0.8815220594406128,
        0.8815217018127441,
        0.8815214037895203,
        0.8815211653709412,
        0.8815209865570068,
        0.8815208077430725,
        0.8815206289291382,
        0.8815205097198486,
        0.8815203309059143,
        0.88152015209198,
        0.88152015209198
    ],
    "l1_regularization": 0.0,
    "l2_regularization": 0.0,
    "random_state": 930575,
    "c1_unique_zones": 0,
    "c2_unique_od_pairs": 0,
    "c1_c2_approach": "percentage",
    "c1_c2_percentage": 0.2
}