{
    "normalized_frobenius_error": 0.9026743769645691,
    "masked_rmse": 0.1184292584657669,
    "mean_nonzero_value": 1.3623639345169067,
    "relative_rmse": 0.08692923933267593,
    "explained_variance": 0.1851789951324463,
    "computation_time": 0.5150668621063232,
    "all_factors_non_negative": true,
    "factor_sparsity": [
        "31.18%",
        "29.84%",
        "20.14%"
    ],
    "device": "mps",
    "best_initialization": "random",
    "errors_history": [
        0.9742411971092224,
        0.9591034650802612,
        0.9418394565582275,
        0.9292649626731873,
        0.922502338886261,
        0.9183444976806641,
        0.9146391153335571,
        0.9106238484382629,
        0.9073323607444763,
        0.905539870262146,
        0.9046749472618103,
        0.9041475057601929,
        0.9037790298461914,
        0.9035260677337646,
        0.903335452079773,
        0.9031985402107239,
        0.9031057357788086,
        0.9030404090881348,
        0.9029929637908936,
        0.9029563665390015,
        0.9029149413108826,
        0.9028468728065491,
        0.9027949571609497,
        0.902771532535553,
        0.9027569890022278,
        0.902746856212616,
        0.9027394652366638,
        0.9027337431907654,
        0.9027290344238281,
        0.9027249217033386,
        0.902721107006073,
        0.9027170538902283,
        0.9027112126350403,
        0.9027028679847717,
        0.90269535779953,
        0.9026909470558167,
        0.9026880264282227,
        0.9026849865913391,
        0.902683675289154,
        0.9026824831962585,
        0.9026814699172974,
        0.9026806950569153,
        0.9026800394058228,
        0.902679443359375,
        0.9026789665222168,
        0.9026785492897034,
        0.9026781916618347,
        0.9026778340339661,
        0.9026774168014526,
        0.9026772379875183,
        0.9026769399642944,
        0.9026766419410706,
        0.9026764631271362,
        0.9026762843132019,
        0.9026761651039124,
        0.9026759266853333,
        0.9026758074760437,
        0.9026756286621094,
        0.9026755094528198,
        0.9026753306388855,
        0.902675211429596,
        0.9026751518249512,
        0.9026749134063721,
        0.9026748538017273,
        0.902674674987793,
        0.9026745557785034,
        0.9026744365692139,
        0.9026743769645691,
        0.9026743769645691
    ],
    "l1_regularization": 0.0,
    "l2_regularization": 0.0,
    "random_state": 416979,
    "c1_unique_zones": 2,
    "c2_unique_od_pairs": 0,
    "c1_c2_approach": "percentage",
    "c1_c2_percentage": 0.2
}