{
    "normalized_frobenius_error": 0.8232907652854919,
    "masked_rmse": 0.10801427066326141,
    "mean_nonzero_value": 1.3623639345169067,
    "relative_rmse": 0.07928444445133209,
    "explained_variance": 0.32219237089157104,
    "computation_time": 0.937065839767456,
    "all_factors_non_negative": true,
    "factor_sparsity": [
        "56.22%",
        "53.23%",
        "37.20%"
    ],
    "device": "mps",
    "best_initialization": "random",
    "errors_history": [
        0.9710540175437927,
        0.9435641169548035,
        0.9093600511550903,
        0.8792616128921509,
        0.8579466342926025,
        0.8457386493682861,
        0.839268684387207,
        0.8360909819602966,
        0.8341629505157471,
        0.8325885534286499,
        0.8309158086776733,
        0.8288203477859497,
        0.8266521096229553,
        0.8252699375152588,
        0.8246263265609741,
        0.8243157267570496,
        0.8241277933120728,
        0.8239985704421997,
        0.8239015936851501,
        0.8238213062286377,
        0.8237583041191101,
        0.8237124681472778,
        0.8236789107322693,
        0.823652982711792,
        0.823632001876831,
        0.8236145377159119,
        0.8235989809036255,
        0.8235839605331421,
        0.8235676884651184,
        0.8235474824905396,
        0.8235208988189697,
        0.8234916925430298,
        0.8234678506851196,
        0.8234508037567139,
        0.8234372138977051,
        0.823425829410553,
        0.8234166502952576,
        0.8234094381332397,
        0.8234033584594727,
        0.8233980536460876,
        0.8233937621116638,
        0.8233897686004639,
        0.8233861327171326,
        0.8233823776245117,
        0.8233785629272461,
        0.823374330997467,
        0.8233693838119507,
        0.8233631253242493,
        0.8233564496040344,
        0.8233490586280823,
        0.8233416676521301,
        0.8233349919319153,
        0.8233290314674377,
        0.8233241438865662,
        0.8233202695846558,
        0.8233169913291931,
        0.8233143091201782,
        0.8233122229576111,
        0.823310375213623,
        0.823309063911438,
        0.8233078718185425,
        0.8233068585395813,
        0.8233060836791992,
        0.8233051896095276,
        0.8233043551445007,
        0.8233035802841187,
        0.8233026266098022,
        0.8233018517494202,
        0.8233011960983276,
        0.8233006000518799,
        0.8233002424240112,
        0.8232998847961426,
        0.8232996463775635,
        0.8232994079589844,
        0.8232991099357605,
        0.8232988119125366,
        0.8232985138893127,
        0.8232983350753784,
        0.8232980370521545,
        0.8232978582382202,
        0.8232975602149963,
        0.8232974410057068,
        0.8232972025871277,
        0.8232969045639038,
        0.8232966065406799,
        0.8232964277267456,
        0.8232962489128113,
        0.8232959508895874,
        0.8232957124710083,
        0.8232953548431396,
        0.8232951760292053,
        0.8232948780059814,
        0.8232946991920471,
        0.8232944011688232,
        0.8232941031455994,
        0.8232940435409546,
        0.8232937455177307,
        0.8232935667037964,
        0.8232932686805725,
        0.8232929706573486,
        0.8232928514480591,
        0.8232926726341248,
        0.8232923746109009,
        0.8232923150062561,
        0.823292076587677,
        0.8232918977737427,
        0.8232918381690979,
        0.8232915997505188,
        0.823291540145874,
        0.8232913613319397,
        0.8232912421226501,
        0.8232911229133606,
        0.8232910633087158,
        0.8232909440994263,
        0.8232907652854919,
        0.8232907652854919
    ],
    "l1_regularization": 0.0,
    "l2_regularization": 0.0,
    "c1_unique_zones": 27,
    "c2_unique_od_pairs": 54,
    "c1_c2_approach": "top_n",
    "c1_c2_top_n": 2
}