{
    "normalized_frobenius_error": 0.9161880612373352,
    "masked_rmse": 0.12020223587751389,
    "mean_nonzero_value": 1.3623639345169067,
    "relative_rmse": 0.08823063224554062,
    "explained_variance": 0.1605994701385498,
    "computation_time": 0.5961041450500488,
    "all_factors_non_negative": true,
    "factor_sparsity": [
        "46.45%",
        "42.58%",
        "28.33%"
    ],
    "device": "mps",
    "best_initialization": "random",
    "errors_history": [
        0.9765036106109619,
        0.96110600233078,
        0.9503850340843201,
        0.9443657398223877,
        0.9411284923553467,
        0.938863217830658,
        0.9365349411964417,
        0.9336994886398315,
        0.9302085638046265,
        0.9260105490684509,
        0.9220530986785889,
        0.9196045398712158,
        0.9183495044708252,
        0.9177486300468445,
        0.9174143075942993,
        0.9171957969665527,
        0.9170392751693726,
        0.9169162511825562,
        0.9168305993080139,
        0.9167692065238953,
        0.9167166948318481,
        0.9166772365570068,
        0.916646420955658,
        0.9166263937950134,
        0.9166146516799927,
        0.9166074395179749,
        0.9166021943092346,
        0.9165973663330078,
        0.9165934920310974,
        0.916589617729187,
        0.9165864586830139,
        0.9165844917297363,
        0.9165832996368408,
        0.9165823459625244,
        0.9165818095207214,
        0.916581392288208,
        0.9165810346603394,
        0.9165807366371155,
        0.9165804386138916,
        0.9165801405906677,
        0.9165799617767334,
        0.9165796637535095,
        0.9165794849395752,
        0.9165793061256409,
        0.9165791273117065,
        0.9165788888931274,
        0.9165787100791931,
        0.9165785312652588,
        0.9165783524513245,
        0.9165781736373901,
        0.9165780544281006,
        0.9165778756141663,
        0.9165776968002319,
        0.9165774583816528,
        0.9165772795677185,
        0.9165771007537842,
        0.9165769219398499,
        0.916576623916626,
        0.9165764451026917,
        0.9165762066841125,
        0.9165759682655334,
        0.9165756702423096,
        0.9165754914283752,
        0.9165750741958618,
        0.9165747761726379,
        0.9165744185447693,
        0.9165741205215454,
        0.9165737628936768,
        0.9165732860565186,
        0.9165728688240051,
        0.9165723919868469,
        0.916571855545044,
        0.9165712594985962,
        0.9165706634521484,
        0.9165700078010559,
        0.9165693521499634,
        0.9165685772895813,
        0.9165678024291992,
        0.9165668487548828,
        0.916566014289856,
        0.91656494140625,
        0.9165638089179993,
        0.9165626168251038,
        0.9165611863136292,
        0.9165597558021545,
        0.9165581464767456,
        0.9165564179420471,
        0.9165545105934143,
        0.9165524244308472,
        0.9165500998497009,
        0.9165475368499756,
        0.9165446758270264,
        0.9165415167808533,
        0.9165381193161011,
        0.9165343046188354,
        0.9165300726890564,
        0.9165254831314087,
        0.9165204167366028,
        0.9165147542953491,
        0.916508674621582,
        0.9165018796920776,
        0.9164944887161255,
        0.9164865612983704,
        0.9164777994155884,
        0.9164684414863586,
        0.9164583683013916,
        0.9164475798606873,
        0.9164360761642456,
        0.916424036026001,
        0.9164115190505981,
        0.9163983464241028,
        0.9163849949836731,
        0.9163712859153748,
        0.9163575172424316,
        0.9163439273834229,
        0.9163303971290588,
        0.9163172245025635,
        0.9163035154342651,
        0.9162865877151489,
        0.9162712693214417,
        0.9162594079971313,
        0.91624915599823,
        0.9162399768829346,
        0.9162319302558899,
        0.9162247180938721,
        0.9162185192108154,
        0.9162130355834961,
        0.9162085652351379,
        0.9162046313285828,
        0.9162013530731201,
        0.9161986112594604,
        0.9161952137947083,
        0.9161921739578247,
        0.9161907434463501,
        0.9161897897720337,
        0.9161891341209412,
        0.9161887168884277,
        0.9161884188652039,
        0.9161883592605591,
        0.9161882400512695,
        0.9161881804466248,
        0.9161880612373352,
        0.9161880612373352
    ],
    "l1_regularization": 0.0,
    "l2_regularization": 0.0,
    "random_state": 419959,
    "c1_unique_zones": 2,
    "c2_unique_od_pairs": 0,
    "c1_c2_approach": "percentage",
    "c1_c2_percentage": 0.2
}