{
    "normalized_frobenius_error": 0.8854583501815796,
    "masked_rmse": 0.12032433599233627,
    "mean_nonzero_value": 1.1494661569595337,
    "relative_rmse": 0.1046784520149231,
    "explained_variance": 0.21596354246139526,
    "computation_time": 0.7305889129638672,
    "all_factors_non_negative": true,
    "factor_sparsity": [
        "22.73%",
        "20.45%",
        "16.67%"
    ],
    "device": "mps",
    "best_initialization": "random",
    "errors_history": [
        0.9609243273735046,
        0.939083456993103,
        0.9151794910430908,
        0.9005759358406067,
        0.894609808921814,
        0.8918441534042358,
        0.890259861946106,
        0.8892594575881958,
        0.8886004090309143,
        0.8881223201751709,
        0.8877437710762024,
        0.8874265551567078,
        0.8871542811393738,
        0.8869222402572632,
        0.8867276906967163,
        0.8865657448768616,
        0.8864303231239319,
        0.8863171935081482,
        0.8862252831459045,
        0.8861516714096069,
        0.8860904574394226,
        0.8860372304916382,
        0.8859891295433044,
        0.8859443664550781,
        0.885901689529419,
        0.8858590126037598,
        0.8858140110969543,
        0.8857681751251221,
        0.885728120803833,
        0.8856935501098633,
        0.8856631517410278,
        0.885636568069458,
        0.8856134414672852,
        0.8855932950973511,
        0.8855749368667603,
        0.8855571150779724,
        0.8855401277542114,
        0.8855263590812683,
        0.8855164051055908,
        0.8855088353157043,
        0.8855026364326477,
        0.8854975700378418,
        0.885493278503418,
        0.8854895830154419,
        0.8854863047599792,
        0.8854830861091614,
        0.8854786157608032,
        0.8854756355285645,
        0.8854737281799316,
        0.8854720592498779,
        0.8854706287384033,
        0.8854692578315735,
        0.8854681849479675,
        0.8854671716690063,
        0.8854662179946899,
        0.8854654431343079,
        0.8854646682739258,
        0.885464072227478,
        0.885463535785675,
        0.8854630589485168,
        0.8854625225067139,
        0.8854621648788452,
        0.8854618072509766,
        0.8854614496231079,
        0.8854610919952393,
        0.8854608535766602,
        0.8854604959487915,
        0.8854601979255676,
        0.8854598999023438,
        0.8854595422744751,
        0.8854593634605408,
        0.8854591250419617,
        0.8854590058326721,
        0.8854589462280273,
        0.8854588866233826,
        0.885458767414093,
        0.8854587078094482,
        0.8854585886001587,
        0.8854584097862244,
        0.8854583501815796,
        0.8854583501815796
    ],
    "l1_regularization": 0.0,
    "l2_regularization": 0.0,
    "random_state": 956988,
    "c1_unique_zones": 1,
    "c2_unique_od_pairs": 0,
    "c1_c2_approach": "percentage",
    "c1_c2_percentage": 0.2
}