{
    "normalized_frobenius_error": 0.8564397096633911,
    "masked_rmse": 0.2233726680278778,
    "mean_nonzero_value": 1.345635175704956,
    "relative_rmse": 0.1659979373216629,
    "explained_variance": 0.26651108264923096,
    "computation_time": 0.6124849319458008,
    "all_factors_non_negative": true,
    "factor_sparsity": [
        "16.44%",
        "13.78%",
        "11.67%"
    ],
    "device": "mps",
    "best_initialization": "random",
    "errors_history": [
        0.9436973333358765,
        0.9274773597717285,
        0.9133049249649048,
        0.8958637714385986,
        0.8820198774337769,
        0.8747409582138062,
        0.8704693913459778,
        0.8670798540115356,
        0.8641079068183899,
        0.8617486953735352,
        0.8600886464118958,
        0.8589798212051392,
        0.8582461476325989,
        0.8577478528022766,
        0.857395589351654,
        0.8571417927742004,
        0.8569632172584534,
        0.8568381071090698,
        0.8567485809326172,
        0.8566829562187195,
        0.8566335439682007,
        0.8565955758094788,
        0.8565661311149597,
        0.8565430641174316,
        0.8565249443054199,
        0.8565104603767395,
        0.8564987182617188,
        0.8564893007278442,
        0.856481671333313,
        0.8564754724502563,
        0.8564703464508057,
        0.8564662337303162,
        0.8564627170562744,
        0.8564599752426147,
        0.8564575910568237,
        0.8564556241035461,
        0.8564538955688477,
        0.856452465057373,
        0.856451153755188,
        0.8564501404762268,
        0.8564492464065552,
        0.8564482927322388,
        0.8564475774765015,
        0.8564469218254089,
        0.8564462661743164,
        0.8564457893371582,
        0.8564453125,
        0.8564448356628418,
        0.8564444184303284,
        0.8564440011978149,
        0.8564436435699463,
        0.8564432859420776,
        0.856442928314209,
        0.8564426898956299,
        0.856442391872406,
        0.8564421534538269,
        0.8564419150352478,
        0.8564416766166687,
        0.8564414978027344,
        0.8564412593841553,
        0.8564411401748657,
        0.8564409613609314,
        0.8564407229423523,
        0.8564406037330627,
        0.8564404845237732,
        0.8564403057098389,
        0.8564401865005493,
        0.8564400672912598,
        0.8564399480819702,
        0.8564398884773254,
        0.8564397096633911,
        0.8564397096633911
    ],
    "l1_regularization": 0.0,
    "l2_regularization": 0.0,
    "random_state": 361069,
    "c1_unique_zones": 2,
    "c2_unique_od_pairs": 0,
    "c1_c2_approach": "percentage",
    "c1_c2_percentage": 0.2
}