{
    "normalized_frobenius_error": 0.8894510865211487,
    "masked_rmse": 0.12086749076843262,
    "mean_nonzero_value": 1.1494661569595337,
    "relative_rmse": 0.1051509752869606,
    "explained_variance": 0.20887678861618042,
    "computation_time": 0.4089202880859375,
    "all_factors_non_negative": true,
    "factor_sparsity": [
        "18.18%",
        "20.83%",
        "15.62%"
    ],
    "device": "cpu",
    "best_initialization": "random",
    "errors_history": [
        0.963749885559082,
        0.9601622223854065,
        0.9586746692657471,
        0.9561777710914612,
        0.9512571096420288,
        0.9435218572616577,
        0.9362072348594666,
        0.9317926168441772,
        0.9292712211608887,
        0.9273432493209839,
        0.9253167510032654,
        0.9229125380516052,
        0.9202507138252258,
        0.9176919460296631,
        0.9155179262161255,
        0.9138132333755493,
        0.9125334024429321,
        0.9115778207778931,
        0.9108425378799438,
        0.9102487564086914,
        0.909743070602417,
        0.9092947840690613,
        0.9088807702064514,
        0.9084888696670532,
        0.908113956451416,
        0.907753586769104,
        0.9074015617370605,
        0.9070457220077515,
        0.9066734313964844,
        0.9062694311141968,
        0.90582275390625,
        0.9053460359573364,
        0.9048734903335571,
        0.9044313430786133,
        0.904026448726654,
        0.9036537408828735,
        0.9033024907112122,
        0.9029607772827148,
        0.9026161432266235,
        0.9022549390792847,
        0.9018661975860596,
        0.9014370441436768,
        0.9009585976600647,
        0.9004276990890503,
        0.8998523354530334,
        0.8992541432380676,
        0.8986296653747559,
        0.8979137539863586,
        0.8970227837562561,
        0.8960406184196472,
        0.8952067494392395,
        0.8945682644844055,
        0.894073486328125,
        0.8936578035354614,
        0.8933417797088623,
        0.893118143081665,
        0.8929345607757568,
        0.8927695751190186,
        0.8926133513450623,
        0.892474353313446,
        0.8923483490943909,
        0.8922332525253296,
        0.8921279311180115,
        0.8920323252677917,
        0.8919435739517212,
        0.8918612599372864,
        0.891785740852356,
        0.8917183876037598,
        0.8916599750518799,
        0.8916085362434387,
        0.8915629982948303,
        0.8915229439735413,
        0.8914867043495178,
        0.89145427942276,
        0.8914242386817932,
        0.8913949131965637,
        0.8913623094558716,
        0.8913174867630005,
        0.8912591338157654,
        0.891204833984375,
        0.8911675810813904,
        0.8911412358283997,
        0.8911197185516357,
        0.8911011219024658,
        0.891083300113678,
        0.8910662531852722,
        0.8910499215126038,
        0.8910337686538696,
        0.891018271446228,
        0.8910026550292969,
        0.8909871578216553,
        0.8909716010093689,
        0.8909561634063721,
        0.8909399509429932,
        0.890923261642456,
        0.8909057378768921,
        0.8908876180648804,
        0.8908690214157104,
        0.8908497095108032,
        0.8908300995826721,
        0.8908095955848694,
        0.8907890915870667,
        0.8907680511474609,
        0.8907475471496582,
        0.8907265067100525,
        0.8907063007354736,
        0.8906862139701843,
        0.8906669616699219,
        0.8906483054161072,
        0.890630304813385,
        0.8906128406524658,
        0.8905964493751526,
        0.890580952167511,
        0.8905661106109619,
        0.8905518651008606,
        0.890538215637207,
        0.8905249834060669,
        0.8905115723609924,
        0.890498697757721,
        0.890485942363739,
        0.8904727101325989,
        0.890458881855011,
        0.890444278717041,
        0.890428900718689,
        0.8904125094413757,
        0.8903955221176147,
        0.8903773427009583,
        0.8903587460517883,
        0.890339732170105,
        0.8903204798698425,
        0.8903013467788696,
        0.8902828693389893,
        0.8902639746665955,
        0.890245258808136,
        0.890226423740387,
        0.8902073502540588,
        0.8901870846748352,
        0.8901661038398743,
        0.8901438117027283,
        0.8901194930076599,
        0.8900923132896423,
        0.8900628089904785,
        0.8900316953659058,
        0.890001118183136,
        0.8899732232093811,
        0.8899480104446411,
        0.8899257779121399,
        0.8899053931236267,
        0.8898871541023254,
        0.8898698687553406,
        0.8898540139198303,
        0.8898381590843201,
        0.8898199796676636,
        0.8898002505302429,
        0.8897815346717834,
        0.8897668719291687,
        0.8897550106048584,
        0.889745831489563,
        0.8897379040718079,
        0.8897311091423035,
        0.889725387096405,
        0.8897201418876648,
        0.8897154331207275,
        0.8897110223770142,
        0.8897068500518799,
        0.8897029757499695,
        0.8896990418434143,
        0.8896953463554382,
        0.8896912336349487,
        0.8896870613098145,
        0.8896828889846802,
        0.8896787762641907,
        0.8896745443344116,
        0.8896698355674744,
        0.8896647691726685,
        0.8896601796150208,
        0.8896548748016357,
        0.8896499872207642,
        0.8896449208259583,
        0.8896397948265076,
        0.8896346092224121,
        0.8896296620368958,
        0.8896247744560242,
        0.8896200656890869,
        0.8896158337593079,
        0.8896117210388184,
        0.8896079063415527,
        0.8896043300628662,
        0.8896011114120483,
        0.8895977735519409,
        0.8895948529243469,
        0.8895920515060425,
        0.8895893692970276,
        0.8895872235298157,
        0.8895846605300903,
        0.8895823359489441,
        0.8895801901817322,
        0.8895782232284546,
        0.8895761966705322,
        0.8895742893218994,
        0.8895723223686218,
        0.8895707726478577,
        0.8895691633224487,
        0.8895671963691711,
        0.8895655274391174,
        0.8895636796951294,
        0.8895621299743652,
        0.8895604610443115,
        0.8895588517189026,
        0.8895570635795593,
        0.8895555138587952,
        0.8895541429519653,
        0.8895527124404907,
        0.8895512819290161,
        0.8895496129989624,
        0.8895482420921326,
        0.8895468711853027,
        0.889545202255249,
        0.8895441293716431,
        0.8895427584648132,
        0.889541506767273,
        0.889540433883667,
        0.8895391821861267,
        0.8895381093025208,
        0.8895370960235596,
        0.8895360827445984,
        0.8895350694656372,
        0.8895339369773865,
        0.8895330429077148,
        0.8895320296287537,
        0.889531135559082,
        0.8895301818847656,
        0.889529287815094,
        0.8895281553268433,
        0.8895272016525269,
        0.8895261883735657,
        0.889525294303894,
        0.889524519443512,
        0.8895237445831299,
        0.8895229697227478,
        0.8895220756530762,
        0.8895214200019836,
        0.8895208239555359,
        0.8895197510719299,
        0.8895188570022583,
        0.8895182013511658,
        0.8895173072814941,
        0.889516294002533,
        0.88951575756073,
        0.8895150423049927,
        0.889514148235321,
        0.8895134329795837,
        0.8895129561424255,
        0.8895119428634644,
        0.8895112872123718,
        0.8895105123519897,
        0.8895097374916077,
        0.8895092010498047,
        0.8895085453987122,
        0.8895077705383301,
        0.8895069360733032,
        0.8895062804222107,
        0.8895058035850525,
        0.8895050883293152,
        0.8895044922828674,
        0.8895038366317749,
        0.8895031809806824,
        0.8895025253295898,
        0.8895015716552734,
        0.8895009756088257,
