{
    "normalized_frobenius_error": 0.8679445385932922,
    "masked_rmse": 0.21645595133304596,
    "mean_nonzero_value": 1.3371909856796265,
    "relative_rmse": 0.16187362372875214,
    "explained_variance": 0.24667227268218994,
    "computation_time": 0.4054539203643799,
    "all_factors_non_negative": true,
    "factor_sparsity": [
        "24.00%",
        "11.48%",
        "1.43%"
    ],
    "device": "cpu",
    "best_initialization": "random",
    "errors_history": [
        0.946536123752594,
        0.9437792301177979,
        0.9432685375213623,
        0.9427030682563782,
        0.9418339133262634,
        0.9403730034828186,
        0.9377546906471252,
        0.9328148365020752,
        0.9237136840820312,
        0.9113196730613708,
        0.9020012021064758,
        0.8975160717964172,
        0.895442545413971,
        0.8942357897758484,
        0.893370509147644,
        0.8926489949226379,
        0.8919247984886169,
        0.8911212086677551,
        0.8903181552886963,
        0.889620840549469,
        0.8890466094017029,
        0.8885796070098877,
        0.8881987929344177,
        0.8878851532936096,
        0.8876215815544128,
        0.8873938918113708,
        0.8871881365776062,
        0.8869990110397339,
        0.8868201375007629,
        0.8866493701934814,
        0.8864819407463074,
        0.8863162398338318,
        0.8861488699913025,
        0.8859802484512329,
        0.8858083486557007,
        0.8856346607208252,
        0.885458767414093,
        0.8852801322937012,
        0.8850988745689392,
        0.8849141597747803,
        0.8847259283065796,
        0.8845347166061401,
        0.884340763092041,
        0.8841436505317688,
        0.883946418762207,
        0.8837474584579468,
        0.8835473656654358,
        0.8833484053611755,
        0.8831503987312317,
        0.8829541802406311,
        0.8827599883079529,
        0.8825688362121582,
        0.882379949092865,
        0.882194995880127,
        0.8820142149925232,
        0.8818358182907104,
        0.8816623687744141,
        0.8814920783042908,
        0.881324052810669,
        0.8811582922935486,
        0.880993664264679,
        0.8808279037475586,
        0.8806604146957397,
        0.8804870843887329,
        0.880305290222168,
        0.8801111578941345,
        0.8798996806144714,
        0.8796687126159668,
        0.8794162273406982,
        0.8791382312774658,
        0.8788336515426636,
        0.8784942626953125,
        0.8781149983406067,
        0.8776900768280029,
        0.8772205710411072,
        0.8767139315605164,
        0.8761889338493347,
        0.8756623864173889,
        0.8751426935195923,
        0.8746331930160522,
        0.8741642236709595,
        0.8737634420394897,
        0.8734171390533447,
        0.8731088042259216,
        0.8728314638137817,
        0.8725849390029907,
        0.8723713159561157,
        0.8721837997436523,
        0.8720167279243469,
        0.8718652725219727,
        0.8717271685600281,
        0.8716002106666565,
        0.8714815378189087,
        0.8713686466217041,
        0.871260941028595,
        0.8711549639701843,
        0.8710504770278931,
        0.8709468841552734,
        0.8708431720733643,
        0.8707408308982849,
        0.8706409335136414,
        0.8705463409423828,
        0.8704570531845093,
        0.8703745603561401,
        0.8702994585037231,
        0.8702313899993896,
        0.8701692223548889,
        0.8701120018959045,
        0.870058536529541,
        0.8700079917907715,
        0.8699582815170288,
        0.8699119687080383,
        0.8698676824569702,
        0.8698267340660095,
        0.8697879910469055,
        0.8697512745857239,
        0.8697132468223572,
        0.8696702718734741,
        0.8696206212043762,
        0.8695688843727112,
        0.869524359703064,
        0.8694887757301331,
        0.8694603443145752,
        0.8694347143173218,
        0.8694111108779907,
        0.8693878650665283,
        0.8693642020225525,
        0.8693398237228394,
        0.8693147301673889,
        0.8692883253097534,
        0.8692604303359985,
        0.8692324757575989,
        0.8692045211791992,
        0.8691772818565369,
        0.8691513538360596,
        0.8691274523735046,
        0.8691054582595825,
        0.8690857291221619,
        0.8690674304962158,
        0.869051456451416,
        0.8690371513366699,
        0.869023323059082,
        0.8690106868743896,
        0.8689993619918823,
        0.868989109992981,
        0.8689802289009094,
        0.8689720630645752,
        0.8689649701118469,
        0.8689572215080261,
        0.8689491152763367,
        0.8689405918121338,
        0.8689326643943787,
        0.8689264059066772,
        0.8689206838607788,
        0.8689165115356445,
        0.8689122200012207,
        0.8689083456993103,
        0.8689042925834656,
        0.8689003586769104,
        0.8688963055610657,
        0.8688926696777344,
        0.868888795375824,
        0.8688848614692688,
        0.8688807487487793,
        0.8688764572143555,
        0.8688725233078003,
        0.8688681125640869,
        0.8688635230064392,
        0.8688591718673706,
        0.8688544631004333,
        0.8688497543334961,
        0.8688454627990723,
        0.8688405752182007,
        0.8688361644744873,
        0.8688311576843262,
        0.8688267469406128,
        0.868822455406189,
        0.8688177466392517,
        0.8688134551048279,
        0.8688095211982727,
        0.8688052892684937,
        0.8688015937805176,
        0.8687980771064758,
        0.8687940239906311,
        0.8687903881072998,
        0.8687868118286133,
        0.8687835335731506,
        0.8687800765037537,
        0.8687763810157776,
        0.8687728643417358,
        0.8687693476676941,
        0.8687662482261658,
        0.8687628507614136,
        0.8687589168548584,
        0.8687553405761719,
        0.8687515258789062,
        0.8687483072280884,
        0.8687446713447571,
        0.868740975856781,
        0.868737518787384,
        0.8687345385551453,
        0.8687312602996826,
        0.8687278032302856,
        0.8687241673469543,
        0.8687206506729126,
        0.8687170147895813,
        0.868712306022644,
        0.8687074184417725,
        0.868701159954071,
        0.8686938285827637,
        0.8686855435371399,
        0.8686753511428833,
        0.8686632513999939,
        0.8686487078666687,
        0.8686307668685913,
        0.8686094284057617,
        0.8685842752456665,
        0.8685558438301086,
        0.8685231804847717,
        0.8684877753257751,
        0.8684500455856323,
        0.8684120178222656,
        0.8683744072914124,
        0.8683384656906128,
        0.8683062195777893,
        0.8682767748832703,
        0.8682513236999512,
        0.8682292699813843,
        0.8682096600532532,
        0.8681926131248474,
        0.8681775331497192,
        0.8681643605232239,
        0.8681523203849792,
        0.8681419491767883,
        0.8681313991546631,
        0.8681225180625916,
        0.8681135177612305,
        0.8681056499481201,
        0.8680980205535889,
        0.8680912852287292,
        0.8680842518806458,
        0.8680779933929443,
        0.8680719137191772,
        0.8680668473243713,
        0.8680612444877625,
        0.8680566549301147,
        0.8680516481399536,
        0.868047297000885,
        0.8680434823036194,
        0.8680391311645508,
        0.8680358529090881,
        0.8680325746536255,
        0.8680293560028076,
        0.8680262565612793,
        0.8680239319801331,
        0.8680213689804077,
        0.8680192232131958,
        0.8680166602134705,
        0.8680146932601929,
        0.8680128455162048,
        0.8680105805397034,
        0.8680086731910706,
        0.8680070638656616,
        0.8680055737495422,
        0.8680039644241333,
        0.8680025935173035,
        0.8680009245872498,
        0.8679995536804199,
        0.8679978251457214,
