{
    "normalized_frobenius_error": 0.867296576499939,
    "masked_rmse": 0.22620432078838348,
    "mean_nonzero_value": 1.345635175704956,
    "relative_rmse": 0.16810226440429688,
    "explained_variance": 0.24779671430587769,
    "computation_time": 0.756850004196167,
    "all_factors_non_negative": true,
    "factor_sparsity": [
        "20.44%",
        "20.44%",
        "9.17%"
    ],
    "device": "mps",
    "best_initialization": "random",
    "errors_history": [
        0.9419748783111572,
        0.926800549030304,
        0.9111899733543396,
        0.8982373476028442,
        0.8892511129379272,
        0.8834154605865479,
        0.8796631693840027,
        0.8770115375518799,
        0.8750737309455872,
        0.8736929297447205,
        0.8727231621742249,
        0.8720430731773376,
        0.8715553283691406,
        0.8711807727813721,
        0.8708675503730774,
        0.8705927729606628,
        0.8703479170799255,
        0.8701226711273193,
        0.869908332824707,
        0.8697022795677185,
        0.8695069551467896,
        0.8693252205848694,
        0.8691579103469849,
        0.8690041899681091,
        0.8688638210296631,
        0.8687353134155273,
        0.868617057800293,
        0.868507981300354,
        0.8684082627296448,
        0.8683186173439026,
        0.8682382702827454,
        0.8681658506393433,
        0.8680995106697083,
        0.8680362105369568,
        0.8679705262184143,
        0.8678968548774719,
        0.867817759513855,
        0.8677448034286499,
        0.8676847815513611,
        0.86763596534729,
        0.8675954341888428,
        0.867560863494873,
        0.8675311207771301,
        0.8675049543380737,
        0.8674820065498352,
        0.8674619197845459,
        0.8674444556236267,
        0.8674294352531433,
        0.867416501045227,
        0.8674051761627197,
        0.8673952221870422,
        0.8673860430717468,
        0.8673778772354126,
        0.8673704862594604,
        0.8673639297485352,
        0.8673577904701233,
        0.8673520684242249,
        0.8673468232154846,
        0.8673419952392578,
        0.8673375248908997,
        0.8673335909843445,
        0.867330014705658,
        0.8673267960548401,
        0.8673238158226013,
        0.867321252822876,
        0.8673189282417297,
        0.8673169016838074,
        0.8673152327537537,
        0.8673136234283447,
        0.8673123121261597,
        0.8673111200332642,
        0.867310106754303,
        0.8673092722892761,
        0.8673084378242493,
        0.8673078417778015,
        0.8673072457313538,
        0.8673068284988403,
        0.8673062920570374,
        0.8673059344291687,
        0.8673054575920105,
        0.8673051595687866,
        0.8673048615455627,
        0.8673046231269836,
        0.867304265499115,
        0.8673039674758911,
        0.8673036694526672,
        0.8673035502433777,
        0.8673033118247986,
        0.8673030138015747,
        0.8673028349876404,
        0.867302656173706,
        0.8673023581504822,
        0.8673020601272583,
        0.8673017024993896,
        0.8673012256622314,
        0.8673006892204285,
        0.8673001527786255,
        0.8672994375228882,
        0.8672988414764404,
        0.8672982454299927,
        0.8672977685928345,
        0.8672975301742554,
        0.8672972321510315,
        0.8672970533370972,
        0.8672969341278076,
        0.8672968149185181,
        0.867296576499939,
        0.867296576499939
    ],
    "l1_regularization": 0.0,
    "l2_regularization": 0.0,
    "random_state": 980833,
    "c1_unique_zones": 2,
    "c2_unique_od_pairs": 0,
    "c1_c2_approach": "percentage",
    "c1_c2_percentage": 0.2
}