{
    "normalized_frobenius_error": 0.8901813626289368,
    "masked_rmse": 0.1987183839082718,
    "mean_nonzero_value": 1.5989879369735718,
    "relative_rmse": 0.12427759915590286,
    "explained_variance": 0.2075771689414978,
    "computation_time": 0.41667795181274414,
    "all_factors_non_negative": true,
    "factor_sparsity": [
        "17.39%",
        "17.75%",
        "4.17%"
    ],
    "device": "cpu",
    "best_initialization": "random",
    "errors_history": [
        0.9596743583679199,
        0.9550897479057312,
        0.9542623162269592,
        0.9536845684051514,
        0.9530013799667358,
        0.9519817233085632,
        0.9502869844436646,
        0.9474144577980042,
        0.9429698586463928,
        0.9375689625740051,
        0.9327865839004517,
        0.9293361902236938,
        0.9268438816070557,
        0.9247772693634033,
        0.9228302836418152,
        0.9209375381469727,
        0.9191655516624451,
        0.9176005125045776,
        0.9162666201591492,
        0.9151187539100647,
        0.9140824675559998,
        0.9130843281745911,
        0.9120669364929199,
        0.9109982252120972,
        0.9098890423774719,
        0.9087918400764465,
        0.9077802896499634,
        0.9069076180458069,
        0.90618896484375,
        0.9056029319763184,
        0.9051108360290527,
        0.9046671986579895,
        0.904234766960144,
        0.9037955403327942,
        0.9033559560775757,
        0.9029026627540588,
        0.902410089969635,
        0.9018605351448059,
        0.9012460112571716,
        0.9005703330039978,
        0.8998560905456543,
        0.899141788482666,
        0.8984607458114624,
        0.8978321552276611,
        0.8972603678703308,
        0.8967404961585999,
        0.8962652087211609,
        0.8958309292793274,
        0.8954305648803711,
        0.8950511813163757,
        0.894710898399353,
        0.8944383859634399,
        0.894207775592804,
        0.8940136432647705,
        0.893848717212677,
        0.8937059640884399,
        0.8935838341712952,
        0.8934760689735413,
        0.893379271030426,
        0.8932899236679077,
        0.8932051658630371,
        0.8931218981742859,
        0.8930397629737854,
        0.8929600119590759,
        0.8928842544555664,
        0.8928130865097046,
        0.892744243144989,
        0.8926751017570496,
        0.8926055431365967,
        0.8925345540046692,
        0.8924638032913208,
        0.8923961520195007,
        0.8923306465148926,
        0.8922669291496277,
        0.8922059535980225,
        0.892145574092865,
        0.8920863270759583,
        0.8920277953147888,
        0.8919703960418701,
        0.8919139504432678,
        0.8918577432632446,
        0.8918018341064453,
        0.8917466998100281,
        0.8916933536529541,
        0.8916406631469727,
        0.8915895223617554,
        0.8915405869483948,
        0.891493022441864,
        0.8914480805397034,
        0.8914049863815308,
        0.8913633227348328,
        0.8913235068321228,
        0.8912858963012695,
        0.8912497758865356,
        0.8912158012390137,
        0.8911836743354797,
        0.89115309715271,
        0.8911228775978088,
        0.8910951018333435,
        0.8910688757896423,
        0.8910452723503113,
        0.8910229802131653,
        0.8910025954246521,
        0.8909835815429688,
        0.8909657001495361,
        0.8909480571746826,
        0.8909310102462769,
        0.8909139037132263,
        0.8908969163894653,
        0.8908777832984924,
        0.8908522129058838,
        0.8908112049102783,
        0.8907512426376343,
        0.8906892538070679,
        0.890644371509552,
        0.8906150460243225,
        0.8905934691429138,
        0.8905758261680603,
        0.8905607461929321,
        0.890546977519989,
        0.8905350565910339,
        0.89052414894104,
        0.8905133008956909,
        0.8905022740364075,
        0.8904916048049927,
        0.8904814720153809,
        0.8904714584350586,
        0.8904608488082886,
        0.8904505372047424,
        0.8904399871826172,
        0.8904281854629517,
        0.8904154300689697,
        0.8904021978378296,
        0.8903883695602417,
        0.8903744220733643,
        0.890360951423645,
        0.8903486132621765,
        0.8903374671936035,
        0.8903279900550842,
        0.8903201818466187,
        0.8903133273124695,
        0.8903075456619263,
        0.8903021216392517,
        0.8902968764305115,
        0.8902924060821533,
        0.8902878761291504,
        0.8902838826179504,
        0.8902797698974609,
        0.8902755379676819,
        0.8902719020843506,
        0.8902678489685059,
        0.890264093875885,
        0.8902605772018433,
        0.8902570009231567,
        0.8902533650398254,
        0.8902502655982971,
        0.8902472257614136,
        0.8902442455291748,
        0.8902418613433838,
        0.8902392387390137,
        0.8902373909950256,
        0.8902353644371033,
        0.89023357629776,
        0.8902316093444824,
        0.8902302384376526,
        0.8902283906936646,
        0.8902270793914795,
        0.8902254700660706,
        0.890224039554596,
        0.8902227282524109,
        0.8902214169502258,
        0.8902205228805542,
        0.8902190923690796,
        0.890218198299408,
        0.8902168869972229,
        0.8902157545089722,
        0.8902148604393005,
        0.8902139663696289,
        0.8902132511138916,
        0.8902124166488647,
        0.8902115225791931,
        0.8902109265327454,
        0.8902099132537842,
        0.8902089595794678,
        0.8902084827423096,
        0.8902075886726379,
        0.8902068734169006,
        0.8902058601379395,
        0.8902052640914917,
        0.8902048468589783,
        0.8902040123939514,
        0.8902035355567932,
        0.8902032375335693,
        0.8902026414871216,
        0.890201985836029,
        0.8902013897895813,
        0.8902007937431335,
        0.8902003169059753,
        0.8901999592781067,
        0.8901997804641724,
        0.8901990056037903,
        0.8901985883712769,
        0.8901979923248291,
        0.8901976346969604,
        0.8901972770690918,
        0.890196681022644,
        0.8901962637901306,
        0.8901957273483276,
        0.8901955485343933,
        0.8901950120925903,
        0.8901946544647217,
        0.8901942372322083,
        0.8901939988136292,
        0.8901934027671814,
        0.8901932239532471,
        0.8901926279067993,
        0.8901922106742859,
        0.8901917934417725,
        0.890191376209259,
        0.8901910185813904,
        0.8901907801628113,
        0.8901903033256531,
        0.8901900053024292,
        0.8901896476745605,
        0.8901893496513367,
        0.8901891708374023,
        0.8901885747909546,
        0.8901882767677307,
        0.8901879787445068,
        0.890187680721283,
        0.8901874423027039,
        0.89018714427948,
        0.8901868462562561,
        0.8901863098144531,
        0.8901859521865845,
        0.8901856541633606,
        0.890185534954071,
        0.8901851177215576,
        0.8901846408843994,
        0.8901844024658203,
        0.8901839852333069,
        0.8901838064193726,
        0.8901832103729248,
        0.8901827931404114,
        0.890182375907898,
        0.8901821970939636,
        0.8901818990707397,
        0.8901813626289368,
        0.8901813626289368
    ],
    "ranks": {
        "origin": 6,
        "destination": 4,
        "time": 3
    }
}