{
    "normalized_frobenius_error": 0.9059325456619263,
    "masked_rmse": 0.11885672807693481,
    "mean_nonzero_value": 1.3623639345169067,
    "relative_rmse": 0.08724300563335419,
    "explained_variance": 0.17928624153137207,
    "computation_time": 1.9249160289764404,
    "all_factors_non_negative": true,
    "factor_sparsity": [
        "44.35%",
        "48.12%",
        "30.56%"
    ],
    "device": "mps",
    "best_initialization": "random",
    "errors_history": [
        0.9760362505912781,
        0.9663761258125305,
        0.9529357552528381,
        0.935876727104187,
        0.9253233075141907,
        0.9200279712677002,
        0.9173017740249634,
        0.9155604839324951,
        0.9140834212303162,
        0.9126042127609253,
        0.9112057685852051,
        0.9100427627563477,
        0.9091361165046692,
        0.9084538817405701,
        0.907977819442749,
        0.9076307415962219,
        0.9073574542999268,
        0.9071558117866516,
        0.9070101380348206,
        0.9068843722343445,
        0.906780481338501,
        0.906694233417511,
        0.9066283702850342,
        0.9065138101577759,
        0.9064115285873413,
        0.9063571691513062,
        0.9063218832015991,
        0.9062961935997009,
        0.9062768816947937,
        0.9062604904174805,
        0.9062426090240479,
        0.9062246680259705,
        0.9062127470970154,
        0.9062045812606812,
        0.9061974287033081,
        0.9061911106109619,
        0.9061857461929321,
        0.9061811566352844,
        0.9061765670776367,
        0.9061716794967651,
        0.9061658978462219,
        0.906159520149231,
        0.9061532616615295,
        0.9061477184295654,
        0.9061431288719177,
        0.9061391949653625,
        0.9061357378959656,
        0.9061325788497925,
        0.9061297178268433,
        0.9061270356178284,
        0.9061243534088135,
        0.9061219096183777,
        0.9061192870140076,
        0.906116783618927,
        0.9061142206192017,
        0.9061117172241211,
        0.9061091542243958,
        0.9061065912246704,
        0.9061039686203003,
        0.9061012864112854,
        0.9060986042022705,
        0.9060958623886108,
        0.9060930013656616,
        0.9060901999473572,
        0.906087338924408,
        0.9060843586921692,
        0.9060813784599304,
        0.9060783982276917,
        0.9060752391815186,
        0.9060717225074768,
        0.906067967414856,
        0.9060647487640381,
        0.9060616493225098,
        0.9060586094856262,
        0.9060556292533875,
        0.9060526490211487,
        0.9060497283935547,
        0.9060466289520264,
        0.906043291091919,
        0.906039834022522,
        0.9060366749763489,
        0.9060336351394653,
        0.9060306549072266,
        0.9060276746749878,
        0.906024694442749,
        0.9060213565826416,
        0.906017541885376,
        0.9060131311416626,
        0.9060088992118835,
        0.9060056805610657,
        0.9060030579566956,
        0.9060004949569702,
        0.9059982299804688,
        0.9059960246086121,
        0.9059938192367554,
        0.9059916734695435,
        0.9059897065162659,
        0.9059877395629883,
        0.9059858322143555,
        0.9059840440750122,
        0.9059818387031555,
        0.9059797525405884,
        0.9059780836105347,
        0.9059766530990601,
        0.9059752225875854,
        0.9059739708900452,
        0.9059728384017944,
        0.9059717059135437,
        0.9059706330299377,
        0.9059693217277527,
        0.9059675931930542,
        0.9059663414955139,
        0.9059654474258423,
        0.9059646725654602,
        0.9059637188911438,
        0.9059628844261169,
        0.9059624075889587,
        0.9059619307518005,
        0.9059614539146423,
        0.9059611558914185,
        0.9059607982635498,
        0.9059605002403259,
        0.9059600830078125,
        0.9059599041938782,
        0.9059596061706543,
        0.90595942735672,
        0.9059591293334961,
        0.9059589505195618,
        0.9059586524963379,
        0.9059585928916931,
        0.905958354473114,
        0.9059581756591797,
        0.9059579968452454,
        0.905957818031311,
        0.9059576988220215,
        0.9059575200080872,
        0.9059573411941528,
        0.9059572219848633,
        0.9059571623802185,
        0.9059569239616394,
        0.9059567451477051,
        0.9059565663337708,
        0.9059564471244812,
        0.9059563875198364,
        0.9059561491012573,
        0.9059560894966125,
        0.9059559106826782,
        0.9059556722640991,
        0.9059556126594543,
        0.90595543384552,
        0.9059551954269409,
        0.9059550166130066,
        0.9059549570083618,
        0.9059546589851379,
        0.9059543609619141,
        0.9059540629386902,
        0.9059537649154663,
        0.9059534072875977,
        0.9059531092643738,
        0.9059528112411499,
        0.9059526324272156,
        0.9059523344039917,
        0.9059522747993469,
        0.905951976776123,
        0.9059518575668335,
        0.9059515595436096,
        0.9059513807296753,
        0.905951201915741,
        0.9059510231018066,
        0.9059508442878723,
        0.9059506058692932,
        0.9059504270553589,
        0.9059502482414246,
        0.9059500694274902,
        0.9059497714042664,
        0.9059496521949768,
        0.9059493541717529,
        0.9059491753578186,
        0.9059488773345947,
        0.90594881772995,
        0.9059485197067261,
        0.9059482216835022,
        0.9059480428695679,
        0.905947744846344,
        0.9059474468231201,
        0.9059472680091858,
        0.9059469699859619,
        0.905946671962738,
        0.9059464931488037,
        0.9059463143348694,
        0.9059460163116455,
        0.9059458374977112,
        0.9059455394744873,
        0.9059452414512634,
        0.9059450626373291,
        0.9059447646141052,
        0.9059445858001709,
        0.905944287776947,
        0.9059440493583679,
        0.905943751335144,
        0.9059435129165649,
        0.9059432744979858,
        0.905942976474762,
        0.9059426784515381,
        0.9059423208236694,
        0.9059420824050903,
        0.9059417247772217,
        0.9059414267539978,
        0.9059410691261292,
        0.9059408903121948,
        0.905940592288971,
        0.9059402942657471,
        0.9059399962425232,
        0.9059396982192993,
        0.905939519405365,
        0.9059392213821411,
        0.9059389233589172,
        0.9059387445449829,
        0.905938446521759,
        0.9059382081031799,
        0.9059379696846008,
        0.9059377312660217,
        0.9059374928474426,
        0.9059371948242188,
        0.9059370160102844,
        0.9059368371963501,
        0.9059365391731262,
        0.9059363603591919,
        0.9059361815452576,
        0.9059358835220337,
        0.9059357047080994,
        0.905935525894165,
        0.9059352874755859,
        0.9059351086616516,
        0.9059349298477173,
        0.905934751033783,
        0.9059345722198486,
        0.9059343338012695,
        0.9059341549873352,
        0.9059340357780457,
        0.9059338569641113,
        0.9059337973594666,
        0.9059335589408875,
        0.9059333801269531,
        0.9059333205223083,
        0.9059332013130188,
        0.9059330224990845,
        0.9059329032897949,
        0.9059328436851501,
        0.9059327244758606,
        0.9059325456619263,
        0.9059325456619263
    ],
    "l1_regularization": 0.0,
    "l2_regularization": 0.0,
    "random_state": 656441,
    "c1_unique_zones": 2,
    "c2_unique_od_pairs": 0,
    "c1_c2_approach": "percentage",
    "c1_c2_percentage": 0.2
}