{
    "normalized_frobenius_error": 0.8968718647956848,
    "masked_rmse": 0.20021198689937592,
    "mean_nonzero_value": 1.5989879369735718,
    "relative_rmse": 0.1252116858959198,
    "explained_variance": 0.1956208348274231,
    "computation_time": 0.6187262535095215,
    "all_factors_non_negative": true,
    "factor_sparsity": [
        "21.98%",
        "25.72%",
        "2.08%"
    ],
    "device": "cpu",
    "best_initialization": "random",
    "errors_history": [
        0.9600531458854675,
        0.9547661542892456,
        0.9538310170173645,
        0.9530673027038574,
        0.9521555304527283,
        0.9509580135345459,
        0.9493990540504456,
        0.9475265741348267,
        0.9455574154853821,
        0.9437943696975708,
        0.9424251317977905,
        0.9414284825325012,
        0.9406663775444031,
        0.9399945735931396,
        0.9392995834350586,
        0.9385188221931458,
        0.9376592040061951,
        0.9367636442184448,
        0.9358442425727844,
        0.9348719120025635,
        0.9338066577911377,
        0.9326566457748413,
        0.9314993619918823,
        0.9303827285766602,
        0.9293209314346313,
        0.9282957911491394,
        0.9272510409355164,
        0.9260855317115784,
        0.9246324896812439,
        0.9226749539375305,
        0.9201704263687134,
        0.9175440669059753,
        0.915285050868988,
        0.913459062576294,
        0.9119533896446228,
        0.9107133150100708,
        0.9097269177436829,
        0.9089682102203369,
        0.9083762764930725,
        0.9078922271728516,
        0.907479465007782,
        0.9071173071861267,
        0.9067986011505127,
        0.906516432762146,
        0.9062587022781372,
        0.906013011932373,
        0.9057751297950745,
        0.9055461287498474,
        0.9053285121917725,
        0.9051249027252197,
        0.9049320816993713,
        0.9047475457191467,
        0.904564380645752,
        0.9043610692024231,
        0.9041515588760376,
        0.9039576053619385,
        0.9037643074989319,
        0.9035637974739075,
        0.9033554196357727,
        0.9031420946121216,
        0.9029286503791809,
        0.9027220010757446,
        0.9025220274925232,
        0.9023275971412659,
        0.9021341800689697,
        0.901939332485199,
        0.9017373323440552,
        0.9015127420425415,
        0.901248037815094,
        0.9009274244308472,
        0.900554358959198,
        0.900161862373352,
        0.8997954726219177,
        0.8994870781898499,
        0.899242103099823,
        0.8990517854690552,
        0.8989033699035645,
        0.8987870216369629,
        0.8986949920654297,
        0.8986201882362366,
        0.8985593318939209,
        0.89850914478302,
        0.898468017578125,
        0.8984328508377075,
        0.8984038233757019,
        0.898378849029541,
        0.8983569741249084,
        0.8983383178710938,
        0.8983219265937805,
        0.898307740688324,
        0.8982945084571838,
        0.8982824087142944,
        0.8982712626457214,
        0.8982600569725037,
        0.898250937461853,
        0.8982425332069397,
        0.8982350826263428,
        0.8982274532318115,
        0.8982201814651489,
        0.8982130289077759,
        0.8982058167457581,
        0.8981982469558716,
        0.8981908559799194,
        0.8981832265853882,
        0.8981754183769226,
        0.8981672525405884,
        0.8981592059135437,
        0.8981512188911438,
        0.8981428742408752,
        0.8981343507766724,
        0.8981261849403381,
        0.8981176614761353,
        0.8981091976165771,
        0.8981009721755981,
        0.8980923891067505,
        0.8980836868286133,
        0.8980754017829895,
        0.8980669975280762,
        0.8980589509010315,
        0.8980504274368286,
        0.8980419635772705,
        0.8980341553688049,
        0.898026704788208,
        0.898019015789032,
        0.8980112075805664,
        0.8980034589767456,
        0.8979954123497009,
        0.8979876637458801,
        0.8979795575141907,
        0.8979718089103699,
        0.8979634642601013,
        0.8979551196098328,
        0.8979473114013672,
        0.8979390263557434,
        0.8979307413101196,
        0.8979224562644958,
        0.8979136347770691,
        0.8979053497314453,
        0.8978968858718872,
        0.89788818359375,
        0.8978796005249023,
        0.8978708982467651,
        0.8978624939918518,
        0.8978539109230042,
        0.8978456258773804,
        0.897837221622467,
        0.8978286981582642,
        0.8978207111358643,
        0.8978122472763062,
        0.8978037238121033,
        0.8977958559989929,
        0.8977876901626587,
        0.8977797627449036,
        0.8977720141410828,
        0.8977643847465515,
        0.8977569341659546,
        0.8977492451667786,
        0.8977421522140503,
        0.8977349996566772,
        0.8977274894714355,
        0.8977208137512207,
        0.8977139592170715,
        0.8977071642875671,
        0.8977007269859314,
        0.8976943492889404,
        0.8976883888244629,
        0.8976821303367615,
        0.8976759314537048,
        0.8976693749427795,
        0.8976632952690125,
        0.8976573348045349,
        0.897651195526123,
        0.897645115852356,
        0.8976395726203918,
        0.8976340889930725,
        0.8976284265518188,
        0.8976232409477234,
        0.8976179361343384,
        0.8976130485534668,
        0.8976081013679504,
        0.8976032733917236,
        0.8975986838340759,
        0.8975939750671387,
        0.8975892066955566,
        0.8975847363471985,
        0.897580623626709,
        0.8975761532783508,
        0.8975716829299927,
        0.8975674510002136,
        0.897563099861145,
        0.8975594639778137,
        0.8975558280944824,
        0.8975523114204407,
        0.8975488543510437,
        0.8975456357002258,
        0.8975424766540527,
        0.8975393772125244,
        0.8975360989570618,
        0.8975327014923096,
        0.8975297212600708,
        0.8975273370742798,
        0.8975242972373962,
        0.897521436214447,
        0.8975188136100769,
        0.8975161910057068,
        0.8975131511688232,
        0.8975103497505188,
        0.897507905960083,
        0.8975048661231995,
        0.897502064704895,
        0.8974995017051697,
        0.8974964022636414,
        0.8974931240081787,
        0.8974900841712952,
        0.8974868655204773,
        0.8974840641021729,
        0.8974810242652893,
        0.8974777460098267,
        0.8974746465682983,
        0.8974717259407043,
        0.8974687457084656,
        0.8974660634994507,
        0.897463321685791,
        0.8974608778953552,
        0.8974584341049194,
        0.8974559307098389,
        0.897453784942627,
        0.8974521160125732,
        0.8974501490592957,
        0.8974481225013733,
        0.89744633436203,
        0.8974446058273315,
        0.8974429965019226,
        0.8974416851997375,
        0.8974402546882629,
        0.8974387645721436,
        0.8974371552467346,
        0.89743572473526,
        0.8974344730377197,
        0.8974334597587585,
        0.8974320888519287,
        0.897430956363678,
        0.8974300622940063,
        0.8974288105964661,
        0.8974277973175049,
        0.8974264860153198,
        0.8974257111549377,
        0.8974245190620422,
        0.8974235653877258,
        0.8974222540855408,
        0.8974215388298035,
        0.8974206447601318,
        0.8974197506904602,
        0.8974188566207886,
        0.8974179029464722,
        0.8974168300628662,
        0.8974162936210632,
        0.897415280342102,
        0.8974146842956543,
        0.897413969039917,
        0.8974130749702454,
        0.8974123597145081,
        0.8974114656448364,
        0.8974108695983887,
        0.8974098563194275,
        0.8974091410636902,
        0.897408127784729,
        0.8974071145057678,
        0.897406280040741,
        0.8974055051803589,
