{
    "normalized_frobenius_error": 0.8784745931625366,
    "masked_rmse": 0.1961025446653366,
    "mean_nonzero_value": 1.5989879369735718,
    "relative_rmse": 0.1226416677236557,
    "explained_variance": 0.2282823920249939,
    "computation_time": 2.642760753631592,
    "all_factors_non_negative": true,
    "factor_sparsity": [
        "38.41%",
        "40.10%",
        "24.31%"
    ],
    "device": "mps",
    "best_initialization": "random",
    "errors_history": [
        0.9576240181922913,
        0.9451513290405273,
        0.9344196319580078,
        0.9256561994552612,
        0.9198457598686218,
        0.9154664278030396,
        0.9113965630531311,
        0.9072037935256958,
        0.9033337831497192,
        0.8998963832855225,
        0.8967447280883789,
        0.8940667510032654,
        0.8917251825332642,
        0.8897702693939209,
        0.8883403539657593,
        0.8872100710868835,
        0.8862331509590149,
        0.8853794932365417,
        0.8846482038497925,
        0.8840323686599731,
        0.8835043907165527,
        0.8830272555351257,
        0.8825846314430237,
        0.8821788430213928,
        0.8818095922470093,
        0.8814607262611389,
        0.8811565637588501,
        0.8808783292770386,
        0.8806094527244568,
        0.8804396986961365,
        0.8803198337554932,
        0.8802154660224915,
        0.8801140785217285,
        0.8800105452537537,
        0.8799043893814087,
        0.8798003196716309,
        0.8797040581703186,
        0.8796191215515137,
        0.8795474767684937,
        0.879489004611969,
        0.8794420957565308,
        0.8794041872024536,
        0.8793729543685913,
        0.8793460726737976,
        0.8793222904205322,
        0.8793012499809265,
        0.87928307056427,
        0.8792675137519836,
        0.8792538642883301,
        0.8792418241500854,
        0.8792310953140259,
        0.8792212605476379,
        0.879211962223053,
        0.8792030811309814,
        0.8791944980621338,
        0.8791859149932861,
        0.8791773915290833,
        0.8791688084602356,
        0.8791604042053223,
        0.8791525363922119,
        0.8791452646255493,
        0.8791382908821106,
        0.8791313171386719,
        0.8791236281394958,
        0.8791146874427795,
        0.879104495048523,
        0.879095196723938,
        0.8790870308876038,
        0.8790795207023621,
        0.8790722489356995,
        0.8790651559829712,
        0.8790581822395325,
        0.8790507316589355,
        0.8790430426597595,
        0.8790362477302551,
        0.8790304064750671,
        0.8790252208709717,
        0.8790208697319031,
        0.879017174243927,
        0.8790138363838196,
        0.8790108561515808,
        0.8790081739425659,
        0.879005491733551,
        0.8790028095245361,
        0.8789997696876526,
        0.8789966106414795,
        0.8789936900138855,
        0.8789914846420288,
        0.8789898753166199,
        0.8789884448051453,
        0.8789871335029602,
        0.8789860010147095,
        0.8789849877357483,
        0.8789840936660767,
        0.8789830803871155,
        0.8789822459220886,
        0.8789815306663513,
        0.8789808750152588,
        0.8789801597595215,
        0.8789794445037842,
        0.8789787292480469,
        0.8789780139923096,
        0.8789772391319275,
        0.8789762258529663,
        0.8789752125740051,
        0.8789737820625305,
        0.878972053527832,
        0.8789697289466858,
        0.8789668083190918,
        0.8789632320404053,
        0.8789591193199158,
        0.8789544701576233,
        0.8789492845535278,
        0.878943920135498,
        0.8789389133453369,
        0.8789342641830444,
        0.8789302110671997,
        0.8789267539978027,
        0.8789238333702087,
        0.8789212703704834,
        0.8789190649986267,
        0.8789170384407043,
        0.878915011882782,
        0.8789132833480835,
        0.8789116144180298,
        0.8789099454879761,
        0.8789082765579224,
        0.8789066076278687,
        0.8789049983024597,
        0.8789033889770508,
        0.8789017796516418,
        0.8789001703262329,
        0.8788984417915344,
        0.8788967132568359,
        0.8788949847221375,
        0.8788931965827942,
        0.8788913488388062,
        0.8788894414901733,
        0.8788875341415405,
        0.8788856267929077,
        0.8788834810256958,
        0.8788812756538391,
        0.878878653049469,
        0.8788759112358093,
        0.8788729906082153,
        0.8788701295852661,
        0.878867506980896,
        0.8788650631904602,
        0.878862738609314,
        0.8788604140281677,
        0.8788580894470215,
        0.8788557052612305,
        0.8788532614707947,
        0.8788506984710693,
        0.8788481950759888,
        0.8788455724716187,
        0.8788429498672485,
        0.8788403868675232,
        0.8788377642631531,
        0.878835141658783,
        0.8788326382637024,
        0.8788300156593323,
        0.8788273930549622,
        0.8788247108459473,
        0.8788220882415771,
        0.8788194060325623,
        0.8788167238235474,
        0.8788140416145325,
        0.8788112998008728,
        0.8788084387779236,
        0.8788056373596191,
        0.8788025975227356,
        0.878799557685852,
        0.8787964582443237,
        0.8787931799888611,
        0.8787899613380432,
        0.8787866234779358,
        0.8787832856178284,
        0.878779947757721,
        0.878776490688324,
        0.8787731528282166,
        0.8787697553634644,
        0.8787664175033569,
        0.8787630796432495,
        0.8787597417831421,
        0.8787564635276794,
        0.8787532448768616,
        0.8787501454353333,
        0.8787469863891602,
        0.8787439465522766,
        0.8787409067153931,
        0.8787378072738647,
        0.878734827041626,
        0.878731906414032,
        0.8787291049957275,
        0.8787262439727783,
        0.8787234425544739,
        0.8787208199501038,
        0.8787181973457336,
        0.8787155151367188,
        0.8787131309509277,
        0.8787105679512024,
        0.8787081837654114,
        0.8787059187889099,
        0.8787035942077637,
        0.8787015080451965,
        0.8786992430686951,
        0.8786973357200623,
        0.8786952495574951,
        0.8786932826042175,
        0.8786913752555847,
        0.8786895871162415,
        0.8786877393722534,
        0.8786858916282654,
        0.8786839842796326,
        0.8786820769309998,
        0.8786800503730774,
        0.8786782622337341,
        0.8786765336990356,
        0.8786749839782715,
        0.8786736130714417,
        0.878672182559967,
        0.878670871257782,
        0.8786696195602417,
        0.8786683082580566,
        0.8786669969558716,
        0.8786656856536865,
        0.878664493560791,
        0.878663182258606,
        0.8786618709564209,
        0.8786603212356567,
        0.8786588311195374,
        0.8786572217941284,
        0.8786554932594299,
        0.8786535859107971,
        0.8786516189575195,
        0.8786495327949524,
        0.8786472082138062,
        0.8786441683769226,
        0.8786401152610779,
        0.8786345720291138,
        0.8786281943321228,
        0.8786227107048035,
        0.8786190152168274,
        0.878616452217102,
        0.8786146640777588,
        0.8786131143569946,
        0.8786116242408752,
        0.878610372543335,
        0.8786091804504395,
        0.878607988357544,
        0.8786069750785828,
        0.8786059617996216,
        0.8786049485206604,
        0.8786039352416992,
        0.8786031007766724,
        0.8786023259162903,
        0.8786014914512634,
        0.8786006569862366,
        0.878600001335144,
        0.8785992860794067,
        0.8785985708236694,
        0.8785979747772217,
        0.8785973787307739,
        0.8785967230796814,
        0.8785961270332336,
        0.8785956501960754,
        0.8785951137542725,
        0.8785945177078247,
