{
    "normalized_frobenius_error": 0.8672916889190674,
    "masked_rmse": 0.226203054189682,
    "mean_nonzero_value": 1.345635175704956,
    "relative_rmse": 0.16810132563114166,
    "explained_variance": 0.2478051781654358,
    "computation_time": 0.7950730323791504,
    "all_factors_non_negative": true,
    "factor_sparsity": [
        "17.78%",
        "17.78%",
        "8.33%"
    ],
    "device": "mps",
    "best_initialization": "random",
    "errors_history": [
        0.9422577023506165,
        0.9293752312660217,
        0.9125084280967712,
        0.8968950510025024,
        0.8862404823303223,
        0.8799210786819458,
        0.8761705160140991,
        0.8736565113067627,
        0.8717871308326721,
        0.8704129457473755,
        0.8695000410079956,
        0.8689118027687073,
        0.8685183525085449,
        0.8682408332824707,
        0.8680339455604553,
        0.8678727746009827,
        0.8677452802658081,
        0.8676462173461914,
        0.8675711750984192,
        0.8675146698951721,
        0.8674719333648682,
        0.8674393892288208,
        0.867414116859436,
        0.8673940300941467,
        0.8673780560493469,
        0.8673651814460754,
        0.867354691028595,
        0.8673461675643921,
        0.8673390746116638,
        0.8673332333564758,
        0.8673282861709595,
        0.8673242330551147,
        0.8673205971717834,
        0.8673176169395447,
        0.8673149943351746,
        0.8673127293586731,
        0.8673107028007507,
        0.8673090934753418,
        0.8673075437545776,
        0.8673062324523926,
        0.8673050403594971,
        0.8673039674758911,
        0.8673030734062195,
        0.8673022985458374,
        0.8673014044761658,
        0.867300808429718,
        0.8673002123832703,
        0.8672996163368225,
        0.8672990202903748,
        0.8672986030578613,
        0.8672981858253479,
        0.8672977685928345,
        0.8672974109649658,
        0.8672970533370972,
        0.8672966957092285,
        0.8672963976860046,
        0.867296040058136,
        0.8672957420349121,
        0.867295503616333,
        0.8672952651977539,
        0.8672950863838196,
        0.8672947287559509,
        0.8672945499420166,
        0.8672943115234375,
        0.8672940731048584,
        0.8672939538955688,
        0.8672937154769897,
        0.8672935962677002,
        0.8672933578491211,
        0.8672932982444763,
        0.8672930598258972,
        0.8672929406166077,
        0.8672927618026733,
        0.8672927021980286,
        0.8672924041748047,
        0.8672923445701599,
        0.8672922253608704,
        0.8672921657562256,
        0.8672921061515808,
        0.8672918677330017,
        0.8672918081283569,
        0.8672916889190674,
        0.8672916889190674
    ],
    "l1_regularization": 0.0,
    "l2_regularization": 0.0,
    "random_state": 10221,
    "c1_unique_zones": 2,
    "c2_unique_od_pairs": 0,
    "c1_c2_approach": "percentage",
    "c1_c2_percentage": 0.2
}