{
    "normalized_frobenius_error": 0.8564404845237732,
    "masked_rmse": 0.22337289154529572,
    "mean_nonzero_value": 1.345635175704956,
    "relative_rmse": 0.16599810123443604,
    "explained_variance": 0.2665097117424011,
    "computation_time": 0.7567219734191895,
    "all_factors_non_negative": true,
    "factor_sparsity": [
        "20.44%",
        "17.33%",
        "12.50%"
    ],
    "device": "mps",
    "best_initialization": "random",
    "errors_history": [
        0.9387516379356384,
        0.9207214713096619,
        0.904284656047821,
        0.8932957649230957,
        0.8872427344322205,
        0.8836740255355835,
        0.8809515237808228,
        0.8778164386749268,
        0.8740556240081787,
        0.8710771799087524,
        0.8692894577980042,
        0.8681429624557495,
        0.8672736883163452,
        0.8664750456809998,
        0.8656345009803772,
        0.8647208213806152,
        0.8637646436691284,
        0.8628262877464294,
        0.8619570136070251,
        0.8611803650856018,
        0.860496461391449,
        0.8598964810371399,
        0.8593845367431641,
        0.8589745163917542,
        0.8586546182632446,
        0.858394980430603,
        0.8581668734550476,
        0.8579586148262024,
        0.8577756881713867,
        0.8576216697692871,
        0.8574938178062439,
        0.8573862910270691,
        0.8572912812232971,
        0.8572079539299011,
        0.8571307063102722,
        0.857057511806488,
        0.8569889664649963,
        0.8569267392158508,
        0.8568724989891052,
        0.8568265438079834,
        0.8567878007888794,
        0.8567545413970947,
        0.8567246198654175,
        0.8566967844963074,
        0.8566699624061584,
        0.8566449284553528,
        0.8566235303878784,
        0.8566061854362488,
        0.8565924763679504,
        0.8565812110900879,
        0.8565719127655029,
        0.8565641641616821,
        0.856557309627533,
        0.8565512299537659,
        0.8565449714660645,
        0.8565380573272705,
        0.856531023979187,
        0.8565241694450378,
        0.8565172553062439,
        0.8565109372138977,
        0.8565055131912231,
        0.8565008044242859,
        0.8564966320991516,
        0.8564928770065308,
        0.8564895987510681,
        0.8564868569374084,
        0.8564842939376831,
        0.8564821481704712,
        0.8564797043800354,
        0.8564766645431519,
        0.856472373008728,
        0.8564664125442505,
        0.8564599752426147,
        0.856454610824585,
        0.8564515113830566,
        0.8564498424530029,
        0.8564489483833313,
        0.8564481735229492,
        0.8564475774765015,
        0.8564471006393433,
        0.8564465641975403,
        0.8564461469650269,
        0.8564456701278687,
        0.8564451932907104,
        0.856444776058197,
        0.8564444780349731,
        0.8564440011978149,
        0.8564436435699463,
        0.8564433455467224,
        0.8564429879188538,
        0.8564426898956299,
        0.8564423322677612,
        0.8564420938491821,
        0.856441855430603,
        0.8564416766166687,
        0.8564414381980896,
        0.8564411997795105,
        0.856441080570221,
        0.8564409613609314,
        0.8564407229423523,
        0.856440544128418,
        0.856440544128418
    ],
    "l1_regularization": 0.0,
    "l2_regularization": 0.0,
    "random_state": 171059,
    "c1_unique_zones": 2,
    "c2_unique_od_pairs": 0,
    "c1_c2_approach": "percentage",
    "c1_c2_percentage": 0.2
}