{
    "normalized_frobenius_error": 0.8771345615386963,
    "masked_rmse": 0.19580338895320892,
    "mean_nonzero_value": 1.5989879369735718,
    "relative_rmse": 0.12245457619428635,
    "explained_variance": 0.23063498735427856,
    "computation_time": 0.8265740871429443,
    "all_factors_non_negative": true,
    "factor_sparsity": [
        "21.50%",
        "26.09%",
        "15.97%"
    ],
    "device": "mps",
    "best_initialization": "random",
    "errors_history": [
        0.9553297758102417,
        0.9393159747123718,
        0.9225773811340332,
        0.9088549613952637,
        0.8975508809089661,
        0.8904126882553101,
        0.887309730052948,
        0.8855456113815308,
        0.8843168616294861,
        0.8833650350570679,
        0.882523238658905,
        0.8817219734191895,
        0.8810207843780518,
        0.8804516792297363,
        0.880009114742279,
        0.8796606659889221,
        0.8793594837188721,
        0.8791339993476868,
        0.8789470791816711,
        0.8787820935249329,
        0.8786314129829407,
        0.8784918189048767,
        0.8783633708953857,
        0.8782479166984558,
        0.878145694732666,
        0.8780560493469238,
        0.8779774904251099,
        0.8779087066650391,
        0.8778505921363831,
        0.8778038620948792,
        0.8777668476104736,
        0.8777370452880859,
        0.8777122497558594,
        0.8776906132698059,
        0.8776702284812927,
        0.8776496648788452,
        0.8776280283927917,
        0.8776054978370667,
        0.8775814175605774,
        0.8775551319122314,
        0.8775268197059631,
        0.8774967789649963,
        0.8774667978286743,
        0.8774380683898926,
        0.8774122595787048,
        0.8773900270462036,
        0.8773713111877441,
        0.8773555755615234,
        0.8773419857025146,
        0.877330482006073,
        0.8773202896118164,
        0.8773112893104553,
        0.8773030042648315,
        0.877295196056366,
        0.8772876858711243,
        0.8772804141044617,
        0.8772732615470886,
        0.8772661685943604,
        0.8772590160369873,
        0.8772518038749695,
        0.8772443532943726,
        0.8772368431091309,
        0.8772291541099548,
        0.877221405506134,
        0.8772135972976685,
        0.8772061467170715,
        0.8771987557411194,
        0.8771917819976807,
        0.8771854043006897,
        0.8771795034408569,
        0.8771744966506958,
        0.8771698474884033,
        0.8771658539772034,
        0.8771622180938721,
        0.8771589994430542,
        0.8771561980247498,
        0.8771536350250244,
        0.8771514296531677,
        0.8771495819091797,
        0.8771479725837708,
        0.8771467804908752,
        0.877145528793335,
        0.8771445155143738,
        0.8771438598632812,
        0.8771430253982544,
        0.8771423101425171,
        0.8771415948867798,
        0.8771411180496216,
        0.8771405220031738,
        0.8771399855613708,
        0.8771395087242126,
        0.8771390914916992,
        0.8771385550498962,
        0.8771381974220276,
        0.8771377801895142,
        0.8771373629570007,
        0.8771369457244873,
        0.8771366477012634,
        0.8771363496780396,
        0.8771360516548157,
        0.8771357536315918,
        0.8771356344223022,
        0.8771354556083679,
        0.8771352171897888,
        0.877135157585144,
        0.8771350383758545,
        0.8771348595619202,
        0.8771347403526306,
        0.8771346211433411,
        0.8771345615386963,
        0.8771345615386963
    ],
    "l1_regularization": 0.0,
    "l2_regularization": 0.0,
    "random_state": 845213,
    "c1_unique_zones": 2,
    "c2_unique_od_pairs": 0,
    "c1_c2_approach": "percentage",
    "c1_c2_percentage": 0.2
}