{
    "normalized_frobenius_error": 0.9050020575523376,
    "masked_rmse": 0.11873465031385422,
    "mean_nonzero_value": 1.3623639345169067,
    "relative_rmse": 0.08715339750051498,
    "explained_variance": 0.18097138404846191,
    "computation_time": 0.6410222053527832,
    "all_factors_non_negative": true,
    "factor_sparsity": [
        "37.63%",
        "38.98%",
        "21.53%"
    ],
    "device": "mps",
    "best_initialization": "random",
    "errors_history": [
        0.9752479195594788,
        0.9639853835105896,
        0.9520173668861389,
        0.9411102533340454,
        0.934203028678894,
        0.9296108484268188,
        0.9261111617088318,
        0.9234936833381653,
        0.9211649894714355,
        0.9191370606422424,
        0.9172919988632202,
        0.9148463606834412,
        0.9120355248451233,
        0.9103221893310547,
        0.9093987345695496,
        0.9087743759155273,
        0.9083573818206787,
        0.9080737829208374,
        0.9078016877174377,
        0.9074658751487732,
        0.9071096181869507,
        0.906741738319397,
        0.9063576459884644,
        0.9060039520263672,
        0.905717134475708,
        0.9055125117301941,
        0.9053922295570374,
        0.9053245782852173,
        0.9052855968475342,
        0.9052603244781494,
        0.905241072177887,
        0.9051991701126099,
        0.9051288962364197,
        0.9051085114479065,
        0.9050989151000977,
        0.9050916433334351,
        0.9050848484039307,
        0.9050789475440979,
        0.9050739407539368,
        0.9050698280334473,
        0.9050663709640503,
        0.9050629734992981,
        0.9050576090812683,
        0.9050537347793579,
        0.9050503373146057,
        0.9050476551055908,
        0.905045211315155,
        0.9050429463386536,
        0.9050406217575073,
        0.9050383567810059,
        0.9050359725952148,
        0.9050333499908447,
        0.9050309658050537,
        0.9050287008285522,
        0.9050264954566956,
        0.9050244688987732,
        0.9050227403640747,
        0.9050211906433105,
        0.9050197601318359,
        0.9050185084342957,
        0.9050174951553345,
        0.9050164222717285,
        0.9050155878067017,
        0.90501469373703,
        0.9050140380859375,
        0.905013382434845,
        0.9050127863883972,
        0.9050124287605286,
        0.9050120115280151,
        0.9050117135047913,
        0.9050113558769226,
        0.9050110578536987,
        0.9050107002258301,
        0.9050101041793823,
        0.9050087928771973,
        0.9050063490867615,
        0.9050043821334839,
        0.9050037860870361,
        0.9050034880638123,
        0.9050033092498779,
        0.9050031304359436,
        0.905003011226654,
        0.9050028324127197,
        0.9050027132034302,
        0.9050025343894958,
        0.9050024747848511,
        0.9050023555755615,
        0.905002236366272,
        0.9050021767616272,
        0.9050020575523376,
        0.9050020575523376
    ],
    "l1_regularization": 0.0,
    "l2_regularization": 0.0,
    "random_state": 509658,
    "c1_unique_zones": 3,
    "c2_unique_od_pairs": 0,
    "c1_c2_approach": "percentage",
    "c1_c2_percentage": 0.2
}