{
    "normalized_frobenius_error": 0.8681370615959167,
    "masked_rmse": 0.22642353177070618,
    "mean_nonzero_value": 1.345635175704956,
    "relative_rmse": 0.16826516389846802,
    "explained_variance": 0.2463381290435791,
    "computation_time": 0.598513126373291,
    "all_factors_non_negative": true,
    "factor_sparsity": [
        "16.00%",
        "16.89%",
        "10.00%"
    ],
    "device": "mps",
    "best_initialization": "random",
    "errors_history": [
        0.9432845115661621,
        0.928550660610199,
        0.9136357307434082,
        0.9015629291534424,
        0.8921352624893188,
        0.8852648735046387,
        0.8800009489059448,
        0.8758819103240967,
        0.8730445504188538,
        0.8714103698730469,
        0.8704599738121033,
        0.8698292374610901,
        0.869381308555603,
        0.869064211845398,
        0.868843138217926,
        0.8686882257461548,
        0.8685714602470398,
        0.8684841394424438,
        0.8684259057044983,
        0.8683839440345764,
        0.8683524131774902,
        0.8683278560638428,
        0.8683086633682251,
        0.8682931661605835,
        0.8682799339294434,
        0.8682686686515808,
        0.8682587146759033,
        0.8682498335838318,
        0.8682416081428528,
        0.8682335615158081,
        0.8682252764701843,
        0.8682169318199158,
        0.8682088255882263,
        0.868200957775116,
        0.8681927919387817,
        0.8681849241256714,
        0.8681786060333252,
        0.8681736588478088,
        0.8681699633598328,
        0.8681669235229492,
        0.8681643605232239,
        0.8681620359420776,
        0.8681599497795105,
        0.8681581020355225,
        0.8681563138961792,
        0.8681546449661255,
        0.8681531548500061,
        0.8681517243385315,
        0.8681504726409912,
        0.8681491017341614,
        0.8681480884552002,
        0.8681470155715942,
        0.8681460618972778,
        0.868145227432251,
        0.8681444525718689,
        0.8681437969207764,
        0.8681432008743286,
        0.8681426048278809,
        0.8681421875953674,
        0.8681417107582092,
        0.8681413531303406,
        0.8681409358978271,
        0.8681406378746033,
        0.8681403398513794,
        0.8681401014328003,
        0.8681397438049316,
        0.8681396245956421,
        0.868139386177063,
        0.8681392669677734,
        0.8681390285491943,
        0.86813884973526,
        0.8681387305259705,
        0.8681384921073914,
        0.8681383728981018,
        0.8681382536888123,
        0.8681381344795227,
        0.8681379556655884,
        0.8681378364562988,
        0.868137776851654,
        0.8681376576423645,
        0.868137538433075,
        0.8681374192237854,
        0.8681373596191406,
        0.8681373000144958,
        0.8681372404098511,
        0.8681370615959167,
        0.8681370615959167
    ],
    "l1_regularization": 0.0,
    "l2_regularization": 0.0,
    "random_state": 976865,
    "c1_unique_zones": 3,
    "c2_unique_od_pairs": 0,
    "c1_c2_approach": "percentage",
    "c1_c2_percentage": 0.2
}