{
    "normalized_frobenius_error": 0.8877906799316406,
    "masked_rmse": 0.12064187973737717,
    "mean_nonzero_value": 1.1494661569595337,
    "relative_rmse": 0.10495470464229584,
    "explained_variance": 0.21182769536972046,
    "computation_time": 0.3273301124572754,
    "all_factors_non_negative": true,
    "factor_sparsity": [
        "29.17%",
        "22.16%",
        "9.72%"
    ],
    "device": "cpu",
    "best_initialization": "random",
    "errors_history": [
        0.9639909863471985,
        0.9601057767868042,
        0.958651065826416,
        0.9564599990844727,
        0.9521520137786865,
        0.9451106190681458,
        0.9377403855323792,
        0.9328542947769165,
        0.9301530718803406,
        0.9284161329269409,
        0.9270073175430298,
        0.9256749749183655,
        0.9243302941322327,
        0.9229999780654907,
        0.9217740297317505,
        0.9206990003585815,
        0.9197612404823303,
        0.9189289808273315,
        0.9181745648384094,
        0.917481005191803,
        0.9168280959129333,
        0.9161933064460754,
        0.9155539870262146,
        0.9148880839347839,
        0.9141690135002136,
        0.913364827632904,
        0.9124172925949097,
        0.9111477136611938,
        0.9089124202728271,
        0.9046549201011658,
        0.9001419544219971,
        0.8974510431289673,
        0.8962411284446716,
        0.8956550359725952,
        0.895082414150238,
        0.8944866061210632,
        0.8942392468452454,
        0.8940896391868591,
        0.8939788341522217,
        0.8938900828361511,
        0.8938133716583252,
        0.8937427997589111,
        0.8936778903007507,
        0.8936188817024231,
        0.893562376499176,
        0.893505871295929,
        0.8934476971626282,
        0.8933883905410767,
        0.893327534198761,
        0.8932642936706543,
        0.8931956887245178,
        0.8931175470352173,
        0.8930264711380005,
        0.8929183483123779,
        0.8927938938140869,
        0.8926538825035095,
        0.8924961090087891,
        0.8923202157020569,
        0.8921283483505249,
        0.8919273018836975,
        0.8917290568351746,
        0.8915466666221619,
        0.8913895487785339,
        0.891260027885437,
        0.8911567330360413,
        0.891074001789093,
        0.8910065293312073,
        0.8909514546394348,
        0.8909046649932861,
        0.8908655643463135,
        0.8908320069313049,
        0.8908025622367859,
        0.8907768130302429,
        0.8907535076141357,
        0.8907309770584106,
        0.8907088041305542,
        0.890683650970459,
        0.8906562924385071,
        0.8906292915344238,
        0.8906059861183167,
        0.8905856013298035,
        0.8905673027038574,
        0.8905491232872009,
        0.8905307650566101,
        0.8905110359191895,
        0.8904880881309509,
        0.8904618620872498,
        0.8904334306716919,
        0.8904060125350952,
        0.8903818726539612,
        0.8903605341911316,
        0.8903404474258423,
        0.8903202414512634,
        0.890299379825592,
        0.8902773857116699,
        0.890254557132721,
        0.8902312517166138,
        0.8902068734169006,
        0.8901816010475159,
        0.8901549577713013,
        0.8901268839836121,
        0.8900977969169617,
        0.8900675177574158,
        0.8900350332260132,
        0.890001118183136,
        0.8899651169776917,
        0.8899280428886414,
        0.8898879885673523,
        0.8898457288742065,
        0.8898016810417175,
        0.8897559642791748,
        0.889707088470459,
        0.8896569013595581,
        0.8896048665046692,
        0.8895514607429504,
        0.8894973397254944,
        0.8894426822662354,
        0.8893880844116211,
        0.8893336057662964,
        0.8892804384231567,
        0.8892281651496887,
        0.8891782164573669,
        0.8891294598579407,
        0.8890836238861084,
        0.889039158821106,
        0.8889967799186707,
        0.8889567255973816,
        0.8889170289039612,
        0.8888782262802124,
        0.88884037733078,
        0.8888031840324402,
        0.888766348361969,
        0.8887314200401306,
        0.8886988162994385,
        0.8886687159538269,
        0.8886414170265198,
        0.8886155486106873,
        0.888591468334198,
        0.8885678648948669,
        0.8885427117347717,
        0.8885163068771362,
        0.888486921787262,
        0.8884556293487549,
        0.8884251117706299,
        0.8883978128433228,
        0.8883735537528992,
        0.8883516788482666,
        0.8883323669433594,
        0.888313889503479,
        0.8882968425750732,
        0.8882816433906555,
        0.8882673382759094,
        0.8882540464401245,
        0.8882417678833008,
        0.8882305026054382,
        0.8882195949554443,
        0.8882091641426086,
        0.8881998062133789,
        0.8881902098655701,
        0.8881820440292358,
        0.8881728649139404,
        0.8881643414497375,
        0.8881553411483765,
        0.888146698474884,
        0.8881378173828125,
        0.8881278038024902,
        0.8881173729896545,
        0.8881064057350159,
        0.8880937099456787,
        0.8880788087844849,
        0.8880622386932373,
        0.8880448937416077,
        0.8880293965339661,
        0.8880159854888916,
        0.8880042433738708,
        0.8879942893981934,
        0.8879849314689636,
        0.8879765272140503,
        0.8879685401916504,
        0.8879613280296326,
        0.88795405626297,
        0.887946605682373,
        0.8879396915435791,
        0.887932300567627,
        0.8879242539405823,
        0.8879165053367615,
        0.8879090547561646,
        0.8879023790359497,
        0.887896716594696,
        0.8878918290138245,
        0.8878873586654663,
        0.887883722782135,
        0.8878801465034485,
        0.8878771662712097,
        0.8878744840621948,
        0.8878719210624695,
        0.8878693580627441,
        0.8878669142723083,
        0.8878646492958069,
        0.887862503528595,
        0.8878604769706726,
        0.8878587484359741,
        0.8878565430641174,
        0.8878546953201294,
        0.8878530859947205,
        0.8878502249717712,
        0.8878479599952698,
        0.8878448605537415,
        0.887841522693634,
        0.88783860206604,
        0.8878358006477356,
        0.8878335356712341,
        0.8878319263458252,
        0.8878306150436401,
        0.8878293633460999,
        0.8878282308578491,
        0.8878269791603088,
        0.8878258466720581,
        0.8878246545791626,
        0.8878237009048462,
        0.8878228068351746,
        0.8878217339515686,
        0.8878210186958313,
        0.8878200650215149,
        0.8878191113471985,
        0.8878185153007507,
        0.8878176212310791,
        0.8878169059753418,
        0.8878164291381836,
        0.8878154754638672,
        0.887814462184906,
        0.8878138065338135,
        0.8878132104873657,
        0.8878123760223389,
        0.8878114819526672,
        0.8878108859062195,
        0.8878098130226135,
        0.8878090381622314,
        0.8878083825111389,
        0.887808084487915,
        0.8878075480461121,
        0.8878068327903748,
        0.8878061175346375,
        0.8878055810928345,
        0.8878050446510315,
        0.8878045678138733,
        0.8878042697906494,
        0.8878040313720703,
        0.8878034353256226,
        0.8878030776977539,
        0.8878026604652405,
        0.887802243232727,
        0.8878018260002136,
        0.8878014087677002,
        0.8878011703491211,
        0.8878006935119629,
        0.8878005146980286,
        0.8878000974655151,
        0.8877999782562256,
        0.8877995610237122,
        0.8877992630004883,
        0.8877990245819092,
        0.8877986073493958,
        0.887798547744751,
        0.8877982497215271,
        0.8877981305122375,
        0.8877978920936584,
        0.8877977132797241,
        0.8877976536750793,
