{
    "normalized_frobenius_error": 0.9183882474899292,
    "masked_rmse": 0.19288425147533417,
    "mean_nonzero_value": 1.5507972240447998,
    "relative_rmse": 0.12437748163938522,
    "explained_variance": 0.15656304359436035,
    "computation_time": 0.6893041133880615,
    "all_factors_non_negative": true,
    "factor_sparsity": [
        "22.61%",
        "23.19%",
        "0.00%"
    ],
    "device": "cpu",
    "best_initialization": "random",
    "errors_history": [
        0.9653528332710266,
        0.961749792098999,
        0.9612149596214294,
        0.9606751799583435,
        0.9599007964134216,
        0.9587876200675964,
        0.9572991728782654,
        0.9555610418319702,
        0.9538601636886597,
        0.9524220824241638,
        0.9512752294540405,
        0.9503247141838074,
        0.9494591355323792,
        0.9485911130905151,
        0.9476550221443176,
        0.9465938806533813,
        0.9453624486923218,
        0.9439539313316345,
        0.9424145221710205,
        0.940821647644043,
        0.9392573833465576,
        0.9377983808517456,
        0.9364829063415527,
        0.9353071451187134,
        0.9342571496963501,
        0.9333321452140808,
        0.9325324892997742,
        0.9318503141403198,
        0.9312706589698792,
        0.930774986743927,
        0.9303469657897949,
        0.9299728274345398,
        0.9296374320983887,
        0.9293331503868103,
        0.9290518760681152,
        0.9287980794906616,
        0.9285733699798584,
        0.9283744692802429,
        0.9281939268112183,
        0.9280315041542053,
        0.9278844594955444,
        0.9277479648590088,
        0.9276195764541626,
        0.9274929165840149,
        0.9273619055747986,
        0.9272194504737854,
        0.9270519018173218,
        0.9268594980239868,
        0.9266631007194519,
        0.9264793992042542,
        0.9263060688972473,
        0.926141083240509,
        0.92598557472229,
        0.9258365631103516,
        0.9256934523582458,
        0.9255514740943909,
        0.9254084229469299,
        0.9252618551254272,
        0.9251082539558411,
        0.9249449372291565,
        0.9247698187828064,
        0.9245806336402893,
        0.9243759512901306,
        0.9241561889648438,
        0.9239212870597839,
        0.923671305179596,
        0.9234102964401245,
        0.9231433868408203,
        0.922876238822937,
        0.922608494758606,
        0.922336757183075,
        0.9220542311668396,
        0.9217761158943176,
        0.9215224981307983,
        0.9212830662727356,
        0.9210134744644165,
        0.9206705093383789,
        0.9203891158103943,
        0.9201975464820862,
        0.9200521111488342,
        0.919924795627594,
        0.9197829961776733,
        0.9196534156799316,
        0.919544517993927,
        0.9194410443305969,
        0.9193587899208069,
        0.9193016290664673,
        0.919252336025238,
        0.9191999435424805,
        0.9191533327102661,
        0.9191141724586487,
        0.9190772175788879,
        0.9190467000007629,
        0.9190219640731812,
        0.919001042842865,
        0.918981671333313,
        0.9189592003822327,
        0.918929934501648,
        0.9188928008079529,
        0.9188505411148071,
        0.9188143610954285,
        0.9187861084938049,
        0.9187653660774231,
        0.9187484979629517,
        0.9187322854995728,
        0.9187178015708923,
        0.9187028408050537,
        0.9186878204345703,
        0.9186719655990601,
        0.9186556935310364,
        0.9186381101608276,
        0.9186198711395264,
        0.918601930141449,
        0.9185846447944641,
        0.9185685515403748,
        0.9185548424720764,
        0.9185424447059631,
        0.9185320734977722,
        0.9185231328010559,
        0.9185152649879456,
        0.9185081124305725,
        0.9185017347335815,
        0.9184961915016174,
        0.9184911251068115,
        0.9184864163398743,
        0.9184821248054504,
        0.9184781312942505,
        0.9184744954109192,
        0.9184710383415222,
        0.9184673428535461,
        0.9184646010398865,
        0.9184617400169373,
        0.9184585809707642,
        0.9184557199478149,
        0.9184527397155762,
        0.9184503555297852,
        0.9184478521347046,
        0.9184457659721375,
        0.9184433221817017,
        0.918441116809845,
        0.9184386134147644,
        0.9184362888336182,
        0.9184337854385376,
        0.9184315204620361,
        0.9184290766716003,
        0.9184266328811646,
        0.9184247255325317,
        0.9184226989746094,
        0.918420672416687,
        0.9184185266494751,
        0.9184169173240662,
        0.9184151291847229,
        0.9184138178825378,
        0.918411910533905,
        0.9184109568595886,
        0.9184088110923767,
        0.9184075593948364,
        0.9184064269065857,
        0.9184050559997559,
        0.9184038043022156,
        0.9184030890464783,
        0.9184021949768066,
        0.9184013605117798,
        0.9184008836746216,
        0.9183999300003052,
        0.9183990359306335,
        0.9183982014656067,
        0.9183976650238037,
        0.918397068977356,
        0.9183965921401978,
        0.9183962345123291,
        0.918395459651947,
        0.9183948636054993,
        0.9183945059776306,
        0.9183937907218933,
        0.9183931350708008,
        0.9183923602104187,
        0.91839200258255,
        0.9183913469314575,
        0.9183911681175232,
        0.9183907508850098,
        0.9183902144432068,
        0.9183900356292725,
        0.9183898568153381,
        0.9183896780014038,
        0.9183894991874695,
        0.9183893799781799,
        0.9183892011642456,
        0.9183889627456665,
        0.9183887243270874,
        0.9183884263038635,
        0.9183882474899292,
        0.9183882474899292
    ],
    "ranks": {
        "origin": 5,
        "destination": 5,
        "time": 2
    }
}