{
    "normalized_frobenius_error": 0.8652633428573608,
    "masked_rmse": 0.22567401826381683,
    "mean_nonzero_value": 1.345635175704956,
    "relative_rmse": 0.16770817339420319,
    "explained_variance": 0.25131940841674805,
    "computation_time": 2.276149034500122,
    "all_factors_non_negative": true,
    "factor_sparsity": [
        "26.67%",
        "23.11%",
        "10.83%"
    ],
    "device": "mps",
    "best_initialization": "random",
    "errors_history": [
        0.9416021108627319,
        0.9283738732337952,
        0.9129157066345215,
        0.8989676237106323,
        0.8904205560684204,
        0.8846549987792969,
        0.8807284235954285,
        0.8780336976051331,
        0.876249372959137,
        0.8751391768455505,
        0.8744032382965088,
        0.8738405108451843,
        0.8733486533164978,
        0.8728613257408142,
        0.8723273873329163,
        0.8717212080955505,
        0.8710436820983887,
        0.870313286781311,
        0.8695659637451172,
        0.8688375353813171,
        0.8682120442390442,
        0.8676891326904297,
        0.867238461971283,
        0.8668686747550964,
        0.866588830947876,
        0.866379976272583,
        0.8662220239639282,
        0.8661022186279297,
        0.8660120964050293,
        0.8659448027610779,
        0.8658934831619263,
        0.865852415561676,
        0.8658195734024048,
        0.8657921552658081,
        0.8657680153846741,
        0.8657459020614624,
        0.8657248020172119,
        0.8657042384147644,
        0.8656837344169617,
        0.8656630516052246,
        0.8656420111656189,
        0.8656207323074341,
        0.8655992150306702,
        0.8655776977539062,
        0.8655564188957214,
        0.8655353784561157,
        0.865515410900116,
        0.8654976487159729,
        0.8654826879501343,
        0.8654704689979553,
        0.8654595613479614,
        0.8654499650001526,
        0.8654411435127258,
        0.8654329180717468,
        0.8654251098632812,
        0.8654178380966187,
        0.8654109835624695,
        0.865404486656189,
        0.865398645401001,
        0.8653932809829712,
        0.8653883934020996,
        0.8653841018676758,
        0.8653801679611206,
        0.8653767108917236,
        0.8653735518455505,
        0.8653707504272461,
        0.8653681874275208,
        0.865365743637085,
        0.865363597869873,
        0.8653615713119507,
        0.8653597831726074,
        0.8653580546379089,
        0.8653563857078552,
        0.8653547763824463,
        0.8653532862663269,
        0.8653518557548523,
        0.8653505444526672,
        0.8653491735458374,
        0.8653479814529419,
        0.8653467893600464,
        0.8653457164764404,
        0.8653445243835449,
        0.865343451499939,
        0.865342378616333,
        0.8653414249420166,
        0.8653403520584106,
        0.8653392791748047,
        0.8653382658958435,
        0.8653371334075928,
        0.8653358817100525,
        0.865334689617157,
        0.8653333783149719,
        0.8653321862220764,
        0.8653309345245361,
        0.8653298616409302,
        0.8653289675712585,
        0.8653281927108765,
        0.8653274774551392,
        0.8653269410133362,
        0.8653263449668884,
        0.8653258681297302,
        0.865325391292572,
        0.8653249740600586,
        0.8653245568275452,
        0.865324079990387,
        0.8653237819671631,
        0.8653233647346497,
        0.8653229475021362,
        0.8653225302696228,
        0.8653221130371094,
        0.8653216361999512,
        0.8653212189674377,
        0.8653206825256348,
        0.8653202652931213,
        0.8653196692466736,
        0.8653191924095154,
        0.8653185367584229,
        0.8653178215026855,
        0.8653171062469482,
        0.8653163313865662,
        0.8653154373168945,
        0.8653145432472229,
        0.8653135299682617,
        0.8653124570846558,
        0.8653113842010498,
        0.8653101921081543,
        0.865308940410614,
        0.8653078079223633,
        0.8653064966201782,
        0.8653053045272827,
        0.8653041124343872,
        0.8653029203414917,
        0.865301787853241,
        0.865300714969635,
        0.865299642086029,
        0.8652987480163574,
        0.8652978539466858,
        0.8652970790863037,
        0.8652963638305664,
        0.8652957081794739,
        0.8652951121330261,
        0.8652945160865784,
        0.8652939200401306,
        0.8652933835983276,
        0.8652929067611694,
        0.865292489528656,
        0.8652920126914978,
        0.8652915954589844,
        0.865291178226471,
        0.8652908205986023,
        0.8652902245521545,
        0.8652898669242859,
        0.8652893900871277,
        0.8652889132499695,
        0.8652884364128113,
        0.8652878999710083,
        0.8652872443199158,
        0.865286648273468,
        0.8652860522270203,
        0.8652852177619934,
        0.8652845025062561,
        0.8652836680412292,
        0.8652827143669128,
        0.8652818202972412,
        0.8652807474136353,
        0.8652795553207397,
        0.8652783632278442,
        0.865277111530304,
        0.8652757406234741,
        0.8652742505073547,
        0.8652728199958801,
        0.8652713298797607,
        0.8652701377868652,
        0.8652690649032593,
        0.8652681708335876,
        0.8652673363685608,
        0.865266740322113,
        0.8652662038803101,
        0.8652658462524414,
        0.8652654886245728,
        0.8652652502059937,
        0.865264892578125,
        0.8652647137641907,
        0.8652645349502563,
        0.8652642369270325,
        0.8652641773223877,
        0.8652640581130981,
        0.8652639389038086,
        0.8652637600898743,
        0.8652636408805847,
        0.8652635216712952,
        0.8652634620666504,
        0.8652633428573608,
        0.8652633428573608
    ],
    "l1_regularization": 0.0,
    "l2_regularization": 0.0,
    "random_state": 479222,
    "c1_unique_zones": 3,
    "c2_unique_od_pairs": 0,
    "c1_c2_approach": "percentage",
    "c1_c2_percentage": 0.2
}