{
    "normalized_frobenius_error": 0.9178388714790344,
    "masked_rmse": 0.12041990458965302,
    "mean_nonzero_value": 1.3623639345169067,
    "relative_rmse": 0.08839040994644165,
    "explained_variance": 0.15757179260253906,
    "computation_time": 0.48354411125183105,
    "all_factors_non_negative": true,
    "factor_sparsity": [
        "16.13%",
        "12.90%",
        "11.46%"
    ],
    "device": "cpu",
    "best_initialization": "svd",
    "errors_history": [
        0.9689566493034363,
        0.9600235819816589,
        0.9540591239929199,
        0.950427234172821,
        0.946979820728302,
        0.9417701959609985,
        0.9372178912162781,
        0.9346235394477844,
        0.9325996041297913,
        0.930499255657196,
        0.9284188151359558,
        0.9266364574432373,
        0.9253439903259277,
        0.9244187474250793,
        0.9237216114997864,
        0.9232909083366394,
        0.9230441451072693,
        0.9228852391242981,
        0.9227688908576965,
        0.9226747155189514,
        0.9225912690162659,
        0.9225144982337952,
        0.9224399328231812,
        0.9223641157150269,
        0.922278881072998,
        0.9221783876419067,
        0.9220728874206543,
        0.9219807982444763,
        0.9219080209732056,
        0.9218479990959167,
        0.9217966198921204,
        0.9217513203620911,
        0.9217111468315125,
        0.9216753244400024,
        0.9216435551643372,
        0.9216153025627136,
        0.921589732170105,
        0.9215668439865112,
        0.9215463995933533,
        0.921528697013855,
        0.9215126037597656,
        0.9214993715286255,
        0.9214875102043152,
        0.9214770793914795,
        0.9214670062065125,
        0.9214572906494141,
        0.9214486479759216,
        0.9214415550231934,
        0.9214352369308472,
        0.9214287400245667,
        0.9214217662811279,
        0.9214128255844116,
        0.9213969707489014,
        0.9213608503341675,
        0.9212812185287476,
        0.9211270809173584,
        0.920904815196991,
        0.9206687808036804,
        0.920470118522644,
        0.9203251004219055,
        0.9202259182929993,
        0.9201570153236389,
        0.9201053977012634,
        0.9200594425201416,
        0.9200196266174316,
        0.9199848771095276,
        0.9199517369270325,
        0.9199175238609314,
        0.919878363609314,
        0.9198288321495056,
        0.9197648167610168,
        0.9196889996528625,
        0.9196156859397888,
        0.9195469617843628,
        0.9194818139076233,
        0.9194239974021912,
        0.9193734526634216,
        0.9193301200866699,
        0.9192925691604614,
        0.9192614555358887,
        0.9192351698875427,
        0.9192124605178833,
        0.9191936254501343,
        0.9191777110099792,
        0.9191640019416809,
        0.9191526174545288,
        0.9191430807113647,
        0.9191347360610962,
        0.9191271662712097,
        0.9191208481788635,
        0.9191149473190308,
        0.9191094636917114,
        0.9191049337387085,
        0.9191007614135742,
        0.9190974831581116,
        0.9190943241119385,
        0.9190913438796997,
        0.9190886616706848,
        0.9190853238105774,
        0.9190816283226013,
        0.9190765619277954,
        0.9190708994865417,
        0.9190645813941956,
        0.9190587401390076,
        0.919053852558136,
        0.9190499186515808,
        0.9190471172332764,
        0.9190452098846436,
        0.9190436005592346,
        0.9190422892570496,
        0.9190412759780884,
        0.9190402626991272,
        0.9190388917922974,
        0.9190372824668884,
        0.9190353751182556,
        0.9190323948860168,
        0.9190284609794617,
        0.9190227389335632,
        0.9190149903297424,
        0.9190061688423157,
        0.9189980626106262,
        0.9189914464950562,
        0.9189866185188293,
        0.9189833998680115,
        0.9189811944961548,
        0.9189791083335876,
        0.9189774394035339,
        0.9189754724502563,
        0.9189728498458862,
        0.9189687371253967,
        0.9189612865447998,
        0.9189489483833313,
        0.9189276695251465,
        0.918893039226532,
        0.9188418984413147,
        0.9187763333320618,
        0.9187061786651611,
        0.918643057346344,
        0.918592631816864,
        0.9185550212860107,
        0.9185269474983215,
        0.9185059070587158,
        0.9184901118278503,
        0.9184779524803162,
        0.91846764087677,
        0.9184589982032776,
        0.9184514284133911,
        0.9184452891349792,
        0.9184392690658569,
        0.9184340238571167,
        0.9184288382530212,
        0.9184240698814392,
        0.9184190034866333,
        0.9184141755104065,
        0.9184095859527588,
        0.9184046983718872,
        0.9183997511863708,
        0.9183948636054993,
        0.9183894991874695,
        0.9183839559555054,
        0.9183787703514099,
        0.9183728694915771,
        0.9183672666549683,
        0.9183619022369385,
        0.9183566570281982,
        0.9183517098426819,
        0.9183471202850342,
        0.9183428883552551,
        0.9183387756347656,
        0.9183348417282104,
        0.9183313250541687,
        0.9183277487754822,
        0.9183244705200195,
        0.9183211326599121,
        0.9183182120323181,
        0.9183155298233032,
        0.9183129072189331,
        0.9183105230331421,
        0.9183078408241272,
        0.9183059334754944,
        0.9183036088943481,
        0.9183012247085571,
        0.9182994365692139,
        0.9182974100112915,
        0.9182958602905273,
        0.9182940721511841,
        0.9182925224304199,
        0.9182907938957214,
        0.9182894825935364,
        0.9182879328727722,
        0.9182863831520081,
        0.918285071849823,
        0.9182841181755066,
        0.918282687664032,
        0.918281614780426,
        0.918280839920044,
        0.9182797074317932,
        0.9182785749435425,
        0.918277382850647,
        0.9182764291763306,
        0.9182754755020142,
        0.9182745218276978,
        0.9182738661766052,
        0.9182729125022888,
        0.9182717800140381,
        0.9182708859443665,
        0.9182702302932739,
        0.9182696342468262,
        0.9182688593864441,
        0.9182678461074829,
        0.9182669520378113,
        0.9182662963867188,
        0.9182656407356262,
        0.9182650446891785,
        0.9182647466659546,
        0.9182642102241516,
        0.9182637333869934,
        0.9182632565498352,
        0.9182626605033875,
        0.9182620048522949,
        0.9182608127593994,
        0.9182588458061218,
        0.9182555675506592,
        0.9182498455047607,
        0.9182394742965698,
        0.9182227253913879,
        0.9181963205337524,
        0.9181601405143738,
        0.9181176424026489,
        0.9180765748023987,
        0.918042004108429,
        0.9180169105529785,
        0.9179989099502563,
        0.9179862141609192,
        0.9179767370223999,
        0.9179686903953552,
        0.9179610013961792,
        0.9179521203041077,
        0.9179410338401794,
        0.9179272055625916,
        0.9179110527038574,
        0.917894184589386,
        0.9178791642189026,
        0.9178677201271057,
        0.9178597331047058,
        0.9178538918495178,
        0.9178500771522522,
        0.917847216129303,
        0.9178453683853149,
        0.9178440570831299,
        0.9178429245948792,
        0.917841911315918,
        0.9178412556648254,
        0.9178407788276672,
        0.9178404808044434,
        0.9178399443626404,
        0.9178396463394165,
        0.9178392887115479,
        0.9178391695022583,
        0.9178388714790344,
        0.9178388714790344
    ],
    "ranks": {
        "origin": 3,
        "destination": 5,
        "time": 4
    }
}