{
    "normalized_frobenius_error": 0.8564391136169434,
    "masked_rmse": 0.22337253391742706,
    "mean_nonzero_value": 1.345635175704956,
    "relative_rmse": 0.16599784791469574,
    "explained_variance": 0.26651209592819214,
    "computation_time": 1.2804908752441406,
    "all_factors_non_negative": true,
    "factor_sparsity": [
        "24.00%",
        "22.67%",
        "13.33%"
    ],
    "device": "mps",
    "best_initialization": "random",
    "errors_history": [
        0.9421969056129456,
        0.9312019944190979,
        0.913463294506073,
        0.8933842182159424,
        0.8808125853538513,
        0.8750821948051453,
        0.8723549246788025,
        0.8708969950675964,
        0.869900643825531,
        0.8691341876983643,
        0.8685085773468018,
        0.8679777383804321,
        0.8675140142440796,
        0.867096483707428,
        0.8667078614234924,
        0.8663331866264343,
        0.8659594655036926,
        0.8655757308006287,
        0.8651739358901978,
        0.864749550819397,
        0.8643007874488831,
        0.8638283610343933,
        0.8633368611335754,
        0.8628387451171875,
        0.8623502254486084,
        0.8618800044059753,
        0.861426055431366,
        0.8609853982925415,
        0.8605515956878662,
        0.8601223826408386,
        0.8597012758255005,
        0.8592961430549622,
        0.8589277863502502,
        0.8586215376853943,
        0.8583817481994629,
        0.8581950664520264,
        0.8580453395843506,
        0.857920229434967,
        0.8578100204467773,
        0.8577110767364502,
        0.8576249480247498,
        0.8575528860092163,
        0.8574928045272827,
        0.8574429750442505,
        0.8574022054672241,
        0.8573694825172424,
        0.8573433756828308,
        0.8573225140571594,
        0.8573055267333984,
        0.857291579246521,
        0.8572792410850525,
        0.8572676777839661,
        0.8572561144828796,
        0.8572435975074768,
        0.8572287559509277,
        0.8572104573249817,
        0.8571871519088745,
        0.857157289981842,
        0.8571199178695679,
        0.857074499130249,
        0.8570223450660706,
        0.8569661378860474,
        0.8569100499153137,
        0.8568581342697144,
        0.8568128943443298,
        0.8567744493484497,
        0.8567418456077576,
        0.8567128777503967,
        0.8566861152648926,
        0.8566603660583496,
        0.8566350936889648,
        0.8566106557846069,
        0.8565877676010132,
        0.856566846370697,
        0.8565488457679749,
        0.8565337657928467,
        0.8565218448638916,
        0.856512725353241,
        0.8565057516098022,
        0.8565003871917725,
        0.8564962148666382,
        0.8564927577972412,
        0.8564898371696472,
        0.8564874529838562,
        0.8564853668212891,
        0.8564836978912354,
        0.8564820885658264,
        0.8564806580543518,
        0.8564793467521667,
        0.856478214263916,
        0.8564771413803101,
        0.8564759492874146,
        0.8564749360084534,
        0.8564738631248474,
        0.8564726710319519,
        0.856471598148346,
        0.8564704060554504,
        0.8564691543579102,
        0.8564676642417908,
        0.8564661741256714,
        0.8564646244049072,
        0.8564629554748535,
        0.856461226940155,
        0.8564594984054565,
        0.8564579486846924,
        0.8564565181732178,
        0.8564552068710327,
        0.8564540147781372,
        0.8564528822898865,
        0.8564519882202148,
        0.856451153755188,
        0.8564503192901611,
        0.856449544429779,
        0.8564488291740417,
        0.8564481735229492,
        0.8564473986625671,
        0.8564465045928955,
        0.8564456701278687,
        0.856444776058197,
        0.8564438819885254,
        0.8564430475234985,
        0.856442391872406,
        0.8564417958259583,
        0.8564413189888,
        0.8564409613609314,
        0.8564407229423523,
        0.856440544128418,
        0.8564403653144836,
        0.8564401268959045,
        0.8564400672912598,
        0.8564399480819702,
        0.8564398288726807,
        0.8564397096633911,
        0.8564395904541016,
        0.8564395308494568,
        0.856439471244812,
        0.8564394116401672,
        0.8564393520355225,
        0.8564392924308777,
        0.8564392328262329,
        0.8564391136169434,
        0.8564391136169434
    ],
    "l1_regularization": 0.0,
    "l2_regularization": 0.0,
    "random_state": 84567,
    "c1_unique_zones": 2,
    "c2_unique_od_pairs": 0,
    "c1_c2_approach": "percentage",
    "c1_c2_percentage": 0.2
}