{
    "normalized_frobenius_error": 0.8952483534812927,
    "masked_rmse": 0.12165527045726776,
    "mean_nonzero_value": 1.1494661569595337,
    "relative_rmse": 0.10583632439374924,
    "explained_variance": 0.198530375957489,
    "computation_time": 0.29357290267944336,
    "all_factors_non_negative": true,
    "factor_sparsity": [
        "19.70%",
        "21.59%",
        "6.94%"
    ],
    "device": "cpu",
    "best_initialization": "random",
    "errors_history": [
        0.964138388633728,
        0.9605087041854858,
        0.9601614475250244,
        0.9598878026008606,
        0.9595544338226318,
        0.9590925574302673,
        0.9583941102027893,
        0.9572387933731079,
        0.9551612138748169,
        0.9513064026832581,
        0.945005476474762,
        0.9377950429916382,
        0.9320425987243652,
        0.9276583194732666,
        0.9240971207618713,
        0.9210448265075684,
        0.9182128310203552,
        0.9151925444602966,
        0.9115925431251526,
        0.9079174399375916,
        0.9046679139137268,
        0.9022656083106995,
        0.9007633328437805,
        0.8997877240180969,
        0.8990585207939148,
        0.8984279632568359,
        0.8978451490402222,
        0.8973351120948792,
        0.896952211856842,
        0.8966887593269348,
        0.8964995741844177,
        0.8963472247123718,
        0.8962214589118958,
        0.896125853061676,
        0.896052896976471,
        0.8959946036338806,
        0.8959469199180603,
        0.895906388759613,
        0.8958703279495239,
        0.8958373069763184,
        0.8958065509796143,
        0.8957763314247131,
        0.8957473039627075,
        0.8957177996635437,
        0.8956887722015381,
        0.8956599235534668,
        0.8956316113471985,
        0.8956049084663391,
        0.8955793380737305,
        0.8955548405647278,
        0.8955323696136475,
        0.8955121636390686,
        0.8954938054084778,
        0.8954777717590332,
        0.8954628109931946,
        0.8954498171806335,
        0.8954379558563232,
        0.8954274654388428,
        0.8954181671142578,
        0.8954094052314758,
        0.8954015374183655,
        0.8953941464424133,
        0.8953869342803955,
        0.8953797817230225,
        0.8953732848167419,
        0.8953673243522644,
        0.8953614234924316,
        0.8953563570976257,
        0.8953515887260437,
        0.8953476548194885,
        0.8953446745872498,
        0.8953415155410767,
        0.8953388333320618,
        0.8953366875648499,
        0.8953346014022827,
        0.8953325152397156,
        0.8953311443328857,
        0.8953297734260559,
        0.8953283429145813,
        0.895327091217041,
        0.8953258991241455,
        0.8953247666358948,
        0.8953239321708679,
        0.8953227400779724,
        0.895321786403656,
        0.8953209519386292,
        0.8953198194503784,
        0.8953189849853516,
        0.8953181505203247,
        0.8953171968460083,
        0.8953163623809814,
        0.8953158259391785,
        0.8953151106834412,
        0.8953143358230591,
        0.8953139185905457,
        0.8953132033348083,
        0.8953126668930054,
        0.8953120708465576,
        0.8953114748001099,
        0.8953111171722412,
        0.8953105211257935,
        0.8953099846839905,
        0.8953096270561218,
        0.8953089118003845,
        0.8953083753585815,
        0.8953079581260681,
        0.8953074812889099,
        0.8953070640563965,
        0.8953067660331726,
        0.8953061103820801,
        0.8953057527542114,
        0.8953049778938293,
        0.8953046798706055,
        0.8953041434288025,
        0.8953036069869995,
        0.8953033685684204,
        0.8953028321266174,
        0.8953023552894592,
        0.895301878452301,
        0.8953014612197876,
        0.8953009843826294,
        0.8953005075454712,
        0.8953001499176025,
        0.8952997922897339,
        0.8952991962432861,
        0.8952988386154175,
        0.895298421382904,
        0.8952980637550354,
        0.8952974081039429,
        0.8952970504760742,
        0.895296573638916,
        0.895296037197113,
        0.8952957987785339,
        0.8952953815460205,
        0.8952950239181519,
        0.8952944874763489,
        0.8952942490577698,
        0.8952937722206116,
        0.8952933549880981,
        0.8952930569648743,
        0.8952925205230713,
        0.8952922821044922,
        0.8952916860580444,
        0.8952911496162415,
        0.8952907919883728,
        0.8952903747558594,
        0.895289957523346,
        0.8952895998954773,
        0.895289421081543,
        0.8952887654304504,
        0.8952882885932922,
        0.8952879905700684,
        0.8952874541282654,
        0.8952872157096863,
        0.8952868580818176,
        0.8952865600585938,
        0.8952861428260803,
        0.8952857851982117,
        0.8952851295471191,
        0.8952845931053162,
        0.8952840566635132,
        0.8952835202217102,
        0.8952829241752625,
        0.8952823877334595,
        0.8952816128730774,
        0.8952808380126953,
        0.8952800631523132,
        0.8952792882919312,
        0.8952783942222595,
        0.8952777981758118,
        0.8952775001525879,
        0.8952767848968506,
        0.8952760696411133,
        0.8952755928039551,
        0.8952750563621521,
        0.8952744603157043,
        0.8952739834785461,
        0.8952733278274536,
        0.8952726721763611,
        0.8952721357345581,
        0.8952716588973999,
        0.8952710032463074,
        0.8952702879905701,
        0.8952695727348328,
        0.8952687978744507,
        0.8952680826187134,
        0.8952673077583313,
        0.8952667713165283,
        0.8952661752700806,
        0.8952653408050537,
        0.895264744758606,
        0.895264208316803,
        0.8952634334564209,
        0.8952630758285522,
        0.895262598991394,
        0.8952620625495911,
        0.8952615261077881,
        0.8952611088752747,
        0.8952604532241821,
        0.8952600955963135,
        0.8952597379684448,
        0.895259439945221,
        0.8952590823173523,
        0.8952585458755493,
        0.8952580690383911,
        0.8952578902244568,
        0.8952573537826538,
        0.8952571153640747,
        0.8952568173408508,
        0.8952561616897583,
        0.8952560424804688,
        0.8952555656433105,
        0.8952549695968628,
        0.895254909992218,
        0.895254373550415,
        0.8952542543411255,
        0.8952538371086121,
        0.8952534794807434,
        0.8952534198760986,
        0.89525306224823,
        0.8952527642250061,
        0.8952524065971375,
        0.8952521085739136,
        0.8952519297599792,
        0.8952516913414001,
        0.8952513337135315,
        0.8952510356903076,
        0.895250678062439,
        0.8952506184577942,
        0.8952504992485046,
        0.8952500820159912,
        0.8952497839927673,
        0.8952494859695435,
        0.8952491879463196,
        0.89524906873703,
        0.8952488303184509,
        0.8952487707138062,
        0.8952483534812927,
        0.8952483534812927
    ],
    "ranks": {
        "origin": 3,
        "destination": 6,
        "time": 3
    }
}