{
    "normalized_frobenius_error": 0.9187012910842896,
    "masked_rmse": 0.12053196877241135,
    "mean_nonzero_value": 1.3623639345169067,
    "relative_rmse": 0.08847266435623169,
    "explained_variance": 0.15598797798156738,
    "computation_time": 0.5844650268554688,
    "all_factors_non_negative": true,
    "factor_sparsity": [
        "47.42%",
        "42.58%",
        "24.17%"
    ],
    "device": "mps",
    "best_initialization": "random",
    "errors_history": [
        0.9746188521385193,
        0.9578226208686829,
        0.9432874321937561,
        0.935300350189209,
        0.9308639168739319,
        0.9276202917098999,
        0.9253852367401123,
        0.9239228367805481,
        0.9228572845458984,
        0.9220260977745056,
        0.9213237166404724,
        0.9206648468971252,
        0.9201337695121765,
        0.9197732210159302,
        0.9195231795310974,
        0.9193362593650818,
        0.9191876649856567,
        0.9190740585327148,
        0.9189889430999756,
        0.9189295172691345,
        0.9188882112503052,
        0.918857991695404,
        0.9188354015350342,
        0.9188178777694702,
        0.9188039302825928,
        0.9187923073768616,
        0.9187829494476318,
        0.9187749028205872,
        0.9187667369842529,
        0.91875821352005,
        0.918752908706665,
        0.9187491536140442,
        0.9187453389167786,
        0.9187389016151428,
        0.9187344312667847,
        0.9187301993370056,
        0.9187248349189758,
        0.9187183380126953,
        0.9187147617340088,
        0.9187130331993103,
        0.9187117218971252,
        0.9187105894088745,
        0.9187096953392029,
        0.918708860874176,
        0.9187082648277283,
        0.9187079071998596,
        0.9187076091766357,
        0.9187071919441223,
        0.9187069535255432,
        0.9187067151069641,
        0.9187065362930298,
        0.9187062382698059,
        0.9187058806419373,
        0.9187055230140686,
        0.9187051057815552,
        0.9187047481536865,
        0.9187042713165283,
        0.9187038540840149,
        0.9187033772468567,
        0.9187029004096985,
        0.9187026023864746,
        0.918702244758606,
        0.9187020659446716,
        0.9187018275260925,
        0.9187016487121582,
        0.9187015891075134,
        0.9187014698982239,
        0.9187012910842896,
        0.9187012910842896
    ],
    "l1_regularization": 0.0,
    "l2_regularization": 0.0,
    "random_state": 434883,
    "c1_unique_zones": 2,
    "c2_unique_od_pairs": 1,
    "c1_c2_approach": "percentage",
    "c1_c2_percentage": 0.2
}