{
    "normalized_frobenius_error": 0.8778271079063416,
    "masked_rmse": 0.1959579885005951,
    "mean_nonzero_value": 1.5989879369735718,
    "relative_rmse": 0.12255126237869263,
    "explained_variance": 0.22941964864730835,
    "computation_time": 1.0919129848480225,
    "all_factors_non_negative": true,
    "factor_sparsity": [
        "27.29%",
        "30.68%",
        "15.97%"
    ],
    "device": "mps",
    "best_initialization": "random",
    "errors_history": [
        0.9546712040901184,
        0.9382702112197876,
        0.922130823135376,
        0.9105515480041504,
        0.9027866721153259,
        0.8974313735961914,
        0.8936217427253723,
        0.8909491896629333,
        0.8890874981880188,
        0.8877130746841431,
        0.8866028189659119,
        0.8856025338172913,
        0.8846094608306885,
        0.883617103099823,
        0.8826403021812439,
        0.881726086139679,
        0.8809506893157959,
        0.8803390264511108,
        0.8798702955245972,
        0.8795007467269897,
        0.8792004585266113,
        0.8789570927619934,
        0.8787620663642883,
        0.8786044120788574,
        0.8784773349761963,
        0.8783756494522095,
        0.8782942295074463,
        0.8782278299331665,
        0.8781766295433044,
        0.8781365156173706,
        0.878104031085968,
        0.8780777454376221,
        0.8780558109283447,
        0.8780373930931091,
        0.8780216574668884,
        0.8780081868171692,
        0.8779963850975037,
        0.877985954284668,
        0.8779765367507935,
        0.8779678344726562,
        0.8779600858688354,
        0.8779531717300415,
        0.8779471516609192,
        0.877941370010376,
        0.8779358863830566,
        0.8779305219650269,
        0.8779252171516418,
        0.8779200315475464,
        0.8779152035713196,
        0.8779107332229614,
        0.8779065608978271,
        0.8779029250144958,
        0.8778995275497437,
        0.8778963685035706,
        0.8778932690620422,
        0.8778902888298035,
        0.877887487411499,
        0.8778847455978394,
        0.8778822422027588,
        0.877879798412323,
        0.8778774738311768,
        0.8778752684593201,
        0.8778731226921082,
        0.8778710961341858,
        0.8778693079948425,
        0.8778674602508545,
        0.877865731716156,
        0.8778641223907471,
        0.8778626322746277,
        0.8778612017631531,
        0.8778597712516785,
        0.8778584599494934,
        0.8778571486473083,
        0.8778559565544128,
        0.8778546452522278,
        0.877853512763977,
        0.8778523802757263,
        0.8778513073921204,
        0.8778501749038696,
        0.8778490424156189,
        0.8778480291366577,
        0.8778468370437622,
        0.8778457045555115,
        0.877844512462616,
        0.8778429627418518,
        0.8778416514396667,
        0.8778401613235474,
        0.8778388500213623,
        0.8778377175331116,
        0.8778366446495056,
        0.8778359293937683,
        0.8778350949287415,
        0.8778343796730042,
        0.8778337836265564,
        0.8778333067893982,
        0.8778327703475952,
        0.877832293510437,
        0.877831757068634,
        0.8778313398361206,
        0.877830982208252,
        0.8778306841850281,
        0.8778303265571594,
        0.8778300285339355,
        0.8778297305107117,
        0.8778295516967773,
        0.8778293132781982,
        0.8778290152549744,
        0.87782883644104,
        0.8778286576271057,
        0.8778285384178162,
        0.8778283596038818,
        0.8778281211853027,
        0.8778280019760132,
        0.8778279423713684,
        0.8778278231620789,
        0.8778277039527893,
        0.8778276443481445,
        0.877827525138855,
        0.8778274059295654,
        0.8778273463249207,
        0.8778272271156311,
        0.8778271079063416,
        0.8778271079063416
    ],
    "l1_regularization": 0.0,
    "l2_regularization": 0.0,
    "random_state": 369700,
    "c1_unique_zones": 2,
    "c2_unique_od_pairs": 0,
    "c1_c2_approach": "percentage",
    "c1_c2_percentage": 0.2
}