{
    "normalized_frobenius_error": 0.9054133892059326,
    "masked_rmse": 0.11878861486911774,
    "mean_nonzero_value": 1.3623639345169067,
    "relative_rmse": 0.08719301223754883,
    "explained_variance": 0.1802266240119934,
    "computation_time": 0.9460952281951904,
    "all_factors_non_negative": true,
    "factor_sparsity": [
        "34.68%",
        "29.30%",
        "18.75%"
    ],
    "device": "mps",
    "best_initialization": "random",
    "errors_history": [
        0.9755519032478333,
        0.9605511426925659,
        0.9429376721382141,
        0.9285260438919067,
        0.9172403812408447,
        0.9102923274040222,
        0.9077932834625244,
        0.9067593216896057,
        0.9062212705612183,
        0.9059087634086609,
        0.9057343602180481,
        0.9056365489959717,
        0.9055746793746948,
        0.9055302143096924,
        0.9055032134056091,
        0.9054855704307556,
        0.9054729342460632,
        0.9054636359214783,
        0.9054563641548157,
        0.9054507613182068,
        0.9054462313652039,
        0.9054425954818726,
        0.9054394364356995,
        0.9054366946220398,
        0.9054340124130249,
        0.9054318070411682,
        0.9054299592971802,
        0.905428409576416,
        0.905427098274231,
        0.905426025390625,
        0.9054250717163086,
        0.9054242372512817,
        0.9054234623908997,
        0.9054228067398071,
        0.9054220914840698,
        0.9054214358329773,
        0.9054209589958191,
        0.9054204225540161,
        0.9054198861122131,
        0.9054193496704102,
        0.905418872833252,
        0.9054184556007385,
        0.9054180979728699,
        0.9054177403450012,
        0.9054173231124878,
        0.9054170250892639,
        0.90541672706604,
        0.9054164886474609,
        0.9054161906242371,
        0.9054158926010132,
        0.9054157137870789,
        0.9054155349731445,
        0.9054152965545654,
        0.9054151177406311,
        0.9054149389266968,
        0.9054147601127625,
        0.9054146409034729,
        0.9054144620895386,
        0.905414342880249,
        0.9054142832756042,
        0.9054141044616699,
        0.9054139852523804,
        0.905413806438446,
        0.9054136872291565,
        0.9054135680198669,
        0.9054135084152222,
        0.9054133892059326,
        0.9054133892059326
    ],
    "l1_regularization": 0.0,
    "l2_regularization": 0.0,
    "random_state": 995786,
    "c1_unique_zones": 2,
    "c2_unique_od_pairs": 0,
    "c1_c2_approach": "percentage",
    "c1_c2_percentage": 0.2
}