{
    "normalized_frobenius_error": 0.9050014019012451,
    "masked_rmse": 0.11873456090688705,
    "mean_nonzero_value": 1.3623639345169067,
    "relative_rmse": 0.08715333789587021,
    "explained_variance": 0.18097251653671265,
    "computation_time": 0.3330721855163574,
    "all_factors_non_negative": true,
    "factor_sparsity": [
        "28.49%",
        "28.76%",
        "15.97%"
    ],
    "device": "mps",
    "best_initialization": "random",
    "errors_history": [
        0.9748923182487488,
        0.9609174728393555,
        0.9422466158866882,
        0.9253939390182495,
        0.9141793251037598,
        0.9084881544113159,
        0.906417191028595,
        0.9057613015174866,
        0.9054974317550659,
        0.9053542613983154,
        0.9052636623382568,
        0.9052048325538635,
        0.9051628708839417,
        0.90513014793396,
        0.9051038026809692,
        0.9050831198692322,
        0.9050672650337219,
        0.9050548076629639,
        0.9050450325012207,
        0.9050372242927551,
        0.9050309062004089,
        0.9050257802009583,
        0.9050216674804688,
        0.9050182700157166,
        0.9050153493881226,
        0.9050129652023315,
        0.9050111770629883,
        0.9050095081329346,
        0.9050081968307495,
        0.9050072431564331,
        0.9050062894821167,
        0.9050055146217346,
        0.9050048589706421,
        0.9050043821334839,
        0.9050039052963257,
        0.9050034880638123,
        0.9050031900405884,
        0.9050028324127197,
        0.9050025343894958,
        0.905002236366272,
        0.9050020575523376,
        0.9050018787384033,
        0.9050017595291138,
        0.9050015807151794,
        0.9050015211105347,
        0.9050014019012451,
        0.9050014019012451
    ],
    "l1_regularization": 0.0,
    "l2_regularization": 0.0,
    "random_state": 568558,
    "c1_unique_zones": 3,
    "c2_unique_od_pairs": 0,
    "c1_c2_approach": "percentage",
    "c1_c2_percentage": 0.2
}