{
    "normalized_frobenius_error": 0.8652640581130981,
    "masked_rmse": 0.22567419707775116,
    "mean_nonzero_value": 1.345635175704956,
    "relative_rmse": 0.16770830750465393,
    "explained_variance": 0.25131815671920776,
    "computation_time": 0.7914628982543945,
    "all_factors_non_negative": true,
    "factor_sparsity": [
        "21.33%",
        "16.89%",
        "10.00%"
    ],
    "device": "mps",
    "best_initialization": "random",
    "errors_history": [
        0.941728413105011,
        0.9305101037025452,
        0.9171785712242126,
        0.9018827676773071,
        0.8922013640403748,
        0.8868004679679871,
        0.8839081525802612,
        0.8819254636764526,
        0.8800389170646667,
        0.8779061436653137,
        0.8754317760467529,
        0.8728960752487183,
        0.8707618117332458,
        0.8692525029182434,
        0.8682456016540527,
        0.8675532937049866,
        0.8670605421066284,
        0.8666998147964478,
        0.8664305210113525,
        0.8662267327308655,
        0.8660650849342346,
        0.8659205436706543,
        0.8657811880111694,
        0.8656647205352783,
        0.8655868172645569,
        0.8655365109443665,
        0.865500807762146,
        0.8654728531837463,
        0.8654494881629944,
        0.865429162979126,
        0.8654116988182068,
        0.8653964400291443,
        0.8653832674026489,
        0.8653716444969177,
        0.865361750125885,
        0.8653531670570374,
        0.8653455972671509,
        0.8653388619422913,
        0.8653330206871033,
        0.8653280138969421,
        0.8653234243392944,
        0.8653194308280945,
        0.865315854549408,
        0.8653126955032349,
        0.8653097748756409,
        0.8653070330619812,
        0.865304708480835,
        0.8653024435043335,
        0.8653003573417664,
        0.8652982711791992,
        0.865296483039856,
        0.8652945756912231,
        0.8652928471565247,
        0.8652912378311157,
        0.8652896285057068,
        0.8652881979942322,
        0.8652868270874023,
        0.8652854561805725,
        0.8652840852737427,
        0.8652828931808472,
        0.8652818202972412,
        0.8652807474136353,
        0.8652797937393188,
        0.8652788996696472,
        0.8652780652046204,
        0.8652772903442383,
        0.865276575088501,
        0.8652758598327637,
        0.8652753233909607,
        0.8652746677398682,
        0.86527419090271,
        0.865273654460907,
        0.865273118019104,
        0.8652727603912354,
        0.8652722835540771,
        0.8652718663215637,
        0.8652714490890503,
        0.8652711510658264,
        0.865270733833313,
        0.8652704954147339,
        0.8652701377868652,
        0.8652698397636414,
        0.8652695417404175,
        0.8652692437171936,
        0.8652689456939697,
        0.8652687072753906,
        0.8652684688568115,
        0.8652682900428772,
        0.8652679324150085,
        0.8652677536010742,
        0.8652676343917847,
        0.8652673363685608,
        0.8652671575546265,
        0.8652670383453369,
        0.8652668595314026,
        0.8652666211128235,
        0.8652664422988892,
        0.8652663230895996,
        0.8652660846710205,
        0.8652659058570862,
        0.8652657866477966,
        0.8652656078338623,
        0.8652654886245728,
        0.8652653694152832,
        0.8652652502059937,
        0.8652650117874146,
        0.8652649521827698,
        0.8652648329734802,
        0.8652647137641907,
        0.8652646541595459,
        0.8652645349502563,
        0.8652644157409668,
        0.8652642965316772,
        0.8652642369270325,
        0.8652641773223877,
        0.8652640581130981,
        0.8652640581130981
    ],
    "l1_regularization": 0.0,
    "l2_regularization": 0.0,
    "random_state": 981097,
    "c1_unique_zones": 3,
    "c2_unique_od_pairs": 0,
    "c1_c2_approach": "percentage",
    "c1_c2_percentage": 0.2
}