{
  "total_core_entries": 72,
  "total_energy": 160.82659912109375,
  "num_entries_80pct": 5,
  "selected_indices": [
    [
      0,
      1,
      0
    ],
    [
      1,
      0,
      0
    ],
    [
      5,
      0,
      1
    ],
    [
      0,
      4,
      1
    ],
    [
      3,
      2,
      1
    ]
  ],
  "selected_energies": [
    45.39275360107422,
    36.175254821777344,
    18.582372665405273,
    17.19673728942871,
    14.10087776184082
  ]
}