{
    "normalized_frobenius_error": 0.8564397096633911,
    "masked_rmse": 0.223372682929039,
    "mean_nonzero_value": 1.345635175704956,
    "relative_rmse": 0.1659979522228241,
    "explained_variance": 0.26651108264923096,
    "computation_time": 0.8673810958862305,
    "all_factors_non_negative": true,
    "factor_sparsity": [
        "18.22%",
        "16.00%",
        "11.67%"
    ],
    "device": "mps",
    "best_initialization": "random",
    "errors_history": [
        0.9466294646263123,
        0.9388870596885681,
        0.9295530915260315,
        0.9134652018547058,
        0.8967816829681396,
        0.8852492570877075,
        0.8776388764381409,
        0.8716145753860474,
        0.8663284182548523,
        0.862461507320404,
        0.8601200580596924,
        0.8587502837181091,
        0.857965350151062,
        0.8575067520141602,
        0.8572182059288025,
        0.8570228815078735,
        0.8568851947784424,
        0.8567860126495361,
        0.8567123413085938,
        0.8566564321517944,
        0.856614351272583,
        0.8565829396247864,
        0.8565595149993896,
        0.8565417528152466,
        0.8565278649330139,
        0.8565167188644409,
        0.8565075993537903,
        0.8564999103546143,
        0.8564932942390442,
        0.8564876914024353,
        0.8564829230308533,
        0.8564786911010742,
        0.8564750552177429,
        0.856471836566925,
        0.8564691543579102,
        0.8564667105674744,
        0.8564646244049072,
        0.856462836265564,
        0.856461226940155,
        0.8564597964286804,
        0.8564585447311401,
        0.8564574122428894,
        0.8564562797546387,
        0.8564553260803223,
        0.8564544320106506,
        0.8564535975456238,
        0.8564527630805969,
        0.8564521670341492,
        0.8564514517784119,
        0.8564509153366089,
        0.8564502596855164,
        0.8564497232437134,
        0.8564491868019104,
        0.8564487099647522,
        0.856448233127594,
        0.8564477562904358,
        0.8564473390579224,
        0.8564469218254089,
        0.8564464449882507,
        0.8564460277557373,
        0.8564456105232239,
        0.8564452528953552,
        0.8564448356628418,
        0.8564444184303284,
        0.8564440608024597,
        0.8564438223838806,
        0.8564434051513672,
        0.8564429879188538,
        0.8564427495002747,
        0.856442391872406,
        0.8564421534538269,
        0.8564419150352478,
        0.8564416766166687,
        0.8564414381980896,
        0.8564411997795105,
        0.856441080570221,
        0.8564409613609314,
        0.8564406633377075,
        0.856440544128418,
        0.8564404845237732,
        0.8564403057098389,
        0.8564401865005493,
        0.8564400672912598,
        0.8564399480819702,
        0.8564398288726807,
        0.8564397096633911,
        0.8564397096633911
    ],
    "l1_regularization": 0.0,
    "l2_regularization": 0.0,
    "random_state": 598698,
    "c1_unique_zones": 2,
    "c2_unique_od_pairs": 0,
    "c1_c2_approach": "percentage",
    "c1_c2_percentage": 0.2
}