{
    "normalized_frobenius_error": 0.9081803560256958,
    "masked_rmse": 0.12341266125440598,
    "mean_nonzero_value": 1.1494661569595337,
    "relative_rmse": 0.1073651984333992,
    "explained_variance": 0.1752084493637085,
    "computation_time": 0.4421656131744385,
    "all_factors_non_negative": true,
    "factor_sparsity": [
        "23.48%",
        "9.09%",
        "10.42%"
    ],
    "device": "cpu",
    "best_initialization": "svd",
    "errors_history": [
        0.9314563274383545,
        0.9230603575706482,
        0.9191293120384216,
        0.916674017906189,
        0.9148685932159424,
        0.9135053157806396,
        0.9125223159790039,
        0.9118629097938538,
        0.9114190340042114,
        0.9110973477363586,
        0.9108414649963379,
        0.9106206297874451,
        0.9104223251342773,
        0.9102385640144348,
        0.9100688099861145,
        0.9099116921424866,
        0.9097666144371033,
        0.9096341729164124,
        0.909514307975769,
        0.9094074964523315,
        0.9093143343925476,
        0.909233808517456,
        0.9091653227806091,
        0.9091064929962158,
        0.909054160118103,
        0.9090070128440857,
        0.9089639186859131,
        0.9089243412017822,
        0.9088874459266663,
        0.9088536500930786,
        0.9088226556777954,
        0.908794641494751,
        0.908769965171814,
        0.9087485074996948,
        0.9087297916412354,
        0.9087138175964355,
        0.9086997509002686,
        0.9086874127388,
        0.9086763858795166,
        0.9086664915084839,
        0.908657431602478,
        0.9086490869522095,
        0.9086419939994812,
        0.9086349010467529,
        0.9086280465126038,
        0.9086219072341919,
        0.9086156487464905,
        0.9086095690727234,
        0.9086036086082458,
        0.9085974097251892,
        0.9085912108421326,
        0.9085850119590759,
        0.9085786938667297,
        0.9085724353790283,
        0.908565878868103,
        0.9085594415664673,
        0.9085525870323181,
        0.9085458517074585,
        0.9085390567779541,
        0.9085323810577393,
        0.9085257649421692,
        0.9085192084312439,
        0.9085130095481873,
        0.9085068702697754,
        0.908501148223877,
        0.9084954261779785,
        0.9084900617599487,
        0.9084851741790771,
        0.908480167388916,
        0.9084757566452026,
        0.9084715247154236,
        0.9084675908088684,
        0.9084638953208923,
        0.9084607362747192,
        0.9084575176239014,
        0.9084545969963074,
        0.9084517359733582,
        0.9084492325782776,
        0.9084467887878418,
        0.9084447622299194,
        0.9084427356719971,
        0.9084408283233643,
        0.9084391593933105,
        0.9084376692771912,
        0.9084361791610718,
        0.9084349274635315,
        0.9084332585334778,
        0.9084321856498718,
        0.908430814743042,
        0.9084299206733704,
        0.9084291458129883,
        0.9084281325340271,
        0.9084272384643555,
        0.9084262847900391,
        0.9084255695343018,
        0.9084248542785645,
        0.9084240794181824,
        0.9084233641624451,
        0.9084228873252869,
        0.90842205286026,
        0.9084215760231018,
        0.9084208607673645,
        0.9084201455116272,
        0.9084195494651794,
        0.9084193706512451,
        0.9084188938140869,
        0.9084179401397705,
        0.9084174036979675,
        0.9084170460700989,
        0.9084165692329407,
        0.9084161520004272,
        0.9084156155586243,
        0.9084150195121765,
        0.9084146022796631,
        0.9084138870239258,
        0.9084133505821228,
        0.9084131717681885,
        0.9084125757217407,
        0.9084122180938721,
        0.9084115624427795,
        0.9084110856056213,
        0.9084104299545288,
        0.9084100127220154,
        0.9084094762802124,
        0.908409059047699,
        0.9084084033966064,
        0.9084080457687378,
        0.9084072709083557,
        0.9084064960479736,
        0.908406138420105,
        0.9084059000015259,
        0.9084051847457886,
        0.908404529094696,
        0.9084038734436035,
        0.9084032773971558,
        0.908402681350708,
        0.9084019064903259,
        0.908401370048523,
        0.9084005951881409,
        0.908399760723114,
        0.9083988666534424,
        0.9083978533744812,
        0.9083970189094543,
        0.9083958864212036,
        0.9083945751190186,
        0.9083929061889648,
        0.9083914756774902,
        0.9083899259567261,
        0.9083881974220276,
        0.9083865880966187,
        0.9083853960037231,
        0.9083837270736694,
        0.9083821773529053,
        0.9083811044692993,
        0.9083797335624695,
        0.9083780646324158,
        0.9083764553070068,
        0.9083744883537292,
        0.9083730578422546,
        0.908371090888977,
        0.9083691239356995,
        0.9083670377731323,
        0.9083653092384338,
        0.9083631634712219,
        0.9083611965179443,
        0.9083594083786011,
        0.9083570241928101,
        0.9083550572395325,
        0.9083526134490967,
        0.9083505272865295,
        0.9083482623100281,
        0.9083458185195923,
        0.908343493938446,
        0.9083412885665894,
        0.9083386659622192,
        0.9083365797996521,
        0.9083343148231506,
        0.908331573009491,
        0.9083290696144104,
        0.9083265066146851,
        0.9083238840103149,
        0.9083214402198792,
        0.9083192944526672,
        0.9083172678947449,
        0.9083144664764404,
        0.9083125591278076,
        0.9083103537559509,
        0.9083079099655151,
        0.9083061218261719,
        0.90830397605896,
        0.9083018898963928,
        0.9083001613616943,
        0.9082983732223511,
        0.908296525478363,
        0.9082948565483093,
        0.9082930088043213,
        0.9082910418510437,
        0.9082893133163452,
        0.9082876443862915,
        0.9082854986190796,
        0.9082836508750916,
        0.9082813858985901,
        0.9082791209220886,
        0.9082768559455872,
        0.9082738757133484,
        0.9082714915275574,
        0.9082686305046082,
        0.9082655906677246,
        0.9082626104354858,
        0.9082596898078918,
        0.9082571268081665,
        0.9082547426223755,
        0.9082527160644531,
        0.9082508683204651,
        0.9082489609718323,
        0.9082472920417786,
        0.9082459211349487,
        0.9082446694374084,
        0.9082433581352234,
        0.9082418084144592,
        0.9082406163215637,
        0.908239483833313,
        0.9082385301589966,
        0.9082375764846802,
        0.908236563205719,
        0.9082357287406921,
        0.9082343578338623,
        0.9082335233688354,
        0.908232569694519,
        0.9082316160202026,
        0.9082306027412415,
        0.908229649066925,
        0.9082286953926086,
        0.9082277417182922,
        0.9082269668579102,
        0.9082261919975281,
        0.9082252383232117,
        0.9082245826721191,
        0.9082235097885132,
        0.908222496509552,
        0.908221960067749,
        0.9082210659980774,
        0.9082205295562744,
        0.9082198143005371,
        0.9082192182540894,
        0.9082183837890625,
        0.90821772813797,
        0.9082170128822327,
        0.9082160592079163,
        0.9082156419754028,
        0.9082148671150208,
        0.908214271068573,
        0.9082134366035461,
        0.9082128405570984,
        0.9082121849060059,
        0.9082116484642029,
        0.9082110524177551,
        0.908210277557373,
        0.9082096219062805,
        0.9082092046737671,
        0.9082086682319641,
        0.9082081317901611,
        0.9082074761390686,
        0.9082068800926208,
        0.9082062244415283,
        0.9082056879997253,
        0.9082051515579224,
        0.9082043766975403,
        0.9082036018371582,
        0.9082029461860657,
