{
    "normalized_frobenius_error": 0.8564528226852417,
    "masked_rmse": 0.2233761101961136,
    "mean_nonzero_value": 1.345635175704956,
    "relative_rmse": 0.16600050032138824,
    "explained_variance": 0.26648861169815063,
    "computation_time": 0.4927091598510742,
    "all_factors_non_negative": true,
    "factor_sparsity": [
        "14.67%",
        "13.78%",
        "10.00%"
    ],
    "device": "mps",
    "best_initialization": "random",
    "errors_history": [
        0.941582977771759,
        0.9209368228912354,
        0.9019049406051636,
        0.8879002332687378,
        0.8779779672622681,
        0.8707678914070129,
        0.8663399815559387,
        0.8640812039375305,
        0.8628219962120056,
        0.8619821667671204,
        0.8613123893737793,
        0.8606622815132141,
        0.8599478006362915,
        0.8591924905776978,
        0.8585090041160583,
        0.8579757809638977,
        0.8575870990753174,
        0.8573071956634521,
        0.8571057915687561,
        0.8569604754447937,
        0.8568547964096069,
        0.8567773699760437,
        0.856719970703125,
        0.8566768765449524,
        0.8566437363624573,
        0.8566180467605591,
        0.8565975427627563,
        0.8565811514854431,
        0.8565678000450134,
        0.8565565347671509,
        0.8565468788146973,
        0.8565384149551392,
        0.856530487537384,
        0.8565231561660767,
        0.8565158247947693,
        0.8565086126327515,
        0.8565015196800232,
        0.8564949631690979,
        0.8564891815185547,
        0.8564841747283936,
        0.8564799427986145,
        0.8564763069152832,
        0.8564732670783997,
        0.8564707636833191,
        0.8564685583114624,
        0.8564667701721191,
        0.856465220451355,
        0.8564638495445251,
        0.8564626574516296,
        0.8564615249633789,
        0.8564605712890625,
        0.8564597368240356,
        0.8564590811729431,
        0.856458306312561,
        0.8564576506614685,
        0.8564571738243103,
        0.8564566969871521,
        0.8564562201499939,
        0.8564557433128357,
        0.8564554452896118,
        0.8564550876617432,
        0.8564547300338745,
        0.8564544916152954,
        0.8564541935920715,
        0.8564539551734924,
        0.8564537763595581,
        0.8564534783363342,
        0.8564533591270447,
        0.8564531803131104,
        0.8564528822898865,
        0.8564528822898865
    ],
    "l1_regularization": 0.0,
    "l2_regularization": 0.0,
    "random_state": 533494,
    "c1_unique_zones": 2,
    "c2_unique_od_pairs": 0,
    "c1_c2_approach": "percentage",
    "c1_c2_percentage": 0.2
}