{
    "normalized_frobenius_error": 0.9451582431793213,
    "masked_rmse": 0.12400306761264801,
    "mean_nonzero_value": 1.3623639345169067,
    "relative_rmse": 0.09102051705121994,
    "explained_variance": 0.10667598247528076,
    "computation_time": 0.5496737957000732,
    "all_factors_non_negative": true,
    "factor_sparsity": [
        "37.10%",
        "37.63%",
        "13.89%"
    ],
    "device": "mps",
    "best_initialization": "random",
    "errors_history": [
        0.9771989583969116,
        0.9713214039802551,
        0.9663894772529602,
        0.9602140784263611,
        0.9562142491340637,
        0.9541436433792114,
        0.9526378512382507,
        0.9511802196502686,
        0.9496837258338928,
        0.9482964873313904,
        0.947254478931427,
        0.9466191530227661,
        0.946263313293457,
        0.9460537433624268,
        0.9459213018417358,
        0.9458333253860474,
        0.9457744359970093,
        0.9457343220710754,
        0.9457051157951355,
        0.9456785917282104,
        0.9456411004066467,
        0.9456056952476501,
        0.9455891251564026,
        0.9455787539482117,
        0.9455706477165222,
        0.9455639123916626,
        0.945558488368988,
        0.9455536603927612,
        0.9455483555793762,
        0.945544958114624,
        0.945542573928833,
        0.9455404877662659,
        0.9455385804176331,
        0.9455365538597107,
        0.9455350041389465,
        0.9455338716506958,
        0.9455330967903137,
        0.9455324411392212,
        0.9455318450927734,
        0.9455313682556152,
        0.945530891418457,
        0.9455305337905884,
        0.945530116558075,
        0.9455297589302063,
        0.9455294013023376,
        0.9455289840698242,
        0.9455286264419556,
        0.9455281496047974,
        0.9455276727676392,
        0.945527195930481,
        0.9455265998840332,
        0.945526123046875,
        0.9455256462097168,
        0.945525050163269,
        0.9455245733261108,
        0.9455239176750183,
        0.9455233216285706,
        0.945522665977478,
        0.9455220103263855,
        0.9455212354660034,
        0.9455204010009766,
        0.9455195069313049,
        0.9455185532569885,
        0.9455174207687378,
        0.9455162286758423,
        0.9455147981643677,
        0.9455131888389587,
        0.9455114603042603,
        0.945509672164917,
        0.9455077648162842,
        0.9455057978630066,
        0.945503830909729,
        0.9455015063285828,
        0.9454990029335022,
        0.9454962611198425,
        0.9454931616783142,
        0.9454898238182068,
        0.9454861879348755,
        0.9454821944236755,
        0.9454778432846069,
        0.9454731941223145,
        0.9454681277275085,
        0.9454625844955444,
        0.945456326007843,
        0.9454495310783386,
        0.9454419016838074,
        0.9454334378242493,
        0.9454241394996643,
        0.9454141855239868,
        0.9454038739204407,
        0.9453928470611572,
        0.9453812837600708,
        0.9453691244125366,
        0.9453564882278442,
        0.9453434944152832,
        0.9453302621841431,
        0.9453167915344238,
        0.9453033804893494,
        0.9452900290489197,
        0.9452770352363586,
        0.9452645182609558,
        0.9452524185180664,
        0.94524085521698,
        0.9452294707298279,
        0.9452190399169922,
        0.9452098608016968,
        0.9452018141746521,
        0.9451946020126343,
        0.9451882839202881,
        0.945182740688324,
        0.9451780319213867,
        0.9451740384101868,
        0.9451707005500793,
        0.9451680183410645,
        0.9451658725738525,
        0.9451642036437988,
        0.9451629519462585,
        0.9451619982719421,
        0.9451614022254944,
        0.9451610445976257,
        0.9451607465744019,
        0.9451605081558228,
        0.9451603293418884,
        0.9451602697372437,
        0.9451600313186646,
        0.9451597929000854,
        0.9451595544815063,
        0.9451594948768616,
        0.9451591968536377,
        0.9451590180397034,
        0.9451587200164795,
        0.9451585412025452,
        0.9451584219932556,
        0.9451582431793213,
        0.9451582431793213
    ],
    "l1_regularization": 0.0,
    "l2_regularization": 0.0,
    "random_state": 554057,
    "c1_unique_zones": 3,
    "c2_unique_od_pairs": 1,
    "c1_c2_approach": "percentage",
    "c1_c2_percentage": 0.2
}