{
    "normalized_frobenius_error": 0.8566162586212158,
    "masked_rmse": 0.22341874241828918,
    "mean_nonzero_value": 1.345635175704956,
    "relative_rmse": 0.16603218019008636,
    "explained_variance": 0.26620858907699585,
    "computation_time": 1.1267046928405762,
    "all_factors_non_negative": true,
    "factor_sparsity": [
        "27.11%",
        "24.89%",
        "14.17%"
    ],
    "device": "mps",
    "best_initialization": "random",
    "errors_history": [
        0.9404100775718689,
        0.9287259578704834,
        0.9152881503105164,
        0.8986288905143738,
        0.8840112090110779,
        0.8747711181640625,
        0.8695969581604004,
        0.8667196035385132,
        0.8650891780853271,
        0.8642058968544006,
        0.8637159466743469,
        0.8634204268455505,
        0.8632253408432007,
        0.8630856871604919,
        0.862978458404541,
        0.862890362739563,
        0.8628129363059998,
        0.8627396821975708,
        0.862665057182312,
        0.8625897169113159,
        0.8625214099884033,
        0.8624628186225891,
        0.8624100685119629,
        0.8623612523078918,
        0.8623157739639282,
        0.8622732758522034,
        0.8622334003448486,
        0.8621960282325745,
        0.8621609807014465,
        0.8621280193328857,
        0.8620967864990234,
        0.8620667457580566,
        0.8620377779006958,
        0.8620094656944275,
        0.8619819283485413,
        0.8619551062583923,
        0.8619289398193359,
        0.8619031310081482,
        0.8618777394294739,
        0.8618521690368652,
        0.8618265986442566,
        0.8618003726005554,
        0.8617734313011169,
        0.8617454171180725,
        0.8617160320281982,
        0.8616848587989807,
        0.861651599407196,
        0.8616156578063965,
        0.8615763783454895,
        0.8615332841873169,
        0.8614854216575623,
        0.8614317774772644,
        0.8613709807395935,
        0.8613013029098511,
        0.8612201809883118,
        0.8611241579055786,
        0.8610101342201233,
        0.860878050327301,
        0.8607324361801147,
        0.8605769872665405,
        0.8604124188423157,
        0.8602406978607178,
        0.8600643873214722,
        0.8598926067352295,
        0.8597363233566284,
        0.859595537185669,
        0.8594685792922974,
        0.8593531250953674,
        0.8592473864555359,
        0.8591520190238953,
        0.85906982421875,
        0.8590078949928284,
        0.8589640259742737,
        0.8589338660240173,
        0.858913004398346,
        0.8588982820510864,
        0.8588877320289612,
        0.8588796854019165,
        0.8588727712631226,
        0.858864426612854,
        0.8588493466377258,
        0.8588234782218933,
        0.8587969541549683,
        0.8587815165519714,
        0.8587725758552551,
        0.8587632775306702,
        0.8587493300437927,
        0.8587246537208557,
        0.8586767315864563,
        0.8585795164108276,
        0.858388364315033,
        0.858086347579956,
        0.8577738404273987,
        0.8575365543365479,
        0.8573729991912842,
        0.8572641015052795,
        0.8571915030479431,
        0.8571418523788452,
        0.8571062088012695,
        0.8570787906646729,
        0.8570559024810791,
        0.8570348024368286,
        0.8570136427879333,
        0.8569909334182739,
        0.8569663166999817,
        0.8569393754005432,
        0.8569105863571167,
        0.8568801283836365,
        0.8568474650382996,
        0.8568110466003418,
        0.8567700982093811,
        0.856728732585907,
        0.8566951751708984,
        0.8566728830337524,
        0.8566594123840332,
        0.8566505908966064,
        0.8566439151763916,
        0.856637716293335,
        0.8566323518753052,
        0.85662841796875,
        0.8566260933876038,
        0.8566247224807739,
        0.8566238880157471,
        0.8566232323646545,
        0.8566227555274963,
        0.8566222786903381,
        0.8566219806671143,
        0.8566216230392456,
        0.8566214442253113,
        0.8566212058067322,
        0.8566210865974426,
        0.8566208481788635,
        0.856620728969574,
        0.8566206693649292,
        0.8566205501556396,
        0.8566204309463501,
        0.8566202521324158,
        0.8566200733184814,
        0.8566198348999023,
        0.8566192984580994,
        0.8566186428070068,
        0.8566179275512695,
        0.8566174507141113,
        0.8566172122955322,
        0.8566170334815979,
        0.8566168546676636,
        0.856616735458374,
        0.8566166162490845,
        0.8566165566444397,
        0.8566164374351501,
        0.8566163182258606,
        0.8566163182258606
    ],
    "l1_regularization": 0.0,
    "l2_regularization": 0.0,
    "random_state": 852782,
    "c1_unique_zones": 2,
    "c2_unique_od_pairs": 0,
    "c1_c2_approach": "percentage",
    "c1_c2_percentage": 0.2
}