{
    "normalized_frobenius_error": 0.9609211087226868,
    "masked_rmse": 0.0841229036450386,
    "mean_nonzero_value": 1.3470518589019775,
    "relative_rmse": 0.06244964152574539,
    "explained_variance": 0.07663065195083618,
    "computation_time": 1.1216812133789062,
    "all_factors_non_negative": true,
    "factor_sparsity": [
        "47.25%",
        "52.75%",
        "44.17%"
    ],
    "device": "mps",
    "best_initialization": "svd",
    "errors_history": [
        0.9837489128112793,
        0.974360466003418,
        0.9681336283683777,
        0.966041088104248,
        0.9647682309150696,
        0.9635264277458191,
        0.9626440405845642,
        0.9621877074241638,
        0.9619585275650024,
        0.9618145823478699,
        0.9617037773132324,
        0.9616098403930664,
        0.9615444540977478,
        0.9614974856376648,
        0.9614670276641846,
        0.961450457572937,
        0.9614403247833252,
        0.9614334106445312,
        0.9614253044128418,
        0.9614136219024658,
        0.961406409740448,
        0.9614012241363525,
        0.9613984823226929,
        0.9613966345787048,
        0.9613949060440063,
        0.961392343044281,
        0.9613885879516602,
        0.9613831043243408,
        0.9613767862319946,
        0.9613699316978455,
        0.9613625407218933,
        0.961354672908783,
        0.9613465666770935,
        0.9613396525382996,
        0.9613341093063354,
        0.9613298773765564,
        0.9613264203071594,
        0.9613229036331177,
        0.9613195657730103,
        0.9613170623779297,
        0.9613152146339417,
        0.9613138437271118,
        0.9613126516342163,
        0.9613115787506104,
        0.9613097310066223,
        0.9613058567047119,
        0.9613014459609985,
        0.9612991809844971,
        0.9612974524497986,
        0.9612959027290344,
        0.9612945318222046,
        0.9612931609153748,
        0.9612917900085449,
        0.961290717124939,
        0.961289644241333,
        0.9612882137298584,
        0.9612856507301331,
        0.9612804055213928,
        0.9612703919410706,
        0.9612604379653931,
        0.9612542986869812,
        0.9612492322921753,
        0.9612443447113037,
        0.9612391591072083,
        0.9612336158752441,
        0.9612271785736084,
        0.9612200856208801,
        0.9612129926681519,
        0.961205780506134,
        0.9611981511116028,
        0.9611900448799133,
        0.9611814022064209,
        0.961172342300415,
        0.9611625671386719,
        0.9611519575119019,
        0.9611401557922363,
        0.9611269235610962,
        0.9611120223999023,
        0.9610962271690369,
        0.9610806107521057,
        0.9610663056373596,
        0.9610532522201538,
        0.9610414505004883,
        0.9610311388969421,
        0.961021900177002,
        0.961013674736023,
        0.9610056281089783,
        0.9609975218772888,
        0.9609893560409546,
        0.9609761834144592,
        0.9609600901603699,
        0.9609518051147461,
        0.9609472155570984,
        0.9609429240226746,
        0.9609396457672119,
        0.9609375596046448,
        0.9609361290931702,
        0.9609347581863403,
        0.9609335660934448,
        0.9609326124191284,
        0.9609319567680359,
        0.9609313607215881,
        0.9609308838844299,
        0.9609304666519165,
        0.9609301686286926,
        0.9609298706054688,
        0.9609296917915344,
        0.9609295129776001,
        0.9609293937683105,
        0.9609292149543762,
        0.9609290361404419,
        0.9609283208847046,
        0.9609266519546509,
        0.960923969745636,
        0.9609220027923584,
        0.9609214067459106,
        0.9609212875366211,
        0.9609212279319763,
        0.9609212279319763
    ],
    "l1_regularization": 0.0,
    "l2_regularization": 0.0,
    "c1_unique_zones": 10,
    "c2_unique_od_pairs": 20,
    "c1_c2_approach": "top_n",
    "c1_c2_top_n": 2
}