{
    "normalized_frobenius_error": 0.9334132671356201,
    "masked_rmse": 0.12246215343475342,
    "mean_nonzero_value": 1.3623639345169067,
    "relative_rmse": 0.08988945931196213,
    "explained_variance": 0.12873971462249756,
    "computation_time": 0.6571760177612305,
    "all_factors_non_negative": true,
    "factor_sparsity": [
        "32.66%",
        "34.27%",
        "16.67%"
    ],
    "device": "mps",
    "best_initialization": "random",
    "errors_history": [
        0.9757787585258484,
        0.9656076431274414,
        0.9579414129257202,
        0.9515255093574524,
        0.9462146162986755,
        0.9424532651901245,
        0.9397618174552917,
        0.9376301765441895,
        0.9360300898551941,
        0.9349841475486755,
        0.9343863725662231,
        0.934079647064209,
        0.933893084526062,
        0.9337514042854309,
        0.9336445927619934,
        0.9335741996765137,
        0.9335302710533142,
        0.9335017204284668,
        0.9334828853607178,
        0.9334694147109985,
        0.9334582686424255,
        0.933448314666748,
        0.9334394931793213,
        0.9334331154823303,
        0.9334291815757751,
        0.9334266185760498,
        0.9334247708320618,
        0.9334233403205872,
        0.9334220886230469,
        0.9334210157394409,
        0.9334201812744141,
        0.933419406414032,
        0.9334187507629395,
        0.9334181547164917,
        0.9334176182746887,
        0.933417022228241,
        0.9334164261817932,
        0.933415949344635,
        0.933415412902832,
        0.9334149956703186,
        0.93341463804245,
        0.9334143400192261,
        0.9334141612052917,
        0.9334139823913574,
        0.9334137439727783,
        0.9334136843681335,
        0.933413565158844,
        0.9334135055541992,
        0.9334133863449097,
        0.9334132671356201,
        0.9334132671356201
    ],
    "l1_regularization": 0.0,
    "l2_regularization": 0.0,
    "c1_unique_zones": 10,
    "c2_unique_od_pairs": 15,
    "c1_c2_approach": "top_n",
    "c1_c2_top_n": 2
}