{
    "normalized_frobenius_error": 0.8826715350151062,
    "masked_rmse": 0.11994564533233643,
    "mean_nonzero_value": 1.1494661569595337,
    "relative_rmse": 0.10434900224208832,
    "explained_variance": 0.22089099884033203,
    "computation_time": 0.5064499378204346,
    "all_factors_non_negative": true,
    "factor_sparsity": [
        "22.73%",
        "20.91%",
        "17.50%"
    ],
    "device": "mps",
    "best_initialization": "random",
    "errors_history": [
        0.9576491713523865,
        0.9389594197273254,
        0.9252032041549683,
        0.9158998131752014,
        0.9086955189704895,
        0.9017830491065979,
        0.8958725929260254,
        0.8917815685272217,
        0.8891308903694153,
        0.8873530626296997,
        0.8860601186752319,
        0.8851044178009033,
        0.8844383955001831,
        0.8839960098266602,
        0.883708655834198,
        0.8835145235061646,
        0.8833605051040649,
        0.8832426071166992,
        0.8831246495246887,
        0.8829421997070312,
        0.8828428387641907,
        0.8827966451644897,
        0.8827694654464722,
        0.8827515244483948,
        0.8827388882637024,
        0.8827294707298279,
        0.8827222585678101,
        0.882716178894043,
        0.8827110528945923,
        0.8827064633369446,
        0.8827023506164551,
        0.8826988935470581,
        0.8826956748962402,
        0.8826931715011597,
        0.8826910853385925,
        0.8826892375946045,
        0.8826875686645508,
        0.8826860785484314,
        0.8826848268508911,
        0.8826837539672852,
        0.8826826810836792,
        0.8826818466186523,
        0.882681131362915,
        0.8826805949211121,
        0.8826799988746643,
        0.8826797008514404,
        0.882679283618927,
        0.8826790452003479,
        0.8826786875724792,
        0.8826784491539001,
        0.8826780915260315,
        0.8826777338981628,
        0.8826772570610046,
        0.8826768398284912,
        0.8826761841773987,
        0.8826755285263062,
        0.8826748132705688,
        0.8826742172241211,
        0.8826737403869629,
        0.8826733231544495,
        0.8826728463172913,
        0.8826724290847778,
        0.8826721906661987,
        0.8826720714569092,
        0.8826719522476196,
        0.8826717734336853,
        0.8826716542243958,
        0.882671594619751,
        0.882671594619751
    ],
    "l1_regularization": 0.0,
    "l2_regularization": 0.0,
    "random_state": 423485,
    "c1_unique_zones": 1,
    "c2_unique_od_pairs": 0,
    "c1_c2_approach": "percentage",
    "c1_c2_percentage": 0.2
}