{
    "normalized_frobenius_error": 0.8551895022392273,
    "masked_rmse": 0.22304780781269073,
    "mean_nonzero_value": 1.345635175704956,
    "relative_rmse": 0.16575652360916138,
    "explained_variance": 0.2686508893966675,
    "computation_time": 0.36258506774902344,
    "all_factors_non_negative": true,
    "factor_sparsity": [
        "23.11%",
        "15.56%",
        "8.33%"
    ],
    "device": "cpu",
    "best_initialization": "svd",
    "errors_history": [
        0.922575831413269,
        0.9133733510971069,
        0.9086208939552307,
        0.904704749584198,
        0.9003782272338867,
        0.8957322835922241,
        0.8914084434509277,
        0.887958288192749,
        0.8853799104690552,
        0.8834048509597778,
        0.8817737698554993,
        0.8803160786628723,
        0.8789474368095398,
        0.8776546716690063,
        0.8764362335205078,
        0.8752522468566895,
        0.8740443587303162,
        0.8727738857269287,
        0.8714475631713867,
        0.8701084852218628,
        0.8687989115715027,
        0.867557168006897,
        0.8664330840110779,
        0.8654794692993164,
        0.8647087216377258,
        0.864090085029602,
        0.8635813593864441,
        0.8631476759910583,
        0.8627629280090332,
        0.8624100685119629,
        0.8620752096176147,
        0.8617466688156128,
        0.8614168167114258,
        0.8610798716545105,
        0.8607366681098938,
        0.8603964447975159,
        0.8600710034370422,
        0.8597718477249146,
        0.8595054149627686,
        0.859271228313446,
        0.8590668439865112,
        0.8588876128196716,
        0.8587297797203064,
        0.8585873246192932,
        0.85845947265625,
        0.8583429455757141,
        0.8582367300987244,
        0.858139157295227,
        0.8580490350723267,
        0.8579654097557068,
        0.857887327671051,
        0.8578144311904907,
        0.8577463626861572,
        0.857681930065155,
        0.8576222062110901,
        0.8575653433799744,
        0.8575119376182556,
        0.8574617505073547,
        0.857414186000824,
        0.8573694825172424,
        0.8573270440101624,
        0.8572864532470703,
        0.8572485446929932,
        0.857212245464325,
        0.8571774959564209,
        0.857143759727478,
        0.8571125268936157,
        0.8570818305015564,
        0.8570524454116821,
        0.8570243716239929,
        0.8569976687431335,
        0.8569722175598145,
        0.8569473624229431,
        0.8569238185882568,
        0.8569009900093079,
        0.856878936290741,
        0.8568575382232666,
        0.8568369746208191,
        0.8568167686462402,
        0.8567976355552673,
        0.8567778468132019,
        0.8567589521408081,
        0.8567395806312561,
        0.8567205667495728,
        0.8567011952400208,
        0.856682300567627,
        0.8566623330116272,
        0.8566425442695618,
        0.8566221594810486,
        0.856601357460022,
        0.8565807342529297,
        0.8565599918365479,
        0.8565390706062317,
        0.8565189838409424,
        0.8564991354942322,
        0.8564797043800354,
        0.8564600944519043,
        0.8564416766166687,
        0.8564228415489197,
        0.856403648853302,
        0.8563857674598694,
        0.8563677072525024,
        0.856349527835846,
        0.8563312888145447,
        0.8563135862350464,
        0.856295645236969,
        0.8562774062156677,
        0.8562600016593933,
        0.8562425971031189,
        0.856224536895752,
        0.8562070727348328,
        0.8561901450157166,
        0.8561729788780212,
        0.8561558127403259,
        0.8561391234397888,
        0.8561224937438965,
        0.8561063408851624,
        0.8560903668403625,
        0.8560745120048523,
        0.8560590744018555,
        0.8560433983802795,
        0.8560280799865723,
        0.8560128808021545,
        0.8559983372688293,
        0.8559839725494385,
        0.855969250202179,
        0.8559551239013672,
        0.8559403419494629,
        0.8559262156486511,
        0.8559123277664185,
        0.8558980822563171,
        0.8558841943740845,
        0.85587078332901,
        0.8558576107025146,
        0.8558440804481506,
        0.8558309078216553,
        0.8558179140090942,
        0.855805516242981,
        0.8557922840118408,
        0.855780303478241,
        0.8557679653167725,
        0.8557559251785278,
        0.8557446002960205,
        0.8557329773902893,
        0.8557220101356506,
        0.8557111620903015,
        0.8557009100914001,
        0.855690062046051,
        0.8556800484657288,
        0.8556700944900513,
        0.8556605577468872,
        0.855650782585144,
        0.8556411266326904,
        0.8556316494941711,
        0.8556224703788757,
        0.8556125164031982,
        0.8556029200553894,
        0.8555932641029358,
        0.8555843234062195,
        0.8555749654769897,
        0.8555657863616943,
        0.8555569648742676,
        0.855548620223999,
        0.8555405139923096,
        0.8555330038070679,
        0.8555258512496948,
        0.8555188179016113,
        0.8555121421813965,
        0.8555054664611816,
        0.8554995656013489,
        0.8554936051368713,
        0.8554880023002625,
        0.8554823994636536,
        0.855476975440979,
        0.8554720282554626,
        0.8554669618606567,
        0.855462372303009,
        0.8554577231407166,
        0.8554532527923584,
        0.8554490208625793,
        0.8554447889328003,
        0.8554405570030212,
        0.8554365634918213,
        0.8554326891899109,
        0.8554290533065796,
        0.8554251790046692,
        0.8554218411445618,
        0.85541832447052,
        0.8554150462150574,
        0.8554120659828186,
        0.8554093837738037,
        0.8554055690765381,
        0.8554030656814575,
        0.8554001450538635,
        0.8553974628448486,
        0.8553949594497681,
        0.8553922176361084,
        0.8553895354270935,
        0.8553870320320129,
        0.8553845286369324,
        0.8553817868232727,
        0.8553796410560608,
        0.8553773760795593,
        0.8553750514984131,
        0.8553729057312012,
        0.8553707599639893,
        0.8553681373596191,
        0.8553657531738281,
        0.8553640246391296,
        0.855361819267273,
        0.855359673500061,
        0.8553576469421387,
        0.8553556799888611,
        0.8553540110588074,
        0.8553521037101746,
        0.8553502559661865,
        0.8553481101989746,
        0.8553462028503418,
        0.8553444147109985,
        0.8553427457809448,
        0.8553410768508911,
        0.855338990688324,
        0.8553375601768494,
        0.8553359508514404,
        0.8553341031074524,
        0.8553327322006226,
        0.8553311824798584,
        0.8553292751312256,
        0.8553277850151062,
        0.8553261756896973,
        0.8553246259689331,
        0.8553226590156555,
        0.8553213477134705,
        0.8553200364112854,
        0.8553183674812317,
        0.8553168177604675,
        0.8553152084350586,
        0.8553131222724915,
        0.8553107976913452,
        0.8553077578544617,
        0.8553043007850647,
        0.8552997708320618,
        0.8552935719490051,
        0.8552864789962769,
        0.8552782535552979,
        0.8552696704864502,
        0.855262041091919,
        0.8552551865577698,
        0.8552499413490295,
        0.8552465438842773,
        0.8552435636520386,
        0.8552409410476685,
        0.8552387356758118,
        0.8552371859550476,
        0.8552352786064148,
        0.8552336692810059,
        0.855232298374176,
        0.8552306890487671,
        0.855229377746582,
        0.855228066444397,
        0.8552270531654358,
        0.8552258610725403,
        0.8552246689796448,
        0.8552234172821045,
        0.8552224040031433,
        0.8552215099334717,
        0.8552201390266418,
        0.8552191257476807,
        0.8552180528640747,
        0.8552172183990479,
