{
    "normalized_frobenius_error": 0.8778349161148071,
    "masked_rmse": 0.19595973193645477,
    "mean_nonzero_value": 1.5989879369735718,
    "relative_rmse": 0.12255235016345978,
    "explained_variance": 0.22940593957901,
    "computation_time": 1.273087978363037,
    "all_factors_non_negative": true,
    "factor_sparsity": [
        "33.09%",
        "37.44%",
        "20.83%"
    ],
    "device": "mps",
    "best_initialization": "random",
    "errors_history": [
        0.9551869630813599,
        0.9410209059715271,
        0.9278671145439148,
        0.9170295596122742,
        0.9093161821365356,
        0.9022630453109741,
        0.8953130841255188,
        0.8899756073951721,
        0.8866453766822815,
        0.8847107887268066,
        0.8835350871086121,
        0.8827397227287292,
        0.882221519947052,
        0.8818602561950684,
        0.88155198097229,
        0.8812625408172607,
        0.8809986710548401,
        0.8807708621025085,
        0.8805795311927795,
        0.8804190754890442,
        0.880284309387207,
        0.8801710605621338,
        0.8800759315490723,
        0.8799946308135986,
        0.8799242973327637,
        0.8798623085021973,
        0.8798061609268188,
        0.8797537088394165,
        0.8797028660774231,
        0.8796527981758118,
        0.8796029686927795,
        0.8795527219772339,
        0.8795020580291748,
        0.8794510960578918,
        0.8793997168540955,
        0.8793476819992065,
        0.8792944550514221,
        0.8792398571968079,
        0.8791840672492981,
        0.8791271448135376,
        0.8790684342384338,
        0.8790075182914734,
        0.8789443373680115,
        0.8788795471191406,
        0.8788141012191772,
        0.8787496089935303,
        0.8786867260932922,
        0.8786264657974243,
        0.8785690665245056,
        0.8785146474838257,
        0.8784633874893188,
        0.8784154653549194,
        0.8783711791038513,
        0.8783311247825623,
        0.8782954216003418,
        0.8782641887664795,
        0.8782371282577515,
        0.8782133460044861,
        0.8781926035881042,
        0.8781742453575134,
        0.878157913684845,
        0.8781433701515198,
        0.8781301379203796,
        0.8781183958053589,
        0.8781076073646545,
        0.8780975937843323,
        0.8780880570411682,
        0.8780790567398071,
        0.8780704736709595,
        0.8780621886253357,
        0.8780543208122253,
        0.8780470490455627,
        0.8780401349067688,
        0.8780338764190674,
        0.8780283331871033,
        0.8780233860015869,
        0.8780189156532288,
        0.8780149817466736,
        0.8780112266540527,
        0.8780077695846558,
        0.8780043721199036,
        0.8780009150505066,
        0.8779972791671753,
        0.877993106842041,
        0.8779886960983276,
        0.8779836297035217,
        0.8779778480529785,
        0.8779717087745667,
        0.8779650330543518,
        0.877958357334137,
        0.877951979637146,
        0.8779460191726685,
        0.8779405355453491,
        0.8779358863830566,
        0.8779317736625671,
        0.8779281973838806,
        0.8779249787330627,
        0.8779220581054688,
        0.8779193162918091,
        0.8779168725013733,
        0.877914547920227,
        0.8779122233390808,
        0.8779102563858032,
        0.8779082298278809,
        0.8779062032699585,
        0.8779043555259705,
        0.8779025673866272,
        0.8779007196426392,
        0.8778991103172302,
        0.8778973817825317,
        0.8778958916664124,
        0.8778943419456482,
        0.8778929114341736,
        0.8778916001319885,
        0.8778902888298035,
        0.8778889775276184,
        0.8778879046440125,
        0.8778867721557617,
        0.877885639667511,
        0.8778846263885498,
        0.8778837323188782,
        0.8778828382492065,
        0.8778820037841797,
        0.8778812289237976,
        0.8778805136680603,
        0.8778799176216125,
        0.8778792023658752,
        0.8778784871101379,
        0.877877950668335,
        0.8778774738311768,
        0.8778769373893738,
        0.8778764605522156,
        0.8778761625289917,
        0.8778756260871887,
        0.8778753280639648,
        0.8778749108314514,
        0.8778746128082275,
        0.8778743147850037,
        0.8778740167617798,
        0.8778737187385559,
        0.877873420715332,
        0.8778732419013977,
        0.8778729438781738,
        0.8778727054595947,
        0.8778724074363708,
        0.877872109413147,
        0.8778718113899231,
        0.8778713941574097,
        0.8778710961341858,
        0.8778706192970276,
        0.8778700828552246,
        0.8778694868087769,
        0.8778687715530396,
        0.8778680562973022,
        0.8778670430183411,
        0.8778658509254456,
        0.8778643012046814,
        0.8778619766235352,
        0.8778584599494934,
        0.8778538107872009,
        0.8778484463691711,
        0.8778443336486816,
        0.8778416514396667,
        0.8778401613235474,
        0.8778392672538757,
        0.877838671207428,
        0.8778382539749146,
        0.8778379559516907,
        0.8778376579284668,
        0.8778373003005981,
        0.8778370022773743,
        0.8778368234634399,
        0.8778366446495056,
        0.8778365254402161,
        0.8778362274169922,
        0.8778361082077026,
        0.8778359293937683,
        0.8778358101844788,
        0.8778356313705444,
        0.8778355121612549,
        0.8778353929519653,
        0.8778353333473206,
        0.877835214138031,
        0.8778350949287415,
        0.8778349757194519,
        0.8778349161148071,
        0.8778349161148071
    ],
    "l1_regularization": 0.0,
    "l2_regularization": 0.0,
    "random_state": 272644,
    "c1_unique_zones": 2,
    "c2_unique_od_pairs": 0,
    "c1_c2_approach": "percentage",
    "c1_c2_percentage": 0.2
}