{
    "normalized_frobenius_error": 0.8842673301696777,
    "masked_rmse": 0.1201624944806099,
    "mean_nonzero_value": 1.1494661569595337,
    "relative_rmse": 0.10453765094280243,
    "explained_variance": 0.2180713415145874,
    "computation_time": 1.427644968032837,
    "all_factors_non_negative": true,
    "factor_sparsity": [
        "38.64%",
        "31.82%",
        "19.17%"
    ],
    "device": "mps",
    "best_initialization": "random",
    "errors_history": [
        0.9569864869117737,
        0.9352290034294128,
        0.9175061583518982,
        0.905860960483551,
        0.8980706930160522,
        0.8942704796791077,
        0.8917542695999146,
        0.8899471759796143,
        0.8887346386909485,
        0.8879818916320801,
        0.8875212073326111,
        0.8872276544570923,
        0.8870153427124023,
        0.8868250250816345,
        0.8866503834724426,
        0.886528491973877,
        0.8864436745643616,
        0.8863780498504639,
        0.8863252997398376,
        0.8862823247909546,
        0.8862475156784058,
        0.8862192630767822,
        0.8861966729164124,
        0.8861782550811768,
        0.8861634731292725,
        0.8861513137817383,
        0.886141300201416,
        0.8861327767372131,
        0.8861253261566162,
        0.8861188888549805,
        0.8861130475997925,
        0.8861075639724731,
        0.8861024975776672,
        0.8860973715782166,
        0.8860921859741211,
        0.8860868215560913,
        0.8860810399055481,
        0.886074960231781,
        0.8860681653022766,
        0.8860607147216797,
        0.8860524892807007,
        0.88604336977005,
        0.8860331177711487,
        0.8860217928886414,
        0.886009156703949,
        0.8859953284263611,
        0.8859798312187195,
        0.885962724685669,
        0.8859438896179199,
        0.8859233856201172,
        0.8859009742736816,
        0.8858768343925476,
        0.8858513236045837,
        0.8858249187469482,
        0.8857978582382202,
        0.8857706785202026,
        0.8857436180114746,
        0.8857169151306152,
        0.8856910467147827,
        0.8856661319732666,
        0.8856425285339355,
        0.8856204152107239,
        0.8855997920036316,
        0.8855807185173035,
        0.8855631947517395,
        0.8855471014976501,
        0.885532557964325,
        0.8855192065238953,
        0.8855068683624268,
        0.885495662689209,
        0.8854854106903076,
        0.8854759335517883,
        0.8854672908782959,
        0.8854593634605408,
        0.8854518532752991,
        0.8854449987411499,
        0.8854385018348694,
        0.8854326009750366,
        0.8854271173477173,
        0.885421872138977,
        0.8854170441627502,
        0.8854123950004578,
        0.8854081034660339,
        0.8854039907455444,
        0.8854000568389893,
        0.8853963017463684,
        0.8853927850723267,
        0.8853893876075745,
        0.8853862285614014,
        0.8853830695152283,
        0.8853800296783447,
        0.8853771686553955,
        0.8853743672370911,
        0.8853716254234314,
        0.8853690028190613,
        0.8853664994239807,
        0.8853639960289001,
        0.8853616714477539,
        0.8853593468666077,
        0.8853570222854614,
        0.8853548765182495,
        0.8853527307510376,
        0.8853506445884705,
        0.8853485584259033,
        0.885346531867981,
        0.8853445053100586,
        0.8853425979614258,
        0.885340690612793,
        0.8853386640548706,
        0.8853368163108826,
        0.885334849357605,
        0.8853329420089722,
        0.8853309750556946,
        0.8853290677070618,
        0.8853270411491394,
        0.885325014591217,
        0.8853229880332947,
        0.885320782661438,
        0.8853185772895813,
        0.8853161931037903,
        0.8853137493133545,
        0.8853111863136292,
        0.8853083848953247,
        0.8853055238723755,
        0.8853024840354919,
        0.8852990865707397,
        0.8852955102920532,
        0.8852917551994324,
        0.8852875828742981,
        0.8852832317352295,
        0.8852785229682922,
        0.8852733969688416,
        0.885267972946167,
        0.8852620124816895,
        0.8852556943893433,
        0.8852488994598389,
        0.8852414488792419,
        0.8852334022521973,
        0.8852245807647705,
        0.8852150440216064,
        0.8852044343948364,
        0.88519287109375,
        0.8851801156997681,
        0.8851660490036011,
        0.8851504921913147,
        0.8851333856582642,
        0.8851143717765808,
        0.8850933909416199,
        0.8850704431533813,
        0.8850454092025757,
        0.8850181698799133,
        0.8849887847900391,
        0.884957492351532,
        0.8849244713783264,
        0.884890079498291,
        0.884854793548584,
        0.8848191499710083,
        0.8847838044166565,
        0.8847494721412659,
        0.8847166895866394,
        0.8846859335899353,
        0.8846577405929565,
        0.8846322894096375,
        0.8846096396446228,
        0.8845899105072021,
        0.8845727443695068,
        0.8845580220222473,
        0.8845455646514893,
        0.884535014629364,
        0.8845260739326477,
        0.8845186233520508,
        0.8845124244689941,
        0.8845072388648987,
        0.8845027089118958,
        0.8844985961914062,
        0.8844942450523376,
        0.8844888806343079,
        0.8844813108444214,
        0.8844714164733887,
        0.8844611048698425,
        0.884453296661377,
        0.8844487071037292,
        0.8844459652900696,
        0.8844432234764099,
        0.8844380378723145,
        0.884425699710846,
        0.8843975067138672,
        0.884351372718811,
        0.8843087553977966,
        0.8842862844467163,
        0.8842770457267761,
        0.8842730522155762,
        0.8842710256576538,
        0.8842698335647583,
        0.884269118309021,
        0.8842686414718628,
        0.8842682242393494,
        0.8842679858207703,
        0.8842678070068359,
        0.8842676281929016,
        0.8842675685882568,
        0.8842675089836121,
        0.8842674493789673,
        0.8842674493789673
    ],
    "l1_regularization": 0.0,
    "l2_regularization": 0.0,
    "random_state": 242296,
    "c1_unique_zones": 1,
    "c2_unique_od_pairs": 0,
    "c1_c2_approach": "percentage",
    "c1_c2_percentage": 0.2
}