{
    "normalized_frobenius_error": 0.8873062133789062,
    "masked_rmse": 0.19807402789592743,
    "mean_nonzero_value": 1.5989879369735718,
    "relative_rmse": 0.12387461960315704,
    "explained_variance": 0.21268773078918457,
    "computation_time": 1.8997828960418701,
    "all_factors_non_negative": true,
    "factor_sparsity": [
        "39.13%",
        "39.86%",
        "23.61%"
    ],
    "device": "mps",
    "best_initialization": "random",
    "errors_history": [
        0.9547927379608154,
        0.9393503665924072,
        0.9267827272415161,
        0.9160981774330139,
        0.9085401892662048,
        0.9036543965339661,
        0.9003568887710571,
        0.8980484008789062,
        0.8963941931724548,
        0.8951689004898071,
        0.8942161798477173,
        0.8933876752853394,
        0.8925978541374207,
        0.891945481300354,
        0.8914235830307007,
        0.8910077214241028,
        0.8906793594360352,
        0.890418291091919,
        0.8902027010917664,
        0.8900136351585388,
        0.8898420929908752,
        0.8896878957748413,
        0.8895492553710938,
        0.8894215822219849,
        0.8893011212348938,
        0.8891849517822266,
        0.8890761733055115,
        0.8889791965484619,
        0.8888917565345764,
        0.8888136148452759,
        0.8887452483177185,
        0.8886857032775879,
        0.8886327147483826,
        0.8885846138000488,
        0.888539731502533,
        0.8884972333908081,
        0.8884600400924683,
        0.8884279131889343,
        0.8883993625640869,
        0.8883740901947021,
        0.8883514404296875,
        0.888331413269043,
        0.8883137106895447,
        0.8882978558540344,
        0.8882837295532227,
        0.8882709741592407,
        0.8882594704627991,
        0.8882489204406738,
        0.8882392048835754,
        0.8882304430007935,
        0.8882221579551697,
        0.8882142305374146,
        0.8882067799568176,
        0.8881993889808655,
        0.8881922960281372,
        0.8881853222846985,
        0.8881786465644836,
        0.8881722092628479,
        0.8881658911705017,
        0.8881599307060242,
        0.8881539702415466,
        0.8881481289863586,
        0.8881421685218811,
        0.8881362676620483,
        0.888130247592926,
        0.8881242871284485,
        0.8881182074546814,
        0.8881118297576904,
        0.888105571269989,
        0.888098955154419,
        0.8880923986434937,
        0.8880855441093445,
        0.8880786895751953,
        0.8880716562271118,
        0.8880646228790283,
        0.8880574107170105,
        0.8880501389503479,
        0.888042688369751,
        0.8880350589752197,
        0.8880273103713989,
        0.888019323348999,
        0.88801109790802,
        0.8880028128623962,
        0.8879943490028381,
        0.8879855275154114,
        0.8879766464233398,
        0.8879674673080444,
        0.8879580497741699,
        0.887948215007782,
        0.887937605381012,
        0.8879255652427673,
        0.8879126310348511,
        0.8879002928733826,
        0.8878887891769409,
        0.8878774642944336,
        0.8878661394119263,
        0.8878546953201294,
        0.8878433108329773,
        0.8878318667411804,
        0.8878204226493835,
        0.8878087997436523,
        0.8877972960472107,
        0.8877854347229004,
        0.8877733945846558,
        0.8877614140510559,
        0.8877496719360352,
        0.8877382278442383,
        0.8877272009849548,
        0.8877168893814087,
        0.887706995010376,
        0.887697696685791,
        0.8876888155937195,
        0.8876802921295166,
        0.8876724243164062,
        0.8876647353172302,
        0.8876574635505676,
        0.8876506686210632,
        0.8876442909240723,
        0.8876382112503052,
        0.8876324892044067,
        0.887627124786377,
        0.887622058391571,
        0.887617290019989,
        0.8876128792762756,
        0.8876085877418518,
        0.8876045942306519,
        0.8876009583473206,
        0.887597382068634,
        0.8875940442085266,
        0.8875910043716431,
        0.8875880837440491,
        0.887585461139679,
        0.8875829577445984,
        0.8875806331634521,
        0.8875783681869507,
        0.8875764608383179,
        0.8875744342803955,
        0.8875722289085388,
        0.8875691890716553,
        0.8875652551651001,
        0.8875623345375061,
        0.8875600695610046,
        0.887557864189148,
        0.8875552415847778,
        0.8875516057014465,
        0.8875465393066406,
        0.8875396847724915,
        0.8875308632850647,
        0.8875216841697693,
        0.8875129818916321,
        0.8875054121017456,
        0.8874984979629517,
        0.8874914050102234,
        0.8874842524528503,
        0.8874770998954773,
        0.8874697685241699,
        0.8874624371528625,
        0.8874545097351074,
        0.8874467611312866,
        0.887438952922821,
        0.8874321579933167,
        0.8874258995056152,
        0.8874207735061646,
        0.8874163031578064,
        0.8874126672744751,
        0.887409508228302,
        0.8874068260192871,
        0.8874045014381409,
        0.8874022364616394,
        0.8874004483222961,
        0.8873985409736633,
        0.887396514415741,
        0.887394368648529,
        0.8873918652534485,
        0.8873885273933411,
        0.8873841762542725,
        0.8873792886734009,
        0.8873744606971741,
        0.8873704075813293,
        0.8873671889305115,
        0.8873645663261414,
        0.887362539768219,
        0.8873612284660339,
        0.8873600959777832,
        0.8873592615127563,
        0.8873586058616638,
        0.8873578906059265,
        0.8873573541641235,
        0.8873568773269653,
        0.8873563408851624,
        0.8873559236526489,
        0.8873554468154907,
        0.8873549103736877,
        0.8873542547225952,
        0.8873535394668579,
        0.8873524069786072,
        0.8873512148857117,
        0.8873496651649475,
        0.8873481750488281,
        0.8873469233512878,
        0.8873460292816162,
        0.8873453140258789,
        0.8873448371887207,
        0.8873444199562073,
        0.8873441219329834,
        0.88734370470047,
        0.8873434066772461,
        0.8873431086540222,
        0.8873428106307983,
        0.887342631816864,
        0.8873422145843506,
        0.8873419165611267,
        0.8873416185379028,
        0.8873412013053894,
        0.887340784072876,
        0.8873403668403625,
        0.8873397707939148,
        0.8873390555381775,
        0.8873380422592163,
        0.8873363137245178,
        0.8873339295387268,
        0.8873306512832642,
        0.8873274326324463,
        0.8873249292373657,
        0.8873233199119568,
        0.887322187423706,
        0.8873212933540344,
        0.8873204588890076,
        0.8873196244239807,
        0.8873188495635986,
        0.8873181343078613,
        0.887317419052124,
        0.8873166441917419,
        0.8873159885406494,
        0.8873153328895569,
        0.8873146772384644,
        0.8873140811920166,
        0.8873134851455688,
        0.8873130083084106,
        0.8873124718666077,
        0.8873119950294495,
        0.8873116374015808,
        0.8873112797737122,
        0.8873108625411987,
        0.8873105645179749,
        0.887310266494751,
        0.8873100280761719,
        0.8873098492622375,
        0.8873096704483032,
        0.8873094320297241,
        0.8873093128204346,
        0.8873092532157898,
        0.8873090147972107,
        0.8873089551925659,
        0.8873088359832764,
        0.8873087167739868,
        0.887308657169342,
        0.8873085379600525,
        0.8873084187507629,
        0.8873082995414734,
        0.8873082399368286,
        0.8873081207275391,
        0.8873080015182495,
        0.8873079419136047,
        0.8873078227043152,
        0.8873076438903809,
        0.8873075246810913,
        0.887307345867157,
        0.8873072266578674,
