{
    "normalized_frobenius_error": 0.7937409281730652,
    "masked_rmse": 0.10786092281341553,
    "mean_nonzero_value": 1.1494661569595337,
    "relative_rmse": 0.09383566677570343,
    "explained_variance": 0.36997538805007935,
    "computation_time": 1.771312952041626,
    "all_factors_non_negative": true,
    "factor_sparsity": [
        "55.84%",
        "50.65%",
        "38.99%"
    ],
    "device": "mps",
    "best_initialization": "random",
    "errors_history": [
        0.9513064026832581,
        0.9184316992759705,
        0.8895081877708435,
        0.8652803897857666,
        0.8495123386383057,
        0.8376710414886475,
        0.8288773894309998,
        0.8226147294044495,
        0.8179208636283875,
        0.8141463398933411,
        0.8112194538116455,
        0.8090430498123169,
        0.8073976039886475,
        0.806073009967804,
        0.8049352169036865,
        0.8038927316665649,
        0.8028457164764404,
        0.8018730878829956,
        0.8010369539260864,
        0.8002723455429077,
        0.7995936274528503,
        0.7990131974220276,
        0.7984983921051025,
        0.7979855537414551,
        0.797437310218811,
        0.7968823909759521,
        0.7963976263999939,
        0.796034038066864,
        0.7957537770271301,
        0.7955334782600403,
        0.7953707575798035,
        0.7952460050582886,
        0.7951425313949585,
        0.7950523495674133,
        0.7949679493904114,
        0.7948840856552124,
        0.7948011159896851,
        0.7947251796722412,
        0.7946627140045166,
        0.7946079969406128,
        0.7945525646209717,
        0.7944910526275635,
        0.7944092750549316,
        0.7943520545959473,
        0.794297456741333,
        0.7942566275596619,
        0.794223964214325,
        0.7941978573799133,
        0.7941765785217285,
        0.7941577434539795,
        0.7941405177116394,
        0.7941232323646545,
        0.7941046357154846,
        0.7940847873687744,
        0.7940648198127747,
        0.7940480709075928,
        0.7940359115600586,
        0.7940261363983154,
        0.794017493724823,
        0.7940093278884888,
        0.7940016984939575,
        0.7939943671226501,
        0.7939872145652771,
        0.7939802408218384,
        0.7939730882644653,
        0.7939662337303162,
        0.7939593195915222,
        0.7939525246620178,
        0.7939459681510925,
        0.7939394116401672,
        0.7939330339431763,
        0.7939268946647644,
        0.7939212322235107,
        0.7939158082008362,
        0.7939108610153198,
        0.7939064502716064,
        0.7939023971557617,
        0.7938985228538513,
        0.7938950657844543,
        0.7938916683197021,
        0.7938886284828186,
        0.7938855886459351,
        0.7938826084136963,
        0.7938798666000366,
        0.7938770055770874,
        0.7938741445541382,
        0.793871283531189,
        0.7938682436943054,
        0.7938650846481323,
        0.7938618063926697,
        0.7938581705093384,
        0.7938545346260071,
        0.7938506007194519,
        0.7938469052314758,
        0.793843150138855,
        0.7938397526741028,
        0.7938365340232849,
        0.7938331961631775,
        0.7938297390937805,
        0.7938264012336731,
        0.7938229441642761,
        0.7938196659088135,
        0.7938165664672852,
        0.7938140034675598,
        0.7938115000724792,
        0.7938094139099121,
        0.7938076853752136,
        0.7938058972358704,
        0.7938042879104614,
        0.793802797794342,
        0.7938013076782227,
        0.7938000559806824,
        0.7937987446784973,
        0.7937973737716675,
        0.7937961220741272,
        0.7937949895858765,
        0.7937938570976257,
        0.7937926650047302,
        0.793791651725769,
        0.7937905192375183,
        0.7937895059585571,
        0.7937885522842407,
        0.7937875390052795,
        0.7937865257263184,
        0.7937853932380676,
        0.793784499168396,
        0.7937833666801453,
        0.7937823534011841,
        0.7937813401222229,
        0.7937802672386169,
        0.793779194355011,
        0.793778121471405,
        0.7937769293785095,
        0.793775737285614,
        0.7937745451927185,
        0.7937732934951782,
        0.7937719225883484,
        0.7937706708908081,
        0.7937692403793335,
        0.7937678694725037,
        0.7937664985656738,
        0.7937650680541992,
        0.7937635779380798,
        0.7937621474266052,
        0.7937607169151306,
        0.793759286403656,
        0.7937580347061157,
        0.7937566637992859,
        0.7937555313110352,
        0.7937542796134949,
        0.7937533259391785,
        0.7937521934509277,
        0.7937513589859009,
        0.7937504053115845,
        0.7937496900558472,
        0.7937489748001099,
        0.7937483191490173,
        0.7937478423118591,
        0.7937472462654114,
        0.793746829032898,
        0.7937464118003845,
        0.7937459349632263,
        0.7937455773353577,
        0.7937452793121338,
        0.7937449812889099,
        0.7937446236610413,
        0.7937443256378174,
        0.7937440276145935,
        0.7937438488006592,
        0.7937436103820801,
        0.7937433123588562,
        0.7937431335449219,
        0.7937428951263428,
        0.7937426567077637,
        0.7937425374984741,
        0.793742299079895,
        0.7937421798706055,
        0.7937419414520264,
        0.7937418222427368,
        0.7937416434288025,
        0.7937415242195129,
        0.7937414646148682,
        0.7937414050102234,
        0.7937411069869995,
        0.79374098777771,
        0.79374098777771
    ],
    "l1_regularization": 0.0,
    "l2_regularization": 0.0,
    "c1_unique_zones": 26,
    "c2_unique_od_pairs": 53,
    "c1_c2_approach": "top_n",
    "c1_c2_top_n": 2
}