{
    "normalized_frobenius_error": 0.933998703956604,
    "masked_rmse": 0.08176600188016891,
    "mean_nonzero_value": 1.3470518589019775,
    "relative_rmse": 0.06069996580481529,
    "explained_variance": 0.12764644622802734,
    "computation_time": 4.340372085571289,
    "all_factors_non_negative": true,
    "factor_sparsity": [
        "39.13%",
        "43.08%",
        "34.15%"
    ],
    "device": "mps",
    "best_initialization": "random",
    "errors_history": [
        0.986585795879364,
        0.9763588309288025,
        0.964016854763031,
        0.9543493390083313,
        0.9491395950317383,
        0.9461541771888733,
        0.9442315101623535,
        0.9427729249000549,
        0.9415793418884277,
        0.940268337726593,
        0.9381700158119202,
        0.9364691376686096,
        0.9357476234436035,
        0.9353702664375305,
        0.9351279139518738,
        0.9349595904350281,
        0.9348332285881042,
        0.9347260594367981,
        0.9346261620521545,
        0.9345338940620422,
        0.9344541430473328,
        0.9343847632408142,
        0.9343252182006836,
        0.9342754483222961,
        0.9342350363731384,
        0.9342024922370911,
        0.9341758489608765,
        0.9341533780097961,
        0.9341328740119934,
        0.9341163039207458,
        0.9341031908988953,
        0.9340928196907043,
        0.9340840578079224,
        0.9340755939483643,
        0.9340668320655823,
        0.9340568780899048,
        0.9340463876724243,
        0.9340393543243408,
        0.9340346455574036,
        0.9340309500694275,
        0.9340276718139648,
        0.9340249300003052,
        0.9340226054191589,
        0.9340206384658813,
        0.9340188503265381,
        0.9340174198150635,
        0.9340159296989441,
        0.9340143799781799,
        0.9340130090713501,
        0.9340116381645203,
        0.93401038646698,
        0.9340094327926636,
        0.9340085387229919,
        0.9340078830718994,
        0.9340072870254517,
        0.9340066909790039,
        0.9340062141418457,
        0.9340057373046875,
        0.9340052604675293,
        0.9340048432350159,
        0.9340043663978577,
        0.9340038895606995,
        0.934003472328186,
        0.9340028762817383,
        0.9340023994445801,
        0.9340020418167114,
        0.9340015053749084,
        0.9340011477470398,
        0.9340008497238159,
        0.934000551700592,
        0.9340003728866577,
        0.9340000748634338,
        0.9339998960494995,
        0.9339996576309204,
        0.9339995980262756,
        0.9339994192123413,
        0.9339993000030518,
        0.9339991807937622,
        0.9339991211891174,
        0.9339990019798279,
        0.9339988827705383,
        0.9339988231658936,
        0.933998703956604,
        0.933998703956604
    ],
    "l1_regularization": 0.0,
    "l2_regularization": 0.0,
    "c1_unique_zones": 18,
    "c2_unique_od_pairs": 43,
    "c1_c2_approach": "top_n",
    "c1_c2_top_n": 2
}