{
    "normalized_frobenius_error": 0.8564391136169434,
    "masked_rmse": 0.22337251901626587,
    "mean_nonzero_value": 1.345635175704956,
    "relative_rmse": 0.16599783301353455,
    "explained_variance": 0.26651209592819214,
    "computation_time": 0.4541740417480469,
    "all_factors_non_negative": true,
    "factor_sparsity": [
        "14.67%",
        "11.56%",
        "10.83%"
    ],
    "device": "mps",
    "best_initialization": "random",
    "errors_history": [
        0.9414681792259216,
        0.9264146089553833,
        0.908292829990387,
        0.8852087259292603,
        0.8690083622932434,
        0.8624056577682495,
        0.8598097562789917,
        0.8585203886032104,
        0.8577799797058105,
        0.8573312163352966,
        0.8570514917373657,
        0.8568708896636963,
        0.8567501902580261,
        0.8566679358482361,
        0.8566106557846069,
        0.856570303440094,
        0.8565414547920227,
        0.8565202355384827,
        0.856504499912262,
        0.8564925789833069,
        0.8564833998680115,
        0.8564761877059937,
        0.8564704656600952,
        0.856465756893158,
        0.8564618229866028,
        0.8564587235450745,
        0.8564559817314148,
        0.8564538955688477,
        0.8564520478248596,
        0.8564504384994507,
        0.8564490675926208,
        0.8564479947090149,
        0.8564468622207642,
        0.8564459681510925,
        0.8564451932907104,
        0.8564445376396179,
        0.8564439415931702,
        0.8564434051513672,
        0.856442928314209,
        0.8564424514770508,
        0.8564420938491821,
        0.8564417362213135,
        0.8564414381980896,
        0.8564411401748657,
        0.8564408421516418,
        0.8564406633377075,
        0.8564404845237732,
        0.8564403057098389,
        0.8564400672912598,
        0.8564399480819702,
        0.8564397096633911,
        0.8564395308494568,
        0.856439471244812,
        0.8564393520355225,
        0.8564392328262329,
        0.8564391136169434,
        0.8564391136169434
    ],
    "l1_regularization": 0.0,
    "l2_regularization": 0.0,
    "random_state": 122133,
    "c1_unique_zones": 2,
    "c2_unique_od_pairs": 0,
    "c1_c2_approach": "percentage",
    "c1_c2_percentage": 0.2
}