{
    "normalized_frobenius_error": 0.8857555389404297,
    "masked_rmse": 0.1203647330403328,
    "mean_nonzero_value": 1.1494661569595337,
    "relative_rmse": 0.10471359640359879,
    "explained_variance": 0.2154371738433838,
    "computation_time": 0.8478460311889648,
    "all_factors_non_negative": true,
    "factor_sparsity": [
        "30.91%",
        "20.91%",
        "21.67%"
    ],
    "device": "mps",
    "best_initialization": "random",
    "errors_history": [
        0.9577881097793579,
        0.938932478427887,
        0.9186248183250427,
        0.9042825102806091,
        0.8956623077392578,
        0.8913381695747375,
        0.8894842267036438,
        0.8885795474052429,
        0.8880444765090942,
        0.8876631259918213,
        0.8873497247695923,
        0.8870766758918762,
        0.8868433237075806,
        0.8866474032402039,
        0.8864848017692566,
        0.8863527178764343,
        0.8862485289573669,
        0.8861677646636963,
        0.8861050009727478,
        0.8860572576522827,
        0.8860213756561279,
        0.8859935998916626,
        0.8859715461730957,
        0.8859533667564392,
        0.8859378099441528,
        0.8859241604804993,
        0.8859121799468994,
        0.8859020471572876,
        0.8858939409255981,
        0.8858868479728699,
        0.8858791589736938,
        0.8858690857887268,
        0.8858596086502075,
        0.8858526349067688,
        0.8858461976051331,
        0.88583904504776,
        0.8858317732810974,
        0.8858262300491333,
        0.8858218789100647,
        0.8858180046081543,
        0.8858144283294678,
        0.8858112692832947,
        0.8858082890510559,
        0.8858054280281067,
        0.8858028650283813,
        0.8858006000518799,
        0.8857983350753784,
        0.885796308517456,
        0.8857944011688232,
        0.8857926726341248,
        0.8857911229133606,
        0.8857897520065308,
        0.8857882618904114,
        0.8857870101928711,
        0.8857858180999756,
        0.8857848048210144,
        0.8857837915420532,
        0.8857828378677368,
        0.8857819437980652,
        0.8857809901237488,
        0.8857801556587219,
        0.8857794404029846,
        0.8857786059379578,
        0.8857777714729309,
        0.8857768177986145,
        0.8857760429382324,
        0.885775089263916,
        0.8857742547988892,
        0.8857733011245728,
        0.8857725262641907,
        0.885771632194519,
        0.8857709169387817,
        0.885770320892334,
        0.8857696652412415,
        0.8857691884040833,
        0.8857685923576355,
        0.8857681155204773,
        0.8857675194740295,
        0.8857671022415161,
        0.8857666254043579,
        0.8857661485671997,
        0.8857657313346863,
        0.8857653141021729,
        0.8857648372650146,
        0.885764479637146,
        0.8857640624046326,
        0.8857637047767639,
        0.8857632875442505,
        0.8857629895210266,
        0.8857625722885132,
        0.8857619762420654,
        0.8857614398002625,
        0.8857610821723938,
        0.8857607245445251,
        0.8857604265213013,
        0.8857601881027222,
        0.8857598304748535,
        0.8857595920562744,
        0.8857592344284058,
        0.8857590556144714,
        0.8857588171958923,
        0.885758638381958,
        0.8857582807540894,
        0.8857581615447998,
        0.8857579827308655,
        0.8857577443122864,
        0.885757565498352,
        0.8857574462890625,
        0.8857572674751282,
        0.8857570290565491,
        0.8857568502426147,
        0.8857567310333252,
        0.8857566118240356,
        0.8857565522193909,
        0.8857563138008118,
        0.8857561945915222,
        0.8857561349868774,
        0.8857560753822327,
        0.8857559561729431,
        0.8857558369636536,
        0.8857557773590088,
        0.8857556581497192,
        0.8857556581497192
    ],
    "l1_regularization": 0.0,
    "l2_regularization": 0.0,
    "random_state": 130356,
    "c1_unique_zones": 1,
    "c2_unique_od_pairs": 0,
    "c1_c2_approach": "percentage",
    "c1_c2_percentage": 0.2
}