{
    "normalized_frobenius_error": 0.9091500043869019,
    "masked_rmse": 0.11927885562181473,
    "mean_nonzero_value": 1.3623639345169067,
    "relative_rmse": 0.08755286037921906,
    "explained_variance": 0.17344635725021362,
    "computation_time": 0.4271228313446045,
    "all_factors_non_negative": true,
    "factor_sparsity": [
        "28.23%",
        "30.38%",
        "20.83%"
    ],
    "device": "mps",
    "best_initialization": "random",
    "errors_history": [
        0.974509596824646,
        0.9579868316650391,
        0.9437304735183716,
        0.9345741868019104,
        0.9273800849914551,
        0.921229898929596,
        0.9165437817573547,
        0.9134880900382996,
        0.911768913269043,
        0.9107434749603271,
        0.9100987911224365,
        0.9097152948379517,
        0.9094901084899902,
        0.9093613028526306,
        0.9092947840690613,
        0.9092572331428528,
        0.9092332124710083,
        0.9092158079147339,
        0.9092025756835938,
        0.9091929197311401,
        0.9091858267784119,
        0.9091806411743164,
        0.9091768264770508,
        0.9091739654541016,
        0.9091717600822449,
        0.9091698527336121,
        0.9091681241989136,
        0.909166693687439,
        0.9091652631759644,
        0.9091640710830688,
        0.9091630578041077,
        0.9091621041297913,
        0.9091610908508301,
        0.9091603755950928,
        0.9091594815254211,
        0.9091587066650391,
        0.9091578722000122,
        0.9091570973396301,
        0.909156322479248,
        0.9091556668281555,
        0.9091550707817078,
        0.9091544151306152,
        0.909153938293457,
        0.9091534614562988,
        0.9091531038284302,
        0.9091526865959167,
        0.9091523289680481,
        0.9091521501541138,
        0.9091518521308899,
        0.909151554107666,
        0.9091513752937317,
        0.9091510772705078,
        0.9091509580612183,
        0.9091507792472839,
        0.9091506004333496,
        0.9091504812240601,
        0.9091503024101257,
        0.9091501832008362,
        0.9091500043869019,
        0.9091500043869019
    ],
    "l1_regularization": 0.0,
    "l2_regularization": 0.0,
    "random_state": 284531,
    "c1_unique_zones": 2,
    "c2_unique_od_pairs": 0,
    "c1_c2_approach": "percentage",
    "c1_c2_percentage": 0.2
}