{
    "normalized_frobenius_error": 0.8897719979286194,
    "masked_rmse": 0.23206771910190582,
    "mean_nonzero_value": 1.345635175704956,
    "relative_rmse": 0.17245961725711823,
    "explained_variance": 0.20830577611923218,
    "computation_time": 0.5537409782409668,
    "all_factors_non_negative": true,
    "factor_sparsity": [
        "15.56%",
        "14.81%",
        "6.25%"
    ],
    "device": "cpu",
    "best_initialization": "svd",
    "errors_history": [
        0.9207636117935181,
        0.9134458303451538,
        0.9107531309127808,
        0.9093016982078552,
        0.9079456329345703,
        0.9063810706138611,
        0.9045746326446533,
        0.9026581048965454,
        0.9008529782295227,
        0.8993330597877502,
        0.8981453776359558,
        0.8972399830818176,
        0.8965380191802979,
        0.8959713578224182,
        0.895492434501648,
        0.895072340965271,
        0.8946918845176697,
        0.894343912601471,
        0.8940249085426331,
        0.8937322497367859,
        0.893465518951416,
        0.8932225108146667,
        0.8929998278617859,
        0.8927960395812988,
        0.8926085829734802,
        0.8924358487129211,
        0.8922764658927917,
        0.8921284079551697,
        0.8919920325279236,
        0.8918646574020386,
        0.8917465806007385,
        0.8916361927986145,
        0.8915335536003113,
        0.8914387226104736,
        0.8913503885269165,
        0.8912681341171265,
        0.891191840171814,
        0.891120433807373,
        0.8910542130470276,
        0.890991747379303,
        0.8909337520599365,
        0.8908793330192566,
        0.8908289670944214,
        0.89078289270401,
        0.8907406330108643,
        0.8907010555267334,
        0.8906646966934204,
        0.8906322121620178,
        0.8906019330024719,
        0.8905747532844543,
        0.890549898147583,
        0.8905272483825684,
        0.8905067443847656,
        0.8904876708984375,
        0.8904709815979004,
        0.890455424785614,
        0.8904414772987366,
        0.890427827835083,
        0.890416145324707,
        0.8904045820236206,
        0.8903948068618774,
        0.8903853297233582,
        0.890376627445221,
        0.8903683423995972,
        0.8903606534004211,
        0.8903530836105347,
        0.8903464078903198,
        0.8903396129608154,
        0.8903335332870483,
        0.8903272747993469,
        0.8903219103813171,
        0.8903164863586426,
        0.8903113007545471,
        0.8903064131736755,
        0.8903014063835144,
        0.8902965188026428,
        0.8902921676635742,
        0.8902876973152161,
        0.8902837634086609,
        0.8902792930603027,
        0.8902750611305237,
        0.8902719020843506,
        0.8902680277824402,
        0.8902643322944641,
        0.8902602791786194,
        0.8902568817138672,
        0.8902531266212463,
        0.8902499675750732,
        0.8902463316917419,
        0.8902431726455688,
        0.890239953994751,
        0.8902367353439331,
        0.8902332782745361,
        0.8902304172515869,
        0.8902272582054138,
        0.8902241587638855,
        0.8902209401130676,
        0.8902179002761841,
        0.8902151584625244,
        0.8902120590209961,
        0.8902092576026917,
        0.8902062773704529,
        0.8902035355567932,
        0.8902005553245544,
        0.89019775390625,
        0.8901952505111694,
        0.890192449092865,
        0.8901898860931396,
        0.8901875019073486,
        0.8901845812797546,
        0.8901820778846741,
        0.8901790976524353,
        0.8901766538619995,
        0.8901742100715637,
        0.8901715874671936,
        0.8901689052581787,
        0.8901662826538086,
        0.8901636600494385,
        0.8901613354682922,
        0.8901586532592773,
        0.8901563882827759,
        0.8901536464691162,
        0.8901510238647461,
        0.8901484608650208,
        0.8901460766792297,
        0.890143632888794,
        0.8901408314704895,
        0.8901385068893433,
        0.8901357054710388,
        0.8901333212852478,
        0.8901305794715881,
        0.8901280760765076,
        0.890125572681427,
        0.8901228904724121,
        0.8901200890541077,
        0.8901175260543823,
        0.8901146054267883,
        0.8901122212409973,
        0.8901093602180481,
        0.8901066780090332,
        0.8901045918464661,
        0.8901017308235168,
        0.8900987505912781,
        0.8900961875915527,
        0.8900931477546692,
        0.8900906443595886,
        0.8900875449180603,
        0.8900848031044006,
        0.890082061290741,
        0.8900790810585022,
        0.8900765776634216,
        0.8900740742683411,
        0.890071451663971,
        0.8900686502456665,
        0.8900663256645203,
        0.8900635242462158,
        0.8900607228279114,
        0.8900581002235413,
        0.8900555372238159,
        0.8900526165962219,
        0.8900501728057861,
        0.8900474309921265,
        0.8900449872016907,
        0.8900426030158997,
        0.8900399208068848,
        0.8900375366210938,
        0.8900349736213684,
        0.8900326490402222,
        0.8900299668312073,
        0.8900275230407715,
        0.8900251984596252,
        0.8900226354598999,
        0.8900202512741089,
        0.8900178074836731,
        0.8900156617164612,
        0.8900134563446045,
        0.8900114893913269,
        0.8900086283683777,
        0.8900061845779419,
        0.8900039196014404,
        0.8900015950202942,
        0.8899996280670166,
        0.8899973034858704,
        0.8899954557418823,
        0.8899933099746704,
        0.8899916410446167,
        0.8899891972541809,
        0.8899872303009033,
        0.8899850845336914,
        0.8899832963943481,
        0.8899815082550049,
        0.8899794220924377,
        0.8899774551391602,
        0.8899756073951721,
        0.8899734616279602,
        0.8899717330932617,
        0.8899697661399841,
        0.88996821641922,
        0.8899664282798767,
        0.8899646401405334,
        0.889962911605835,
        0.8899612426757812,
        0.8899600505828857,
        0.8899585008621216,
        0.8899569511413574,
        0.8899553418159485,
        0.8899534344673157,
        0.8899520635604858,
        0.8899503350257874,
        0.8899487853050232,
        0.8899476528167725,
        0.8899460434913635,
        0.8899444937705994,
        0.8899429440498352,
        0.8899416327476501,
        0.8899403214454651,
        0.8899387717247009,
        0.8899374604225159,
        0.8899359107017517,
        0.8899347186088562,
        0.8899335861206055,
        0.8899322152137756,
        0.8899312019348145,
        0.8899299502372742,
        0.8899286389350891,
        0.8899277448654175,
        0.8899263739585876,
        0.8899251222610474,
        0.8899240493774414,
        0.8899227976799011,
        0.8899219036102295,
        0.8899204730987549,
        0.889919638633728,
        0.8899185061454773,
        0.889917254447937,
        0.8899164199829102,
        0.8899155259132385,
        0.889914870262146,
        0.8899139761924744,
        0.889913022518158,
        0.8899120092391968,
        0.8899112343788147,
        0.8899099230766296,
        0.889909029006958,
        0.8899081349372864,
        0.8899070620536804,
        0.8899061679840088,
        0.889905571937561,
        0.8899047374725342,
        0.8899038434028625,
        0.8899029493331909,
        0.8899018168449402,
        0.889901340007782,
        0.8899004459381104,
        0.889899730682373,
        0.8898992538452148,
        0.8898983001708984,
        0.8898974657058716,
        0.8898965716362,
        0.889896035194397,
        0.8898950219154358,
        0.8898945450782776,
        0.8898935317993164,
        0.8898926973342896,
        0.8898917436599731,
        0.8898910284042358,
        0.8898903131484985,
        0.8898894190788269,
        0.8898887038230896,
        0.889887809753418,
