{
    "normalized_frobenius_error": 0.8853469491004944,
    "masked_rmse": 0.12030920386314392,
    "mean_nonzero_value": 1.1494661569595337,
    "relative_rmse": 0.10466528683900833,
    "explained_variance": 0.2161608338356018,
    "computation_time": 0.8472678661346436,
    "all_factors_non_negative": true,
    "factor_sparsity": [
        "40.45%",
        "33.18%",
        "20.00%"
    ],
    "device": "mps",
    "best_initialization": "random",
    "errors_history": [
        0.9549303650856018,
        0.9301352500915527,
        0.9181613922119141,
        0.9112952947616577,
        0.9059863686561584,
        0.900915265083313,
        0.8964564800262451,
        0.8932536840438843,
        0.891316294670105,
        0.8902055025100708,
        0.8895134925842285,
        0.8890255093574524,
        0.8886727690696716,
        0.8884027004241943,
        0.8882110118865967,
        0.88807612657547,
        0.8879755735397339,
        0.887900710105896,
        0.8878450393676758,
        0.8878003358840942,
        0.8877605199813843,
        0.8877243399620056,
        0.8876916170120239,
        0.8876597285270691,
        0.8876259922981262,
        0.8875883221626282,
        0.8875443339347839,
        0.8874914646148682,
        0.8874272108078003,
        0.8873484134674072,
        0.8872526288032532,
        0.887137770652771,
        0.887003481388092,
        0.8868517875671387,
        0.8866894245147705,
        0.8865270018577576,
        0.8863742351531982,
        0.8862376809120178,
        0.8861194252967834,
        0.8860193490982056,
        0.8859358429908752,
        0.8858669400215149,
        0.8858107924461365,
        0.8857650756835938,
        0.8857274055480957,
        0.8856934905052185,
        0.8856567740440369,
        0.8856239914894104,
        0.8856027722358704,
        0.8855878710746765,
        0.8855761289596558,
        0.8855668306350708,
        0.8855589628219604,
        0.8855521082878113,
        0.8855454921722412,
        0.8855389952659607,
        0.8855326175689697,
        0.885525643825531,
        0.8855168223381042,
        0.8855046629905701,
        0.8854843974113464,
        0.8854645490646362,
        0.8854554295539856,
        0.8854508996009827,
        0.8854482173919678,
        0.8854461908340454,
        0.8854446411132812,
        0.8854434490203857,
        0.8854421973228455,
        0.8854411244392395,
        0.8854397535324097,
        0.8854383230209351,
        0.8854369521141052,
        0.885435938835144,
        0.8854352831840515,
        0.8854347467422485,
        0.8854341506958008,
        0.8854333162307739,
        0.8854318857192993,
        0.8854281306266785,
        0.8854207396507263,
        0.8854143023490906,
        0.8854116201400757,
        0.8854093551635742,
        0.8854073882102966,
        0.8854060769081116,
        0.8854053020477295,
        0.8854045867919922,
        0.8854035139083862,
        0.88540118932724,
        0.8853940963745117,
        0.8853836059570312,
        0.8853785395622253,
        0.8853741884231567,
        0.8853665590286255,
        0.8853583335876465,
        0.885354220867157,
        0.8853527903556824,
        0.8853520154953003,
        0.8853514790534973,
        0.8853510618209839,
        0.8853506445884705,
        0.8853503465652466,
        0.8853500485420227,
        0.8853497505187988,
        0.8853495717048645,
        0.8853492736816406,
        0.8853491544723511,
        0.885348916053772,
        0.8853487968444824,
        0.8853486180305481,
        0.885348379611969,
        0.8853482604026794,
        0.8853481411933899,
        0.8853480815887451,
        0.8853479027748108,
        0.8853477239608765,
        0.8853476643562317,
        0.8853474855422974,
        0.8853474259376526,
        0.8853473663330078,
        0.8853472471237183,
        0.8853471279144287,
        0.8853470087051392,
        0.8853470087051392
    ],
    "l1_regularization": 0.0,
    "l2_regularization": 0.0,
    "random_state": 671551,
    "c1_unique_zones": 2,
    "c2_unique_od_pairs": 0,
    "c1_c2_approach": "percentage",
    "c1_c2_percentage": 0.2
}