{
    "normalized_frobenius_error": 0.9044068455696106,
    "masked_rmse": 0.11865656077861786,
    "mean_nonzero_value": 1.3623639345169067,
    "relative_rmse": 0.08709608018398285,
    "explained_variance": 0.18204832077026367,
    "computation_time": 0.7125771045684814,
    "all_factors_non_negative": true,
    "factor_sparsity": [
        "46.51%",
        "37.90%",
        "27.78%"
    ],
    "device": "mps",
    "best_initialization": "random",
    "errors_history": [
        0.9755560159683228,
        0.9633885025978088,
        0.9469311833381653,
        0.9346868395805359,
        0.9281466007232666,
        0.9234117269515991,
        0.9191426634788513,
        0.9144691824913025,
        0.9104693531990051,
        0.9082333445549011,
        0.9071022272109985,
        0.9065218567848206,
        0.9062125086784363,
        0.9060347676277161,
        0.9059287309646606,
        0.9058650732040405,
        0.9058229923248291,
        0.9057914018630981,
        0.9057664275169373,
        0.9057458639144897,
        0.9057291150093079,
        0.9057155251502991,
        0.905704140663147,
        0.9056940078735352,
        0.9056838154792786,
        0.9056729078292847,
        0.9056602716445923,
        0.9056448936462402,
        0.9056258201599121,
        0.9056021571159363,
        0.9055734872817993,
        0.9055389165878296,
        0.9054970741271973,
        0.9054474830627441,
        0.9053901433944702,
        0.905325710773468,
        0.9052557349205017,
        0.9051820039749146,
        0.9051060080528259,
        0.9050295352935791,
        0.9049571752548218,
        0.9048904776573181,
        0.9048305153846741,
        0.9047781825065613,
        0.9047336578369141,
        0.9046962857246399,
        0.904665470123291,
        0.9046398401260376,
        0.9046168327331543,
        0.904592752456665,
        0.9045682549476624,
        0.9045450687408447,
        0.9045249819755554,
        0.9045097231864929,
        0.9044997096061707,
        0.9044926166534424,
        0.904487133026123,
        0.9044830203056335,
        0.9044798016548157,
        0.9044773578643799,
        0.9044753909111023,
        0.9044740200042725,
        0.9044728875160217,
        0.9044720530509949,
        0.9044714570045471,
        0.9044708609580994,
        0.9044705033302307,
        0.9044700860977173,
        0.904469907283783,
        0.9044697284698486,
        0.9044695496559143,
        0.9044692516326904,
        0.9044681787490845,
        0.904464066028595,
        0.90445476770401,
        0.9044491648674011,
        0.9044473171234131,
        0.9044452905654907,
        0.9044420719146729,
        0.9044365882873535,
        0.9044289588928223,
        0.9044212102890015,
        0.9044155478477478,
        0.9044125080108643,
        0.9044110178947449,
        0.9044104814529419,
        0.9044100046157837,
        0.9044097065925598,
        0.9044095277786255,
        0.9044093489646912,
        0.9044090509414673,
        0.9044087529182434,
        0.9044085741043091,
        0.9044082760810852,
        0.9044080972671509,
        0.9044076800346375,
        0.9044075012207031,
        0.9044072031974792,
        0.9044071435928345,
        0.9044070243835449,
        0.9044068455696106,
        0.9044068455696106
    ],
    "l1_regularization": 0.0,
    "l2_regularization": 0.0,
    "random_state": 659396,
    "c1_unique_zones": 1,
    "c2_unique_od_pairs": 0,
    "c1_c2_approach": "percentage",
    "c1_c2_percentage": 0.2
}