{
    "normalized_frobenius_error": 0.8564398884773254,
    "masked_rmse": 0.22337274253368378,
    "mean_nonzero_value": 1.345635175704956,
    "relative_rmse": 0.16599799692630768,
    "explained_variance": 0.2665107846260071,
    "computation_time": 0.5551409721374512,
    "all_factors_non_negative": true,
    "factor_sparsity": [
        "14.67%",
        "12.00%",
        "10.83%"
    ],
    "device": "mps",
    "best_initialization": "random",
    "errors_history": [
        0.9427721500396729,
        0.9317755103111267,
        0.916093647480011,
        0.8973109722137451,
        0.8818619251251221,
        0.872626006603241,
        0.8674852848052979,
        0.8640827536582947,
        0.8616307377815247,
        0.8598576784133911,
        0.8586788177490234,
        0.8579527735710144,
        0.8574995398521423,
        0.8572012782096863,
        0.8569996356964111,
        0.8568623065948486,
        0.8567690253257751,
        0.8567045331001282,
        0.856657087802887,
        0.8566195368766785,
        0.85658860206604,
        0.8565635681152344,
        0.8565433621406555,
        0.8565273284912109,
        0.8565142154693604,
        0.8565032482147217,
        0.8564937710762024,
        0.8564856648445129,
        0.8564786314964294,
        0.8564726114273071,
        0.8564674258232117,
        0.8564631342887878,
        0.8564594984054565,
        0.8564565777778625,
        0.8564541935920715,
        0.8564521074295044,
        0.8564504384994507,
        0.8564489483833313,
        0.856447696685791,
        0.8564466238021851,
        0.8564457297325134,
        0.8564450144767761,
        0.8564442992210388,
        0.8564438223838806,
        0.8564432859420776,
        0.8564428091049194,
        0.856442391872406,
        0.8564420938491821,
        0.8564416766166687,
        0.8564415574073792,
        0.8564412593841553,
        0.856441080570221,
        0.8564408421516418,
        0.856440544128418,
        0.8564404845237732,
        0.8564403653144836,
        0.8564401865005493,
        0.8564399480819702,
        0.8564399480819702
    ],
    "l1_regularization": 0.0,
    "l2_regularization": 0.0,
    "random_state": 383451,
    "c1_unique_zones": 2,
    "c2_unique_od_pairs": 0,
    "c1_c2_approach": "percentage",
    "c1_c2_percentage": 0.2
}