{
    "normalized_frobenius_error": 0.8749390840530396,
    "masked_rmse": 0.19531330466270447,
    "mean_nonzero_value": 1.5989879369735718,
    "relative_rmse": 0.12214808166027069,
    "explained_variance": 0.23448169231414795,
    "computation_time": 0.724877119064331,
    "all_factors_non_negative": true,
    "factor_sparsity": [
        "20.05%",
        "26.57%",
        "13.89%"
    ],
    "device": "mps",
    "best_initialization": "random",
    "errors_history": [
        0.9533035159111023,
        0.9321110844612122,
        0.91978520154953,
        0.9114210605621338,
        0.9043427109718323,
        0.8976560235023499,
        0.8909716606140137,
        0.8852087259292603,
        0.8820948600769043,
        0.8804271817207336,
        0.8793301582336426,
        0.878441572189331,
        0.8776682019233704,
        0.8770081400871277,
        0.8764815926551819,
        0.8760865330696106,
        0.8758020401000977,
        0.8756042718887329,
        0.8754681944847107,
        0.8753727674484253,
        0.8753021955490112,
        0.8752455711364746,
        0.8751978278160095,
        0.8751581907272339,
        0.8751262426376343,
        0.8751007914543152,
        0.8750799298286438,
        0.8750625252723694,
        0.8750479817390442,
        0.8750356435775757,
        0.87502521276474,
        0.875016450881958,
        0.8750090599060059,
        0.875002920627594,
        0.8749975562095642,
        0.8749929070472717,
        0.8749886155128479,
        0.8749848008155823,
        0.8749813437461853,
        0.8749780058860779,
        0.8749746084213257,
        0.8749707341194153,
        0.8749668002128601,
        0.8749629855155945,
        0.8749597072601318,
        0.8749570846557617,
        0.8749549984931946,
        0.8749533295631409,
        0.874951958656311,
        0.8749508261680603,
        0.8749496936798096,
        0.8749487996101379,
        0.8749479651451111,
        0.874947190284729,
        0.8749464750289917,
        0.874945878982544,
        0.874945342540741,
        0.8749448657035828,
        0.8749443292617798,
        0.8749438524246216,
        0.8749435544013977,
        0.8749431371688843,
        0.8749428391456604,
        0.8749425411224365,
        0.8749422430992126,
        0.8749419450759888,
        0.8749416470527649,
        0.8749414086341858,
        0.8749412298202515,
        0.8749409914016724,
        0.874940812587738,
        0.8749406337738037,
        0.8749403953552246,
        0.8749403357505798,
        0.8749400973320007,
        0.8749399781227112,
        0.8749399185180664,
        0.8749397993087769,
        0.8749396800994873,
        0.8749396204948425,
        0.874939501285553,
        0.8749393820762634,
        0.8749393224716187,
        0.8749392032623291,
        0.8749390840530396,
        0.87493896484375,
        0.87493896484375
    ],
    "l1_regularization": 0.0,
    "l2_regularization": 0.0,
    "random_state": 42823,
    "c1_unique_zones": 2,
    "c2_unique_od_pairs": 0,
    "c1_c2_approach": "percentage",
    "c1_c2_percentage": 0.2
}