{
    "normalized_frobenius_error": 0.8564386963844299,
    "masked_rmse": 0.2233724296092987,
    "mean_nonzero_value": 1.345635175704956,
    "relative_rmse": 0.16599775850772858,
    "explained_variance": 0.26651281118392944,
    "computation_time": 0.9169299602508545,
    "all_factors_non_negative": true,
    "factor_sparsity": [
        "22.67%",
        "20.89%",
        "12.50%"
    ],
    "device": "mps",
    "best_initialization": "random",
    "errors_history": [
        0.9439716339111328,
        0.9329314827919006,
        0.921750545501709,
        0.9078145623207092,
        0.8917294144630432,
        0.8808935284614563,
        0.8752428293228149,
        0.8725634813308716,
        0.8709733486175537,
        0.8697708249092102,
        0.8686983585357666,
        0.8676637411117554,
        0.8665634989738464,
        0.8653339147567749,
        0.8640029430389404,
        0.8626495599746704,
        0.8612833023071289,
        0.8599656224250793,
        0.8588582277297974,
        0.8578011393547058,
        0.8573427796363831,
        0.8570911884307861,
        0.8569359183311462,
        0.8568341135978699,
        0.8567641973495483,
        0.8567147254943848,
        0.8566786050796509,
        0.8566509485244751,
        0.8566296696662903,
        0.8566132187843323,
        0.8566001057624817,
        0.8565895557403564,
        0.8565809726715088,
        0.8565740585327148,
        0.8565682172775269,
        0.8565629720687866,
        0.8565579652786255,
        0.8565529584884644,
        0.8565471768379211,
        0.856539785861969,
        0.856529951095581,
        0.8565170168876648,
        0.8565024733543396,
        0.8564887046813965,
        0.8564785122871399,
        0.8564720749855042,
        0.856468141078949,
        0.8564656972885132,
        0.8564638495445251,
        0.8564622402191162,
        0.8564608693122864,
        0.8564594984054565,
        0.8564583659172058,
        0.8564574122428894,
        0.856456458568573,
        0.8564557433128357,
        0.8564550876617432,
        0.8564544320106506,
        0.8564538955688477,
        0.8564534187316895,
        0.856453001499176,
        0.8564526438713074,
        0.856452226638794,
        0.8564518690109253,
        0.8564515709877014,
        0.856451153755188,
        0.8564509749412537,
        0.8564506769180298,
        0.8564504384994507,
        0.8564501404762268,
        0.8564499616622925,
        0.8564497232437134,
        0.8564494252204895,
        0.8564491868019104,
        0.8564491271972656,
        0.8564488887786865,
        0.8564486503601074,
        0.8564484715461731,
        0.856448233127594,
        0.8564481735229492,
        0.8564479351043701,
        0.856447696685791,
        0.8564475774765015,
        0.8564473986625671,
        0.8564472198486328,
        0.8564471006393433,
        0.8564468622207642,
        0.8564467430114746,
        0.8564465641975403,
        0.856446385383606,
        0.8564461469650269,
        0.8564459085464478,
        0.8564456701278687,
        0.8564455509185791,
        0.8564452528953552,
        0.8564450144767761,
        0.8564448356628418,
        0.8564445972442627,
        0.8564442992210388,
        0.8564440608024597,
        0.8564438223838806,
        0.8564435243606567,
        0.8564432263374329,
        0.856442928314209,
        0.8564426898956299,
        0.8564422726631165,
        0.8564419150352478,
        0.8564416766166687,
        0.8564414381980896,
        0.856441080570221,
        0.8564409613609314,
        0.856440544128418,
        0.8564404249191284,
        0.8564401865005493,
        0.8564399480819702,
        0.8564397692680359,
        0.8564395308494568,
        0.8564394116401672,
        0.8564393520355225,
        0.8564392328262329,
        0.8564391136169434,
        0.856438934803009,
        0.8564388155937195,
        0.8564387559890747,
        0.8564387559890747
    ],
    "l1_regularization": 0.0,
    "l2_regularization": 0.0,
    "random_state": 902247,
    "c1_unique_zones": 2,
    "c2_unique_od_pairs": 0,
    "c1_c2_approach": "percentage",
    "c1_c2_percentage": 0.2
}