{
    "normalized_frobenius_error": 0.9453031420707703,
    "masked_rmse": 0.12402208149433136,
    "mean_nonzero_value": 1.3623639345169067,
    "relative_rmse": 0.09103447198867798,
    "explained_variance": 0.10640197992324829,
    "computation_time": 3.122076988220215,
    "all_factors_non_negative": true,
    "factor_sparsity": [
        "20.97%",
        "18.82%",
        "6.94%"
    ],
    "device": "mps",
    "best_initialization": "random",
    "errors_history": [
        0.9739189743995667,
        0.9653869271278381,
        0.9585468173027039,
        0.9521467685699463,
        0.9485620260238647,
        0.9467368721961975,
        0.9461221098899841,
        0.9458204507827759,
        0.9456450939178467,
        0.9455410242080688,
        0.9454751014709473,
        0.9454315304756165,
        0.9454019665718079,
        0.9453809857368469,
        0.9453657865524292,
        0.9453544616699219,
        0.9453462362289429,
        0.9453398585319519,
        0.9453350305557251,
        0.945331335067749,
        0.9453283548355103,
        0.9453259706497192,
        0.9453239440917969,
        0.9453223347663879,
        0.9453209042549133,
        0.945319414138794,
        0.9453182220458984,
        0.9453170299530029,
        0.9453158974647522,
        0.9453147649765015,
        0.9453136324882507,
        0.9453125596046448,
        0.9453114867210388,
        0.9453105330467224,
        0.945309579372406,
        0.9453087449073792,
        0.9453079700469971,
        0.9453073143959045,
        0.9453067779541016,
        0.9453062415122986,
        0.9453057646751404,
        0.9453054666519165,
        0.9453051090240479,
        0.945304811000824,
        0.9453045129776001,
        0.9453043341636658,
        0.9453040361404419,
        0.9453039169311523,
        0.9453038573265076,
        0.9453036189079285,
        0.9453035593032837,
        0.9453034400939941,
        0.9453033804893494,
        0.9453032612800598,
        0.9453031420707703,
        0.9453031420707703
    ],
    "l1_regularization": 0.0,
    "l2_regularization": 0.0,
    "random_state": 734209,
    "c1_unique_zones": 2,
    "c2_unique_od_pairs": 0,
    "c1_c2_approach": "percentage",
    "c1_c2_percentage": 0.2
}