{
    "normalized_frobenius_error": 0.8749381899833679,
    "masked_rmse": 0.19531309604644775,
    "mean_nonzero_value": 1.5989879369735718,
    "relative_rmse": 0.12214794754981995,
    "explained_variance": 0.2344832420349121,
    "computation_time": 0.7157721519470215,
    "all_factors_non_negative": true,
    "factor_sparsity": [
        "21.50%",
        "28.74%",
        "14.58%"
    ],
    "device": "mps",
    "best_initialization": "random",
    "errors_history": [
        0.952653169631958,
        0.931843638420105,
        0.9145905375480652,
        0.9042447805404663,
        0.8963716626167297,
        0.8900349736213684,
        0.8859477043151855,
        0.8835322856903076,
        0.8820620775222778,
        0.881141185760498,
        0.8804993629455566,
        0.8800172209739685,
        0.8796440362930298,
        0.8793416023254395,
        0.8790719509124756,
        0.8788057565689087,
        0.8785233497619629,
        0.8782138228416443,
        0.8778747320175171,
        0.8775153160095215,
        0.8771575093269348,
        0.8768268823623657,
        0.87653648853302,
        0.8762772679328918,
        0.8760076761245728,
        0.8757190108299255,
        0.8755112886428833,
        0.8753922581672668,
        0.8753172159194946,
        0.8752642273902893,
        0.8752216100692749,
        0.8751806616783142,
        0.8751333951950073,
        0.8750807642936707,
        0.8750434517860413,
        0.8750241994857788,
        0.8750132322311401,
        0.8750056028366089,
        0.8749998807907104,
        0.8749951124191284,
        0.8749909400939941,
        0.8749871253967285,
        0.8749837875366211,
        0.8749807476997375,
        0.8749780058860779,
        0.8749756217002869,
        0.8749735951423645,
        0.8749717473983765,
        0.8749701380729675,
        0.8749686479568481,
        0.8749672174453735,
        0.8749659657478333,
        0.8749647736549377,
        0.8749635815620422,
        0.8749622702598572,
        0.8749610185623169,
        0.8749599456787109,
        0.8749588131904602,
        0.8749576210975647,
        0.8749563694000244,
        0.8749552965164185,
        0.8749539852142334,
        0.8749526143074036,
        0.8749514222145081,
        0.8749502301216125,
        0.8749489784240723,
        0.8749479055404663,
        0.8749467730522156,
        0.874945878982544,
        0.8749450445175171,
        0.874944269657135,
        0.8749435544013977,
        0.8749430179595947,
        0.874942421913147,
        0.8749420046806335,
        0.8749416470527649,
        0.874941349029541,
        0.8749409317970276,
        0.8749406337738037,
        0.8749403953552246,
        0.8749402165412903,
        0.8749399185180664,
        0.8749397993087769,
        0.8749396204948425,
        0.8749393820762634,
        0.8749393224716187,
        0.8749390840530396,
        0.87493896484375,
        0.8749389052391052,
        0.8749387860298157,
        0.8749386668205261,
        0.8749386072158813,
        0.8749384880065918,
        0.8749383687973022,
        0.8749383091926575,
        0.8749381899833679,
        0.8749381899833679
    ],
    "l1_regularization": 0.0,
    "l2_regularization": 0.0,
    "random_state": 473117,
    "c1_unique_zones": 2,
    "c2_unique_od_pairs": 0,
    "c1_c2_approach": "percentage",
    "c1_c2_percentage": 0.2
}