{
    "normalized_frobenius_error": 0.8628751635551453,
    "masked_rmse": 0.2250511646270752,
    "mean_nonzero_value": 1.345635175704956,
    "relative_rmse": 0.1672452986240387,
    "explained_variance": 0.25544649362564087,
    "computation_time": 0.8132169246673584,
    "all_factors_non_negative": true,
    "factor_sparsity": [
        "23.11%",
        "19.11%",
        "10.83%"
    ],
    "device": "mps",
    "best_initialization": "random",
    "errors_history": [
        0.9457670450210571,
        0.9340702295303345,
        0.9168862104415894,
        0.8996065258979797,
        0.8894996047019958,
        0.8836271166801453,
        0.879591166973114,
        0.8761064410209656,
        0.8729589581489563,
        0.8709115982055664,
        0.8697118163108826,
        0.8689269423484802,
        0.8683300018310547,
        0.8678179383277893,
        0.8673467636108398,
        0.8668779730796814,
        0.866395890712738,
        0.8659088611602783,
        0.8654330372810364,
        0.8649935126304626,
        0.86460942029953,
        0.8642867207527161,
        0.8640240430831909,
        0.8638147115707397,
        0.8636501431465149,
        0.8635217547416687,
        0.8634220361709595,
        0.8633447885513306,
        0.863284707069397,
        0.8632373213768005,
        0.8631989359855652,
        0.8631662130355835,
        0.8631366491317749,
        0.8631076812744141,
        0.8630787134170532,
        0.8630505204200745,
        0.8630250692367554,
        0.8630046248435974,
        0.8629889488220215,
        0.8629767298698425,
        0.8629672527313232,
        0.8629594445228577,
        0.8629527688026428,
        0.8629469871520996,
        0.8629416823387146,
        0.862936794757843,
        0.8629322052001953,
        0.8629279136657715,
        0.8629240989685059,
        0.8629208207130432,
        0.8629180192947388,
        0.862915575504303,
        0.8629133105278015,
        0.8629113435745239,
        0.8629093766212463,
        0.862907886505127,
        0.8629062175750732,
        0.8629047274589539,
        0.862903356552124,
        0.8629021644592285,
        0.8629008531570435,
        0.8628998398780823,
        0.8628987669944763,
        0.8628978729248047,
        0.8628969192504883,
        0.8628959655761719,
        0.862895131111145,
        0.8628944754600525,
        0.8628935813903809,
        0.8628929853439331,
        0.8628922700881958,
        0.862891674041748,
        0.8628909587860107,
        0.8628904223442078,
        0.86288982629776,
        0.8628892302513123,
        0.8628885746002197,
        0.862887978553772,
        0.8628873825073242,
        0.8628867268562317,
        0.8628859519958496,
        0.8628852367401123,
        0.8628845810890198,
        0.8628839254379272,
        0.8628833293914795,
        0.8628827333450317,
        0.8628820776939392,
        0.862881600856781,
        0.8628812432289124,
        0.8628808856010437,
        0.8628804683685303,
        0.8628801107406616,
        0.8628798723220825,
        0.8628795146942139,
        0.8628793358802795,
        0.8628791570663452,
        0.8628788590431213,
        0.862878680229187,
        0.8628785014152527,
        0.8628782629966736,
        0.8628780245780945,
        0.8628779053688049,
        0.8628776669502258,
        0.8628774881362915,
        0.862877368927002,
        0.8628771305084229,
        0.8628769516944885,
        0.8628767728805542,
        0.8628766536712646,
        0.8628764748573303,
        0.8628764152526855,
        0.8628761768341064,
        0.8628760576248169,
        0.8628759384155273,
        0.8628758192062378,
        0.8628756999969482,
        0.8628755807876587,
        0.8628754019737244,
        0.8628752827644348,
        0.8628752827644348
    ],
    "l1_regularization": 0.0,
    "l2_regularization": 0.0,
    "random_state": 832608,
    "c1_unique_zones": 2,
    "c2_unique_od_pairs": 0,
    "c1_c2_approach": "percentage",
    "c1_c2_percentage": 0.2
}