{
    "normalized_frobenius_error": 0.9075006246566772,
    "masked_rmse": 0.11906246095895767,
    "mean_nonzero_value": 1.3623639345169067,
    "relative_rmse": 0.08739402145147324,
    "explained_variance": 0.1764426827430725,
    "computation_time": 0.5425248146057129,
    "all_factors_non_negative": true,
    "factor_sparsity": [
        "35.48%",
        "32.26%",
        "16.67%"
    ],
    "device": "mps",
    "best_initialization": "random",
    "errors_history": [
        0.9687514901161194,
        0.9532879590988159,
        0.9409304261207581,
        0.9299272894859314,
        0.9238394498825073,
        0.9190002083778381,
        0.9153526425361633,
        0.9129142165184021,
        0.9114871025085449,
        0.9106773138046265,
        0.910132646560669,
        0.9097214937210083,
        0.909393846988678,
        0.9090921878814697,
        0.9088255763053894,
        0.9086044430732727,
        0.908420205116272,
        0.9082655906677246,
        0.9081458449363708,
        0.9080626368522644,
        0.9080069661140442,
        0.9079680442810059,
        0.9079397320747375,
        0.9079006910324097,
        0.9078765511512756,
        0.907858669757843,
        0.9078356623649597,
        0.9078208208084106,
        0.9077996015548706,
        0.9077354669570923,
        0.9076505303382874,
        0.907623827457428,
        0.9076074957847595,
        0.9075963497161865,
        0.9075887203216553,
        0.907582700252533,
        0.9075782895088196,
        0.9075745344161987,
        0.9075706005096436,
        0.9075678586959839,
        0.9075649380683899,
        0.9075523018836975,
        0.9075402617454529,
        0.9075372815132141,
        0.9075350761413574,
        0.9075331091880798,
        0.9075309038162231,
        0.9075284004211426,
        0.907525360584259,
        0.9075219631195068,
        0.9075191020965576,
        0.907516598701477,
        0.907514214515686,
        0.9075121283531189,
        0.9075102210044861,
        0.9075086712837219,
        0.9075073599815369,
        0.9075061678886414,
        0.9075053334236145,
        0.9075045585632324,
        0.9075039029121399,
        0.9075033068656921,
        0.9075029492378235,
        0.9075025320053101,
        0.9075021743774414,
        0.9075019955635071,
        0.9075018167495728,
        0.9075015783309937,
        0.9075013995170593,
        0.907501220703125,
        0.9075010418891907,
        0.9075009226799011,
        0.9075008034706116,
        0.9075006246566772,
        0.9075006246566772
    ],
    "l1_regularization": 0.0,
    "l2_regularization": 0.0,
    "random_state": 366714,
    "c1_unique_zones": 1,
    "c2_unique_od_pairs": 0,
    "c1_c2_approach": "percentage",
    "c1_c2_percentage": 0.2
}