{
    "normalized_frobenius_error": 0.8833820223808289,
    "masked_rmse": 0.23040080070495605,
    "mean_nonzero_value": 1.345635175704956,
    "relative_rmse": 0.17122085392475128,
    "explained_variance": 0.2196362018585205,
    "computation_time": 0.45084190368652344,
    "all_factors_non_negative": true,
    "factor_sparsity": [
        "17.78%",
        "15.00%",
        "4.17%"
    ],
    "device": "cpu",
    "best_initialization": "random",
    "errors_history": [
        0.9477877020835876,
        0.9455749988555908,
        0.9451303482055664,
        0.9447475671768188,
        0.9442689418792725,
        0.9435954689979553,
        0.9425941705703735,
        0.9410904049873352,
        0.9389217495918274,
        0.9361191391944885,
        0.9330556988716125,
        0.930199921131134,
        0.9277265071868896,
        0.9255583882331848,
        0.9235680103302002,
        0.9216554164886475,
        0.9197202324867249,
        0.9176134467124939,
        0.9151296615600586,
        0.9120773673057556,
        0.9084680676460266,
        0.9046316146850586,
        0.9009488821029663,
        0.8977270126342773,
        0.8952217102050781,
        0.8934015035629272,
        0.892059862613678,
        0.891012966632843,
        0.8901469707489014,
        0.8893927931785583,
        0.8887168765068054,
        0.8881070017814636,
        0.887561023235321,
        0.8870764970779419,
        0.8866506218910217,
        0.8862782716751099,
        0.8859575390815735,
        0.8856828808784485,
        0.8854506611824036,
        0.8852548003196716,
        0.8850902318954468,
        0.8849502801895142,
        0.884829580783844,
        0.8847253322601318,
        0.8846337795257568,
        0.8845547437667847,
        0.8844868540763855,
        0.8844298124313354,
        0.8843804597854614,
        0.8843376636505127,
        0.8843001127243042,
        0.8842663168907166,
        0.8842358589172363,
        0.8842084407806396,
        0.884183406829834,
        0.8841606974601746,
        0.884139358997345,
        0.8841192722320557,
        0.884100615978241,
        0.88408362865448,
        0.8840670585632324,
        0.8840512037277222,
        0.884036660194397,
        0.8840221762657166,
        0.8840082883834839,
        0.8839951157569885,
        0.8839820027351379,
        0.8839698433876038,
        0.88395756483078,
        0.8839462399482727,
        0.8839351534843445,
        0.8839240074157715,
        0.8839139938354492,
        0.8839036822319031,
        0.8838940858840942,
        0.8838846683502197,
        0.8838750720024109,
        0.8838659524917603,
        0.8838570713996887,
        0.8838490843772888,
        0.8838404417037964,
        0.8838321566581726,
        0.8838241696357727,
        0.8838163018226624,
        0.8838085532188416,
        0.8838005065917969,
        0.8837935328483582,
        0.883786141872406,
        0.8837786316871643,
        0.8837720155715942,
        0.8837651014328003,
        0.8837583661079407,
        0.8837518692016602,
        0.8837453722953796,
        0.8837386965751648,
        0.8837328553199768,
        0.8837265372276306,
        0.883720338344574,
        0.8837146759033203,
        0.8837085962295532,
        0.8837026357650757,
        0.883696973323822,
        0.8836914300918579,
        0.8836857080459595,
        0.8836799263954163,
        0.8836750388145447,
        0.883669912815094,
        0.8836647868156433,
        0.8836597800254822,
        0.8836548328399658,
        0.883650004863739,
        0.8836456537246704,
        0.8836401104927063,
        0.8836355209350586,
        0.8836308121681213,
        0.8836264610290527,
        0.883621871471405,
        0.8836174607276917,
        0.8836131691932678,
        0.8836091160774231,
        0.8836047649383545,
        0.8836009502410889,
        0.8835968971252441,
        0.8835926651954651,
        0.8835893273353577,
        0.8835853934288025,
        0.8835814595222473,
        0.8835780620574951,
        0.883574366569519,
        0.8835710287094116,
        0.8835674524307251,
        0.8835638761520386,
        0.8835605978965759,
        0.8835577964782715,
        0.8835544586181641,
        0.8835515379905701,
        0.8835482001304626,
        0.883544921875,
        0.8835418224334717,
        0.8835390210151672,
        0.8835358619689941,
        0.8835329413414001,
        0.8835296630859375,
        0.8835271596908569,
        0.8835240602493286,
        0.8835214376449585,
        0.883518636226654,
        0.8835152983665466,
        0.8835124969482422,
        0.8835098743438721,
        0.8835069537162781,
        0.8835044503211975,
        0.8835018277168274,
        0.883499264717102,
        0.8834964632987976,
        0.8834940195083618,
        0.8834916949272156,
        0.8834890127182007,
        0.8834865093231201,
        0.8834840059280396,
        0.8834818005561829,
        0.8834792971611023,
        0.8834770917892456,
        0.8834745287895203,
        0.883472204208374,
        0.883469820022583,
        0.8834678530693054,
        0.883465588092804,
        0.8834636211395264,
        0.8834611773490906,
        0.8834591507911682,
        0.8834569454193115,
        0.8834553360939026,
        0.8834532499313354,
        0.8834513425827026,
        0.8834492564201355,
        0.883447527885437,
        0.8834455609321594,
        0.8834440112113953,
        0.8834422826766968,
        0.8834403157234192,
        0.883438766002655,
        0.8834367394447327,
        0.8834349513053894,
        0.8834337592124939,
        0.8834323883056641,
        0.8834309577941895,
        0.8834294080734253,
        0.8834282159805298,
        0.8834266662597656,
        0.8834248781204224,
        0.8834238052368164,
        0.8834224939346313,
        0.8834211826324463,
        0.883419930934906,
        0.8834187984466553,
        0.8834179043769836,
        0.8834164142608643,
        0.8834153413772583,
        0.8834141492843628,
        0.8834132552146912,
        0.8834120631217957,
        0.8834108114242554,
        0.8834096193313599,
        0.8834086656570435,
        0.8834078907966614,
        0.8834070563316345,
        0.8834059834480286,
        0.8834050893783569,
        0.8834043741226196,
        0.8834035992622375,
        0.8834028244018555,
        0.8834020495414734,
        0.8834011554718018,
        0.8834004402160645,
        0.8833997249603271,
        0.8833990097045898,
        0.8833979964256287,
        0.8833974003791809,
        0.8833967447280884,
        0.8833962678909302,
        0.8833953738212585,
        0.8833950161933899,
        0.883394181728363,
        0.8833938837051392,
        0.8833932280540466,
        0.8833926320075989,
        0.8833922147750854,
        0.883391797542572,
        0.8833910226821899,
        0.8833907246589661,
        0.8833903074264526,
        0.8833898901939392,
        0.8833892941474915,
        0.8833887577056885,
        0.8833884596824646,
        0.8833882808685303,
        0.8833874464035034,
        0.8833872079849243,
        0.8833867907524109,
        0.8833863139152527,
        0.8833861351013184,
        0.8833857774734497,
        0.883385181427002,
        0.883384644985199,
        0.8833842873573303,
        0.8833839297294617,
        0.883383572101593,
        0.8833831548690796,
        0.8833826780319214,
        0.8833826184272766,
        0.883382260799408,
        0.8833820223808289,
        0.8833820223808289
    ],
    "ranks": {
        "origin": 3,
        "destination": 4,
        "time": 4
    }
}