{
    "normalized_frobenius_error": 0.8652631044387817,
    "masked_rmse": 0.22567395865917206,
    "mean_nonzero_value": 1.345635175704956,
    "relative_rmse": 0.1677081286907196,
    "explained_variance": 0.2513197660446167,
    "computation_time": 0.9001138210296631,
    "all_factors_non_negative": true,
    "factor_sparsity": [
        "20.00%",
        "16.44%",
        "10.00%"
    ],
    "device": "mps",
    "best_initialization": "random",
    "errors_history": [
        0.9397384524345398,
        0.9237045645713806,
        0.9091060161590576,
        0.8980600237846375,
        0.8913041353225708,
        0.8870713114738464,
        0.8841331005096436,
        0.8818310499191284,
        0.8799595236778259,
        0.8785034418106079,
        0.8774006962776184,
        0.8765249848365784,
        0.8757515549659729,
        0.8749725222587585,
        0.8740953207015991,
        0.8730505704879761,
        0.8718361854553223,
        0.8705575466156006,
        0.8693992495536804,
        0.868507981300354,
        0.8678960204124451,
        0.8674713969230652,
        0.8671561479568481,
        0.8669121265411377,
        0.8666983842849731,
        0.8664897084236145,
        0.8662930727005005,
        0.8661292791366577,
        0.8660005927085876,
        0.8659007549285889,
        0.865816593170166,
        0.8657404780387878,
        0.865681529045105,
        0.8656321167945862,
        0.8655897378921509,
        0.865553081035614,
        0.8655218482017517,
        0.8654951453208923,
        0.8654718995094299,
        0.865450918674469,
        0.8654327392578125,
        0.8654171228408813,
        0.865403950214386,
        0.8653926849365234,
        0.8653833270072937,
        0.8653752207756042,
        0.865367591381073,
        0.8653599619865417,
        0.8653526902198792,
        0.8653449416160583,
        0.8653351664543152,
        0.8653240203857422,
        0.8653141260147095,
        0.8653075695037842,
        0.8653030395507812,
        0.8652995824813843,
        0.8652964234352112,
        0.8652935028076172,
        0.8652907609939575,
        0.865288257598877,
        0.8652859330177307,
        0.8652839064598083,
        0.8652821183204651,
        0.8652806878089905,
        0.865279495716095,
        0.8652783632278442,
        0.8652772903442383,
        0.865276575088501,
        0.8652758598327637,
        0.8652752041816711,
        0.8652746677398682,
        0.86527419090271,
        0.8652737140655518,
        0.8652733564376831,
        0.8652729988098145,
        0.8652727603912354,
        0.8652722835540771,
        0.865272045135498,
        0.8652716875076294,
        0.8652713894844055,
        0.8652712106704712,
        0.8652708530426025,
        0.8652706146240234,
        0.8652702569961548,
        0.8652700185775757,
        0.865269660949707,
        0.8652693629264832,
        0.8652690052986145,
        0.8652686476707458,
        0.8652682900428772,
        0.8652678728103638,
        0.8652674555778503,
        0.8652670383453369,
        0.865266740322113,
        0.8652662038803101,
        0.8652659058570862,
        0.8652655482292175,
        0.8652652502059937,
        0.865264892578125,
        0.8652646541595459,
        0.865264356136322,
        0.8652641773223877,
        0.8652639389038086,
        0.8652637004852295,
        0.8652635216712952,
        0.8652634620666504,
        0.8652633428573608,
        0.8652631640434265,
        0.8652631640434265
    ],
    "l1_regularization": 0.0,
    "l2_regularization": 0.0,
    "random_state": 177805,
    "c1_unique_zones": 3,
    "c2_unique_od_pairs": 0,
    "c1_c2_approach": "percentage",
    "c1_c2_percentage": 0.2
}