{
    "normalized_frobenius_error": 0.8749366402626038,
    "masked_rmse": 0.1953127682209015,
    "mean_nonzero_value": 1.5989879369735718,
    "relative_rmse": 0.12214774638414383,
    "explained_variance": 0.234485924243927,
    "computation_time": 0.45792603492736816,
    "all_factors_non_negative": true,
    "factor_sparsity": [
        "16.18%",
        "21.26%",
        "11.81%"
    ],
    "device": "mps",
    "best_initialization": "random",
    "errors_history": [
        0.9540863037109375,
        0.9250907897949219,
        0.9030753374099731,
        0.8903384804725647,
        0.8829494118690491,
        0.878943145275116,
        0.8770356774330139,
        0.8761678338050842,
        0.8757465481758118,
        0.8755172491073608,
        0.8753717541694641,
        0.8752713203430176,
        0.875198245048523,
        0.8751448392868042,
        0.8751060366630554,
        0.8750777244567871,
        0.8750565052032471,
        0.8750401139259338,
        0.8750267624855042,
        0.8750157356262207,
        0.8750063180923462,
        0.874998152256012,
        0.8749909400939941,
        0.8749846816062927,
        0.8749793171882629,
        0.8749746084213257,
        0.8749704360961914,
        0.8749669194221497,
        0.8749638795852661,
        0.8749611377716064,
        0.8749586939811707,
        0.8749566078186035,
        0.8749547600746155,
        0.874953031539917,
        0.8749516606330872,
        0.8749502301216125,
        0.8749490976333618,
        0.8749479651451111,
        0.8749470114707947,
        0.8749460577964783,
        0.8749452829360962,
        0.8749445676803589,
        0.8749438524246216,
        0.8749432563781738,
        0.8749426603317261,
        0.8749420046806335,
        0.8749416470527649,
        0.8749412298202515,
        0.874940812587738,
        0.8749403953552246,
        0.8749399781227112,
        0.8749396800994873,
        0.8749393820762634,
        0.8749390840530396,
        0.8749387860298157,
        0.8749386072158813,
        0.8749383687973022,
        0.8749381899833679,
        0.8749380111694336,
        0.8749377727508545,
        0.8749375939369202,
        0.8749373555183411,
        0.8749371767044067,
        0.8749369978904724,
        0.8749368786811829,
        0.8749366402626038,
        0.8749366402626038
    ],
    "l1_regularization": 0.0,
    "l2_regularization": 0.0,
    "random_state": 824701,
    "c1_unique_zones": 2,
    "c2_unique_od_pairs": 0,
    "c1_c2_approach": "percentage",
    "c1_c2_percentage": 0.2
}