{
    "normalized_frobenius_error": 0.9225502014160156,
    "masked_rmse": 0.12103816121816635,
    "mean_nonzero_value": 1.3623639345169067,
    "relative_rmse": 0.08884421736001968,
    "explained_variance": 0.148901104927063,
    "computation_time": 0.19273686408996582,
    "all_factors_non_negative": true,
    "factor_sparsity": [
        "12.90%",
        "8.60%",
        "15.83%"
    ],
    "device": "cpu",
    "best_initialization": "svd",
    "errors_history": [
        0.9620183706283569,
        0.94941645860672,
        0.9407248497009277,
        0.9353201985359192,
        0.9317308068275452,
        0.9292515516281128,
        0.927916944026947,
        0.9270797967910767,
        0.9264620542526245,
        0.925998866558075,
        0.9256274104118347,
        0.9253123998641968,
        0.9250336289405823,
        0.9247761964797974,
        0.9245310425758362,
        0.9242929816246033,
        0.9240642189979553,
        0.9238563776016235,
        0.923679769039154,
        0.9235385656356812,
        0.9234279990196228,
        0.9233414530754089,
        0.9232710003852844,
        0.9232116341590881,
        0.9231599569320679,
        0.9231117963790894,
        0.9230645298957825,
        0.9230174422264099,
        0.9229702353477478,
        0.9229228496551514,
        0.9228764176368713,
        0.9228320717811584,
        0.9227921962738037,
        0.9227566719055176,
        0.9227263331413269,
        0.9227006435394287,
        0.9226793050765991,
        0.9226619005203247,
        0.9226475358009338,
        0.9226358532905579,
        0.9226263761520386,
        0.9226179718971252,
        0.9226114749908447,
        0.9226061105728149,
        0.9226014614105225,
        0.9225977659225464,
        0.9225941300392151,
        0.922591507434845,
        0.9225889444351196,
        0.9225870370864868,
        0.922585129737854,
        0.9225835204124451,
        0.9225819706916809,
        0.9225805997848511,
        0.922579288482666,
        0.9225777387619019,
        0.9225764870643616,
        0.9225748777389526,
        0.9225735664367676,
        0.9225724935531616,
        0.9225713610649109,
        0.9225704073905945,
        0.9225693345069885,
        0.9225687384605408,
        0.9225679636001587,
        0.9225674271583557,
        0.922566831111908,
        0.9225665330886841,
        0.9225660562515259,
        0.9225655794143677,
        0.9225650429725647,
        0.9225645661354065,
        0.9225641489028931,
        0.9225634932518005,
        0.9225630164146423,
        0.9225623607635498,
        0.9225615859031677,
        0.92256098985672,
        0.922559916973114,
        0.922559380531311,
        0.9225587248802185,
        0.9225580096244812,
        0.922557532787323,
        0.9225570559501648,
        0.9225567579269409,
        0.9225564002990723,
        0.9225559234619141,
        0.9225556254386902,
        0.922555148601532,
        0.9225548505783081,
        0.922554612159729,
        0.9225541949272156,
        0.9225538969039917,
        0.9225535988807678,
        0.9225534200668335,
        0.9225529432296753,
        0.9225528836250305,
        0.9225525856018066,
        0.9225524067878723,
        0.9225521087646484,
        0.9225519895553589,
        0.9225518107414246,
        0.9225515127182007,
        0.9225514531135559,
        0.9225513339042664,
        0.9225510358810425,
        0.9225507378578186,
        0.9225505590438843,
        0.9225502014160156,
        0.9225502014160156
    ],
    "ranks": {
        "origin": 5,
        "destination": 3,
        "time": 5
    }
}