{
    "normalized_frobenius_error": 0.8564392924308777,
    "masked_rmse": 0.22337259352207184,
    "mean_nonzero_value": 1.345635175704956,
    "relative_rmse": 0.16599789261817932,
    "explained_variance": 0.26651179790496826,
    "computation_time": 0.47919297218322754,
    "all_factors_non_negative": true,
    "factor_sparsity": [
        "14.22%",
        "11.11%",
        "10.83%"
    ],
    "device": "mps",
    "best_initialization": "random",
    "errors_history": [
        0.9419458508491516,
        0.9287747144699097,
        0.9091852307319641,
        0.8906316161155701,
        0.8794904947280884,
        0.8720578551292419,
        0.8663947582244873,
        0.8625066876411438,
        0.8601998090744019,
        0.8588732481002808,
        0.8580787181854248,
        0.8575941324234009,
        0.8572936058044434,
        0.8570966720581055,
        0.8569556474685669,
        0.8568516969680786,
        0.856777012348175,
        0.856721043586731,
        0.8566763997077942,
        0.856639564037323,
        0.8566089868545532,
        0.8565834164619446,
        0.8565618395805359,
        0.8565438389778137,
        0.8565287590026855,
        0.8565161228179932,
        0.8565054535865784,
        0.8564964532852173,
        0.856488823890686,
        0.8564825654029846,
        0.8564771413803101,
        0.8564726114273071,
        0.8564687371253967,
        0.8564653396606445,
        0.8564624786376953,
        0.8564600944519043,
        0.8564580678939819,
        0.8564562201499939,
        0.8564545512199402,
        0.8564531803131104,
        0.8564518094062805,
        0.8564506769180298,
        0.856449544429779,
        0.8564485311508179,
        0.8564474582672119,
        0.8564465641975403,
        0.8564456105232239,
        0.8564447164535522,
        0.8564438819885254,
        0.8564430475234985,
        0.8564424514770508,
        0.8564417958259583,
        0.8564413189888,
        0.8564409613609314,
        0.856440544128418,
        0.8564401865005493,
        0.8564399480819702,
        0.8564397096633911,
        0.8564395904541016,
        0.8564393520355225,
        0.8564393520355225
    ],
    "l1_regularization": 0.0,
    "l2_regularization": 0.0,
    "random_state": 540680,
    "c1_unique_zones": 2,
    "c2_unique_od_pairs": 0,
    "c1_c2_approach": "percentage",
    "c1_c2_percentage": 0.2
}