{
    "normalized_frobenius_error": 0.8407183289527893,
    "masked_rmse": 0.20966622233390808,
    "mean_nonzero_value": 1.3371909856796265,
    "relative_rmse": 0.15679602324962616,
    "explained_variance": 0.29319268465042114,
    "computation_time": 0.3289000988006592,
    "all_factors_non_negative": true,
    "factor_sparsity": [
        "21.90%",
        "12.38%",
        "7.86%"
    ],
    "device": "cpu",
    "best_initialization": "random",
    "errors_history": [
        0.9466482400894165,
        0.9441258907318115,
        0.9436811804771423,
        0.9432615637779236,
        0.9426954388618469,
        0.9418344497680664,
        0.9404386878013611,
        0.9381373524665833,
        0.9345731139183044,
        0.929818868637085,
        0.924009382724762,
        0.9161911010742188,
        0.9067348837852478,
        0.8982117176055908,
        0.8925316333770752,
        0.8893947601318359,
        0.887320339679718,
        0.885463535785675,
        0.8835307955741882,
        0.8814353346824646,
        0.8791700005531311,
        0.8767639398574829,
        0.8742747902870178,
        0.871769905090332,
        0.8693141937255859,
        0.8669600486755371,
        0.8647441864013672,
        0.8626840710639954,
        0.8607841730117798,
        0.8590384125709534,
        0.8574313521385193,
        0.8559659123420715,
        0.854665994644165,
        0.8535577058792114,
        0.8526356220245361,
        0.8518660664558411,
        0.8512115478515625,
        0.8506402969360352,
        0.8501314520835876,
        0.8496764898300171,
        0.8492715358734131,
        0.8489097356796265,
        0.8485859036445618,
        0.8482936024665833,
        0.8480262756347656,
        0.847778856754303,
        0.8475464582443237,
        0.8473263382911682,
        0.8471159934997559,
        0.8469123244285583,
        0.8467153310775757,
        0.8465250730514526,
        0.8463404774665833,
        0.8461624383926392,
        0.8459903597831726,
        0.8458281755447388,
        0.8456788659095764,
        0.8455451130867004,
        0.845425009727478,
        0.8453161716461182,
        0.8452181220054626,
        0.845127522945404,
        0.8450438380241394,
        0.8449663519859314,
        0.844894528388977,
        0.8448282480239868,
        0.8447662591934204,
        0.844709038734436,
        0.844655454158783,
        0.8446051478385925,
        0.8445591330528259,
        0.8445156216621399,
        0.8444749116897583,
        0.8444359302520752,
        0.8443986773490906,
        0.8443630337715149,
        0.8443282842636108,
        0.844294548034668,
        0.8442632555961609,
        0.8442320227622986,
        0.8442022800445557,
        0.8441742062568665,
        0.8441480398178101,
        0.844123363494873,
        0.8441000580787659,
        0.8440784215927124,
        0.8440573811531067,
        0.8440368175506592,
        0.8440169095993042,
        0.8439981341362,
        0.8439795970916748,
        0.8439620733261108,
        0.8439436554908752,
        0.8439260721206665,
        0.8439093828201294,
        0.8438924551010132,
        0.8438762426376343,
        0.8438602685928345,
        0.843843936920166,
        0.8438284993171692,
        0.8438119888305664,
        0.8437955379486084,
        0.8437793850898743,
        0.843762993812561,
        0.8437458872795105,
        0.8437294960021973,
        0.8437122702598572,
        0.843694806098938,
        0.8436778783798218,
        0.8436607718467712,
        0.8436431884765625,
        0.8436253070831299,
        0.8436077237129211,
        0.8435899019241333,
        0.8435719609260559,
        0.8435540795326233,
        0.843536376953125,
        0.8435181975364685,
        0.8435003161430359,
        0.8434829115867615,
        0.8434653282165527,
        0.8434475660324097,
        0.8434308171272278,
        0.8434135317802429,
        0.8433969020843506,
        0.8433804512023926,
        0.8433639407157898,
        0.8433475494384766,
        0.8433306813240051,
        0.8433141708374023,
        0.8432976603507996,
        0.8432812094688416,
        0.8432641625404358,
        0.8432470560073853,
        0.8432298898696899,
        0.8432118892669678,
        0.8431938290596008,
        0.8431748151779175,
        0.8431560397148132,
        0.8431364297866821,
        0.843116283416748,
        0.843095600605011,
        0.8430748581886292,
        0.8430541157722473,
        0.8430335521697998,
        0.843012809753418,
        0.8429918885231018,
        0.8429709076881409,
        0.8429502248764038,
        0.8429301381111145,
        0.8429105281829834,
        0.8428909182548523,
        0.842872142791748,
        0.8428533673286438,
        0.8428356051445007,
        0.8428178429603577,
        0.842801034450531,
        0.8427843451499939,
        0.8427684307098389,
        0.8427532315254211,
        0.8427379727363586,
        0.8427232503890991,
        0.8427090048789978,
        0.8426956534385681,
        0.8426817059516907,
        0.8426682949066162,
        0.8426556587219238,
        0.8426430225372314,
        0.8426311612129211,
        0.8426191210746765,
        0.8426076769828796,
        0.8425962328910828,
        0.8425852060317993,
        0.8425747156143188,
        0.8425643444061279,
        0.8425546288490295,
        0.8425448536872864,
        0.8425357341766357,
        0.8425267338752747,
        0.8425183892250061,
        0.8425096869468689,
        0.8425014615058899,
        0.8424937725067139,
        0.8424862623214722,
        0.8424792289733887,
        0.8424715995788574,
        0.8424648642539978,
        0.8424586057662964,
        0.8424519896507263,
        0.8424462080001831,
        0.842439591884613,
        0.8424340486526489,
        0.8424285650253296,
        0.8424229025840759,
        0.8424177765846252,
        0.8424128293991089,
        0.8424084186553955,
        0.8424037098884583,
        0.8423985838890076,
        0.8423943519592285,
        0.8423898220062256,
        0.84238600730896,
        0.8423812985420227,
        0.8423778414726257,
        0.8423739671707153,
        0.8423699736595154,
        0.8423663377761841,
        0.8423625230789185,
        0.8423587679862976,
        0.842354953289032,
        0.8423516750335693,
        0.8423483371734619,
        0.8423447012901306,
        0.8423412442207336,
        0.842337429523468,
        0.8423336744308472,
        0.8423303961753845,
        0.8423261642456055,
        0.8423224687576294,
        0.8423181772232056,
        0.8423135280609131,
        0.8423089385032654,
        0.8423038721084595,
        0.8422980904579163,
        0.8422924280166626,
        0.8422858715057373,
        0.8422786593437195,
        0.8422712087631226,
        0.8422626256942749,
        0.8422533869743347,
        0.8422433733940125,
        0.8422325849533081,
        0.842221200466156,
        0.8422091007232666,
        0.8421963453292847,
        0.8421831130981445,
        0.8421690464019775,
        0.8421549797058105,
        0.8421409726142883,
        0.8421266078948975,
        0.8421124219894409,
        0.8420978784561157,
        0.8420835733413696,
        0.8420698046684265,
        0.8420560956001282,
        0.8420425653457642,
        0.8420289158821106,
        0.8420157432556152,
        0.8420027494430542,
        0.8419901132583618,
        0.8419773578643799,
        0.8419647216796875,
        0.8419525027275085,
        0.8419397473335266,
        0.8419284224510193,
        0.8419163823127747,
        0.8419045209884644,
        0.8418927788734436,
        0.8418813347816467,
        0.8418698310852051,
        0.8418583869934082,
        0.8418472409248352,
        0.8418356776237488,
        0.841824471950531,
        0.8418131470680237,
        0.8418022990226746,
        0.8417913913726807,
        0.8417803645133972,
        0.8417693972587585,
