{
    "normalized_frobenius_error": 0.8564401865005493,
    "masked_rmse": 0.22337281703948975,
    "mean_nonzero_value": 1.345635175704956,
    "relative_rmse": 0.16599805653095245,
    "explained_variance": 0.2665102481842041,
    "computation_time": 0.8443760871887207,
    "all_factors_non_negative": true,
    "factor_sparsity": [
        "24.44%",
        "20.00%",
        "11.67%"
    ],
    "device": "mps",
    "best_initialization": "random",
    "errors_history": [
        0.9435999393463135,
        0.928706705570221,
        0.912648618221283,
        0.8956982493400574,
        0.8839796781539917,
        0.8769871592521667,
        0.8719756603240967,
        0.8678661584854126,
        0.8649015426635742,
        0.8625888228416443,
        0.860784113407135,
        0.8594776391983032,
        0.8585982918739319,
        0.8580291867256165,
        0.8576573729515076,
        0.857399046421051,
        0.8572027087211609,
        0.8570589423179626,
        0.8569560050964355,
        0.8568764925003052,
        0.8568115234375,
        0.8567566871643066,
        0.8567095994949341,
        0.8566687703132629,
        0.8566335439682007,
        0.8566035628318787,
        0.8565782904624939,
        0.856557309627533,
        0.8565400838851929,
        0.8565260767936707,
        0.8565146923065186,
        0.8565055131912231,
        0.8564980626106262,
        0.8564919233322144,
        0.8564866781234741,
        0.8564823865890503,
        0.8564786314964294,
        0.8564753532409668,
        0.8564726114273071,
        0.8564702868461609,
        0.8564682602882385,
        0.8564667105674744,
        0.8564652800559998,
        0.8564642071723938,
        0.8564631342887878,
        0.8564622402191162,
        0.8564614057540894,
        0.8564605712890625,
        0.85645991563797,
        0.8564593195915222,
        0.8564587831497192,
        0.8564581871032715,
        0.8564577102661133,
        0.8564571738243103,
        0.8564568161964417,
        0.8564563989639282,
        0.8564559817314148,
        0.8564556241035461,
        0.8564552068710327,
        0.8564548492431641,
        0.8564545512199402,
        0.8564541935920715,
        0.8564539551734924,
        0.8564535975456238,
        0.8564533591270447,
        0.856453001499176,
        0.8564528226852417,
        0.856452465057373,
        0.8564522862434387,
        0.8564521074295044,
        0.8564517498016357,
        0.8564516305923462,
        0.8564514517784119,
        0.8564512729644775,
        0.8564510345458984,
        0.8564508557319641,
        0.8564506769180298,
        0.8564504384994507,
        0.8564503192901611,
        0.8564501404762268,
        0.8564500212669373,
        0.8564498424530029,
        0.8564497232437134,
        0.856449544429779,
        0.8564493656158447,
        0.8564491271972656,
        0.8564489483833313,
        0.8564488291740417,
        0.8564487099647522,
        0.8564484715461731,
        0.8564482927322388,
        0.8564481139183044,
        0.8564479947090149,
        0.856447696685791,
        0.8564474582672119,
        0.8564473390579224,
        0.8564471006393433,
        0.8564468026161194,
        0.8564465641975403,
        0.856446385383606,
        0.8564460277557373,
        0.8564457297325134,
        0.8564453721046448,
        0.8564451336860657,
        0.8564448356628418,
        0.8564445376396179,
        0.8564441800117493,
        0.8564438819885254,
        0.8564435839653015,
        0.8564433455467224,
        0.8564429879188538,
        0.8564426898956299,
        0.8564424514770508,
        0.8564422130584717,
        0.856441855430603,
        0.8564416170120239,
        0.8564415574073792,
        0.8564412593841553,
        0.856441080570221,
        0.8564409017562866,
        0.8564408421516418,
        0.8564406633377075,
        0.8564404845237732,
        0.8564403653144836,
        0.8564401865005493,
        0.8564401865005493
    ],
    "l1_regularization": 0.0,
    "l2_regularization": 0.0,
    "random_state": 220477,
    "c1_unique_zones": 2,
    "c2_unique_od_pairs": 0,
    "c1_c2_approach": "percentage",
    "c1_c2_percentage": 0.2
}