{
    "normalized_frobenius_error": 0.8634345531463623,
    "masked_rmse": 0.22519706189632416,
    "mean_nonzero_value": 1.345635175704956,
    "relative_rmse": 0.16735373437404633,
    "explained_variance": 0.25448077917099,
    "computation_time": 0.6301660537719727,
    "all_factors_non_negative": true,
    "factor_sparsity": [
        "16.89%",
        "18.67%",
        "10.83%"
    ],
    "device": "mps",
    "best_initialization": "random",
    "errors_history": [
        0.9441084861755371,
        0.9217509627342224,
        0.9013251662254333,
        0.8886334300041199,
        0.8803962469100952,
        0.8747925758361816,
        0.8712549209594727,
        0.8691570162773132,
        0.8679025769233704,
        0.8671075105667114,
        0.8665664792060852,
        0.8661705851554871,
        0.8658654093742371,
        0.8656299114227295,
        0.865439772605896,
        0.8652719855308533,
        0.865118682384491,
        0.8649749755859375,
        0.8648330569267273,
        0.864687442779541,
        0.8645361065864563,
        0.8643798232078552,
        0.8642224669456482,
        0.864071249961853,
        0.8639339804649353,
        0.8638173937797546,
        0.8637245297431946,
        0.8636549115180969,
        0.8636048436164856,
        0.863569438457489,
        0.863544225692749,
        0.8635257482528687,
        0.8635110259056091,
        0.8634985089302063,
        0.8634878396987915,
        0.8634792566299438,
        0.8634718656539917,
        0.8634656667709351,
        0.8634603023529053,
        0.863456130027771,
        0.8634527325630188,
        0.8634501099586487,
        0.8634480237960815,
        0.8634464740753174,
        0.8634450435638428,
        0.8634440898895264,
        0.8634430170059204,
        0.8634421229362488,
        0.8634414076805115,
        0.8634408116340637,
        0.863440215587616,
        0.8634396195411682,
        0.8634390830993652,
        0.8634386658668518,
        0.8634383082389832,
        0.863437831401825,
        0.8634374737739563,
        0.8634372353553772,
        0.8634368181228638,
        0.8634366393089294,
        0.8634363412857056,
        0.8634361624717712,
        0.8634359240531921,
        0.8634357452392578,
        0.8634355664253235,
        0.8634353280067444,
        0.8634351491928101,
        0.8634350299835205,
        0.8634349703788757,
        0.8634347915649414,
        0.8634346723556519,
        0.8634346723556519
    ],
    "l1_regularization": 0.0,
    "l2_regularization": 0.0,
    "random_state": 477881,
    "c1_unique_zones": 1,
    "c2_unique_od_pairs": 0,
    "c1_c2_approach": "percentage",
    "c1_c2_percentage": 0.2
}