{
    "normalized_frobenius_error": 0.8781645894050598,
    "masked_rmse": 0.19603334367275238,
    "mean_nonzero_value": 1.5989879369735718,
    "relative_rmse": 0.12259838730096817,
    "explained_variance": 0.22882699966430664,
    "computation_time": 0.8405559062957764,
    "all_factors_non_negative": true,
    "factor_sparsity": [
        "24.88%",
        "31.40%",
        "15.28%"
    ],
    "device": "mps",
    "best_initialization": "random",
    "errors_history": [
        0.956673800945282,
        0.939411997795105,
        0.921501100063324,
        0.9084866046905518,
        0.901742160320282,
        0.8976211547851562,
        0.8950312733650208,
        0.8929168581962585,
        0.8910531401634216,
        0.8894102573394775,
        0.8880405426025391,
        0.886980414390564,
        0.8862118124961853,
        0.8856425881385803,
        0.8851827383041382,
        0.8847598433494568,
        0.884319007396698,
        0.883811354637146,
        0.883197546005249,
        0.8824577331542969,
        0.8816254138946533,
        0.8807559013366699,
        0.8799866437911987,
        0.8794904351234436,
        0.8791753649711609,
        0.8789655566215515,
        0.8788008689880371,
        0.8786728978157043,
        0.8785856366157532,
        0.8785312175750732,
        0.878494918346405,
        0.8784663081169128,
        0.8784412145614624,
        0.8784172534942627,
        0.8783961534500122,
        0.8783786296844482,
        0.8783622980117798,
        0.8783473372459412,
        0.8783361911773682,
        0.8783260583877563,
        0.8783167600631714,
        0.8783082962036133,
        0.8783007860183716,
        0.8782943487167358,
        0.8782885670661926,
        0.8782832026481628,
        0.8782782554626465,
        0.878273606300354,
        0.878269374370575,
        0.8782653212547302,
        0.8782615661621094,
        0.8782581090927124,
        0.878254771232605,
        0.8782517910003662,
        0.878248929977417,
        0.8782463073730469,
        0.8782438635826111,
        0.8782415390014648,
        0.8782395124435425,
        0.8782376050949097,
        0.8782358169555664,
        0.8782340884208679,
        0.878232479095459,
        0.8782309293746948,
        0.8782296180725098,
        0.8782281875610352,
        0.8782268762588501,
        0.8782256841659546,
        0.8782243728637695,
        0.878223180770874,
        0.8782219290733337,
        0.8782208561897278,
        0.8782196044921875,
        0.878218412399292,
        0.8782171607017517,
        0.8782157897949219,
        0.8782141804695129,
        0.8782121539115906,
        0.8782095909118652,
        0.8782064914703369,
        0.8782031536102295,
        0.878200113773346,
        0.8781974911689758,
        0.8781949281692505,
        0.8781925439834595,
        0.8781899809837341,
        0.8781874775886536,
        0.8781851530075073,
        0.8781828880310059,
        0.8781808614730835,
        0.8781790733337402,
        0.8781774640083313,
        0.8781760334968567,
        0.878174901008606,
        0.8781738877296448,
        0.8781728744506836,
        0.8781720995903015,
        0.8781713843345642,
        0.8781707882881165,
        0.8781701922416687,
        0.8781696557998657,
        0.8781691789627075,
        0.8781687617301941,
        0.8781683444976807,
        0.8781680464744568,
        0.8781676292419434,
        0.8781673312187195,
        0.8781670331954956,
        0.8781668543815613,
        0.8781666159629822,
        0.8781664371490479,
        0.878166139125824,
        0.8781659007072449,
        0.8781657218933105,
        0.8781655430793762,
        0.8781654238700867,
        0.8781652450561523,
        0.8781651258468628,
        0.8781648874282837,
        0.8781648278236389,
        0.8781647086143494,
        0.8781645894050598,
        0.8781645894050598
    ],
    "l1_regularization": 0.0,
    "l2_regularization": 0.0,
    "random_state": 883181,
    "c1_unique_zones": 2,
    "c2_unique_od_pairs": 0,
    "c1_c2_approach": "percentage",
    "c1_c2_percentage": 0.2
}