{
    "normalized_frobenius_error": 0.9570397734642029,
    "masked_rmse": 0.0837831124663353,
    "mean_nonzero_value": 1.3470518589019775,
    "relative_rmse": 0.06219739094376564,
    "explained_variance": 0.08407491445541382,
    "computation_time": 1.1085097789764404,
    "all_factors_non_negative": true,
    "factor_sparsity": [
        "50.00%",
        "56.52%",
        "44.64%"
    ],
    "device": "mps",
    "best_initialization": "svd",
    "errors_history": [
        0.9823431372642517,
        0.9712352156639099,
        0.9649445414543152,
        0.9628874659538269,
        0.9614121317863464,
        0.9600353240966797,
        0.9590370059013367,
        0.9584693908691406,
        0.9581590294837952,
        0.9579711556434631,
        0.9578425288200378,
        0.9577423930168152,
        0.9576724767684937,
        0.9576239585876465,
        0.9575897455215454,
        0.9575709700584412,
        0.9575603604316711,
        0.9575536251068115,
        0.9575480818748474,
        0.9575375318527222,
        0.9575285911560059,
        0.957522451877594,
        0.9575182199478149,
        0.9575160145759583,
        0.957514226436615,
        0.9575120210647583,
        0.9575088620185852,
        0.9575043320655823,
        0.9574983716011047,
        0.9574920535087585,
        0.9574853777885437,
        0.9574781656265259,
        0.9574705958366394,
        0.9574629068374634,
        0.9574561715126038,
        0.957450807094574,
        0.9574463367462158,
        0.9574422240257263,
        0.9574390053749084,
        0.9574365019798279,
        0.9574345350265503,
        0.9574328660964966,
        0.9574317336082458,
        0.9574307203292847,
        0.9574296474456787,
        0.957427978515625,
        0.9574241042137146,
        0.9574194550514221,
        0.9574168920516968,
        0.9574149250984192,
        0.9574133157730103,
        0.9574118256568909,
        0.9574106335639954,
        0.9574095010757446,
        0.9574085474014282,
        0.9574074745178223,
        0.9574058651924133,
        0.9574029445648193,
        0.9573968052864075,
        0.9573876857757568,
        0.957380473613739,
        0.9573754668235779,
        0.9573708772659302,
        0.9573663473129272,
        0.9573614597320557,
        0.9573560953140259,
        0.9573498368263245,
        0.9573431611061096,
        0.9573363065719604,
        0.957329273223877,
        0.9573218822479248,
        0.9573140144348145,
        0.9573054313659668,
        0.9572963714599609,
        0.9572865962982178,
        0.9572761654853821,
        0.95726478099823,
        0.9572519063949585,
        0.9572373032569885,
        0.9572211503982544,
        0.9572045803070068,
        0.9571890830993652,
        0.9571749567985535,
        0.9571623802185059,
        0.9571511745452881,
        0.9571413993835449,
        0.9571327567100525,
        0.9571241736412048,
        0.9571148157119751,
        0.9571029543876648,
        0.9570850729942322,
        0.9570733904838562,
        0.9570678472518921,
        0.9570640325546265,
        0.9570604562759399,
        0.9570569396018982,
        0.9570547938346863,
        0.9570533037185669,
        0.9570522308349609,
        0.9570512771606445,
        0.957050621509552,
        0.9570500254631042,
        0.957049548625946,
        0.9570491313934326,
        0.9570488333702087,
        0.9570485353469849,
        0.9570483565330505,
        0.9570481777191162,
        0.9570480585098267,
        0.9570477604866028,
        0.9570474028587341,
        0.957047164440155,
        0.957046627998352,
        0.9570449590682983,
        0.9570422172546387,
        0.9570404887199402,
        0.9570399522781372,
        0.9570397734642029,
        0.9570397734642029
    ],
    "l1_regularization": 0.0,
    "l2_regularization": 0.0,
    "c1_unique_zones": 13,
    "c2_unique_od_pairs": 24,
    "c1_c2_approach": "top_n",
    "c1_c2_top_n": 2
}