{
    "normalized_frobenius_error": 0.9045613408088684,
    "masked_rmse": 0.11867683380842209,
    "mean_nonzero_value": 1.3623639345169067,
    "relative_rmse": 0.0871109589934349,
    "explained_variance": 0.1817687749862671,
    "computation_time": 0.46576428413391113,
    "all_factors_non_negative": true,
    "factor_sparsity": [
        "38.44%",
        "35.22%",
        "25.69%"
    ],
    "device": "mps",
    "best_initialization": "random",
    "errors_history": [
        0.9721062779426575,
        0.9534501433372498,
        0.9343507289886475,
        0.9224956035614014,
        0.9164541959762573,
        0.9124180674552917,
        0.9091919660568237,
        0.9072115421295166,
        0.906249463558197,
        0.9057570695877075,
        0.9054492115974426,
        0.9052358269691467,
        0.9050788283348083,
        0.9049621224403381,
        0.9048749208450317,
        0.9048101305961609,
        0.9047619700431824,
        0.9047262072563171,
        0.9046984910964966,
        0.9046760201454163,
        0.9046580195426941,
        0.9046434760093689,
        0.9046316742897034,
        0.904621958732605,
        0.9046130180358887,
        0.9046049118041992,
        0.9045978784561157,
        0.9045925736427307,
        0.9045888185501099,
        0.9045860171318054,
        0.9045838117599487,
        0.9045820832252502,
        0.9045806527137756,
        0.9045794010162354,
        0.9045783877372742,
        0.9045773148536682,
        0.9045765399932861,
        0.904575765132904,
        0.9045750498771667,
        0.904574453830719,
        0.9045737981796265,
        0.9045730829238892,
        0.9045725464820862,
        0.9045717716217041,
        0.9045711159706116,
        0.904570460319519,
        0.904569685459137,
        0.9045689105987549,
        0.9045681357383728,
        0.9045674800872803,
        0.9045667052268982,
        0.9045660495758057,
        0.9045654535293579,
        0.9045648574829102,
        0.9045643210411072,
        0.9045639038085938,
        0.9045634269714355,
        0.9045631289482117,
        0.9045628905296326,
        0.9045625925064087,
        0.9045624136924744,
        0.9045621156692505,
        0.9045619368553162,
        0.9045618176460266,
        0.9045616388320923,
        0.9045615196228027,
        0.9045613408088684,
        0.9045613408088684
    ],
    "l1_regularization": 0.0,
    "l2_regularization": 0.0,
    "random_state": 462758,
    "c1_unique_zones": 2,
    "c2_unique_od_pairs": 0,
    "c1_c2_approach": "percentage",
    "c1_c2_percentage": 0.2
}