{
    "normalized_frobenius_error": 0.9416583776473999,
    "masked_rmse": 0.12354518473148346,
    "mean_nonzero_value": 1.3623639345169067,
    "relative_rmse": 0.0906844213604927,
    "explained_variance": 0.11327952146530151,
    "computation_time": 0.1681509017944336,
    "all_factors_non_negative": true,
    "factor_sparsity": [
        "8.87%",
        "16.13%",
        "6.25%"
    ],
    "device": "cpu",
    "best_initialization": "random",
    "errors_history": [
        0.9771851897239685,
        0.9744628667831421,
        0.9733745455741882,
        0.9718878269195557,
        0.9695659875869751,
        0.9664402604103088,
        0.9632014632225037,
        0.9605280160903931,
        0.9585250020027161,
        0.9570803642272949,
        0.9559774994850159,
        0.955083966255188,
        0.9543501734733582,
        0.953752875328064,
        0.953273594379425,
        0.9528843760490417,
        0.9525523781776428,
        0.9522491097450256,
        0.951956570148468,
        0.9516581892967224,
        0.9513384699821472,
        0.9509792327880859,
        0.9505562782287598,
        0.9500468969345093,
        0.9494451880455017,
        0.9487680792808533,
        0.9480393528938293,
        0.9472453594207764,
        0.9463871717453003,
        0.9455440044403076,
        0.9447557926177979,
        0.9440551996231079,
        0.943488359451294,
        0.9430844783782959,
        0.9428166747093201,
        0.9425932168960571,
        0.94242262840271,
        0.9422814249992371,
        0.9421807527542114,
        0.9421138167381287,
        0.942065417766571,
        0.9420262575149536,
        0.9419915080070496,
        0.9419604539871216,
        0.9419323205947876,
        0.9419030547142029,
        0.9418739676475525,
        0.9418460726737976,
        0.941821277141571,
        0.9418002367019653,
        0.9417821168899536,
        0.9417663216590881,
        0.9417517185211182,
        0.9417369365692139,
        0.9417247772216797,
        0.941716194152832,
        0.9417093992233276,
        0.941703736782074,
        0.941699206829071,
        0.9416953921318054,
        0.9416922330856323,
        0.9416893720626831,
        0.9416871070861816,
        0.9416849613189697,
        0.9416829347610474,
        0.941681444644928,
        0.9416798949241638,
        0.9416789412498474,
        0.9416778087615967,
        0.9416765570640564,
        0.9416754245758057,
        0.9416744709014893,
        0.9416733980178833,
        0.9416724443435669,
        0.9416718482971191,
        0.9416710734367371,
        0.941670835018158,
        0.9416700601577759,
        0.9416695833206177,
        0.9416691064834595,
        0.9416686296463013,
        0.9416682124137878,
        0.9416678547859192,
        0.9416672587394714,
        0.9416666626930237,
        0.9416664838790894,
        0.9416659474372864,
        0.941665530204773,
        0.9416651725769043,
        0.9416648745536804,
        0.9416645169258118,
        0.9416642189025879,
        0.941663920879364,
        0.9416636228561401,
        0.9416632652282715,
        0.9416628479957581,
        0.9416624903678894,
        0.9416623115539551,
        0.9416620135307312,
        0.9416615962982178,
        0.9416613578796387,
        0.9416610598564148,
        0.9416607618331909,
        0.941660463809967,
        0.9416601657867432,
        0.9416598677635193,
        0.941659688949585,
        0.9416596293449402,
        0.9416593313217163,
        0.9416590332984924,
        0.9416587352752686,
        0.9416583776473999,
        0.9416583776473999
    ],
    "ranks": {
        "origin": 4,
        "destination": 3,
        "time": 2
    }
}