{
    "normalized_frobenius_error": 0.8564408421516418,
    "masked_rmse": 0.22337298095226288,
    "mean_nonzero_value": 1.345635175704956,
    "relative_rmse": 0.165998175740242,
    "explained_variance": 0.26650911569595337,
    "computation_time": 1.486126184463501,
    "all_factors_non_negative": true,
    "factor_sparsity": [
        "30.22%",
        "24.89%",
        "12.50%"
    ],
    "device": "mps",
    "best_initialization": "random",
    "errors_history": [
        0.9409001469612122,
        0.926636278629303,
        0.9101524353027344,
        0.8958806991577148,
        0.8864909410476685,
        0.8806989192962646,
        0.8767580986022949,
        0.8736430406570435,
        0.871056079864502,
        0.8691218495368958,
        0.8678467273712158,
        0.8670268058776855,
        0.8664440512657166,
        0.8659647703170776,
        0.8655329942703247,
        0.865122377872467,
        0.8647121787071228,
        0.8642860651016235,
        0.8638272285461426,
        0.8633056879043579,
        0.8626675605773926,
        0.8619002103805542,
        0.8610899448394775,
        0.8603094816207886,
        0.8596251010894775,
        0.8590677976608276,
        0.858626663684845,
        0.8583171367645264,
        0.8581105470657349,
        0.8579564094543457,
        0.857826828956604,
        0.8577093482017517,
        0.8576009273529053,
        0.857503354549408,
        0.8574151396751404,
        0.8573315143585205,
        0.8572471141815186,
        0.8571584820747375,
        0.8570637702941895,
        0.856995165348053,
        0.8569497466087341,
        0.8569175601005554,
        0.8568946719169617,
        0.8568781018257141,
        0.8568654656410217,
        0.8568551540374756,
        0.8568436503410339,
        0.8568294048309326,
        0.8568154573440552,
        0.8567986488342285,
        0.8567785620689392,
        0.8567605018615723,
        0.8567484617233276,
        0.8567405343055725,
        0.8567339777946472,
        0.8567269444465637,
        0.8567186594009399,
        0.8567087054252625,
        0.8566975593566895,
        0.8566856384277344,
        0.8566739559173584,
        0.8566630482673645,
        0.8566533923149109,
        0.8566440939903259,
        0.8566344976425171,
        0.8566240668296814,
        0.8566122651100159,
        0.8565993309020996,
        0.8565854430198669,
        0.8565709590911865,
        0.8565565347671509,
        0.856542706489563,
        0.8565304279327393,
        0.8565196394920349,
        0.8565104603767395,
        0.8565031886100769,
        0.8564972281455994,
        0.8564925193786621,
        0.8564887642860413,
        0.8564857244491577,
        0.8564833402633667,
        0.8564814329147339,
        0.8564797043800354,
        0.8564783930778503,
        0.8564771413803101,
        0.8564761877059937,
        0.8564751744270325,
        0.8564743399620056,
        0.8564735651016235,
        0.8564727306365967,
        0.8564720749855042,
        0.8564714789390564,
        0.8564709424972534,
        0.8564705848693848,
        0.8564702868461609,
        0.856469988822937,
        0.8564697504043579,
        0.856469452381134,
        0.8564692735671997,
        0.8564691543579102,
        0.8564690351486206,
        0.8564687371253967,
        0.8564685583114624,
        0.8564683198928833,
        0.8564680814743042,
        0.8564678430557251,
        0.8564676642417908,
        0.8564674258232117,
        0.8564673066139221,
        0.8564670085906982,
        0.8564669489860535,
        0.8564667105674744,
        0.85646653175354,
        0.8564663529396057,
        0.8564661145210266,
        0.8564659357070923,
        0.8564655780792236,
        0.856465220451355,
        0.8564649224281311,
        0.8564643859863281,
        0.8564638495445251,
        0.8564632534980774,
        0.8564624786376953,
        0.856461763381958,
        0.8564609289169312,
        0.8564600348472595,
        0.8564592003822327,
        0.8564581871032715,
        0.8564574122428894,
        0.8564565777778625,
        0.85645592212677,
        0.8564552664756775,
        0.8564547300338745,
        0.8564541935920715,
        0.8564537763595581,
        0.8564533591270447,
        0.8564529418945312,
        0.8564525842666626,
        0.8564521670341492,
        0.8564518094062805,
        0.8564515709877014,
        0.856451153755188,
        0.8564509749412537,
        0.8564506769180298,
        0.8564503788948059,
        0.856450080871582,
        0.8564498424530029,
        0.8564496636390686,
        0.8564494252204895,
        0.8564491271972656,
        0.8564488887786865,
        0.8564487099647522,
        0.8564484715461731,
        0.856448233127594,
        0.8564481139183044,
        0.856447696685791,
        0.8564475774765015,
        0.8564473390579224,
        0.8564471006393433,
        0.8564468622207642,
        0.8564465641975403,
        0.856446385383606,
        0.8564462065696716,
        0.8564459085464478,
        0.8564457297325134,
        0.8564453721046448,
        0.8564451932907104,
        0.8564450144767761,
        0.8564447164535522,
        0.8564445376396179,
        0.8564441800117493,
        0.8564440011978149,
        0.8564438223838806,
        0.8564435243606567,
        0.8564433455467224,
        0.8564429879188538,
        0.856442928314209,
        0.8564427495002747,
        0.8564424514770508,
        0.8564422130584717,
        0.8564420938491821,
        0.8564419150352478,
        0.8564417958259583,
        0.8564416170120239,
        0.8564414381980896,
        0.8564412593841553,
        0.8564411401748657,
        0.8564409613609314,
        0.8564409613609314
    ],
    "l1_regularization": 0.0,
    "l2_regularization": 0.0,
    "random_state": 791616,
    "c1_unique_zones": 2,
    "c2_unique_od_pairs": 0,
    "c1_c2_approach": "percentage",
    "c1_c2_percentage": 0.2
}