{
    "normalized_frobenius_error": 0.8809497356414795,
    "masked_rmse": 0.22976647317409515,
    "mean_nonzero_value": 1.345635175704956,
    "relative_rmse": 0.1707494556903839,
    "explained_variance": 0.2239275574684143,
    "computation_time": 0.3500058650970459,
    "all_factors_non_negative": true,
    "factor_sparsity": [
        "15.56%",
        "13.33%",
        "7.50%"
    ],
    "device": "cpu",
    "best_initialization": "svd",
    "errors_history": [
        0.9215644001960754,
        0.9136103987693787,
        0.9104331731796265,
        0.9084857702255249,
        0.9063951373100281,
        0.9036860466003418,
        0.9004890322685242,
        0.8974659442901611,
        0.8950408101081848,
        0.8932245969772339,
        0.8918655514717102,
        0.8908172249794006,
        0.8899738788604736,
        0.8892731666564941,
        0.8886808156967163,
        0.8881775140762329,
        0.887746274471283,
        0.8873744010925293,
        0.8870521783828735,
        0.8867706656455994,
        0.8865256905555725,
        0.8863109350204468,
        0.8861210346221924,
        0.8859509229660034,
        0.8857967257499695,
        0.8856549859046936,
        0.8855235576629639,
        0.8854018449783325,
        0.8852863907814026,
        0.8851764798164368,
        0.8850710391998291,
        0.8849690556526184,
        0.8848699331283569,
        0.8847737312316895,
        0.8846809267997742,
        0.8845913410186768,
        0.8845054507255554,
        0.8844231963157654,
        0.8843438029289246,
        0.8842670917510986,
        0.8841931819915771,
        0.8841205835342407,
        0.8840502500534058,
        0.8839799165725708,
        0.8839094638824463,
        0.8838395476341248,
        0.8837682604789734,
        0.8836954236030579,
        0.8836217522621155,
        0.8835480809211731,
        0.883472740650177,
        0.8833968043327332,
        0.8833214640617371,
        0.8832463622093201,
        0.883171021938324,
        0.8830956220626831,
        0.8830198645591736,
        0.8829444050788879,
        0.8828680515289307,
        0.8827913999557495,
        0.8827121257781982,
        0.8826314806938171,
        0.8825488686561584,
        0.8824648857116699,
        0.8823800086975098,
        0.882294237613678,
        0.882209837436676,
        0.8821282386779785,
        0.8820509910583496,
        0.8819781541824341,
        0.8819124102592468,
        0.8818520903587341,
        0.8817989230155945,
        0.881751537322998,
        0.8817107081413269,
        0.8816749453544617,
        0.8816434741020203,
        0.8816155791282654,
        0.8815902471542358,
        0.8815677762031555,
        0.8815476894378662,
        0.8815291523933411,
        0.8815126419067383,
        0.8814971446990967,
        0.8814829587936401,
        0.8814700245857239,
        0.8814577460289001,
        0.881446361541748,
        0.8814358115196228,
        0.881425678730011,
        0.8814159631729126,
        0.8814073204994202,
        0.8813990950584412,
        0.8813908696174622,
        0.88138347864151,
        0.8813762068748474,
        0.8813697695732117,
        0.8813636302947998,
        0.8813574910163879,
        0.8813519477844238,
        0.8813462257385254,
        0.8813409805297852,
        0.8813357353210449,
        0.8813305497169495,
        0.8813256025314331,
        0.8813206553459167,
        0.8813153505325317,
        0.8813107013702393,
        0.8813051581382751,
        0.881300151348114,
        0.8812949657440186,
        0.8812897801399231,
        0.8812840580940247,
        0.8812786936759949,
        0.8812730312347412,
        0.8812674880027771,
        0.8812617063522339,
        0.8812557458877563,
        0.8812498450279236,
        0.8812443017959595,
        0.881237804889679,
        0.881231963634491,
        0.8812260627746582,
        0.8812199831008911,
        0.8812140822410583,
        0.8812080025672913,
        0.8812023997306824,
        0.881196916103363,
        0.881191611289978,
        0.8811862468719482,
        0.8811808824539185,
        0.8811757564544678,
        0.8811708092689514,
        0.8811661601066589,
        0.8811614513397217,
        0.8811566829681396,
        0.8811522126197815,
        0.8811478614807129,
        0.8811430931091309,
        0.881138801574707,
        0.8811343908309937,
        0.881130576133728,
        0.8811266422271729,
        0.881122887134552,
        0.8811191916465759,
        0.8811156153678894,
        0.8811120986938477,
        0.8811087608337402,
        0.8811057209968567,
        0.8811028003692627,
        0.8811001181602478,
        0.8810973763465881,
        0.8810943961143494,
        0.8810918927192688,
        0.8810893893241882,
        0.8810868859291077,
        0.8810839056968689,
        0.88108229637146,
        0.881079912185669,
        0.8810775876045227,
        0.8810752630233765,
        0.8810734152793884,
        0.8810715079307556,
        0.881069540977478,
        0.88106769323349,
        0.8810659646987915,
        0.8810639977455139,
        0.8810623288154602,
        0.8810606002807617,
        0.8810587525367737,
        0.8810571432113647,
        0.881055474281311,
        0.8810540437698364,
        0.8810524940490723,
        0.8810510039329529,
        0.881049394607544,
        0.8810480237007141,
        0.8810463547706604,
        0.8810451030731201,
        0.8810436129570007,
        0.88104248046875,
        0.8810412287712097,
        0.8810396194458008,
        0.881038248538971,
        0.8810374140739441,
        0.8810359835624695,
        0.8810350894927979,
        0.8810337781906128,
        0.8810325264930725,
        0.8810316324234009,
        0.8810304403305054,
        0.8810293674468994,
        0.8810283541679382,
        0.8810272812843323,
        0.8810261487960815,
        0.8810250163078308,
        0.8810237050056458,
        0.8810226321220398,
        0.8810212016105652,
        0.8810198307037354,
        0.8810181617736816,
        0.8810163140296936,
        0.8810147047042847,
        0.8810126185417175,
        0.8810107111930847,
        0.8810084462165833,
        0.881006121635437,
        0.881003737449646,
        0.881001353263855,
        0.8809993863105774,
        0.8809973001480103,
        0.8809953331947327,
        0.8809937834739685,
        0.8809925317764282,
        0.8809908032417297,
        0.8809900283813477,
        0.8809890151023865,
        0.8809880614280701,
        0.8809871077537537,
        0.880986213684082,
        0.8809856176376343,
        0.8809850811958313,
        0.8809844851493835,
        0.8809841275215149,
        0.8809833526611328,
        0.8809828758239746,
        0.8809824585914612,
        0.8809816837310791,
        0.8809809684753418,
        0.8809807896614075,
        0.8809801936149597,
        0.8809797763824463,
        0.8809791803359985,
        0.8809789419174194,
        0.8809784650802612,
        0.8809782266616821,
        0.8809774518013,
        0.8809770345687866,
        0.8809764981269836,
        0.8809762001037598,
        0.8809756636619568,
        0.8809752464294434,
        0.8809748291969299,
        0.880974292755127,
        0.8809740543365479,
        0.8809736967086792,
        0.880973219871521,
        0.8809731006622314,
        0.880972683429718,
        0.8809723854064941,
        0.8809719681739807,
        0.8809715509414673,
        0.8809711337089539,
        0.8809705376625061,
        0.880970299243927,
        0.880969762802124,
        0.8809692859649658,
        0.8809690475463867,
        0.8809688687324524,
        0.8809686303138733,
        0.8809682130813599,
        0.8809676170349121,
        0.880967378616333,
        0.8809669017791748,
        0.880966305732727,
        0.8809660077095032,
        0.8809657096862793,
        0.8809651732444763,
        0.8809648156166077,
        0.8809643983840942,
