{
    "normalized_frobenius_error": 0.8564400672912598,
    "masked_rmse": 0.22337278723716736,
    "mean_nonzero_value": 1.345635175704956,
    "relative_rmse": 0.16599802672863007,
    "explained_variance": 0.2665104269981384,
    "computation_time": 0.8420019149780273,
    "all_factors_non_negative": true,
    "factor_sparsity": [
        "22.22%",
        "19.11%",
        "11.67%"
    ],
    "device": "mps",
    "best_initialization": "random",
    "errors_history": [
        0.946751594543457,
        0.9355689287185669,
        0.9219217300415039,
        0.9069216251373291,
        0.8953263759613037,
        0.8861506581306458,
        0.8777732253074646,
        0.8705466389656067,
        0.8651189208030701,
        0.8616949319839478,
        0.8598088026046753,
        0.8587016463279724,
        0.858031153678894,
        0.8576162457466125,
        0.8573516607284546,
        0.8571752905845642,
        0.8570488691329956,
        0.8569508790969849,
        0.8568751811981201,
        0.8568193316459656,
        0.8567765355110168,
        0.8567418456077576,
        0.8567121624946594,
        0.8566855192184448,
        0.8566609025001526,
        0.8566374182701111,
        0.856614887714386,
        0.8565935492515564,
        0.8565736413002014,
        0.8565555214881897,
        0.856539785861969,
        0.8565263748168945,
        0.8565151691436768,
        0.8565059900283813,
        0.8564982414245605,
        0.8564919233322144,
        0.8564866781234741,
        0.8564822673797607,
        0.8564785718917847,
        0.8564754724502563,
        0.8564727306365967,
        0.8564703464508057,
        0.8564682602882385,
        0.8564664125442505,
        0.8564648032188416,
        0.8564633727073669,
        0.8564620018005371,
        0.8564608693122864,
        0.8564597368240356,
        0.8564586639404297,
        0.8564576506614685,
        0.8564568161964417,
        0.8564558625221252,
        0.8564550876617432,
        0.8564542531967163,
        0.8564535975456238,
        0.8564528226852417,
        0.8564521074295044,
        0.8564514517784119,
        0.8564507365226746,
        0.8564501404762268,
        0.856449544429779,
        0.8564489483833313,
        0.8564484715461731,
        0.8564479351043701,
        0.8564474582672119,
        0.8564469814300537,
        0.8564465641975403,
        0.8564462065696716,
        0.8564457297325134,
        0.8564453721046448,
        0.8564450144767761,
        0.8564446568489075,
        0.8564444184303284,
        0.8564440011978149,
        0.8564438223838806,
        0.8564435243606567,
        0.8564432859420776,
        0.8564429879188538,
        0.8564428091049194,
        0.8564426898956299,
        0.856442391872406,
        0.8564422726631165,
        0.8564421534538269,
        0.8564420342445374,
        0.8564417958259583,
        0.8564416170120239,
        0.8564415574073792,
        0.8564414381980896,
        0.8564413189888,
        0.8564411401748657,
        0.856441080570221,
        0.8564410209655762,
        0.8564409017562866,
        0.8564407229423523,
        0.8564406633377075,
        0.856440544128418,
        0.8564404845237732,
        0.8564404249191284,
        0.8564403653144836,
        0.8564403057098389,
        0.8564401865005493,
        0.8564400672912598,
        0.8564400672912598
    ],
    "l1_regularization": 0.0,
    "l2_regularization": 0.0,
    "random_state": 118415,
    "c1_unique_zones": 2,
    "c2_unique_od_pairs": 0,
    "c1_c2_approach": "percentage",
    "c1_c2_percentage": 0.2
}