{
    "normalized_frobenius_error": 0.9236268997192383,
    "masked_rmse": 0.19398453831672668,
    "mean_nonzero_value": 1.5507972240447998,
    "relative_rmse": 0.1250869780778885,
    "explained_variance": 0.1469133496284485,
    "computation_time": 0.991797924041748,
    "all_factors_non_negative": true,
    "factor_sparsity": [
        "12.63%",
        "11.11%",
        "9.29%"
    ],
    "device": "cpu",
    "best_initialization": "svd",
    "errors_history": [
        0.9605666995048523,
        0.9591168761253357,
        0.9575052261352539,
        0.9552454352378845,
        0.9522536396980286,
        0.948728084564209,
        0.9451881647109985,
        0.9421399831771851,
        0.93968665599823,
        0.9377430081367493,
        0.9362040162086487,
        0.9349781274795532,
        0.9340054988861084,
        0.933232307434082,
        0.9326046705245972,
        0.9320693016052246,
        0.9315824508666992,
        0.931109607219696,
        0.93063884973526,
        0.9301757216453552,
        0.929739773273468,
        0.9293515086174011,
        0.9290199875831604,
        0.9287394881248474,
        0.9285017251968384,
        0.9282941222190857,
        0.9281084537506104,
        0.9279371500015259,
        0.9277759790420532,
        0.9276232719421387,
        0.9274766445159912,
        0.9273380637168884,
        0.9272089600563049,
        0.9270891547203064,
        0.9269798994064331,
        0.9268799424171448,
        0.9267902374267578,
        0.9267077445983887,
        0.9266319274902344,
        0.9265614748001099,
        0.9264958500862122,
        0.9264333844184875,
        0.9263734817504883,
        0.9263165593147278,
        0.9262617230415344,
        0.9262086153030396,
        0.9261573553085327,
        0.9261078834533691,
        0.9260600209236145,
        0.9260138869285583,
        0.9259679913520813,
        0.9259246587753296,
        0.9258831739425659,
        0.9258423447608948,
        0.9258027076721191,
        0.9257643818855286,
        0.9257275462150574,
        0.9256922006607056,
        0.9256578683853149,
        0.9256241321563721,
        0.9255921840667725,
        0.9255613088607788,
        0.9255310893058777,
        0.9255021214485168,
        0.9254733920097351,
        0.9254453182220459,
        0.9254182577133179,
        0.9253919124603271,
        0.9253657460212708,
        0.9253401160240173,
        0.9253151416778564,
        0.9252904653549194,
        0.9252666234970093,
        0.9252429604530334,
        0.9252200722694397,
        0.9251976609230042,
        0.9251750707626343,
        0.9251525402069092,
        0.9251312017440796,
        0.9251099228858948,
        0.9250894784927368,
        0.9250687956809998,
        0.9250485897064209,
        0.9250297546386719,
        0.925010085105896,
        0.9249909520149231,
        0.9249732494354248,
        0.9249552488327026,
        0.9249381422996521,
        0.9249216318130493,
        0.9249061346054077,
        0.9248911738395691,
        0.9248758554458618,
        0.92486172914505,
        0.9248480200767517,
        0.9248344302177429,
        0.9248210787773132,
        0.9248079657554626,
        0.924794614315033,
        0.9247817397117615,
        0.9247694611549377,
        0.9247567057609558,
        0.9247446060180664,
        0.9247324466705322,
        0.9247196316719055,
        0.9247084856033325,
        0.9246966242790222,
        0.924685537815094,
        0.9246741533279419,
        0.924663782119751,
        0.9246538281440735,
        0.9246442317962646,
        0.9246349930763245,
        0.9246260523796082,
        0.924617350101471,
        0.9246088862419128,
        0.9246009588241577,
        0.9245925545692444,
        0.9245845079421997,
        0.9245772957801819,
        0.9245695471763611,
        0.9245619773864746,
        0.9245548248291016,
        0.9245477914810181,
        0.9245404005050659,
        0.9245326519012451,
        0.9245254397392273,
        0.9245180487632751,
        0.9245105981826782,
        0.9245030879974365,
        0.9244956970214844,
        0.9244877696037292,
        0.9244801998138428,
        0.9244722127914429,
        0.9244641065597534,
        0.9244556427001953,
        0.9244473576545715,
        0.9244385957717896,
        0.9244289398193359,
        0.924419105052948,
        0.9244086146354675,
        0.9243980646133423,
        0.9243869781494141,
        0.9243760108947754,
        0.9243648052215576,
        0.9243536591529846,
        0.9243427515029907,
        0.924331545829773,
        0.9243200421333313,
        0.9243088960647583,
        0.9242983460426331,
        0.9242884516716003,
        0.9242778420448303,
        0.9242681860923767,
        0.9242585301399231,
        0.9242490530014038,
        0.9242404699325562,
        0.9242323637008667,
        0.9242234826087952,
        0.9242157340049744,
        0.9242083430290222,
        0.9242007732391357,
        0.9241933822631836,
        0.9241856336593628,
        0.9241786599159241,
        0.9241719841957092,
        0.924165666103363,
        0.9241589903831482,
        0.9241525530815125,
        0.924145519733429,
        0.9241393208503723,
        0.9241330027580261,
        0.924126148223877,
        0.9241194725036621,
        0.9241129755973816,
        0.9241062998771667,
        0.9241003394126892,
        0.9240940809249878,
        0.9240882992744446,
        0.9240829944610596,
        0.9240779876708984,
        0.9240732789039612,
        0.9240682721138,
        0.9240636825561523,
        0.9240594506263733,
        0.9240552186965942,
        0.9240511059761047,
        0.9240468144416809,
        0.9240431785583496,
        0.9240397214889526,
        0.9240359663963318,
        0.9240323305130005,
        0.9240286946296692,
        0.9240249395370483,
        0.9240213632583618,
        0.9240180850028992,
        0.9240142703056335,
        0.924010694026947,
        0.9240075945854187,
        0.9240041971206665,
        0.9240009188652039,
        0.9239974617958069,
        0.923994243144989,
        0.9239906668663025,
        0.9239876866340637,
        0.9239850044250488,
        0.923981249332428,
        0.9239781498908997,
        0.923974871635437,
        0.9239717125892639,
        0.9239687919616699,
        0.9239656925201416,
        0.9239626526832581,
        0.9239595532417297,
        0.923956573009491,
        0.923953115940094,
        0.9239501953125,
        0.923947274684906,
        0.9239441156387329,
        0.9239408373832703,
        0.9239383339881897,
        0.92393559217453,
        0.923932671546936,
        0.9239295721054077,
        0.9239264130592346,
        0.9239242076873779,
        0.9239212870597839,
        0.9239190220832825,
        0.923916757106781,
        0.9239144325256348,
        0.9239121079444885,
        0.9239100813865662,
        0.9239076375961304,
        0.9239056706428528,
        0.923903226852417,
        0.9239012598991394,
        0.9238997101783752,
        0.9238979816436768,
        0.9238966107368469,
        0.9238949418067932,
        0.9238929748535156,
        0.923891544342041,
        0.9238899350166321,
        0.9238884449005127,
        0.9238871932029724,
        0.9238854050636292,
        0.9238841533660889,
        0.9238827228546143,
        0.9238811135292053,
        0.9238796830177307,
        0.92387855052948,
        0.9238775968551636,
        0.9238765239715576,
        0.9238752722740173,
        0.9238738417625427,
        0.9238725900650024,
        0.9238718152046204,
        0.9238706231117249,
        0.9238698482513428,
        0.9238688349723816,
        0.9238680601119995,
        0.9238669872283936,
        0.9238660931587219,
        0.9238649606704712,
        0.9238641262054443,
        0.9238632321357727,
        0.9238625168800354,
        0.9238617420196533,
        0.923861026763916,
        0.9238602519035339,
