{
    "normalized_frobenius_error": 0.8906003832817078,
    "masked_rmse": 0.23228362202644348,
    "mean_nonzero_value": 1.345635175704956,
    "relative_rmse": 0.17262005805969238,
    "explained_variance": 0.2068309783935547,
    "computation_time": 0.4016151428222656,
    "all_factors_non_negative": true,
    "factor_sparsity": [
        "19.26%",
        "17.78%",
        "4.17%"
    ],
    "device": "cpu",
    "best_initialization": "svd",
    "errors_history": [
        0.9208285808563232,
        0.9135739207267761,
        0.9109519124031067,
        0.9095931053161621,
        0.9083638191223145,
        0.9069605469703674,
        0.9053378701210022,
        0.9035956263542175,
        0.9019271731376648,
        0.9005008935928345,
        0.8993802070617676,
        0.8985297083854675,
        0.8978790044784546,
        0.8973621129989624,
        0.8969327807426453,
        0.8965616226196289,
        0.8962299227714539,
        0.8959298729896545,
        0.8956567645072937,
        0.8954073190689087,
        0.8951809406280518,
        0.8949745893478394,
        0.8947874903678894,
        0.894618570804596,
        0.894464373588562,
        0.8943243026733398,
        0.8941967487335205,
        0.8940796852111816,
        0.8939716219902039,
        0.8938705921173096,
        0.8937773704528809,
        0.8936895728111267,
        0.8936063051223755,
        0.8935275673866272,
        0.8934525847434998,
        0.893379807472229,
        0.8933092951774597,
        0.893240213394165,
        0.8931733965873718,
        0.8931068181991577,
        0.8930416107177734,
        0.8929761648178101,
        0.8929122686386108,
        0.8928480744361877,
        0.8927843570709229,
        0.8927209973335266,
        0.8926587104797363,
        0.8925976753234863,
        0.8925384879112244,
        0.8924828767776489,
        0.8924303650856018,
        0.8923810124397278,
        0.8923355937004089,
        0.8922940492630005,
        0.8922569155693054,
        0.8922237753868103,
        0.8921939730644226,
        0.8921672105789185,
        0.8921430110931396,
        0.8921210169792175,
        0.8921011090278625,
        0.892082929611206,
        0.8920655846595764,
        0.8920498490333557,
        0.8920354843139648,
        0.8920208811759949,
        0.8920074105262756,
        0.8919939398765564,
        0.8919813632965088,
        0.8919686675071716,
        0.8919574618339539,
        0.8919454216957092,
        0.891934335231781,
        0.8919240236282349,
        0.891913652420044,
        0.891903817653656,
        0.8918946981430054,
        0.8918860554695129,
        0.8918777704238892,
        0.8918694257736206,
        0.8918619155883789,
        0.8918550610542297,
        0.8918482661247253,
        0.8918421864509583,
        0.8918361067771912,
        0.8918305039405823,
        0.8918254971504211,
        0.8918203115463257,
        0.8918154835700989,
        0.8918112516403198,
        0.8918070197105408,
        0.8918028473854065,
        0.8917993307113647,
        0.89179527759552,
        0.8917917013168335,
        0.8917883634567261,
        0.8917846083641052,
        0.8917813897132874,
        0.8917781710624695,
        0.8917748928070068,
        0.8917717933654785,
        0.8917688131332397,
        0.8917660713195801,
        0.8917629718780518,
        0.8917599320411682,
        0.8917567729949951,
        0.8917538523674011,
        0.8917516469955444,
        0.8917484879493713,
        0.8917450308799744,
        0.8917417526245117,
        0.8917389512062073,
        0.8917356133460999,
        0.891732394695282,
        0.8917297124862671,
        0.8917260766029358,
        0.8917229175567627,
        0.8917193412780762,
        0.8917156457901001,
        0.8917126655578613,
        0.8917094469070435,
        0.8917056322097778,
        0.8917021155357361,
        0.8916981816291809,
        0.8916943669319153,
        0.8916904330253601,
        0.8916865587234497,
        0.8916824460029602,
        0.8916782140731812,
        0.891673743724823,
        0.8916694521903992,
        0.8916652202606201,
        0.8916605710983276,
        0.8916558623313904,
        0.8916513919830322,
        0.8916462063789368,
        0.8916417360305786,
        0.8916364312171936,
        0.8916308879852295,
        0.8916256427764893,
        0.8916200995445251,
        0.891614556312561,
        0.8916085362434387,
        0.8916023969650269,
        0.8915966153144836,
        0.8915897011756897,
        0.8915830850601196,
        0.8915756940841675,
        0.8915679454803467,
        0.8915598392486572,
        0.891551673412323,
        0.8915428519248962,
        0.8915333151817322,
        0.8915229439735413,
        0.8915120363235474,
        0.8915002942085266,
        0.8914880156517029,
        0.8914746046066284,
        0.8914604187011719,
        0.8914456367492676,
        0.8914307355880737,
        0.8914156556129456,
        0.8914000391960144,
        0.8913844227790833,
        0.8913688659667969,
        0.8913536071777344,
        0.8913384079933167,
        0.8913238644599915,
        0.8913093209266663,
        0.8912959694862366,
        0.8912823796272278,
        0.8912695050239563,
        0.8912574052810669,
        0.8912453651428223,
        0.8912332057952881,
        0.8912222981452942,
        0.8912111520767212,
        0.891200840473175,
        0.8911908268928528,
        0.8911811709403992,
        0.8911712765693665,
        0.8911625146865845,
        0.8911533355712891,
        0.8911446332931519,
        0.8911357522010803,
        0.8911277651786804,
        0.8911192417144775,
        0.8911117911338806,
        0.8911038041114807,
        0.8910961747169495,
        0.8910884857177734,
        0.8910805583000183,
        0.8910732269287109,
        0.8910657167434692,
        0.8910579085350037,
        0.8910500407218933,
        0.8910413980484009,
        0.8910329937934875,
        0.891024649143219,
        0.8910170197486877,
        0.891009509563446,
        0.8910018801689148,
        0.8909947276115417,
        0.890988290309906,
        0.8909815549850464,
        0.8909755945205688,
        0.8909692168235779,
        0.8909629583358765,
        0.8909569382667542,
        0.89095139503479,
        0.890945553779602,
        0.8909400105476379,
        0.890934407711029,
        0.8909292221069336,
        0.8909237384796143,
        0.8909189105033875,
        0.8909134268760681,
        0.8909087181091309,
        0.890903890132904,
        0.8908991813659668,
        0.8908947110176086,
        0.8908902406692505,
        0.890885591506958,
        0.8908814191818237,
        0.8908777236938477,
        0.8908739686012268,
        0.8908698558807373,
        0.8908662796020508,
        0.8908624649047852,
        0.8908592462539673,
        0.8908559083938599,
        0.890852153301239,
        0.8908488154411316,
        0.8908458352088928,
        0.8908424973487854,
        0.8908394575119019,
        0.8908363580703735,
        0.89083331823349,
        0.8908297419548035,
        0.890826404094696,
        0.8908237218856812,
        0.8908207416534424,
        0.8908175230026245,
        0.8908147811889648,
        0.8908113241195679,
        0.8908081650733948,
        0.8908049464225769,
        0.890801191329956,
        0.8907977938652039,
        0.8907939195632935,
        0.8907899260520935,
        0.8907851576805115,
        0.890780508518219,
        0.8907758593559265,
        0.890770435333252,
        0.8907647132873535,
        0.8907585740089417,
        0.8907519578933716,
        0.8907458186149597,
        0.8907386660575867,
        0.8907318115234375,
        0.890724241733551,
        0.8907163739204407,
        0.8907089233398438,
        0.8907009959220886,
        0.8906939625740051,
        0.890686571598053,
        0.8906802535057068,
        0.8906732797622681,
