{
    "normalized_frobenius_error": 0.8812633156776428,
    "masked_rmse": 0.11975428462028503,
    "mean_nonzero_value": 1.1494661569595337,
    "relative_rmse": 0.10418252646923065,
    "explained_variance": 0.22337502241134644,
    "computation_time": 0.39533209800720215,
    "all_factors_non_negative": true,
    "factor_sparsity": [
        "23.18%",
        "22.73%",
        "16.67%"
    ],
    "device": "mps",
    "best_initialization": "random",
    "errors_history": [
        0.9567819833755493,
        0.9386405348777771,
        0.915209949016571,
        0.8954238891601562,
        0.8865829110145569,
        0.8839823007583618,
        0.8829586505889893,
        0.8824702501296997,
        0.8821884989738464,
        0.88199782371521,
        0.8818592429161072,
        0.881753146648407,
        0.8816686272621155,
        0.8816002011299133,
        0.8815439343452454,
        0.8814969062805176,
        0.8814570903778076,
        0.8814224600791931,
        0.8813924193382263,
        0.8813673257827759,
        0.8813470602035522,
        0.8813308477401733,
        0.8813177943229675,
        0.881307065486908,
        0.8812978267669678,
        0.8812907934188843,
        0.8812856078147888,
        0.8812814354896545,
        0.8812780380249023,
        0.881275475025177,
        0.8812733888626099,
        0.8812717199325562,
        0.8812702894210815,
        0.8812692761421204,
        0.8812683820724487,
        0.8812674880027771,
        0.8812668323516846,
        0.8812663555145264,
        0.8812659382820129,
        0.8812655806541443,
        0.8812652230262756,
        0.8812649250030518,
        0.8812646269798279,
        0.8812644481658936,
        0.881264328956604,
        0.8812641501426697,
        0.8812639117240906,
        0.8812638521194458,
        0.8812637329101562,
        0.8812636137008667,
        0.8812635540962219,
        0.8812634348869324,
        0.8812633156776428,
        0.8812633156776428
    ],
    "l1_regularization": 0.0,
    "l2_regularization": 0.0,
    "random_state": 634944,
    "c1_unique_zones": 1,
    "c2_unique_od_pairs": 0,
    "c1_c2_approach": "percentage",
    "c1_c2_percentage": 0.2
}