{
    "normalized_frobenius_error": 0.8763692378997803,
    "masked_rmse": 0.19563256204128265,
    "mean_nonzero_value": 1.5989879369735718,
    "relative_rmse": 0.12234774231910706,
    "explained_variance": 0.23197698593139648,
    "computation_time": 0.5908200740814209,
    "all_factors_non_negative": true,
    "factor_sparsity": [
        "18.60%",
        "24.64%",
        "13.89%"
    ],
    "device": "mps",
    "best_initialization": "random",
    "errors_history": [
        0.9553021192550659,
        0.9413129091262817,
        0.9240580201148987,
        0.9077467918395996,
        0.8961178064346313,
        0.8902971744537354,
        0.88748699426651,
        0.8858587741851807,
        0.8846948146820068,
        0.8837188482284546,
        0.8828669786453247,
        0.8821165561676025,
        0.8814256191253662,
        0.8807743787765503,
        0.8801753520965576,
        0.8796493411064148,
        0.8792010545730591,
        0.8788140416145325,
        0.8784883618354797,
        0.8782019019126892,
        0.8779469132423401,
        0.877720057964325,
        0.8775244951248169,
        0.8773660659790039,
        0.8772431015968323,
        0.8771477937698364,
        0.8770698308944702,
        0.8769956231117249,
        0.876910388469696,
        0.8768143057823181,
        0.8767329454421997,
        0.8766792416572571,
        0.876643180847168,
        0.8766157627105713,
        0.8765935897827148,
        0.8765755891799927,
        0.8765609264373779,
        0.8765490055084229,
        0.8765391111373901,
        0.876530647277832,
        0.8765233159065247,
        0.8765168786048889,
        0.8765110969543457,
        0.8765060305595398,
        0.8765015006065369,
        0.8764974474906921,
        0.8764938116073608,
        0.876490592956543,
        0.876487672328949,
        0.8764849305152893,
        0.8764820694923401,
        0.8764793872833252,
        0.876476526260376,
        0.876473605632782,
        0.8764705657958984,
        0.8764675259590149,
        0.8764641880989075,
        0.8764609694480896,
        0.8764583468437195,
        0.8764560222625732,
        0.8764532804489136,
        0.8764494061470032,
        0.8764423727989197,
        0.8764297366142273,
        0.8764121532440186,
        0.876396119594574,
        0.8763858079910278,
        0.8763802647590637,
        0.8763773441314697,
        0.8763756155967712,
        0.8763744831085205,
        0.8763735890388489,
        0.8763728141784668,
        0.8763721585273743,
        0.8763715624809265,
        0.8763712048530579,
        0.8763707876205444,
        0.8763706684112549,
        0.876370370388031,
        0.8763701915740967,
        0.8763699531555176,
        0.8763697743415833,
        0.8763695359230042,
        0.8763694763183594,
        0.8763692378997803,
        0.8763692378997803
    ],
    "l1_regularization": 0.0,
    "l2_regularization": 0.0,
    "random_state": 863042,
    "c1_unique_zones": 2,
    "c2_unique_od_pairs": 0,
    "c1_c2_approach": "percentage",
    "c1_c2_percentage": 0.2
}