{
    "normalized_frobenius_error": 0.8781668543815613,
    "masked_rmse": 0.19603382050991058,
    "mean_nonzero_value": 1.5989879369735718,
    "relative_rmse": 0.12259868532419205,
    "explained_variance": 0.2288230061531067,
    "computation_time": 1.134795904159546,
    "all_factors_non_negative": true,
    "factor_sparsity": [
        "29.23%",
        "34.54%",
        "18.06%"
    ],
    "device": "mps",
    "best_initialization": "random",
    "errors_history": [
        0.954510509967804,
        0.9339250326156616,
        0.9123794436454773,
        0.8993626832962036,
        0.8935877084732056,
        0.8901960253715515,
        0.8875539898872375,
        0.8854453563690186,
        0.8838592767715454,
        0.8826719522476196,
        0.8818201422691345,
        0.881218671798706,
        0.8807743787765503,
        0.8804223537445068,
        0.8801210522651672,
        0.8798611760139465,
        0.8796526193618774,
        0.8794846534729004,
        0.8793447613716125,
        0.8792269229888916,
        0.8791284561157227,
        0.8790468573570251,
        0.8789787292480469,
        0.8789198994636536,
        0.8788676857948303,
        0.878821611404419,
        0.8787816762924194,
        0.878745973110199,
        0.8787108063697815,
        0.8786806464195251,
        0.878654956817627,
        0.8786317110061646,
        0.8786101937294006,
        0.8785901665687561,
        0.8785710334777832,
        0.8785528540611267,
        0.8785349726676941,
        0.8785170912742615,
        0.8784991502761841,
        0.8784821629524231,
        0.8784666061401367,
        0.8784520626068115,
        0.8784385919570923,
        0.878425657749176,
        0.8784135580062866,
        0.8784021139144897,
        0.8783912658691406,
        0.878381073474884,
        0.8783714771270752,
        0.8783622980117798,
        0.8783535957336426,
        0.8783451914787292,
        0.8783373236656189,
        0.8783296942710876,
        0.8783227205276489,
        0.8783160448074341,
        0.8783100247383118,
        0.8783042430877686,
        0.8782987594604492,
        0.8782936334609985,
        0.878288745880127,
        0.8782840371131897,
        0.8782796859741211,
        0.8782756328582764,
        0.878271758556366,
        0.8782681226730347,
        0.8782647252082825,
        0.8782614469528198,
        0.8782583475112915,
        0.8782554268836975,
        0.8782525658607483,
        0.8782498240470886,
        0.8782473206520081,
        0.8782448768615723,
        0.878242552280426,
        0.8782404661178589,
        0.878238320350647,
        0.8782362937927246,
        0.8782343864440918,
        0.8782326579093933,
        0.8782308101654053,
        0.8782291412353516,
        0.8782274723052979,
        0.8782259821891785,
        0.8782244920730591,
        0.8782230615615845,
        0.8782216310501099,
        0.8782202005386353,
        0.8782188296318054,
        0.8782173991203308,
        0.8782156705856323,
        0.87821364402771,
        0.8782111406326294,
        0.8782085180282593,
        0.8782064914703369,
        0.878204882144928,
        0.8782034516334534,
        0.8782021403312683,
        0.878200888633728,
        0.878199577331543,
        0.8781983852386475,
        0.8781973719596863,
        0.8781963586807251,
        0.8781953454017639,
        0.8781943321228027,
        0.8781934380531311,
        0.8781925439834595,
        0.8781915903091431,
        0.878190815448761,
        0.8781898617744446,
        0.878189206123352,
        0.8781883716583252,
        0.8781876564025879,
        0.8781869411468506,
        0.8781862258911133,
        0.8781855702400208,
        0.8781848549842834,
        0.8781841993331909,
        0.8781836032867432,
        0.8781830072402954,
        0.8781824111938477,
        0.8781818151473999,
        0.8781812787055969,
        0.8781806826591492,
        0.8781800866127014,
        0.8781795501708984,
        0.8781789541244507,
        0.8781784772872925,
        0.8781778812408447,
        0.8781773447990417,
        0.8781768679618835,
        0.8781763315200806,
        0.8781758546829224,
        0.8781754374504089,
        0.878174901008606,
        0.8781743049621582,
        0.8781738877296448,
        0.8781734108924866,
        0.8781729936599731,
        0.8781725764274597,
        0.8781722187995911,
        0.8781718015670776,
        0.8781713843345642,
        0.8781709671020508,
        0.8781705498695374,
        0.8781702518463135,
        0.8781699538230896,
        0.8781696557998657,
        0.8781694769859314,
        0.8781691789627075,
        0.8781689405441284,
        0.8781686425209045,
        0.8781684637069702,
        0.8781682252883911,
        0.8781680464744568,
        0.8781678676605225,
        0.8781677484512329,
        0.8781675696372986,
        0.8781673312187195,
        0.8781672120094299,
        0.8781671524047852,
        0.8781670331954956,
        0.8781668543815613,
        0.8781668543815613
    ],
    "l1_regularization": 0.0,
    "l2_regularization": 0.0,
    "random_state": 965664,
    "c1_unique_zones": 2,
    "c2_unique_od_pairs": 0,
    "c1_c2_approach": "percentage",
    "c1_c2_percentage": 0.2
}