{
    "normalized_frobenius_error": 0.9145342707633972,
    "masked_rmse": 0.0903717428445816,
    "mean_nonzero_value": 1.1348214149475098,
    "relative_rmse": 0.07963521033525467,
    "explained_variance": 0.16362708806991577,
    "computation_time": 2.8132128715515137,
    "all_factors_non_negative": true,
    "factor_sparsity": [
        "49.49%",
        "44.04%",
        "39.29%"
    ],
    "device": "mps",
    "best_initialization": "svd",
    "errors_history": [
        0.9655091762542725,
        0.9488700032234192,
        0.9386171102523804,
        0.9330723285675049,
        0.9299059510231018,
        0.928040087223053,
        0.9268830418586731,
        0.9260770082473755,
        0.925419270992279,
        0.9246969223022461,
        0.9235749244689941,
        0.9219018816947937,
        0.9208027720451355,
        0.9203084111213684,
        0.9199689626693726,
        0.919632613658905,
        0.9193375706672668,
        0.919157087802887,
        0.9190433621406555,
        0.9189635515213013,
        0.9188941121101379,
        0.9188222289085388,
        0.9187398552894592,
        0.9186467528343201,
        0.91854327917099,
        0.9184393286705017,
        0.9183427095413208,
        0.9182643294334412,
        0.9182038903236389,
        0.9181580543518066,
        0.9181227684020996,
        0.9180940985679626,
        0.9180688858032227,
        0.9180452227592468,
        0.9180223941802979,
        0.9179973602294922,
        0.9179688692092896,
        0.9179381728172302,
        0.9179074764251709,
        0.9178794026374817,
        0.9178516268730164,
        0.9178227186203003,
        0.9177943468093872,
        0.9177640676498413,
        0.9177283644676208,
        0.9176849722862244,
        0.91764235496521,
        0.9176045656204224,
        0.9175679087638855,
        0.9175302982330322,
        0.9174901247024536,
        0.9174466133117676,
        0.9174001216888428,
        0.9173489212989807,
        0.9172881841659546,
        0.9172155261039734,
        0.9171351194381714,
        0.9170494079589844,
        0.9169597625732422,
        0.916869580745697,
        0.916784405708313,
        0.916707456111908,
        0.9166390895843506,
        0.9165804982185364,
        0.916530430316925,
        0.916485607624054,
        0.9164445400238037,
        0.9164058566093445,
        0.9163734912872314,
        0.9163480401039124,
        0.9163291454315186,
        0.9163150191307068,
        0.9163044095039368,
        0.9162963628768921,
        0.9162898659706116,
        0.916283905506134,
        0.9162771105766296,
        0.9162692427635193,
        0.9162598252296448,
        0.9162532091140747,
        0.9162484407424927,
        0.9162409901618958,
        0.916227400302887,
        0.9162054657936096,
        0.9161912202835083,
        0.9161830544471741,
        0.9161778688430786,
        0.9161738753318787,
        0.9161691665649414,
        0.9161621928215027,
        0.9161542654037476,
        0.9161417484283447,
        0.9161275029182434,
        0.9161169528961182,
        0.9161052703857422,
        0.9160967469215393,
        0.9160924553871155,
        0.9160897135734558,
        0.91608726978302,
        0.9160840511322021,
        0.9160789847373962,
        0.9160741567611694,
        0.9160715937614441,
        0.9160695672035217,
        0.9160674810409546,
        0.9160653948783875,
        0.9160619974136353,
        0.9160520434379578,
        0.916024923324585,
        0.9159985780715942,
        0.9159866571426392,
        0.9159756898880005,
        0.9159643054008484,
        0.9159563183784485,
        0.9159519076347351,
        0.9159491062164307,
        0.9159461855888367,
        0.915938138961792,
        0.9159168004989624,
        0.9159076809883118,
        0.9159045219421387,
        0.9159024357795715,
        0.9159001111984253,
        0.9158948659896851,
        0.9158793687820435,
        0.9158704876899719,
        0.9158665537834167,
        0.9158635139465332,
        0.915861189365387,
        0.9158594012260437,
        0.9158579707145691,
        0.9158567786216736,
        0.9158555865287781,
        0.9158543348312378,
        0.9158528447151184,
        0.9158514142036438,
        0.9158498644828796,
        0.9158483743667603,
        0.9158468842506409,
        0.915845513343811,
        0.9158442616462708,
        0.9158430099487305,
        0.915841817855835,
        0.9158406853675842,
        0.915839433670044,
        0.9158381819725037,
        0.915836751461029,
        0.9158353805541992,
        0.9158338308334351,
        0.9158322811126709,
        0.9158306121826172,
        0.9158288836479187,
        0.9158270955085754,
        0.9158251285552979,
        0.9158229827880859,
        0.9158207178115845,
        0.9158181548118591,
        0.9158153533935547,
        0.9158122539520264,
        0.9158093333244324,
        0.9158066511154175,
        0.9158043265342712,
        0.9158021807670593,
        0.9158002138137817,
        0.9157983660697937,
        0.9157966375350952,
        0.9157950282096863,
        0.9157934784889221,
        0.9157919883728027,
        0.9157904982566833,
        0.9157891869544983,
        0.9157878756523132,
        0.9157866835594177,
        0.9157854914665222,
        0.9157843589782715,
        0.9157832264900208,
        0.9157822132110596,
        0.9157811999320984,
        0.9157801866531372,
        0.9157792329788208,
        0.9157783389091492,
        0.9157774448394775,
        0.9157766699790955,
        0.9157758951187134,
        0.9157751798629761,
        0.9157743453979492,
        0.9157736301422119,
        0.9157729744911194,
        0.9157723188400269,
        0.9157716035842896,
        0.9157708883285522,
        0.9157702326774597,
        0.9157695770263672,
        0.9157689213752747,
        0.9157683253288269,
        0.9157677292823792,
        0.9157671928405762,
        0.9157665967941284,
        0.915766179561615,
        0.915765643119812,
        0.9157651662826538,
        0.9157647490501404,
        0.9157642722129822,
        0.9157638549804688,
        0.9157634377479553,
        0.9157630205154419,
        0.9157626628875732,
        0.9157622456550598,
        0.9157618284225464,
        0.9157614707946777,
        0.9157609939575195,
        0.9157605767250061,
        0.9157600402832031,
        0.9157596230506897,
        0.9157590270042419,
        0.9157583713531494,
        0.9157575964927673,
        0.9157566428184509,
        0.9157555103302002,
        0.9157543182373047,
        0.9157530665397644,
        0.9157518744468689,
        0.9157504439353943,
        0.9157488942146301,
        0.9157470464706421,
        0.9157449007034302,
        0.9157429337501526,
        0.9157410264015198,
        0.9157392382621765,
        0.9157374501228333,
        0.9157356023788452,
        0.9157335162162781,
        0.9157312512397766,
        0.9157288670539856,
        0.9157262444496155,
        0.915723443031311,
        0.915720522403717,
        0.9157174825668335,
        0.9157142043113708,
        0.9157105684280396,
        0.9157065749168396,
        0.9157021045684814,
        0.9156969785690308,
        0.9156913161277771,
        0.9156848192214966,
        0.9156773090362549,
        0.915668785572052,
        0.9156588912010193,
        0.9156472682952881,
        0.9156337976455688,
        0.9156180024147034,
        0.9155995845794678,
        0.9155780076980591,
        0.9155526757240295,
        0.9155234098434448,
        0.9154895544052124,
        0.915451169013977,
        0.9154080748558044,
        0.9153612852096558,
        0.9153114557266235,
        0.9152602553367615,
        0.9152088165283203,
        0.915158748626709,
        0.9151114225387573,
        0.9150680899620056,
        0.9150294661521912,
        0.9149957299232483,
        0.914966881275177,
        0.914942741394043,
