{
    "normalized_frobenius_error": 0.9666423201560974,
    "masked_rmse": 0.08462376147508621,
    "mean_nonzero_value": 1.3470518589019775,
    "relative_rmse": 0.06282145529985428,
    "explained_variance": 0.06560266017913818,
    "computation_time": 1.121962070465088,
    "all_factors_non_negative": true,
    "factor_sparsity": [
        "27.17%",
        "31.16%",
        "26.49%"
    ],
    "device": "mps",
    "best_initialization": "random",
    "errors_history": [
        0.9881626963615417,
        0.9817941188812256,
        0.9761543273925781,
        0.9730450510978699,
        0.9712074995040894,
        0.9699841737747192,
        0.9692571759223938,
        0.9688524603843689,
        0.9685963988304138,
        0.968399167060852,
        0.9682206511497498,
        0.9680410623550415,
        0.9678550958633423,
        0.9676730036735535,
        0.9675096869468689,
        0.9673706293106079,
        0.9672539830207825,
        0.9671551585197449,
        0.9670688509941101,
        0.9669922590255737,
        0.9669247269630432,
        0.9668667316436768,
        0.9668182134628296,
        0.9667787551879883,
        0.9667473435401917,
        0.9667226076126099,
        0.9667032957077026,
        0.9666886925697327,
        0.9666776061058044,
        0.9666691422462463,
        0.9666627049446106,
        0.9666576981544495,
        0.9666540026664734,
        0.966651201248169,
        0.966649055480957,
        0.9666473865509033,
        0.9666461944580078,
        0.9666452407836914,
        0.9666445851325989,
        0.9666439890861511,
        0.9666435718536377,
        0.9666432738304138,
        0.9666429758071899,
        0.9666427969932556,
        0.9666426777839661,
        0.9666426181793213,
        0.9666424989700317,
        0.966642439365387,
        0.966642439365387
    ],
    "l1_regularization": 0.0,
    "l2_regularization": 0.0,
    "c1_unique_zones": 9,
    "c2_unique_od_pairs": 16,
    "c1_c2_approach": "top_n",
    "c1_c2_top_n": 2
}