{
    "normalized_frobenius_error": 0.9025678038597107,
    "masked_rmse": 0.11841528862714767,
    "mean_nonzero_value": 1.3623639345169067,
    "relative_rmse": 0.08691898733377457,
    "explained_variance": 0.18537139892578125,
    "computation_time": 2.0496699810028076,
    "all_factors_non_negative": true,
    "factor_sparsity": [
        "41.13%",
        "42.20%",
        "28.47%"
    ],
    "device": "mps",
    "best_initialization": "random",
    "errors_history": [
        0.9750118851661682,
        0.9615495204925537,
        0.949260413646698,
        0.9334543347358704,
        0.9199643135070801,
        0.9130891561508179,
        0.9104244112968445,
        0.9092556834220886,
        0.9085437059402466,
        0.9079195261001587,
        0.90728360414505,
        0.90660560131073,
        0.9059004783630371,
        0.905214786529541,
        0.9046159982681274,
        0.9041358232498169,
        0.9037530422210693,
        0.9034487009048462,
        0.9032525420188904,
        0.9031199812889099,
        0.9030255675315857,
        0.9029542803764343,
        0.9029069542884827,
        0.902873694896698,
        0.9028475284576416,
        0.9028255939483643,
        0.9028070569038391,
        0.902789831161499,
        0.9027772545814514,
        0.9027650356292725,
        0.9027463793754578,
        0.9027303457260132,
        0.9027225971221924,
        0.9027177095413208,
        0.9027143120765686,
        0.9027113914489746,
        0.9027088284492493,
        0.9027066230773926,
        0.9027045369148254,
        0.9027025103569031,
        0.902700662612915,
        0.9026989936828613,
        0.9026972651481628,
        0.9026955366134644,
        0.9026938080787659,
        0.9026921987533569,
        0.9026906490325928,
        0.9026892781257629,
        0.9026880264282227,
        0.9026868343353271,
        0.9026856422424316,
        0.9026845097541809,
        0.902683436870575,
        0.9026823043823242,
        0.9026812314987183,
        0.9026802182197571,
        0.9026791453361511,
        0.9026781916618347,
        0.9026771187782288,
        0.9026764035224915,
        0.9026755094528198,
        0.902674674987793,
        0.9026739001274109,
        0.9026729464530945,
        0.9026719927787781,
        0.9026709198951721,
        0.9026698470115662,
        0.9026687145233154,
        0.9026675820350647,
        0.9026665091514587,
        0.9026654362678528,
        0.9026644825935364,
        0.9026636481285095,
        0.9026627540588379,
        0.9026620388031006,
        0.9026612639427185,
        0.9026603698730469,
        0.9026594161987305,
        0.9026585817337036,
        0.9026576280593872,
        0.9026566743850708,
        0.9026558995246887,
        0.9026549458503723,
        0.9026539921760559,
        0.9026530385017395,
        0.9026520848274231,
        0.9026511907577515,
        0.9026503562927246,
        0.902649462223053,
        0.9026486277580261,
        0.902647852897644,
        0.902647078037262,
        0.9026463031768799,
        0.9026455283164978,
        0.9026448130607605,
        0.9026440978050232,
        0.9026433229446411,
        0.9026426076889038,
        0.9026418328285217,
        0.9026410579681396,
        0.902640163898468,
        0.9026393294334412,
        0.9026384949684143,
        0.9026376008987427,
        0.9026366472244263,
        0.9026358127593994,
        0.9026347398757935,
        0.902633786201477,
        0.9026327133178711,
        0.9026315808296204,
        0.9026305079460144,
        0.9026293754577637,
        0.9026281237602234,
        0.9026269912719727,
        0.9026257395744324,
        0.9026243686676025,
        0.9026230573654175,
        0.9026216864585876,
        0.902620255947113,
        0.9026188254356384,
        0.902617335319519,
        0.9026159048080444,
        0.9026143550872803,
        0.9026128053665161,
        0.9026111960411072,
        0.902609646320343,
        0.9026080369949341,
        0.9026064872741699,
        0.902604877948761,
        0.902603268623352,
        0.9026015400886536,
        0.9025998115539551,
        0.9025980830192566,
        0.9025962352752686,
        0.9025944471359253,
        0.9025925993919373,
        0.902590811252594,
        0.9025891423225403,
        0.9025875329971313,
        0.9025859832763672,
        0.9025845527648926,
        0.9025832414627075,
        0.9025818705558777,
        0.902580738067627,
        0.9025794863700867,
        0.9025785326957703,
        0.9025775194168091,
        0.9025764465332031,
        0.902575671672821,
        0.9025748372077942,
        0.9025740623474121,
        0.90257328748703,
        0.9025726914405823,
        0.9025721549987793,
        0.9025715589523315,
        0.9025710821151733,
        0.9025706052780151,
        0.9025701880455017,
        0.9025698304176331,
        0.9025694727897644,
        0.9025691747665405,
        0.9025688767433167,
        0.9025686979293823,
        0.902568519115448,
        0.9025682806968689,
        0.9025681018829346,
        0.9025678038597107,
        0.9025678038597107
    ],
    "l1_regularization": 0.0,
    "l2_regularization": 0.0,
    "random_state": 116823,
    "c1_unique_zones": 2,
    "c2_unique_od_pairs": 0,
    "c1_c2_approach": "percentage",
    "c1_c2_percentage": 0.2
}