{
    "normalized_frobenius_error": 0.8854034543037415,
    "masked_rmse": 0.12031688541173935,
    "mean_nonzero_value": 1.1494661569595337,
    "relative_rmse": 0.10467197000980377,
    "explained_variance": 0.21606075763702393,
    "computation_time": 0.8474628925323486,
    "all_factors_non_negative": true,
    "factor_sparsity": [
        "41.36%",
        "32.73%",
        "20.00%"
    ],
    "device": "mps",
    "best_initialization": "random",
    "errors_history": [
        0.9514595866203308,
        0.9312995672225952,
        0.9182075262069702,
        0.9096062183380127,
        0.9032999873161316,
        0.899084210395813,
        0.8963198065757751,
        0.894627034664154,
        0.8936631083488464,
        0.8930379748344421,
        0.8925468325614929,
        0.8921183347702026,
        0.8917434215545654,
        0.8914231061935425,
        0.8911479711532593,
        0.8909069895744324,
        0.8906887769699097,
        0.8904761672019958,
        0.8902454972267151,
        0.8900119662284851,
        0.8897842168807983,
        0.8895476460456848,
        0.8892948627471924,
        0.8890237808227539,
        0.8887357711791992,
        0.8884353637695312,
        0.8881327509880066,
        0.8878426551818848,
        0.8875758051872253,
        0.8873359560966492,
        0.8871228098869324,
        0.8869356513023376,
        0.8867748379707336,
        0.8866378664970398,
        0.886519730091095,
        0.8864154815673828,
        0.8863220810890198,
        0.8862390518188477,
        0.8861661553382874,
        0.8861002922058105,
        0.8860380053520203,
        0.8859783411026001,
        0.8859238028526306,
        0.8858740925788879,
        0.8858243823051453,
        0.8857681751251221,
        0.8857137560844421,
        0.8856757283210754,
        0.8856498003005981,
        0.88563072681427,
        0.8856160044670105,
        0.8856039047241211,
        0.8855938911437988,
        0.8855845332145691,
        0.8855710029602051,
        0.8855503797531128,
        0.885535717010498,
        0.8855249285697937,
        0.8855140805244446,
        0.885504961013794,
        0.8854947090148926,
        0.8854875564575195,
        0.8854843378067017,
        0.8854823112487793,
        0.8854807615280151,
        0.885479211807251,
        0.8854771256446838,
        0.8854731917381287,
        0.8854652047157288,
        0.8854537010192871,
        0.8854408860206604,
        0.8854284882545471,
        0.8854231834411621,
        0.8854214549064636,
        0.8854202628135681,
        0.8854192495346069,
        0.8854182958602905,
        0.8854175209999084,
        0.8854168057441711,
        0.8854160904884338,
        0.8854155540466309,
        0.8854150772094727,
        0.8854146003723145,
        0.8854143023490906,
        0.8854140043258667,
        0.8854137659072876,
        0.8854135870933533,
        0.8854132890701294,
        0.8854131698608398,
        0.8854129910469055,
        0.885412871837616,
        0.8854126334190369,
        0.8854125142097473,
        0.8854123950004578,
        0.8854122757911682,
        0.8854121565818787,
        0.8854118585586548,
        0.8854116797447205,
        0.8854116201400757,
        0.8854114413261414,
        0.8854112029075623,
        0.8854109644889832,
        0.8854108452796936,
        0.8854106068611145,
        0.8854103088378906,
        0.8854100108146667,
        0.8854097127914429,
        0.8854093551635742,
        0.8854089975357056,
        0.8854084610939026,
        0.8854080438613892,
        0.8854075074195862,
        0.8854069709777832,
        0.885406494140625,
        0.8854060173034668,
        0.8854055404663086,
        0.8854051828384399,
        0.8854048252105713,
        0.8854045867919922,
        0.8854042887687683,
        0.8854040503501892,
        0.8854039311408997,
        0.8854038119316101,
        0.8854037523269653,
        0.8854035139083862,
        0.8854035139083862
    ],
    "l1_regularization": 0.0,
    "l2_regularization": 0.0,
    "random_state": 735365,
    "c1_unique_zones": 2,
    "c2_unique_od_pairs": 0,
    "c1_c2_approach": "percentage",
    "c1_c2_percentage": 0.2
}