{
    "normalized_frobenius_error": 0.8556770086288452,
    "masked_rmse": 0.2231748402118683,
    "mean_nonzero_value": 1.345635175704956,
    "relative_rmse": 0.1658509224653244,
    "explained_variance": 0.26781684160232544,
    "computation_time": 0.2607738971710205,
    "all_factors_non_negative": true,
    "factor_sparsity": [
        "22.59%",
        "13.78%",
        "5.56%"
    ],
    "device": "cpu",
    "best_initialization": "random",
    "errors_history": [
        0.9481935501098633,
        0.9456152319908142,
        0.9453067779541016,
        0.9450551271438599,
        0.9447408318519592,
        0.9442844986915588,
        0.9435344338417053,
        0.9421515464782715,
        0.9394394755363464,
        0.9345487952232361,
        0.927760899066925,
        0.9207935333251953,
        0.9153768420219421,
        0.9121705293655396,
        0.9105026721954346,
        0.9094957113265991,
        0.9087058901786804,
        0.9079582691192627,
        0.9071854948997498,
        0.9063597321510315,
        0.9054734706878662,
        0.9045228362083435,
        0.9035008549690247,
        0.9023879170417786,
        0.9011483192443848,
        0.8997305035591125,
        0.898090124130249,
        0.8962245583534241,
        0.894197940826416,
        0.8921222686767578,
        0.8900969624519348,
        0.8881651163101196,
        0.8863202333450317,
        0.8845235109329224,
        0.8827349543571472,
        0.8809305429458618,
        0.8791018724441528,
        0.8772522807121277,
        0.8753969669342041,
        0.8735723495483398,
        0.8718318939208984,
        0.8702227473258972,
        0.8687700629234314,
        0.8674800992012024,
        0.8663315176963806,
        0.8652828931808472,
        0.8642963767051697,
        0.8634053468704224,
        0.862676739692688,
        0.8620893359184265,
        0.8615904450416565,
        0.8611353039741516,
        0.8606978058815002,
        0.8602640628814697,
        0.8598362803459167,
        0.8594290018081665,
        0.8590574860572815,
        0.8587303161621094,
        0.8584434986114502,
        0.8581922650337219,
        0.8579704761505127,
        0.8577743768692017,
        0.8575990200042725,
        0.8574435114860535,
        0.8573037385940552,
        0.8571773767471313,
        0.8570646643638611,
        0.8569633960723877,
        0.8568723797798157,
        0.85679030418396,
        0.8567145466804504,
        0.8566467761993408,
        0.8565860390663147,
        0.8565319776535034,
        0.8564835786819458,
        0.8564398288726807,
        0.8563986420631409,
        0.8563612103462219,
        0.8563270568847656,
        0.8562940955162048,
        0.8562641739845276,
        0.8562356233596802,
        0.8562087416648865,
        0.8561827540397644,
        0.8561587929725647,
        0.8561354279518127,
        0.8561137914657593,
        0.8560927510261536,
        0.8560736179351807,
        0.8560550808906555,
        0.8560371398925781,
        0.8560209274291992,
        0.8560052514076233,
        0.8559911251068115,
        0.8559775352478027,
        0.8559651374816895,
        0.8559531569480896,
        0.8559415936470032,
        0.8559311628341675,
        0.8559216856956482,
        0.8559120297431946,
        0.855903148651123,
        0.8558943271636963,
        0.8558857440948486,
        0.8558778762817383,
        0.8558704853057861,
        0.8558630347251892,
        0.8558558225631714,
        0.8558501601219177,
        0.8558438420295715,
        0.8558375239372253,
        0.8558317422866821,
        0.8558263778686523,
        0.8558213710784912,
        0.8558162450790405,
        0.855811595916748,
        0.8558071255683899,
        0.8558031320571899,
        0.8557985424995422,
        0.8557944893836975,
        0.8557898998260498,
        0.8557865619659424,
        0.8557828664779663,
        0.8557794094085693,
        0.8557760715484619,
        0.8557729125022888,
        0.8557700514793396,
        0.8557671308517456,
        0.8557642102241516,
        0.8557614684104919,
        0.855758786201477,
        0.8557560443878174,
        0.8557536005973816,
        0.8557512760162354,
        0.8557490110397339,
        0.8557469844818115,
        0.8557449579238892,
        0.8557429909706116,
        0.8557411432266235,
        0.8557392358779907,
        0.855737566947937,
        0.8557358980178833,
        0.8557337522506714,
        0.8557322025299072,
        0.8557307124137878,
        0.8557287454605103,
        0.855726957321167,
        0.8557257652282715,
        0.8557241559028625,
        0.8557229042053223,
        0.8557214140892029,
        0.8557199239730835,
        0.8557189106941223,
        0.8557173609733582,
        0.8557164669036865,
        0.8557149171829224,
        0.855713963508606,
        0.8557125329971313,
        0.8557112812995911,
        0.8557101488113403,
        0.8557089567184448,
        0.8557080030441284,
        0.8557072281837463,
        0.8557060360908508,
        0.855705201625824,
        0.8557043671607971,
        0.8557031750679016,
        0.8557019829750061,
        0.8557010889053345,
        0.855699896812439,
        0.8556988835334778,
        0.8556976914405823,
        0.8556965589523315,
        0.8556954860687256,
        0.8556946516036987,
        0.8556938767433167,
        0.8556929230690002,
        0.8556920289993286,
        0.8556914329528809,
        0.8556907773017883,
        0.855690062046051,
        0.8556894063949585,
        0.8556888699531555,
        0.8556879758834839,
        0.8556872010231018,
        0.855686604976654,
        0.8556859493255615,
        0.8556852340698242,
        0.855684757232666,
        0.8556838631629944,
        0.8556835651397705,
        0.8556827306747437,
        0.8556823134422302,
        0.855681836605072,
        0.8556814193725586,
        0.8556809425354004,
        0.8556804060935974,
        0.8556801080703735,
        0.8556795120239258,
        0.8556792140007019,
        0.8556787967681885,
        0.8556782603263855,
        0.8556782007217407,
        0.855677604675293,
        0.8556770086288452,
        0.8556770086288452
    ],
    "ranks": {
        "origin": 6,
        "destination": 5,
        "time": 3
    }
}