{
    "normalized_frobenius_error": 0.8856929540634155,
    "masked_rmse": 0.12035622447729111,
    "mean_nonzero_value": 1.1494661569595337,
    "relative_rmse": 0.10470619052648544,
    "explained_variance": 0.21554803848266602,
    "computation_time": 1.1931209564208984,
    "all_factors_non_negative": true,
    "factor_sparsity": [
        "35.45%",
        "25.00%",
        "18.33%"
    ],
    "device": "mps",
    "best_initialization": "random",
    "errors_history": [
        0.9584980607032776,
        0.9385373592376709,
        0.9213536381721497,
        0.9103098511695862,
        0.9038148522377014,
        0.8993839621543884,
        0.8959381580352783,
        0.8937188982963562,
        0.8923214673995972,
        0.8913521766662598,
        0.8906062245368958,
        0.8899891972541809,
        0.8894547820091248,
        0.8889585137367249,
        0.8884838819503784,
        0.8880372047424316,
        0.8876289129257202,
        0.8872689604759216,
        0.8869678974151611,
        0.8867355585098267,
        0.8865672945976257,
        0.886448085308075,
        0.8863592147827148,
        0.8862730860710144,
        0.8861905932426453,
        0.8861033916473389,
        0.8860206007957458,
        0.8859602212905884,
        0.8859208822250366,
        0.8858943581581116,
        0.885875403881073,
        0.8858607411384583,
        0.8858484029769897,
        0.8858376145362854,
        0.8858287930488586,
        0.8858218789100647,
        0.8858164548873901,
        0.885811984539032,
        0.8858082890510559,
        0.8858048915863037,
        0.8858015537261963,
        0.8857980370521545,
        0.8857940435409546,
        0.8857897520065308,
        0.8857852816581726,
        0.8857812881469727,
        0.88577800989151,
        0.8857753276824951,
        0.885773241519928,
        0.8857715129852295,
        0.885769784450531,
        0.8857682347297668,
        0.8857668042182922,
        0.8857653141021729,
        0.8857638239860535,
        0.8857625126838684,
        0.885761022567749,
        0.8857597708702087,
        0.8857582807540894,
        0.8857569098472595,
        0.8857554793357849,
        0.8857540488243103,
        0.8857526779174805,
        0.8857513666152954,
        0.8857501745223999,
        0.8857489228248596,
        0.8857477307319641,
        0.8857466578483582,
        0.8857455253601074,
        0.8857443928718567,
        0.8857433199882507,
        0.8857422471046448,
        0.8857412338256836,
        0.8857402205467224,
        0.885739266872406,
        0.8857383728027344,
        0.8857374787330627,
        0.8857365250587463,
        0.8857355713844299,
        0.8857346773147583,
        0.8857335448265076,
        0.8857324719429016,
        0.8857316970825195,
        0.8857308626174927,
        0.8857302069664001,
        0.8857296109199524,
        0.8857290148735046,
        0.8857284784317017,
        0.8857279419898987,
        0.8857273459434509,
        0.8857269883155823,
        0.8857263326644897,
        0.8857259154319763,
        0.8857255578041077,
        0.8857250809669495,
        0.885724663734436,
        0.8857242465019226,
        0.885723888874054,
        0.8857235312461853,
        0.8857231736183167,
        0.8857228755950928,
        0.8857225179672241,
        0.8857222199440002,
        0.8857219815254211,
        0.8857216238975525,
        0.8857213258743286,
        0.8857210874557495,
        0.8857207894325256,
        0.8857203722000122,
        0.8857200741767883,
        0.8857196569442749,
        0.8857190012931824,
        0.8857181072235107,
        0.88571697473526,
        0.8857157230377197,
        0.8857144117355347,
        0.8857134580612183,
        0.885712742805481,
        0.8857123255729675,
        0.8857119679450989,
        0.8857117295265198,
        0.8857114911079407,
        0.8857112526893616,
        0.8857110738754272,
        0.8857109546661377,
        0.8857107758522034,
        0.8857105374336243,
        0.8857102990150452,
        0.8857101202011108,
        0.885709822177887,
        0.8857094049453735,
        0.8857088088989258,
        0.8857079744338989,
        0.8857067227363586,
        0.8857049345970154,
        0.8857032060623169,
        0.8857017159461975,
        0.8857005834579468,
        0.885699987411499,
        0.8856995701789856,
        0.8856990933418274,
        0.8856987953186035,
        0.8856983780860901,
        0.885698139667511,
        0.8856977820396423,
        0.8856974840164185,
        0.8856972455978394,
        0.8856970071792603,
        0.8856967687606812,
        0.8856964707374573,
        0.885696291923523,
        0.8856959939002991,
        0.8856958150863647,
        0.8856955766677856,
        0.8856954574584961,
        0.8856952786445618,
        0.8856950998306274,
        0.8856949210166931,
        0.8856948018074036,
        0.885694682598114,
        0.8856944441795349,
        0.8856942653656006,
        0.8856942057609558,
        0.8856940865516663,
        0.8856939673423767,
        0.8856939077377319,
        0.8856937289237976,
        0.8856936097145081,
        0.8856935501098633,
        0.8856934905052185,
        0.885693371295929,
        0.8856932520866394,
        0.8856931924819946,
        0.8856931328773499,
        0.8856930136680603,
        0.8856930136680603
    ],
    "l1_regularization": 0.0,
    "l2_regularization": 0.0,
    "random_state": 563901,
    "c1_unique_zones": 0,
    "c2_unique_od_pairs": 0,
    "c1_c2_approach": "percentage",
    "c1_c2_percentage": 0.2
}