{
    "normalized_frobenius_error": 0.874947190284729,
    "masked_rmse": 0.19531510770320892,
    "mean_nonzero_value": 1.5989879369735718,
    "relative_rmse": 0.12214920669794083,
    "explained_variance": 0.2344675064086914,
    "computation_time": 1.2998170852661133,
    "all_factors_non_negative": true,
    "factor_sparsity": [
        "31.64%",
        "36.71%",
        "18.06%"
    ],
    "device": "mps",
    "best_initialization": "random",
    "errors_history": [
        0.9558014869689941,
        0.9375723004341125,
        0.9198766350746155,
        0.9083170294761658,
        0.9009419083595276,
        0.8951027989387512,
        0.8897709846496582,
        0.8858163952827454,
        0.8834788203239441,
        0.8819273114204407,
        0.8807538747787476,
        0.8798279166221619,
        0.8790980577468872,
        0.8785168528556824,
        0.8780427575111389,
        0.8776538372039795,
        0.877342700958252,
        0.877095103263855,
        0.8768931031227112,
        0.8767145276069641,
        0.876550018787384,
        0.8763890862464905,
        0.8762138485908508,
        0.8760271072387695,
        0.8758522868156433,
        0.8757147789001465,
        0.8756192326545715,
        0.8755542039871216,
        0.8755093216896057,
        0.8754767775535583,
        0.8754523396492004,
        0.8754332065582275,
        0.8754174113273621,
        0.8754040598869324,
        0.8753924369812012,
        0.8753820657730103,
        0.8753725290298462,
        0.8753637671470642,
        0.8753555417060852,
        0.8753478527069092,
        0.8753401637077332,
        0.8753321766853333,
        0.8753228783607483,
        0.8753111958503723,
        0.8752983212471008,
        0.8752865791320801,
        0.8752762675285339,
        0.8752664923667908,
        0.8752564787864685,
        0.8752461671829224,
        0.8752357363700867,
        0.8752250075340271,
        0.8752143979072571,
        0.8752039670944214,
        0.8751937747001648,
        0.8751839995384216,
        0.875174880027771,
        0.8751661777496338,
        0.8751583099365234,
        0.8751510381698608,
        0.8751444220542908,
        0.8751385807991028,
        0.8751330971717834,
        0.8751282691955566,
        0.875123918056488,
        0.8751198649406433,
        0.875116229057312,
        0.8751127123832703,
        0.8751072287559509,
        0.8750911355018616,
        0.8750711679458618,
        0.8750647902488708,
        0.8750609159469604,
        0.875057578086853,
        0.8750545382499695,
        0.8750516176223755,
        0.8750488758087158,
        0.8750462532043457,
        0.875043511390686,
        0.8750408291816711,
        0.875038206577301,
        0.8750357627868652,
        0.8750331401824951,
        0.8750306963920593,
        0.8750284910202026,
        0.8750262260437012,
        0.8750244379043579,
        0.8750225901603699,
        0.8750211000442505,
        0.8750195503234863,
        0.8750181794166565,
        0.8750169277191162,
        0.8750158548355103,
        0.8750147223472595,
        0.8750137090682983,
        0.8750128149986267,
        0.8750119209289551,
        0.8750109672546387,
        0.8750101923942566,
        0.8750093579292297,
        0.8750085830688477,
        0.8750076293945312,
        0.8750066161155701,
        0.8750055432319641,
        0.875004231929779,
        0.8750026822090149,
        0.8750008940696716,
        0.874998927116394,
        0.8749969005584717,
        0.8749949336051941,
        0.874993085861206,
        0.8749911785125732,
        0.8749894499778748,
        0.8749878406524658,
        0.8749864101409912,
        0.8749850988388062,
        0.8749839067459106,
        0.8749827742576599,
        0.8749816417694092,
        0.874980628490448,
        0.8749797344207764,
        0.8749786019325256,
        0.874977707862854,
        0.8749768137931824,
        0.8749759197235107,
        0.8749750852584839,
        0.8749741911888123,
        0.874973475933075,
        0.8749725818634033,
        0.874971866607666,
        0.8749710321426392,
        0.8749702572822571,
        0.8749695420265198,
        0.8749687075614929,
        0.8749681115150452,
        0.8749673962593079,
        0.8749666213989258,
        0.8749659061431885,
        0.8749650716781616,
        0.8749642968177795,
        0.8749633431434631,
        0.8749622702598572,
        0.8749613165855408,
        0.8749603033065796,
        0.8749592900276184,
        0.8749585151672363,
        0.874957799911499,
        0.8749572038650513,
        0.8749566078186035,
        0.8749558925628662,
        0.8749554753303528,
        0.874954879283905,
        0.874954342842102,
        0.8749538660049438,
        0.87495356798172,
        0.874953031539917,
        0.8749526143074036,
        0.8749523162841797,
        0.874951958656311,
        0.8749516606330872,
        0.8749512434005737,
        0.8749510049819946,
        0.8749508261680603,
        0.8749505281448364,
        0.8749502897262573,
        0.8749499917030334,
        0.8749498128890991,
        0.8749496340751648,
        0.8749493956565857,
        0.8749493360519409,
        0.8749490976333618,
        0.8749489784240723,
        0.8749487996101379,
        0.8749486804008484,
        0.8749485015869141,
        0.8749483823776245,
        0.8749483227729797,
        0.8749482035636902,
        0.8749480843544006,
        0.8749479651451111,
        0.8749479055404663,
        0.8749477863311768,
        0.8749476671218872,
        0.8749476075172424,
        0.8749474883079529,
        0.8749473690986633,
        0.8749473094940186,
        0.874947190284729,
        0.874947190284729
    ],
    "l1_regularization": 0.0,
    "l2_regularization": 0.0,
    "random_state": 998048,
    "c1_unique_zones": 2,
    "c2_unique_od_pairs": 0,
    "c1_c2_approach": "percentage",
    "c1_c2_percentage": 0.2
}