{
    "normalized_frobenius_error": 0.8764126300811768,
    "masked_rmse": 0.19564223289489746,
    "mean_nonzero_value": 1.5989879369735718,
    "relative_rmse": 0.12235379219055176,
    "explained_variance": 0.23190099000930786,
    "computation_time": 0.9137439727783203,
    "all_factors_non_negative": true,
    "factor_sparsity": [
        "25.60%",
        "30.92%",
        "14.58%"
    ],
    "device": "mps",
    "best_initialization": "random",
    "errors_history": [
        0.9560711979866028,
        0.9401187300682068,
        0.9242334961891174,
        0.9121478796005249,
        0.9060611724853516,
        0.9026636481285095,
        0.9003208875656128,
        0.8979393243789673,
        0.8947639465332031,
        0.89138263463974,
        0.8889074325561523,
        0.8873635530471802,
        0.886432409286499,
        0.8858088254928589,
        0.8853347301483154,
        0.8849249482154846,
        0.8845195174217224,
        0.8841508626937866,
        0.8838510513305664,
        0.883603572845459,
        0.8833947777748108,
        0.8832145929336548,
        0.8830539584159851,
        0.8829029202461243,
        0.8827537298202515,
        0.882601797580719,
        0.8824393153190613,
        0.8822551965713501,
        0.8820304274559021,
        0.8817388415336609,
        0.8813554644584656,
        0.8808771967887878,
        0.880344569683075,
        0.8798288106918335,
        0.879389226436615,
        0.8790525197982788,
        0.8788064122200012,
        0.878618061542511,
        0.8784603476524353,
        0.8783154487609863,
        0.8781751394271851,
        0.8780367374420166,
        0.8779084086418152,
        0.8777955770492554,
        0.8776949644088745,
        0.8776046633720398,
        0.877525806427002,
        0.8774551153182983,
        0.8773880004882812,
        0.8773203492164612,
        0.8772477507591248,
        0.8771677017211914,
        0.8770982623100281,
        0.8770338296890259,
        0.8769711256027222,
        0.8769142031669617,
        0.8768643736839294,
        0.8768206238746643,
        0.8767809867858887,
        0.8767435550689697,
        0.8767082691192627,
        0.8766816854476929,
        0.8766639828681946,
        0.8766512274742126,
        0.8766413331031799,
        0.8766330480575562,
        0.8766258358955383,
        0.8766189813613892,
        0.8766118288040161,
        0.8766030073165894,
        0.8765919208526611,
        0.8765801787376404,
        0.8765700459480286,
        0.8765615820884705,
        0.8765542507171631,
        0.8765485286712646,
        0.876544177532196,
        0.876541018486023,
        0.8765386343002319,
        0.87653648853302,
        0.8765344619750977,
        0.8765321373939514,
        0.876528799533844,
        0.8765238523483276,
        0.876516580581665,
        0.8765063285827637,
        0.8764933347702026,
        0.876479983329773,
        0.8764696717262268,
        0.876462996006012,
        0.8764589428901672,
        0.8764563798904419,
        0.8764542937278748,
        0.8764526844024658,
        0.8764511346817017,
        0.8764497637748718,
        0.8764483332633972,
        0.8764466047286987,
        0.8764449954032898,
        0.876443088054657,
        0.8764409422874451,
        0.8764389157295227,
        0.8764374256134033,
        0.876436173915863,
        0.8764352798461914,
        0.8764344453811646,
        0.8764338493347168,
        0.876433253288269,
        0.8764327764511108,
        0.8764321208000183,
        0.8764315247535706,
        0.8764307498931885,
        0.8764293193817139,
        0.8764271140098572,
        0.8764241337776184,
        0.8764217495918274,
        0.8764197826385498,
        0.8764184713363647,
        0.8764175772666931,
        0.876416802406311,
        0.8764161467552185,
        0.8764156699180603,
        0.8764151334762573,
        0.8764147758483887,
        0.8764143586158752,
        0.8764140605926514,
        0.8764137625694275,
        0.8764134645462036,
        0.8764132261276245,
        0.876413106918335,
        0.8764129281044006,
        0.8764128088951111,
        0.8764127492904663,
        0.8764126300811768,
        0.8764126300811768
    ],
    "l1_regularization": 0.0,
    "l2_regularization": 0.0,
    "random_state": 54961,
    "c1_unique_zones": 2,
    "c2_unique_od_pairs": 0,
    "c1_c2_approach": "percentage",
    "c1_c2_percentage": 0.2
}