{
    "normalized_frobenius_error": 0.8749974370002747,
    "masked_rmse": 0.19532634317874908,
    "mean_nonzero_value": 1.5989879369735718,
    "relative_rmse": 0.12215623259544373,
    "explained_variance": 0.2343795895576477,
    "computation_time": 0.9958131313323975,
    "all_factors_non_negative": true,
    "factor_sparsity": [
        "25.12%",
        "33.57%",
        "15.97%"
    ],
    "device": "mps",
    "best_initialization": "random",
    "errors_history": [
        0.9581213593482971,
        0.9454922676086426,
        0.9342377781867981,
        0.9224705100059509,
        0.9120479822158813,
        0.9052512049674988,
        0.9007512927055359,
        0.8975445032119751,
        0.895357072353363,
        0.8938426971435547,
        0.8926861882209778,
        0.8916963934898376,
        0.8908115029335022,
        0.8900214433670044,
        0.8892903327941895,
        0.8885754942893982,
        0.8878393173217773,
        0.8870424032211304,
        0.8861590623855591,
        0.885192334651947,
        0.884174644947052,
        0.8831641674041748,
        0.8822570443153381,
        0.8815028667449951,
        0.8808497190475464,
        0.8802496194839478,
        0.8796918392181396,
        0.8791934847831726,
        0.8787651658058167,
        0.8783385157585144,
        0.8777962923049927,
        0.8773331046104431,
        0.8770014643669128,
        0.8767508268356323,
        0.8765607476234436,
        0.876417875289917,
        0.8763111233711243,
        0.8762272000312805,
        0.8761608600616455,
        0.8761022090911865,
        0.8760343790054321,
        0.8759610652923584,
        0.8759080767631531,
        0.8758538961410522,
        0.8758107423782349,
        0.875784158706665,
        0.8757606744766235,
        0.8757387399673462,
        0.8757179379463196,
        0.8756986260414124,
        0.8756785988807678,
        0.8756536245346069,
        0.8756179213523865,
        0.8755692839622498,
        0.8755136132240295,
        0.8754686713218689,
        0.8754416704177856,
        0.8754263520240784,
        0.8754153847694397,
        0.875404417514801,
        0.8753906488418579,
        0.8753757476806641,
        0.8753630518913269,
        0.8753514289855957,
        0.8753436207771301,
        0.8753399848937988,
        0.8753372430801392,
        0.8753349184989929,
        0.8753331303596497,
        0.8753315210342407,
        0.8753299713134766,
        0.8753282427787781,
        0.8753261566162109,
        0.8753229975700378,
        0.8753182291984558,
        0.8753131031990051,
        0.8753089308738708,
        0.8753052949905396,
        0.8753013610839844,
        0.8752971291542053,
        0.875292181968689,
        0.8752862811088562,
        0.8752788305282593,
        0.8752683997154236,
        0.8752526044845581,
        0.8752295970916748,
        0.8751999735832214,
        0.875170111656189,
        0.8751475811004639,
        0.875133216381073,
        0.8751240372657776,
        0.8751172423362732,
        0.8751117587089539,
        0.8751068115234375,
        0.8751022815704346,
        0.8750982284545898,
        0.8750947117805481,
        0.875091552734375,
        0.8750890493392944,
        0.8750867247581482,
        0.8750845789909363,
        0.875082790851593,
        0.875080943107605,
        0.8750792145729065,
        0.875077486038208,
        0.8750756978988647,
        0.8750739693641663,
        0.8750719428062439,
        0.8750697374343872,
        0.8750671744346619,
        0.8750643730163574,
        0.8750608563423157,
        0.8750566840171814,
        0.8750518560409546,
        0.8750463724136353,
        0.8750405311584473,
        0.8750344514846802,
        0.8750285506248474,
        0.8750232458114624,
        0.8750186562538147,
        0.8750148415565491,
        0.875011682510376,
        0.8750092387199402,
        0.8750072121620178,
        0.8750056028366089,
        0.8750042915344238,
        0.8750032186508179,
        0.8750022649765015,
        0.8750016093254089,
        0.8750008940696716,
        0.8750003576278687,
        0.8749999403953552,
        0.8749995827674866,
        0.8749992251396179,
        0.874998927116394,
        0.8749986290931702,
        0.8749984502792358,
        0.8749982714653015,
        0.8749979138374329,
        0.8749978542327881,
        0.874997615814209,
        0.8749974370002747,
        0.8749974370002747
    ],
    "l1_regularization": 0.0,
    "l2_regularization": 0.0,
    "random_state": 168151,
    "c1_unique_zones": 2,
    "c2_unique_od_pairs": 0,
    "c1_c2_approach": "percentage",
    "c1_c2_percentage": 0.2
}