{
    "normalized_frobenius_error": 0.8771359324455261,
    "masked_rmse": 0.1958037167787552,
    "mean_nonzero_value": 1.5989879369735718,
    "relative_rmse": 0.12245477735996246,
    "explained_variance": 0.23063260316848755,
    "computation_time": 0.724358320236206,
    "all_factors_non_negative": true,
    "factor_sparsity": [
        "18.60%",
        "21.26%",
        "13.89%"
    ],
    "device": "mps",
    "best_initialization": "random",
    "errors_history": [
        0.9555809497833252,
        0.9370436668395996,
        0.9208908081054688,
        0.9088426828384399,
        0.8991725444793701,
        0.8921030163764954,
        0.8875747323036194,
        0.8847706317901611,
        0.8830636739730835,
        0.8819941282272339,
        0.8812689185142517,
        0.8807329535484314,
        0.8803181648254395,
        0.879986047744751,
        0.8797069787979126,
        0.8794590830802917,
        0.8792299628257751,
        0.8790131211280823,
        0.8788055181503296,
        0.8786090612411499,
        0.8784258961677551,
        0.8782579302787781,
        0.8781061768531799,
        0.8779698610305786,
        0.8778484463691711,
        0.8777427673339844,
        0.8776524066925049,
        0.8775750398635864,
        0.8775094151496887,
        0.8774547576904297,
        0.8774095177650452,
        0.877372145652771,
        0.8773406744003296,
        0.8773139119148254,
        0.8772918581962585,
        0.8772741556167603,
        0.8772593140602112,
        0.8772461414337158,
        0.8772337436676025,
        0.8772224187850952,
        0.8772128820419312,
        0.8772051334381104,
        0.8771984577178955,
        0.8771926760673523,
        0.8771879076957703,
        0.8771839737892151,
        0.8771807551383972,
        0.8771780133247375,
        0.8771756887435913,
        0.8771735429763794,
        0.8771717548370361,
        0.8771701455116272,
        0.8771684765815735,
        0.8771671056747437,
        0.8771655559539795,
        0.8771639466285706,
        0.8771622180938721,
        0.8771603107452393,
        0.877158522605896,
        0.8771564960479736,
        0.8771543502807617,
        0.8771522045135498,
        0.8771501183509827,
        0.8771480917930603,
        0.8771462440490723,
        0.8771447539329529,
        0.8771434426307678,
        0.8771424293518066,
        0.877141535282135,
        0.8771408796310425,
        0.87714022397995,
        0.8771395683288574,
        0.8771390914916992,
        0.8771387934684753,
        0.8771384954452515,
        0.8771382570266724,
        0.877138078212738,
        0.8771378993988037,
        0.8771376609802246,
        0.8771374821662903,
        0.8771372437477112,
        0.8771369457244873,
        0.8771368861198425,
        0.877136766910553,
        0.8771365284919739,
        0.8771364688873291,
        0.8771363496780396,
        0.87713623046875,
        0.8771361708641052,
        0.8771359324455261,
        0.8771359324455261
    ],
    "l1_regularization": 0.0,
    "l2_regularization": 0.0,
    "random_state": 35580,
    "c1_unique_zones": 2,
    "c2_unique_od_pairs": 0,
    "c1_c2_approach": "percentage",
    "c1_c2_percentage": 0.2
}