{
    "normalized_frobenius_error": 0.9085839986801147,
    "masked_rmse": 0.19082452356815338,
    "mean_nonzero_value": 1.5507972240447998,
    "relative_rmse": 0.1230493038892746,
    "explained_variance": 0.17447513341903687,
    "computation_time": 0.42064690589904785,
    "all_factors_non_negative": true,
    "factor_sparsity": [
        "30.23%",
        "33.75%",
        "0.00%"
    ],
    "device": "cpu",
    "best_initialization": "random",
    "errors_history": [
        0.9649289846420288,
        0.9618201851844788,
        0.9615173935890198,
        0.9612677693367004,
        0.9609482884407043,
        0.9605104923248291,
        0.9598982930183411,
        0.9590367674827576,
        0.9578503370285034,
        0.9562994837760925,
        0.9544236660003662,
        0.9523261785507202,
        0.9501146078109741,
        0.9478942155838013,
        0.9457922577857971,
        0.9438982605934143,
        0.9422271847724915,
        0.9407634735107422,
        0.9394978284835815,
        0.9384159445762634,
        0.937492847442627,
        0.9366874694824219,
        0.9359584450721741,
        0.9352739453315735,
        0.9346089363098145,
        0.9339408874511719,
        0.9332494139671326,
        0.9325172901153564,
        0.9317308664321899,
        0.930877149105072,
        0.929956316947937,
        0.9289803504943848,
        0.9279893040657043,
        0.9270308613777161,
        0.9261566996574402,
        0.9254193305969238,
        0.9248549938201904,
        0.9244319200515747,
        0.9240962266921997,
        0.9238090515136719,
        0.9235563278198242,
        0.9233320355415344,
        0.9231316447257996,
        0.9229483604431152,
        0.9227750897407532,
        0.922611653804779,
        0.9224646687507629,
        0.9223289489746094,
        0.9222021698951721,
        0.9220840334892273,
        0.921974241733551,
        0.9218708276748657,
        0.9217724800109863,
        0.9216799139976501,
        0.9215917587280273,
        0.921507716178894,
        0.921427845954895,
        0.9213500618934631,
        0.9212754964828491,
        0.9212030172348022,
        0.9211320877075195,
        0.921062707901001,
        0.9209936261177063,
        0.9209246635437012,
        0.9208555221557617,
        0.9207849502563477,
        0.9207139611244202,
        0.9206421375274658,
        0.9205685257911682,
        0.9204943180084229,
        0.9204198122024536,
        0.9203451871871948,
        0.9202721118927002,
        0.9202004671096802,
        0.920129656791687,
        0.9200600981712341,
        0.9199904203414917,
        0.9199221134185791,
        0.9198523163795471,
        0.919782280921936,
        0.9197097420692444,
        0.9196330308914185,
        0.9195499420166016,
        0.9194552302360535,
        0.9193409085273743,
        0.9191959500312805,
        0.9190019369125366,
        0.9187275767326355,
        0.9183309674263,
        0.9177666306495667,
        0.9170337319374084,
        0.9162269234657288,
        0.9154975414276123,
        0.9149205088615417,
        0.9144478440284729,
        0.9140902757644653,
        0.9138374328613281,
        0.9136688113212585,
        0.913565456867218,
        0.9134941101074219,
        0.9134325385093689,
        0.9133762121200562,
        0.9133298397064209,
        0.9132882356643677,
        0.9132512211799622,
        0.9132134914398193,
        0.9131751656532288,
        0.9131503105163574,
        0.9131273031234741,
        0.9131044149398804,
        0.9130809903144836,
        0.9130584597587585,
        0.9130392670631409,
        0.9130228757858276,
        0.9130085706710815,
        0.9129941463470459,
        0.9129793643951416,
        0.9129616618156433,
        0.9129402041435242,
        0.9129127264022827,
        0.912874698638916,
        0.9128172993659973,
        0.9127529859542847,
        0.9127156734466553,
        0.9126977920532227,
        0.9126847982406616,
        0.9126724600791931,
        0.9126596450805664,
        0.9126476049423218,
        0.9126360416412354,
        0.9126244783401489,
        0.912604808807373,
        0.9125747084617615,
        0.9125561118125916,
        0.9125480055809021,
        0.9125410914421082,
        0.9125349521636963,
        0.9125279188156128,
        0.9125186800956726,
        0.9125003218650818,
        0.9124560356140137,
        0.9123610854148865,
        0.9122310280799866,
        0.9121342301368713,
        0.9120827913284302,
        0.9120551347732544,
        0.91203773021698,
        0.9120253920555115,
        0.9120151400566101,
        0.9120057225227356,
        0.9119957685470581,
        0.9119848012924194,
        0.911973237991333,
        0.9119613170623779,
        0.911948561668396,
        0.9119362235069275,
        0.9119225144386292,
        0.9119079113006592,
        0.9118925333023071,
        0.9118781685829163,
        0.9118661880493164,
        0.911856472492218,
        0.9118481278419495,
        0.9118413329124451,
        0.9118344783782959,
        0.911828339099884,
        0.9118232131004333,
        0.9118168950080872,
        0.9118116497993469,
        0.9118080139160156,
        0.9118037819862366,
        0.9118001461029053,
        0.9117968678474426,
        0.9117936491966248,
        0.9117904305458069,
        0.9117875099182129,
        0.9117844104766846,
        0.911781370639801,
        0.9117782711982727,
        0.9117748141288757,
        0.9117715954780579,
        0.9117676019668579,
        0.9117631316184998,
        0.9117588400840759,
        0.9117549657821655,
        0.9117515683174133,
        0.911747932434082,
        0.9117451310157776,
        0.9117421507835388,
        0.9117400050163269,
        0.9117377996444702,
        0.9117355346679688,
        0.9117335081100464,
        0.9117316007614136,
        0.9117295145988464,
        0.9117274284362793,
        0.9117255806922913,
        0.911723792552948,
        0.911721408367157,
        0.9117199778556824,
        0.9117180109024048,
        0.9117161631584167,
        0.9117149114608765,
        0.9117124676704407,
        0.9117112755775452,
        0.9117096662521362,
        0.9117077589035034,
        0.9117064476013184,
        0.9117048382759094,
        0.9117022752761841,
        0.9116973876953125,
        0.9116869568824768,
        0.9116730093955994,
        0.9116631746292114,
        0.9116568565368652,
        0.9116529822349548,
        0.911649763584137,
        0.9116472005844116,
        0.9116440415382385,
        0.9116417765617371,
        0.9116395115852356,
        0.911637008190155,
        0.9116345643997192,
        0.9116319417953491,
        0.9116297364234924,
        0.9116277694702148,
        0.9116247296333313,
        0.9116212725639343,
        0.9116183519363403,
        0.9116153120994568,
        0.9116114974021912,
        0.9116075038909912,
        0.911602258682251,
        0.9115954041481018,
        0.911587655544281,
        0.911576509475708,
        0.9115630984306335,
        0.9115474224090576,
        0.9115313291549683,
        0.9115149974822998,
        0.9114974141120911,
        0.9114806652069092,
        0.9114614725112915,
        0.9114423990249634,
        0.9114227294921875,
        0.9114012122154236,
        0.9113786220550537,
        0.9113538861274719,
        0.9113273620605469,
        0.9112981557846069,
        0.9112669229507446,
        0.911231517791748,
        0.911194384098053,
        0.9111533761024475,
        0.9111102223396301,
        0.9110637307167053,
        0.9110142588615417,
        0.9109628200531006,
        0.9109093546867371,
        0.9108566641807556,
        0.9108057618141174,
        0.9107553958892822,
        0.9107042551040649,
        0.9106494188308716,
        0.9105885624885559,
        0.9105176329612732,
        0.9104366302490234,
        0.9103521704673767,
        0.9102740287780762,
