{
    "normalized_frobenius_error": 0.867572009563446,
    "masked_rmse": 0.22627612948417664,
    "mean_nonzero_value": 1.345635175704956,
    "relative_rmse": 0.16815562546253204,
    "explained_variance": 0.24731886386871338,
    "computation_time": 0.7838559150695801,
    "all_factors_non_negative": true,
    "factor_sparsity": [
        "28.89%",
        "21.33%",
        "12.50%"
    ],
    "device": "mps",
    "best_initialization": "random",
    "errors_history": [
        0.9407153129577637,
        0.9228163361549377,
        0.9064159393310547,
        0.8952496647834778,
        0.8872212171554565,
        0.8817899227142334,
        0.8782436847686768,
        0.8759053349494934,
        0.8743156790733337,
        0.8732026219367981,
        0.8724027872085571,
        0.8718037009239197,
        0.8713229894638062,
        0.8708978295326233,
        0.870479941368103,
        0.8700421452522278,
        0.8695882558822632,
        0.8691545724868774,
        0.8687868714332581,
        0.8685104250907898,
        0.8683204054832458,
        0.8681944012641907,
        0.8681084513664246,
        0.8680449724197388,
        0.867993175983429,
        0.8679482936859131,
        0.8679088354110718,
        0.8678742051124573,
        0.8678431510925293,
        0.8678148984909058,
        0.8677894473075867,
        0.8677675724029541,
        0.8677492737770081,
        0.8677342534065247,
        0.867721676826477,
        0.8677113056182861,
        0.8677024245262146,
        0.8676948547363281,
        0.8676881194114685,
        0.8676822781562805,
        0.8676770925521851,
        0.8676724433898926,
        0.8676682710647583,
        0.8676644563674927,
        0.8676609992980957,
        0.8676577210426331,
        0.8676547408103943,
        0.8676518201828003,
        0.8676491379737854,
        0.8676464557647705,
        0.8676438927650452,
        0.8676414489746094,
        0.8676389455795288,
        0.8676365613937378,
        0.8676342368125916,
        0.8676319718360901,
        0.8676297664642334,
        0.8676274418830872,
        0.8676252365112305,
        0.867622971534729,
        0.8676206469535828,
        0.8676183223724365,
        0.8676159381866455,
        0.8676134347915649,
        0.8676111102104187,
        0.8676086068153381,
        0.8676063418388367,
        0.8676040172576904,
        0.8676019310951233,
        0.8676000237464905,
        0.8675981760025024,
        0.8675963878631592,
        0.867594838142395,
        0.8675933480262756,
        0.8675919771194458,
        0.867590606212616,
        0.8675892949104309,
        0.8675881624221802,
        0.8675869703292847,
        0.8675860166549683,
        0.8675850033760071,
        0.8675839900970459,
        0.8675830960273743,
        0.8675822019577026,
        0.8675814867019653,
        0.8675806522369385,
        0.8675799369812012,
        0.8675792813301086,
        0.8675786852836609,
        0.8675781488418579,
        0.8675776124000549,
        0.8675771355628967,
        0.8675766587257385,
        0.8675763010978699,
        0.8675758838653564,
        0.8675755858421326,
        0.8675751686096191,
        0.86757493019104,
        0.8675745725631714,
        0.8675743341445923,
        0.8675740957260132,
        0.8675738573074341,
        0.867573618888855,
        0.8675734400749207,
        0.8675732612609863,
        0.8675730228424072,
        0.8675729036331177,
        0.8675727248191833,
        0.8675726056098938,
        0.8675724267959595,
        0.8675723671913147,
        0.8675722479820251,
        0.8675721287727356,
        0.867572009563446,
        0.867572009563446
    ],
    "l1_regularization": 0.0,
    "l2_regularization": 0.0,
    "random_state": 737636,
    "c1_unique_zones": 3,
    "c2_unique_od_pairs": 1,
    "c1_c2_approach": "percentage",
    "c1_c2_percentage": 0.2
}