{
    "normalized_frobenius_error": 0.9453032612800598,
    "masked_rmse": 0.12402210384607315,
    "mean_nonzero_value": 1.3623639345169067,
    "relative_rmse": 0.09103448688983917,
    "explained_variance": 0.10640180110931396,
    "computation_time": 0.5059170722961426,
    "all_factors_non_negative": true,
    "factor_sparsity": [
        "22.04%",
        "18.82%",
        "8.33%"
    ],
    "device": "mps",
    "best_initialization": "random",
    "errors_history": [
        0.9770902991294861,
        0.9707775712013245,
        0.9657955765724182,
        0.9590573310852051,
        0.9537253379821777,
        0.9506409168243408,
        0.9487096071243286,
        0.9474966526031494,
        0.9467033743858337,
        0.9461786150932312,
        0.9458463191986084,
        0.9456425309181213,
        0.945524275302887,
        0.9454575777053833,
        0.9454188942909241,
        0.9453953504562378,
        0.9453802108764648,
        0.9453699588775635,
        0.945361852645874,
        0.9453532099723816,
        0.9453426003456116,
        0.9453328251838684,
        0.9453272223472595,
        0.9453239440917969,
        0.9453215599060059,
        0.945319652557373,
        0.945317804813385,
        0.9453160762786865,
        0.9453145861625671,
        0.945313036441803,
        0.9453116059303284,
        0.9453104734420776,
        0.9453094005584717,
        0.9453085064888,
        0.9453077912330627,
        0.9453070759773254,
        0.9453064203262329,
        0.9453058242797852,
        0.9453054666519165,
        0.9453051090240479,
        0.945304811000824,
        0.9453045129776001,
        0.9453042149543762,
        0.9453040361404419,
        0.9453039169311523,
        0.945303738117218,
        0.9453036189079285,
        0.9453034400939941,
        0.9453033804893494,
        0.9453032612800598,
        0.9453032612800598
    ],
    "l1_regularization": 0.0,
    "l2_regularization": 0.0,
    "random_state": 705443,
    "c1_unique_zones": 2,
    "c2_unique_od_pairs": 0,
    "c1_c2_approach": "percentage",
    "c1_c2_percentage": 0.2
}