{
    "normalized_frobenius_error": 0.9334266185760498,
    "masked_rmse": 0.1224639043211937,
    "mean_nonzero_value": 1.3623639345169067,
    "relative_rmse": 0.0898907408118248,
    "explained_variance": 0.12871479988098145,
    "computation_time": 0.6550042629241943,
    "all_factors_non_negative": true,
    "factor_sparsity": [
        "35.08%",
        "36.29%",
        "19.79%"
    ],
    "device": "mps",
    "best_initialization": "random",
    "errors_history": [
        0.9770973920822144,
        0.9637264013290405,
        0.9511268138885498,
        0.9443665742874146,
        0.941478967666626,
        0.940292239189148,
        0.9397539496421814,
        0.9394475221633911,
        0.9392315149307251,
        0.9390329718589783,
        0.9388021230697632,
        0.9385094046592712,
        0.93815016746521,
        0.9377471208572388,
        0.9373331069946289,
        0.9369372725486755,
        0.936581015586853,
        0.9362528324127197,
        0.935918390750885,
        0.9355876445770264,
        0.9353012442588806,
        0.9350420832633972,
        0.9347845911979675,
        0.9345365762710571,
        0.9343143701553345,
        0.9341349601745605,
        0.9339908957481384,
        0.9338635206222534,
        0.933752715587616,
        0.9336631298065186,
        0.9335988163948059,
        0.9335570931434631,
        0.9335302710533142,
        0.9335123896598816,
        0.9334997534751892,
        0.9334900379180908,
        0.9334819316864014,
        0.9334740042686462,
        0.9334657788276672,
        0.9334577918052673,
        0.9334519505500793,
        0.9334486126899719,
        0.9334465265274048,
        0.9334448575973511,
        0.9334436655044556,
        0.9334424138069153,
        0.933441162109375,
        0.9334397912025452,
        0.9334383606910706,
        0.9334368109703064,
        0.9334353804588318,
        0.933434247970581,
        0.9334331750869751,
        0.9334324598312378,
        0.93343186378479,
        0.9334313869476318,
        0.933431088924408,
        0.9334307909011841,
        0.9334304928779602,
        0.9334303140640259,
        0.9334301352500916,
        0.9334299564361572,
        0.9334298372268677,
        0.9334297776222229,
        0.9334296584129333,
        0.9334295392036438,
        0.9334293007850647,
        0.9334284067153931,
        0.9334272742271423,
        0.9334266781806946,
        0.9334266185760498,
        0.9334266185760498
    ],
    "l1_regularization": 0.0,
    "l2_regularization": 0.0,
    "random_state": 858373,
    "c1_unique_zones": 3,
    "c2_unique_od_pairs": 0,
    "c1_c2_approach": "percentage",
    "c1_c2_percentage": 0.2
}