{
    "normalized_frobenius_error": 0.9329265356063843,
    "masked_rmse": 0.12239935249090195,
    "mean_nonzero_value": 1.3623639345169067,
    "relative_rmse": 0.08984336256980896,
    "explained_variance": 0.1296480894088745,
    "computation_time": 0.22621583938598633,
    "all_factors_non_negative": true,
    "factor_sparsity": [
        "19.35%",
        "15.59%",
        "15.83%"
    ],
    "device": "cpu",
    "best_initialization": "random",
    "errors_history": [
        0.9776152968406677,
        0.9751448631286621,
        0.9746389389038086,
        0.9741688966751099,
        0.9735629558563232,
        0.9727364182472229,
        0.9716094732284546,
        0.9701196551322937,
        0.9682686924934387,
        0.9661644697189331,
        0.9639808535575867,
        0.9618301391601562,
        0.9596967101097107,
        0.9575182199478149,
        0.9553314447402954,
        0.9532738924026489,
        0.9513282179832458,
        0.9495808482170105,
        0.9480922818183899,
        0.9467328786849976,
        0.9454423785209656,
        0.9442792534828186,
        0.943274974822998,
        0.9424480199813843,
        0.9418198466300964,
        0.9413383603096008,
        0.9409392476081848,
        0.9405781030654907,
        0.9402214288711548,
        0.9398424029350281,
        0.9394209384918213,
        0.938930332660675,
        0.9383455514907837,
        0.9376606345176697,
        0.9369065761566162,
        0.9361463189125061,
        0.9354534149169922,
        0.9348850250244141,
        0.9344546794891357,
        0.9341492652893066,
        0.933942973613739,
        0.933800220489502,
        0.933692455291748,
        0.9336062669754028,
        0.9335383176803589,
        0.9334900379180908,
        0.933455228805542,
        0.9334268569946289,
        0.9333959817886353,
        0.9333639740943909,
        0.9333415627479553,
        0.9333226084709167,
        0.9333022236824036,
        0.9332866668701172,
        0.9332733154296875,
        0.9332600235939026,
        0.9332460761070251,
        0.9332317113876343,
        0.9332172274589539,
        0.9332042932510376,
        0.9331938624382019,
        0.9331854581832886,
        0.9331786632537842,
        0.9331731200218201,
        0.933168351650238,
        0.9331644177436829,
        0.9331603646278381,
        0.9331566691398621,
        0.9331542253494263,
        0.9331519603729248,
        0.9331498742103577,
        0.933147668838501,
        0.9331445097923279,
        0.9331386685371399,
        0.9331312775611877,
        0.9331269860267639,
        0.9331246614456177,
        0.9331227540969849,
        0.9331209659576416,
        0.933118999004364,
        0.9331173896789551,
        0.9331157803535461,
        0.9331139326095581,
        0.9331117272377014,
        0.9331085085868835,
        0.9331056475639343,
        0.9331036806106567,
        0.9331017732620239,
        0.9330999851226807,
        0.9330984354019165,
        0.9330970048904419,
        0.933095395565033,
        0.9330939650535583,
        0.9330925941467285,
        0.9330909848213196,
        0.933089554309845,
        0.9330881237983704,
        0.9330869317054749,
        0.9330855011940002,
        0.93308424949646,
        0.9330827593803406,
        0.9330815076828003,
        0.9330804347991943,
        0.9330788254737854,
        0.9330774545669556,
        0.933076024055481,
        0.9330747127532959,
        0.9330734610557556,
        0.9330720901489258,
        0.9330706000328064,
        0.9330692291259766,
        0.9330677390098572,
        0.9330664873123169,
        0.9330651164054871,
        0.933063805103302,
        0.9330622553825378,
        0.9330609440803528,
        0.9330594539642334,
        0.9330580234527588,
        0.9330565929412842,
        0.9330551028251648,
        0.9330538511276245,
        0.9330524206161499,
        0.9330511689186096,
        0.933049738407135,
        0.9330483675003052,
        0.9330469369888306,
        0.933045506477356,
        0.9330440759658813,
        0.9330426454544067,
        0.9330412149429321,
        0.9330395460128784,
        0.9330381155014038,
        0.9330368041992188,
        0.9330354332923889,
        0.9330339431762695,
        0.9330325722694397,
        0.9330310821533203,
        0.9330295324325562,
        0.9330281615257263,
        0.9330264329910278,
        0.9330249428749084,
        0.93302321434021,
        0.933021605014801,
        0.9330198764801025,
        0.9330178499221802,
        0.933015763759613,
        0.9330135583877563,
        0.9330115914344788,
        0.9330098032951355,
        0.9330078959465027,
        0.9330062866210938,
        0.9330044388771057,
        0.9330028295516968,
        0.9330012798309326,
        0.9330000281333923,
        0.9329984784126282,
        0.9329970479011536,
        0.9329957962036133,
        0.9329943656921387,
        0.9329929351806641,
        0.9329915046691895,
        0.9329901933670044,
        0.9329889416694641,
        0.9329875111579895,
        0.9329861402511597,
        0.9329850077629089,
        0.9329836964607239,
        0.9329824447631836,
        0.9329811930656433,
        0.932979941368103,
        0.9329786896705627,
        0.9329778552055359,
        0.9329767823219299,
        0.9329756498336792,
        0.9329743981361389,
        0.9329731464385986,
        0.932972252368927,
        0.9329712390899658,
        0.9329701662063599,
        0.9329690933227539,
        0.9329681396484375,
        0.9329671263694763,
        0.9329659342765808,
        0.932965099811554,
        0.9329641461372375,
        0.9329632520675659,
        0.9329622387886047,
        0.9329614639282227,
        0.9329605102539062,
        0.9329595565795898,
        0.9329589009284973,
        0.9329581260681152,
        0.9329572319984436,
        0.9329564571380615,
        0.9329555034637451,
        0.932954728603363,
        0.9329540133476257,
        0.9329532980918884,
        0.9329525828361511,
        0.932951807975769,
        0.9329510927200317,
        0.9329502582550049,
        0.9329496622085571,
        0.9329490065574646,
        0.9329484105110168,
        0.9329476952552795,
        0.9329470992088318,
        0.932946503162384,
        0.932945966720581,
        0.9329453706741333,
        0.9329450130462646,
        0.9329444169998169,
        0.9329438209533691,
        0.9329432845115662,
        0.9329426884651184,
        0.9329423308372498,
        0.9329418540000916,
        0.9329413771629333,
        0.9329407811164856,
        0.9329404830932617,
        0.9329400062561035,
        0.9329395294189453,
        0.9329390525817871,
        0.9329386949539185,
        0.932938277721405,
        0.9329378008842468,
        0.9329373240470886,
        0.9329370260238647,
        0.9329367876052856,
        0.9329363107681274,
        0.9329360127449036,
        0.9329355955123901,
        0.9329352974891663,
        0.9329349398612976,
        0.932934582233429,
        0.9329341650009155,
        0.9329338669776917,
        0.9329336285591125,
        0.9329333901405334,
        0.9329331517219543,
        0.9329327344894409,
        0.9329326748847961,
        0.9329322576522827,
        0.9329320788383484,
        0.932931661605835,
        0.9329314231872559,
        0.932931125164032,
        0.9329309463500977,
        0.9329306483268738,
        0.9329303503036499,
        0.932930052280426,
        0.9329298734664917,
        0.9329296946525574,
        0.932929515838623,
        0.932929277420044,
        0.9329290986061096,
        0.932928740978241,
        0.9329284429550171,
        0.9329281449317932,
        0.9329279661178589,
        0.9329278469085693,
        0.932927668094635,
        0.9329274892807007,
        0.9329273104667664,
        0.9329270720481873,
        0.9329268932342529,
        0.9329267144203186,
        0.9329265356063843,
