{
    "normalized_frobenius_error": 0.9025652408599854,
    "masked_rmse": 0.11841494590044022,
    "mean_nonzero_value": 1.3623639345169067,
    "relative_rmse": 0.08691873401403427,
    "explained_variance": 0.18537598848342896,
    "computation_time": 0.698922872543335,
    "all_factors_non_negative": true,
    "factor_sparsity": [
        "34.68%",
        "34.14%",
        "24.31%"
    ],
    "device": "mps",
    "best_initialization": "random",
    "errors_history": [
        0.9746744632720947,
        0.9610841870307922,
        0.9494472742080688,
        0.9393024444580078,
        0.9297121167182922,
        0.9211875200271606,
        0.9144773483276367,
        0.9099870324134827,
        0.9070794582366943,
        0.9053112864494324,
        0.9042257070541382,
        0.9036264419555664,
        0.9032993912696838,
        0.903100848197937,
        0.9029721617698669,
        0.9028896689414978,
        0.9028146862983704,
        0.9027418494224548,
        0.9027019143104553,
        0.9026805758476257,
        0.9026669263839722,
        0.9026581645011902,
        0.902651846408844,
        0.9026469588279724,
        0.9026429653167725,
        0.9026395082473755,
        0.9026365280151367,
        0.9026338458061218,
        0.9026314616203308,
        0.9026292562484741,
        0.902627170085907,
        0.9026252627372742,
        0.9026233553886414,
        0.9026215076446533,
        0.9026197791099548,
        0.9026180505752563,
        0.902616560459137,
        0.9026148915290833,
        0.9026134014129639,
        0.902612030506134,
        0.9026104211807251,
        0.9026088714599609,
        0.9026075601577759,
        0.9026063084602356,
        0.9026050567626953,
        0.902603805065155,
        0.9026025533676147,
        0.902601420879364,
        0.9026001691818237,
        0.9025989174842834,
        0.9025976657867432,
        0.9025964736938477,
        0.9025952816009521,
        0.9025941491127014,
        0.9025930762290955,
        0.9025919437408447,
        0.9025908708572388,
        0.9025898575782776,
        0.9025887846946716,
        0.9025878310203552,
        0.9025867581367493,
        0.9025857448577881,
        0.9025848507881165,
        0.9025838375091553,
        0.9025829434394836,
        0.9025819897651672,
        0.9025811553001404,
        0.9025802612304688,
        0.9025794267654419,
        0.9025786519050598,
        0.9025778770446777,
        0.9025771021842957,
        0.9025763273239136,
        0.9025753736495972,
        0.9025745391845703,
        0.9025737643241882,
        0.9025731086730957,
        0.902572512626648,
        0.9025719165802002,
        0.9025712609291077,
        0.9025706648826599,
        0.9025701284408569,
        0.9025696516036987,
        0.9025692343711853,
        0.9025687575340271,
        0.902568519115448,
        0.9025681018829346,
        0.9025677442550659,
        0.9025672674179077,
        0.9025669693946838,
        0.90256667137146,
        0.9025663733482361,
        0.9025663137435913,
        0.9025660157203674,
        0.9025658369064331,
        0.9025657176971436,
        0.9025655388832092,
        0.9025654196739197,
        0.9025652408599854,
        0.9025652408599854
    ],
    "l1_regularization": 0.0,
    "l2_regularization": 0.0,
    "random_state": 851153,
    "c1_unique_zones": 2,
    "c2_unique_od_pairs": 0,
    "c1_c2_approach": "percentage",
    "c1_c2_percentage": 0.2
}