{
    "normalized_frobenius_error": 0.8868616223335266,
    "masked_rmse": 0.1979747861623764,
    "mean_nonzero_value": 1.5989879369735718,
    "relative_rmse": 0.12381255626678467,
    "explained_variance": 0.2134765386581421,
    "computation_time": 1.5574908256530762,
    "all_factors_non_negative": true,
    "factor_sparsity": [
        "32.85%",
        "35.51%",
        "18.75%"
    ],
    "device": "mps",
    "best_initialization": "random",
    "errors_history": [
        0.9532204866409302,
        0.9339748024940491,
        0.9143013954162598,
        0.9036353826522827,
        0.898841917514801,
        0.8959652185440063,
        0.8939557075500488,
        0.8924847841262817,
        0.89139324426651,
        0.8905671238899231,
        0.8899129629135132,
        0.8893736600875854,
        0.8889251351356506,
        0.8885573148727417,
        0.8882644176483154,
        0.8880383372306824,
        0.8878648281097412,
        0.8877295255661011,
        0.887624204158783,
        0.8875436186790466,
        0.8874820470809937,
        0.8874341249465942,
        0.8873955011367798,
        0.8873628377914429,
        0.8873332738876343,
        0.8873059153556824,
        0.8872805237770081,
        0.8872567415237427,
        0.8872353434562683,
        0.8872173428535461,
        0.8872026801109314,
        0.8871898055076599,
        0.8871780037879944,
        0.8871665000915527,
        0.8871550559997559,
        0.8871440291404724,
        0.8871340155601501,
        0.8871253132820129,
        0.8871181607246399,
        0.8871122598648071,
        0.8871074318885803,
        0.887103259563446,
        0.8870996236801147,
        0.8870965838432312,
        0.8870939016342163,
        0.8870914578437805,
        0.8870892524719238,
        0.8870872259140015,
        0.8870851993560791,
        0.8870833516120911,
        0.8870814442634583,
        0.8870795369148254,
        0.8870775103569031,
        0.8870754837989807,
        0.887073278427124,
        0.8870709538459778,
        0.8870683908462524,
        0.8870657682418823,
        0.8870628476142883,
        0.8870596885681152,
        0.887056291103363,
        0.8870527148246765,
        0.8870487809181213,
        0.8870447278022766,
        0.887040376663208,
        0.8870358467102051,
        0.8870311975479126,
        0.8870264291763306,
        0.8870216012001038,
        0.8870167136192322,
        0.8870120048522949,
        0.8870072364807129,
        0.88700270652771,
        0.8869984149932861,
        0.8869941830635071,
        0.8869903683662415,
        0.8869867324829102,
        0.8869833946228027,
        0.8869801163673401,
        0.8869773745536804,
        0.8869746923446655,
        0.8869722485542297,
        0.886970043182373,
        0.8869677782058716,
        0.8869658708572388,
        0.8869638442993164,
        0.886961817741394,
        0.8869597315788269,
        0.8869572877883911,
        0.8869544267654419,
        0.8869510889053345,
        0.886946976184845,
        0.8869422078132629,
        0.8869367837905884,
        0.8869310021400452,
        0.886925220489502,
        0.8869197964668274,
        0.8869147896766663,
        0.8869104981422424,
        0.886906623840332,
        0.8869031071662903,
        0.8869000673294067,
        0.8868972063064575,
        0.8868948221206665,
        0.886892557144165,
        0.8868905305862427,
        0.886888861656189,
        0.8868871927261353,
        0.8868857026100159,
        0.8868843913078308,
        0.8868830800056458,
        0.886881947517395,
        0.8868809342384338,
        0.8868800401687622,
        0.8868791460990906,
        0.8868783116340637,
        0.8868775963783264,
        0.8868768215179443,
        0.886876106262207,
        0.8868755102157593,
        0.8868748545646667,
        0.8868741989135742,
        0.8868736624717712,
        0.8868729472160339,
        0.8868723511695862,
        0.8868716359138489,
        0.8868711590766907,
        0.8868705630302429,
        0.8868700265884399,
        0.8868695497512817,
        0.8868691325187683,
        0.8868687152862549,
        0.8868682980537415,
        0.8868680000305176,
        0.8868675827980042,
        0.8868672251701355,
        0.8868669867515564,
        0.8868666887283325,
        0.8868663907051086,
        0.8868660926818848,
        0.8868657946586609,
        0.8868655562400818,
        0.8868652582168579,
        0.8868650794029236,
        0.8868649005889893,
        0.8868645429611206,
        0.8868643641471863,
        0.8868640661239624,
        0.8868639469146729,
        0.8868637681007385,
        0.8868635296821594,
        0.8868633508682251,
        0.8868631720542908,
        0.8868629336357117,
        0.8868628740310669,
        0.8868627548217773,
        0.8868626356124878,
        0.8868624567985535,
        0.8868623375892639,
        0.8868621587753296,
        0.88686203956604,
        0.8868619203567505,
        0.8868618607521057,
        0.8868617415428162,
        0.8868616223335266,
        0.8868616223335266
    ],
    "l1_regularization": 0.0,
    "l2_regularization": 0.0,
    "random_state": 981813,
    "c1_unique_zones": 2,
    "c2_unique_od_pairs": 0,
    "c1_c2_approach": "percentage",
    "c1_c2_percentage": 0.2
}