{
    "normalized_frobenius_error": 0.9072973132133484,
    "masked_rmse": 0.11903578788042068,
    "mean_nonzero_value": 1.3623639345169067,
    "relative_rmse": 0.08737444132566452,
    "explained_variance": 0.17681163549423218,
    "computation_time": 0.8550090789794922,
    "all_factors_non_negative": true,
    "factor_sparsity": [
        "43.55%",
        "44.62%",
        "29.86%"
    ],
    "device": "mps",
    "best_initialization": "random",
    "errors_history": [
        0.967424750328064,
        0.9497320055961609,
        0.937471330165863,
        0.9279583096504211,
        0.922745943069458,
        0.9200922846794128,
        0.9182528257369995,
        0.9165011048316956,
        0.9148386120796204,
        0.9135791063308716,
        0.912645697593689,
        0.9118764400482178,
        0.9112057685852051,
        0.9106139540672302,
        0.9100993275642395,
        0.9096546173095703,
        0.9092668890953064,
        0.9089274406433105,
        0.9086334705352783,
        0.9083824753761292,
        0.908169686794281,
        0.9079825282096863,
        0.9078260064125061,
        0.9077168107032776,
        0.9076395630836487,
        0.9075812697410583,
        0.9075407385826111,
        0.9075135588645935,
        0.9074936509132385,
        0.9074783325195312,
        0.9074667692184448,
        0.9074572920799255,
        0.9074493050575256,
        0.9074429869651794,
        0.9074374437332153,
        0.9074321985244751,
        0.9074271321296692,
        0.9074221253395081,
        0.9074170589447021,
        0.9074116349220276,
        0.9074060320854187,
        0.9074006080627441,
        0.9073953628540039,
        0.9073901772499084,
        0.9073849320411682,
        0.9073795676231384,
        0.9073744416236877,
        0.9073694944381714,
        0.9073647260665894,
        0.9073601365089417,
        0.9073554873466492,
        0.907351016998291,
        0.9073467254638672,
        0.9073423743247986,
        0.9073382616043091,
        0.9073342680931091,
        0.9073307514190674,
        0.9073274731636047,
        0.9073246121406555,
        0.907322108745575,
        0.9073199033737183,
        0.9073178768157959,
        0.9073160886764526,
        0.9073143601417542,
        0.9073125123977661,
        0.9073107838630676,
        0.9073094725608826,
        0.9073083400726318,
        0.9073073863983154,
        0.9073066115379333,
        0.9073058366775513,
        0.9073051810264587,
        0.9073044657707214,
        0.9073039293289185,
        0.9073033332824707,
        0.9073027968406677,
        0.90730220079422,
        0.9073017835617065,
        0.9073013067245483,
        0.9073009490966797,
        0.9073006510734558,
        0.9073003530502319,
        0.9073001146316528,
        0.9072999954223633,
        0.9072996973991394,
        0.9072996377944946,
        0.9072993993759155,
        0.9072992205619812,
        0.9072991609573364,
        0.9072990417480469,
        0.9072989225387573,
        0.907298743724823,
        0.9072986841201782,
        0.9072985649108887,
        0.9072984457015991,
        0.9072983860969543,
        0.9072982668876648,
        0.9072980880737305,
        0.9072979688644409,
        0.9072979092597961,
        0.9072977900505066,
        0.907297670841217,
        0.9072976112365723,
        0.9072974920272827,
        0.9072974324226379,
        0.9072973132133484,
        0.9072973132133484
    ],
    "l1_regularization": 0.0,
    "l2_regularization": 0.0,
    "random_state": 149717,
    "c1_unique_zones": 3,
    "c2_unique_od_pairs": 0,
    "c1_c2_approach": "percentage",
    "c1_c2_percentage": 0.2
}