{
    "normalized_frobenius_error": 0.9209302663803101,
    "masked_rmse": 0.19341804087162018,
    "mean_nonzero_value": 1.5507972240447998,
    "relative_rmse": 0.12472168356180191,
    "explained_variance": 0.1518874168395996,
    "computation_time": 0.706632137298584,
    "all_factors_non_negative": true,
    "factor_sparsity": [
        "14.01%",
        "14.98%",
        "12.38%"
    ],
    "device": "cpu",
    "best_initialization": "random",
    "errors_history": [
        0.9660715460777283,
        0.9621187448501587,
        0.9617489576339722,
        0.9614890217781067,
        0.9611759781837463,
        0.9607617259025574,
        0.9602031111717224,
        0.9594565629959106,
        0.9584959745407104,
        0.9573372602462769,
        0.9560551643371582,
        0.9547533988952637,
        0.9535160660743713,
        0.9523800015449524,
        0.9513412714004517,
        0.9503602385520935,
        0.9493786096572876,
        0.948346734046936,
        0.9472486972808838,
        0.9461156129837036,
        0.9449881315231323,
        0.9438897967338562,
        0.9428261518478394,
        0.9418008923530579,
        0.9408151507377625,
        0.9398752450942993,
        0.9389832615852356,
        0.9381395578384399,
        0.9373356103897095,
        0.9365717768669128,
        0.9358487725257874,
        0.9351703524589539,
        0.9345443248748779,
        0.9339712858200073,
        0.93345046043396,
        0.9329782724380493,
        0.9325509071350098,
        0.932167112827301,
        0.9318239688873291,
        0.9315135478973389,
        0.9312257170677185,
        0.9309518933296204,
        0.9306845664978027,
        0.9304182529449463,
        0.9301528930664062,
        0.9298936128616333,
        0.9296426773071289,
        0.9293989539146423,
        0.9291626811027527,
        0.9289302229881287,
        0.9287021160125732,
        0.9284793138504028,
        0.9282622337341309,
        0.9280515909194946,
        0.9278501272201538,
        0.9276557564735413,
        0.927470862865448,
        0.92729252576828,
        0.927121639251709,
        0.9269559383392334,
        0.9267963171005249,
        0.9266420602798462,
        0.9264951348304749,
        0.9263559579849243,
        0.9262248277664185,
        0.9260994791984558,
        0.9259804487228394,
        0.9258689880371094,
        0.9257660508155823,
        0.9256714582443237,
        0.9255853891372681,
        0.9255056381225586,
        0.9254320859909058,
        0.9253640174865723,
        0.925300657749176,
        0.9252418279647827,
        0.9251877069473267,
        0.9251372218132019,
        0.9250901937484741,
        0.9250443577766418,
        0.92499840259552,
        0.9249517917633057,
        0.9249060750007629,
        0.924865186214447,
        0.9248292446136475,
        0.9247987270355225,
        0.9247718453407288,
        0.9247468113899231,
        0.9247245192527771,
        0.9247028827667236,
        0.9246810674667358,
        0.9246596097946167,
        0.924637496471405,
        0.9246148467063904,
        0.9245927333831787,
        0.9245705604553223,
        0.9245498776435852,
        0.9245309233665466,
        0.9245133996009827,
        0.9244967103004456,
        0.9244808554649353,
        0.9244652986526489,
        0.9244507551193237,
        0.9244366884231567,
        0.924423098564148,
        0.9244094491004944,
        0.9243960380554199,
        0.9243819117546082,
        0.9243683815002441,
        0.9243534207344055,
        0.9243388772010803,
        0.9243243932723999,
        0.9243097305297852,
        0.9242953658103943,
        0.9242812395095825,
        0.9242673516273499,
        0.9242538213729858,
        0.9242408275604248,
        0.9242283701896667,
        0.9242149591445923,
        0.924202561378479,
        0.9241908192634583,
        0.9241783022880554,
        0.9241662621498108,
        0.9241543412208557,
        0.9241422414779663,
        0.9241299629211426,
        0.9241176843643188,
        0.9241056442260742,
        0.9240929484367371,
        0.924081563949585,
        0.9240689873695374,
        0.9240568280220032,
        0.9240438938140869,
        0.9240315556526184,
        0.9240188002586365,
        0.924005925655365,
        0.9239927530288696,
        0.9239798188209534,
        0.9239662885665894,
        0.9239519834518433,
        0.923937201499939,
        0.9239216446876526,
        0.9239049553871155,
        0.9238877296447754,
        0.9238691329956055,
        0.9238497018814087,
        0.9238294959068298,
        0.9238084554672241,
        0.923787534236908,
        0.9237667918205261,
        0.9237470030784607,
        0.9237287044525146,
        0.9237115979194641,
        0.9236946702003479,
        0.9236800074577332,
        0.9236649870872498,
        0.9236514568328857,
        0.9236372113227844,
        0.9236239790916443,
        0.9236112236976624,
        0.9235991835594177,
        0.9235872626304626,
        0.9235756993293762,
        0.9235643148422241,
        0.9235522150993347,
        0.9235400557518005,
        0.9235278367996216,
        0.9235144853591919,
        0.9234998822212219,
        0.923484742641449,
        0.9234697222709656,
        0.9234550595283508,
        0.9234409928321838,
        0.9234291315078735,
        0.9234176874160767,
        0.923406183719635,
        0.923395574092865,
        0.9233852028846741,
        0.92337566614151,
        0.9233655333518982,
        0.9233561158180237,
        0.9233474731445312,
        0.9233388304710388,
        0.9233303070068359,
        0.9233220815658569,
        0.9233143329620361,
        0.9233065247535706,
        0.9232991337776184,
        0.9232917428016663,
        0.9232845306396484,
        0.9232770800590515,
        0.9232697486877441,
        0.9232624769210815,
        0.9232556819915771,
        0.9232485890388489,
        0.9232411980628967,
        0.9232345223426819,
        0.9232277870178223,
        0.9232212901115417,
        0.9232146739959717,
        0.9232083559036255,
        0.9232016205787659,
        0.9231951236724854,
        0.9231886267662048,
        0.9231820106506348,
        0.9231758713722229,
        0.923168957233429,
        0.9231624603271484,
        0.9231559634208679,
        0.9231489896774292,
        0.9231422543525696,
        0.9231352806091309,
        0.9231284260749817,
        0.9231209754943848,
        0.9231137633323669,
        0.9231064915657043,
        0.9230987429618835,
        0.9230912327766418,
        0.9230837821960449,
        0.9230762124061584,
        0.9230685830116272,
        0.9230610132217407,
        0.9230536222457886,
        0.9230456948280334,
        0.9230375289916992,
        0.9230294227600098,
        0.9230208396911621,
        0.9230114221572876,
        0.9230009913444519,
        0.9229896068572998,
        0.9229778051376343,
        0.9229662418365479,
        0.9229546785354614,
        0.9229440689086914,
        0.9229346513748169,
        0.9229253530502319,
        0.9229171872138977,
        0.9229092001914978,
        0.9229010939598083,
        0.922892153263092,
        0.9228828549385071,
        0.9228724837303162,
        0.9228601455688477,
        0.9228437542915344,
        0.9228213429450989,
        0.9227921366691589,
        0.922760546207428,
        0.9227338433265686,
        0.9227121472358704,
        0.9226953387260437,
        0.9226803183555603,
        0.9226669669151306,
        0.9226552844047546,
        0.9226437211036682,
        0.9226332902908325,
        0.9226236939430237,
        0.9226141571998596,
        0.9226046204566956,
        0.922595739364624,
        0.9225873947143555,
        0.9225794672966003,
        0.9225716590881348,
        0.9225641489028931,
        0.9225568771362305,
        0.9225491881370544,
        0.9225419759750366,
        0.9225348830223083,
        0.9225282073020935,
