{
    "normalized_frobenius_error": 0.8763707876205444,
    "masked_rmse": 0.1956329047679901,
    "mean_nonzero_value": 1.5989879369735718,
    "relative_rmse": 0.12234795838594437,
    "explained_variance": 0.23197424411773682,
    "computation_time": 0.8584280014038086,
    "all_factors_non_negative": true,
    "factor_sparsity": [
        "22.71%",
        "28.26%",
        "13.89%"
    ],
    "device": "mps",
    "best_initialization": "random",
    "errors_history": [
        0.9549151659011841,
        0.9324678778648376,
        0.9194754362106323,
        0.9102922677993774,
        0.9027091264724731,
        0.8968949913978577,
        0.893103301525116,
        0.8906463980674744,
        0.8888221979141235,
        0.8872848749160767,
        0.8859323859214783,
        0.8847613334655762,
        0.8837841153144836,
        0.8829823732376099,
        0.8823063373565674,
        0.8817073106765747,
        0.881156861782074,
        0.8806486129760742,
        0.8801873326301575,
        0.8797844648361206,
        0.8794412612915039,
        0.8791401982307434,
        0.8788529634475708,
        0.8785679340362549,
        0.8783049583435059,
        0.8780623078346252,
        0.877834677696228,
        0.8776324987411499,
        0.8774635195732117,
        0.8773200511932373,
        0.8771981596946716,
        0.8770948052406311,
        0.8770061135292053,
        0.8769275546073914,
        0.876857578754425,
        0.8767969608306885,
        0.8767457008361816,
        0.8767032027244568,
        0.8766684532165527,
        0.8766394257545471,
        0.8766149282455444,
        0.8765935897827148,
        0.876574695110321,
        0.8765580058097839,
        0.8765434622764587,
        0.8765310049057007,
        0.8765202164649963,
        0.8765109777450562,
        0.8765026926994324,
        0.8764950037002563,
        0.8764878511428833,
        0.8764805793762207,
        0.876473069190979,
        0.8764650225639343,
        0.8764567971229553,
        0.8764486312866211,
        0.876441240310669,
        0.8764349818229675,
        0.8764297366142273,
        0.8764252662658691,
        0.8764214515686035,
        0.8764179944992065,
        0.8764148354530334,
        0.8764121532440186,
        0.8764097690582275,
        0.8764076828956604,
        0.876405656337738,
        0.8764039278030396,
        0.8764023184776306,
        0.8764008283615112,
        0.8763994574546814,
        0.8763982653617859,
        0.8763972520828247,
        0.876396119594574,
        0.8763951659202576,
        0.8763944506645203,
        0.8763934969902039,
        0.8763926029205322,
        0.8763918876647949,
        0.8763911128044128,
        0.876390278339386,
        0.8763895034790039,
        0.8763888478279114,
        0.8763880729675293,
        0.8763874769210815,
        0.876386821269989,
        0.8763862252235413,
        0.8763858079910278,
        0.8763853311538696,
        0.8763848543167114,
        0.8763843178749084,
        0.8763838410377502,
        0.8763831853866577,
        0.8763827085494995,
        0.8763819932937622,
        0.8763812780380249,
        0.8763805031776428,
        0.876379668712616,
        0.8763787746429443,
        0.8763777613639832,
        0.8763768672943115,
        0.8763759136199951,
        0.8763751983642578,
        0.8763744831085205,
        0.8763740062713623,
        0.8763735890388489,
        0.876373291015625,
        0.8763729929924011,
        0.8763726949691772,
        0.8763725161552429,
        0.8763722777366638,
        0.8763720989227295,
        0.8763719797134399,
        0.8763718008995056,
        0.8763715624809265,
        0.8763715028762817,
        0.8763713836669922,
        0.8763712048530579,
        0.8763710856437683,
        0.8763708472251892,
        0.8763707876205444,
        0.8763707876205444
    ],
    "l1_regularization": 0.0,
    "l2_regularization": 0.0,
    "random_state": 100150,
    "c1_unique_zones": 2,
    "c2_unique_od_pairs": 0,
    "c1_c2_approach": "percentage",
    "c1_c2_percentage": 0.2
}