{
    "normalized_frobenius_error": 0.8827261328697205,
    "masked_rmse": 0.11995305866003036,
    "mean_nonzero_value": 1.1494661569595337,
    "relative_rmse": 0.10435544699430466,
    "explained_variance": 0.22079461812973022,
    "computation_time": 1.06892991065979,
    "all_factors_non_negative": true,
    "factor_sparsity": [
        "38.64%",
        "33.18%",
        "19.17%"
    ],
    "device": "mps",
    "best_initialization": "random",
    "errors_history": [
        0.9585047960281372,
        0.939235508441925,
        0.9210357069969177,
        0.9069504141807556,
        0.899128794670105,
        0.8954614400863647,
        0.8933871388435364,
        0.891804039478302,
        0.8903817534446716,
        0.889196515083313,
        0.8883045315742493,
        0.8876489400863647,
        0.8871562480926514,
        0.8867965340614319,
        0.886544406414032,
        0.8863773941993713,
        0.8862625956535339,
        0.886177659034729,
        0.8861070275306702,
        0.8860418200492859,
        0.8859755992889404,
        0.8859044909477234,
        0.8858276605606079,
        0.8857474327087402,
        0.8856707215309143,
        0.8856058716773987,
        0.8855544924736023,
        0.8855135440826416,
        0.8854798078536987,
        0.885452151298523,
        0.8854290843009949,
        0.8854086995124817,
        0.885390043258667,
        0.8853738307952881,
        0.8853609561920166,
        0.8853508830070496,
        0.8853424191474915,
        0.8853349089622498,
        0.8853281736373901,
        0.8853222131729126,
        0.8853162527084351,
        0.8853100538253784,
        0.8853026628494263,
        0.885293185710907,
        0.8852811455726624,
        0.8852666616439819,
        0.8852499723434448,
        0.8852323293685913,
        0.8852159380912781,
        0.8852026462554932,
        0.8851925730705261,
        0.8851848840713501,
        0.8851786255836487,
        0.8851730227470398,
        0.8851677775382996,
        0.8851625323295593,
        0.8851572275161743,
        0.8851513266563416,
        0.8851452469825745,
        0.8851383328437805,
        0.8851305246353149,
        0.8851216435432434,
        0.8851114511489868,
        0.8850997090339661,
        0.8850858211517334,
        0.8850693702697754,
        0.8850496411323547,
        0.8850260376930237,
        0.8849982619285583,
        0.8849659562110901,
        0.8849287033081055,
        0.8848861455917358,
        0.884837806224823,
        0.884783923625946,
        0.8847245573997498,
        0.8846604824066162,
        0.8845927715301514,
        0.884522557258606,
        0.8844518661499023,
        0.8843819499015808,
        0.8843145966529846,
        0.8842505812644958,
        0.884190022945404,
        0.8841313123703003,
        0.884070873260498,
        0.8840073943138123,
        0.8839468359947205,
        0.8838974237442017,
        0.8838590979576111,
        0.8838264346122742,
        0.8837924599647522,
        0.8837600350379944,
        0.8837161064147949,
        0.8836508393287659,
        0.8835746645927429,
        0.8835150003433228,
        0.8834779858589172,
        0.8834539651870728,
        0.8834334015846252,
        0.8834009170532227,
        0.8833009004592896,
        0.8830671906471252,
        0.8829242587089539,
        0.8828853964805603,
        0.8828673362731934,
        0.8828553557395935,
        0.8828457593917847,
        0.8828362822532654,
        0.8828252553939819,
        0.8828126192092896,
        0.8828010559082031,
        0.8827931880950928,
        0.882788360118866,
        0.8827853202819824,
        0.8827829957008362,
        0.8827811479568481,
        0.8827788233757019,
        0.8827753067016602,
        0.8827687501907349,
        0.882758617401123,
        0.8827518224716187,
        0.8827494978904724,
        0.8827481865882874,
        0.8827469944953918,
        0.8827456831932068,
        0.8827441930770874,
        0.8827425241470337,
        0.8827407956123352,
        0.8827390670776367,
        0.8827372789382935,
        0.882735550403595,
        0.8827340006828308,
        0.882732629776001,
        0.882731556892395,
        0.8827306628227234,
        0.8827300667762756,
        0.8827295303344727,
        0.882729172706604,
        0.8827289342880249,
        0.8827285766601562,
        0.8827283382415771,
        0.8827280402183533,
        0.882727861404419,
        0.8827276229858398,
        0.8827273845672607,
        0.8827272057533264,
        0.8827271461486816,
        0.8827270269393921,
        0.8827268481254578,
        0.8827267289161682,
        0.8827266693115234,
        0.8827265501022339,
        0.8827264308929443,
        0.8827263712882996,
        0.8827263116836548,
        0.88272625207901,
        0.8827261924743652,
        0.8827261328697205,
        0.8827261328697205
    ],
    "l1_regularization": 0.0,
    "l2_regularization": 0.0,
    "random_state": 56339,
    "c1_unique_zones": 1,
    "c2_unique_od_pairs": 0,
    "c1_c2_approach": "percentage",
    "c1_c2_percentage": 0.2
}