{
    "normalized_frobenius_error": 0.9439458847045898,
    "masked_rmse": 0.12384400516748428,
    "mean_nonzero_value": 1.3623639345169067,
    "relative_rmse": 0.09090375900268555,
    "explained_variance": 0.10896623134613037,
    "computation_time": 0.48335981369018555,
    "all_factors_non_negative": true,
    "factor_sparsity": [
        "37.10%",
        "30.11%",
        "16.67%"
    ],
    "device": "mps",
    "best_initialization": "random",
    "errors_history": [
        0.9770470261573792,
        0.9681453704833984,
        0.9622470736503601,
        0.9569830298423767,
        0.9520399570465088,
        0.9485860466957092,
        0.9468719363212585,
        0.9460474252700806,
        0.9456106424331665,
        0.9453233480453491,
        0.9451154470443726,
        0.9449689984321594,
        0.9448592066764832,
        0.9447641372680664,
        0.9446731805801392,
        0.9445878267288208,
        0.9445154070854187,
        0.9444577097892761,
        0.9444087743759155,
        0.944362461566925,
        0.9443171620368958,
        0.9442760348320007,
        0.944241464138031,
        0.9442136883735657,
        0.9441912770271301,
        0.9441730380058289,
        0.9441579580307007,
        0.9441454410552979,
        0.944134533405304,
        0.9441230297088623,
        0.9441078305244446,
        0.9440923929214478,
        0.9440811276435852,
        0.9440692663192749,
        0.944054901599884,
        0.9440382122993469,
        0.9440217614173889,
        0.9440080523490906,
        0.9439982175827026,
        0.9439912438392639,
        0.9439858794212341,
        0.9439814686775208,
        0.9439775347709656,
        0.9439740180969238,
        0.9439710974693298,
        0.9439687132835388,
        0.9439666271209717,
        0.9439647197723389,
        0.9439631104469299,
        0.9439616799354553,
        0.9439603090286255,
        0.9439590573310852,
        0.9439579844474792,
        0.9439569711685181,
        0.9439560174942017,
        0.94395512342453,
        0.943954348564148,
        0.9439536333084106,
        0.9439529180526733,
        0.9439522624015808,
        0.9439516663551331,
        0.9439511299133301,
        0.9439506530761719,
        0.9439501762390137,
        0.9439496994018555,
        0.943949282169342,
        0.9439489245414734,
        0.9439486265182495,
        0.9439482688903809,
        0.9439480304718018,
        0.9439476728439331,
        0.9439474940299988,
        0.9439471960067749,
        0.9439470171928406,
        0.9439468383789062,
        0.9439465999603271,
        0.9439464211463928,
        0.9439462423324585,
        0.943946123123169,
        0.9439458847045898,
        0.9439458847045898
    ],
    "l1_regularization": 0.0,
    "l2_regularization": 0.0,
    "random_state": 511061,
    "c1_unique_zones": 2,
    "c2_unique_od_pairs": 1,
    "c1_c2_approach": "percentage",
    "c1_c2_percentage": 0.2
}