{
    "normalized_frobenius_error": 0.9307988882064819,
    "masked_rmse": 0.12211915105581284,
    "mean_nonzero_value": 1.3623639345169067,
    "relative_rmse": 0.08963768929243088,
    "explained_variance": 0.1336134672164917,
    "computation_time": 0.5757522583007812,
    "all_factors_non_negative": true,
    "factor_sparsity": [
        "39.92%",
        "35.89%",
        "21.88%"
    ],
    "device": "mps",
    "best_initialization": "random",
    "errors_history": [
        0.9741292595863342,
        0.9607465267181396,
        0.9483147263526917,
        0.9401159286499023,
        0.936269998550415,
        0.9346548914909363,
        0.9338885545730591,
        0.9334784746170044,
        0.9332587718963623,
        0.9331328868865967,
        0.933051347732544,
        0.9329902529716492,
        0.9329373240470886,
        0.9328864812850952,
        0.932833731174469,
        0.9327758550643921,
        0.9327074885368347,
        0.9326230883598328,
        0.9325165152549744,
        0.9323830008506775,
        0.9322200417518616,
        0.9320307970046997,
        0.9318257570266724,
        0.9316216707229614,
        0.9314373135566711,
        0.931286633014679,
        0.9311742186546326,
        0.9310960173606873,
        0.9310434460639954,
        0.9310088157653809,
        0.9309860467910767,
        0.9309710264205933,
        0.9309606552124023,
        0.9309532046318054,
        0.9309475421905518,
        0.9309430718421936,
        0.9309396147727966,
        0.9309367537498474,
        0.9309342503547668,
        0.9309321641921997,
        0.9309301972389221,
        0.9309284090995789,
        0.9309266805648804,
        0.9309251308441162,
        0.9309237003326416,
        0.9309224486351013,
        0.9309212565422058,
        0.9309200048446655,
        0.9309187531471252,
        0.930917501449585,
        0.9309162497520447,
        0.9309151768684387,
        0.9309141635894775,
        0.9309130907058716,
        0.9309118390083313,
        0.9309107661247253,
        0.9309097528457642,
        0.9309089779853821,
        0.9309080243110657,
        0.930907130241394,
        0.9309064149856567,
        0.9309056401252747,
        0.9309049248695374,
        0.9309042692184448,
        0.9309036135673523,
        0.9309030175209045,
        0.930902361869812,
        0.9309017658233643,
        0.9309011101722717,
        0.9309005737304688,
        0.930899977684021,
        0.9308993816375732,
        0.9308988451957703,
        0.930898129940033,
        0.93089759349823,
        0.9308969974517822,
        0.9308964610099792,
        0.9308958649635315,
        0.9308952689170837,
        0.9308947324752808,
        0.9308940172195435,
        0.9308934807777405,
        0.930892825126648,
        0.9308922290802002,
        0.9308915734291077,
        0.9308909773826599,
        0.9308903217315674,
        0.9308897256851196,
        0.9308890700340271,
        0.9308884143829346,
        0.9308876991271973,
        0.9308870434761047,
        0.9308863878250122,
        0.9308857321739197,
        0.9308849573135376,
        0.9308843016624451,
        0.9308834075927734,
        0.9308826327323914,
        0.9308817982673645,
        0.9308809041976929,
        0.9308799505233765,
        0.9308789968490601,
        0.9308779835700989,
        0.9308769106864929,
        0.9308757781982422,
        0.9308745861053467,
        0.930873453617096,
        0.9308722019195557,
        0.9308710694313049,
        0.9308699369430542,
        0.9308686852455139,
        0.930867612361908,
        0.930866539478302,
        0.9308655858039856,
        0.9308646321296692,
        0.9308636784553528,
        0.9308629035949707,
        0.9308621883392334,
        0.9308614134788513,
        0.9308606386184692,
        0.9308598637580872,
        0.9308590292930603,
        0.9308580756187439,
        0.9308567047119141,
        0.9308547973632812,
        0.9308521151542664,
        0.9308485984802246,
        0.9308443665504456,
        0.9308399558067322,
        0.9308362007141113,
        0.9308331608772278,
        0.9308305978775024,
        0.9308283925056458,
        0.9308262467384338,
        0.9308244585990906,
        0.9308226108551025,
        0.930820882320404,
        0.9308192729949951,
        0.9308176636695862,
        0.930816113948822,
        0.930814802646637,
        0.9308133721351624,
        0.9308121204376221,
        0.9308109283447266,
        0.9308097958564758,
        0.9308088421821594,
        0.9308077692985535,
        0.9308069348335266,
        0.930806040763855,
        0.9308053255081177,
        0.9308046102523804,
        0.9308040738105774,
        0.9308033585548401,
        0.9308028817176819,
        0.9308024048805237,
        0.930802047252655,
        0.9308016896247864,
        0.930801272392273,
        0.9308009743690491,
        0.93080073595047,
        0.9308004379272461,
        0.930800199508667,
        0.9308000206947327,
        0.9307998418807983,
        0.930799663066864,
        0.9307994842529297,
        0.9307993650436401,
        0.9307992458343506,
        0.9307991862297058,
        0.9307990670204163,
        0.9307990074157715,
        0.9307988882064819,
        0.9307988882064819
    ],
    "l1_regularization": 0.0,
    "l2_regularization": 0.0,
    "random_state": 933711,
    "c1_unique_zones": 2,
    "c2_unique_od_pairs": 0,
    "c1_c2_approach": "percentage",
    "c1_c2_percentage": 0.2
}