{
    "normalized_frobenius_error": 0.8652641773223877,
    "masked_rmse": 0.22567424178123474,
    "mean_nonzero_value": 1.345635175704956,
    "relative_rmse": 0.16770833730697632,
    "explained_variance": 0.25131791830062866,
    "computation_time": 1.0789780616760254,
    "all_factors_non_negative": true,
    "factor_sparsity": [
        "22.67%",
        "18.22%",
        "11.67%"
    ],
    "device": "mps",
    "best_initialization": "random",
    "errors_history": [
        0.944225549697876,
        0.9351710081100464,
        0.9279103875160217,
        0.9202365279197693,
        0.9110326766967773,
        0.8996502161026001,
        0.8905008435249329,
        0.886386513710022,
        0.8845532536506653,
        0.883421778678894,
        0.8824745416641235,
        0.8815456032752991,
        0.880587100982666,
        0.8795729875564575,
        0.8784593939781189,
        0.8772044777870178,
        0.8758103251457214,
        0.8743488788604736,
        0.872938334941864,
        0.8716793656349182,
        0.8705857992172241,
        0.8696255087852478,
        0.8687758445739746,
        0.8680340647697449,
        0.8674110770225525,
        0.8669211864471436,
        0.866564154624939,
        0.8663109540939331,
        0.8661289811134338,
        0.8659959435462952,
        0.8658978939056396,
        0.8658228516578674,
        0.8657617568969727,
        0.8657081723213196,
        0.8656595945358276,
        0.8656165599822998,
        0.8655802607536316,
        0.8655503392219543,
        0.8655248880386353,
        0.8655022978782654,
        0.8654813766479492,
        0.865462064743042,
        0.8654444217681885,
        0.8654290437698364,
        0.8654162287712097,
        0.8654056191444397,
        0.8653969764709473,
        0.8653895854949951,
        0.8653829097747803,
        0.8653770089149475,
        0.8653716444969177,
        0.8653666973114014,
        0.8653619289398193,
        0.8653574585914612,
        0.8653529286384583,
        0.8653485774993896,
        0.8653441667556763,
        0.8653398156166077,
        0.8653352856636047,
        0.8653308749198914,
        0.865326464176178,
        0.8653225302696228,
        0.8653189539909363,
        0.865315854549408,
        0.8653129935264587,
        0.8653104305267334,
        0.8653079867362976,
        0.8653057813644409,
        0.8653035163879395,
        0.8653013706207275,
        0.8652993440628052,
        0.8652974367141724,
        0.8652954697608948,
        0.8652936816215515,
        0.8652921319007874,
        0.8652904629707336,
        0.865289032459259,
        0.8652876615524292,
        0.8652864098548889,
        0.8652852773666382,
        0.8652841448783875,
        0.8652831315994263,
        0.8652821779251099,
        0.8652811646461487,
        0.8652801513671875,
        0.8652792572975159,
        0.8652781844139099,
        0.8652771711349487,
        0.8652760982513428,
        0.8652751445770264,
        0.8652741312980652,
        0.8652733564376831,
        0.8652725219726562,
        0.8652719259262085,
        0.8652713298797607,
        0.8652708530426025,
        0.8652704954147339,
        0.8652701377868652,
        0.8652698397636414,
        0.8652694225311279,
        0.865269124507904,
        0.8652688264846802,
        0.8652685284614563,
        0.8652682900428772,
        0.8652681112289429,
        0.8652678728103638,
        0.8652676343917847,
        0.8652674555778503,
        0.8652671575546265,
        0.8652670383453369,
        0.8652668595314026,
        0.8652666211128235,
        0.8652665019035339,
        0.8652663230895996,
        0.8652661442756653,
        0.865265965461731,
        0.8652658462524414,
        0.8652656078338623,
        0.8652655482292175,
        0.8652653694152832,
        0.8652653098106384,
        0.8652651309967041,
        0.8652649521827698,
        0.865264892578125,
        0.8652647733688354,
        0.8652647137641907,
        0.8652645945549011,
        0.8652644157409668,
        0.8652642965316772,
        0.8652641773223877,
        0.8652641773223877
    ],
    "l1_regularization": 0.0,
    "l2_regularization": 0.0,
    "random_state": 182175,
    "c1_unique_zones": 3,
    "c2_unique_od_pairs": 0,
    "c1_c2_approach": "percentage",
    "c1_c2_percentage": 0.2
}