{
    "normalized_frobenius_error": 0.8564398288726807,
    "masked_rmse": 0.22337272763252258,
    "mean_nonzero_value": 1.345635175704956,
    "relative_rmse": 0.16599798202514648,
    "explained_variance": 0.26651090383529663,
    "computation_time": 0.7493858337402344,
    "all_factors_non_negative": true,
    "factor_sparsity": [
        "20.89%",
        "17.78%",
        "10.83%"
    ],
    "device": "mps",
    "best_initialization": "random",
    "errors_history": [
        0.9467633366584778,
        0.9348434805870056,
        0.9186804890632629,
        0.900501012802124,
        0.8890995979309082,
        0.8832976222038269,
        0.8801173567771912,
        0.8779451847076416,
        0.8761012554168701,
        0.874289870262146,
        0.8724066019058228,
        0.8705284595489502,
        0.8688341975212097,
        0.8674576878547668,
        0.8664262890815735,
        0.8656741976737976,
        0.8651121258735657,
        0.86467045545578,
        0.8643001914024353,
        0.8639745712280273,
        0.8636760711669922,
        0.8633789420127869,
        0.8630588054656982,
        0.8626939654350281,
        0.8622666597366333,
        0.8617653846740723,
        0.861191987991333,
        0.8605679273605347,
        0.8599360585212708,
        0.8593468070030212,
        0.8588351607322693,
        0.8583941459655762,
        0.857974648475647,
        0.857555627822876,
        0.8572278022766113,
        0.8570337891578674,
        0.8569251298904419,
        0.8568623661994934,
        0.8568242192268372,
        0.8567976951599121,
        0.8567746877670288,
        0.8567501902580261,
        0.8567245006561279,
        0.8567009568214417,
        0.8566814661026001,
        0.8566681146621704,
        0.8566603064537048,
        0.8566551208496094,
        0.856650710105896,
        0.8566463589668274,
        0.8566412925720215,
        0.8566351532936096,
        0.8566275238990784,
        0.8566182255744934,
        0.8566073179244995,
        0.8565950393676758,
        0.8565811514854431,
        0.8565660119056702,
        0.8565526604652405,
        0.8565415143966675,
        0.8565307855606079,
        0.856519341468811,
        0.8565081357955933,
        0.8564992547035217,
        0.8564932942390442,
        0.856489360332489,
        0.8564866185188293,
        0.8564844131469727,
        0.8564825654029846,
        0.8564807772636414,
        0.8564789891242981,
        0.8564769625663757,
        0.8564749360084534,
        0.8564726114273071,
        0.8564699292182922,
        0.856467068195343,
        0.8564640879631042,
        0.8564611077308655,
        0.856458306312561,
        0.8564557433128357,
        0.8564534783363342,
        0.8564515709877014,
        0.8564499020576477,
        0.8564485907554626,
        0.8564472198486328,
        0.8564461469650269,
        0.8564450740814209,
        0.8564441800117493,
        0.8564434051513672,
        0.8564425110816956,
        0.8564420938491821,
        0.8564415574073792,
        0.8564411997795105,
        0.8564408421516418,
        0.856440544128418,
        0.8564404845237732,
        0.8564403057098389,
        0.8564401268959045,
        0.8564400672912598,
        0.8564399480819702,
        0.8564398884773254,
        0.8564398884773254
    ],
    "l1_regularization": 0.0,
    "l2_regularization": 0.0,
    "random_state": 370017,
    "c1_unique_zones": 2,
    "c2_unique_od_pairs": 0,
    "c1_c2_approach": "percentage",
    "c1_c2_percentage": 0.2
}