{
    "normalized_frobenius_error": 0.8749456405639648,
    "masked_rmse": 0.19531476497650146,
    "mean_nonzero_value": 1.5989879369735718,
    "relative_rmse": 0.12214899063110352,
    "explained_variance": 0.23447012901306152,
    "computation_time": 1.4581449031829834,
    "all_factors_non_negative": true,
    "factor_sparsity": [
        "26.57%",
        "34.06%",
        "16.67%"
    ],
    "device": "mps",
    "best_initialization": "random",
    "errors_history": [
        0.9558378458023071,
        0.9376132488250732,
        0.9176433682441711,
        0.9061924815177917,
        0.8984044194221497,
        0.8931490778923035,
        0.8900672197341919,
        0.8879675269126892,
        0.8862757086753845,
        0.8847395777702332,
        0.8833089470863342,
        0.882093608379364,
        0.8811777234077454,
        0.8805262446403503,
        0.8800541758537292,
        0.879690945148468,
        0.8793820142745972,
        0.8790914416313171,
        0.8787937164306641,
        0.8784667253494263,
        0.8780964612960815,
        0.8776848316192627,
        0.8772563934326172,
        0.8768489360809326,
        0.8764950037002563,
        0.8762111067771912,
        0.8759963512420654,
        0.8758332133293152,
        0.8757030367851257,
        0.8755944967269897,
        0.8755109310150146,
        0.8754523992538452,
        0.8754078149795532,
        0.8753707408905029,
        0.8753395080566406,
        0.8753114938735962,
        0.8752856850624084,
        0.8752605319023132,
        0.875234842300415,
        0.8752082586288452,
        0.8751818537712097,
        0.8751571774482727,
        0.8751359581947327,
        0.8751184344291687,
        0.8751041889190674,
        0.8750924468040466,
        0.8750825524330139,
        0.8750740885734558,
        0.8750663995742798,
        0.8750594854354858,
        0.8750532269477844,
        0.8750478029251099,
        0.8750426173210144,
        0.8750379681587219,
        0.8750337362289429,
        0.8750298023223877,
        0.8750261664390564,
        0.8750230073928833,
        0.8750200867652893,
        0.8750175833702087,
        0.875015139579773,
        0.875012993812561,
        0.8750109672546387,
        0.8750092387199402,
        0.8750076293945312,
        0.8750060200691223,
        0.8750047087669373,
        0.8750032782554626,
        0.8750020861625671,
        0.8750008940696716,
        0.8749996423721313,
        0.8749986290931702,
        0.8749975562095642,
        0.874996542930603,
        0.8749955296516418,
        0.8749945163726807,
        0.8749935030937195,
        0.8749926090240479,
        0.8749914765357971,
        0.8749904632568359,
        0.8749891519546509,
        0.8749876022338867,
        0.8749859929084778,
        0.8749845027923584,
        0.8749830722808838,
        0.8749818801879883,
        0.8749807476997375,
        0.8749796152114868,
        0.8749786019325256,
        0.8749778270721436,
        0.8749769926071167,
        0.8749762773513794,
        0.8749756813049316,
        0.8749749660491943,
        0.8749743700027466,
        0.8749737739562988,
        0.8749732971191406,
        0.8749726414680481,
        0.8749721646308899,
        0.8749716281890869,
        0.8749711513519287,
        0.874970555305481,
        0.8749699592590332,
        0.874968945980072,
        0.8749676942825317,
        0.8749660849571228,
        0.8749638795852661,
        0.8749614357948303,
        0.8749589920043945,
        0.8749572038650513,
        0.8749558925628662,
        0.8749549984931946,
        0.8749542832374573,
        0.8749537467956543,
        0.8749533295631409,
        0.8749529719352722,
        0.8749526143074036,
        0.8749523162841797,
        0.8749521374702454,
        0.8749518394470215,
        0.8749515414237976,
        0.8749513030052185,
        0.8749511241912842,
        0.8749509453773499,
        0.874950647354126,
        0.8749502897262573,
        0.8749499917030334,
        0.8749495148658752,
        0.8749489784240723,
        0.8749483227729797,
        0.8749476075172424,
        0.8749470710754395,
        0.874946653842926,
        0.8749463558197021,
        0.8749462962150574,
        0.8749461770057678,
        0.8749460577964783,
        0.8749459981918335,
        0.874945878982544,
        0.8749456405639648,
        0.8749456405639648
    ],
    "l1_regularization": 0.0,
    "l2_regularization": 0.0,
    "random_state": 60316,
    "c1_unique_zones": 2,
    "c2_unique_od_pairs": 0,
    "c1_c2_approach": "percentage",
    "c1_c2_percentage": 0.2
}