{
    "normalized_frobenius_error": 0.8826712369918823,
    "masked_rmse": 0.11994559317827225,
    "mean_nonzero_value": 1.1494661569595337,
    "relative_rmse": 0.10434895753860474,
    "explained_variance": 0.220891535282135,
    "computation_time": 0.6361711025238037,
    "all_factors_non_negative": true,
    "factor_sparsity": [
        "16.82%",
        "19.09%",
        "16.67%"
    ],
    "device": "mps",
    "best_initialization": "random",
    "errors_history": [
        0.9591202735900879,
        0.9361870288848877,
        0.921791136264801,
        0.9100006222724915,
        0.8967378735542297,
        0.8899345993995667,
        0.8868056535720825,
        0.8852213025093079,
        0.8843550682067871,
        0.8838663101196289,
        0.8835427165031433,
        0.8833207488059998,
        0.8831505179405212,
        0.8830181956291199,
        0.8829362392425537,
        0.8828791379928589,
        0.8828369975090027,
        0.8828072547912598,
        0.8827864527702332,
        0.8827711939811707,
        0.8827587962150574,
        0.8827475905418396,
        0.8827362656593323,
        0.8827238082885742,
        0.8827114701271057,
        0.8827012181282043,
        0.8826940059661865,
        0.8826890587806702,
        0.8826854825019836,
        0.8826828002929688,
        0.8826807141304016,
        0.8826790452003479,
        0.8826777338981628,
        0.8826767206192017,
        0.88267582654953,
        0.8826751708984375,
        0.8826746344566345,
        0.8826742172241211,
        0.8826737403869629,
        0.882673442363739,
        0.8826730847358704,
        0.8826728463172913,
        0.8826726675033569,
        0.8826724290847778,
        0.8826722502708435,
        0.8826720714569092,
        0.8826719522476196,
        0.8826717734336853,
        0.882671594619751,
        0.8826715350151062,
        0.8826714754104614,
        0.8826714158058167,
        0.8826712965965271,
        0.8826712965965271
    ],
    "l1_regularization": 0.0,
    "l2_regularization": 0.0,
    "random_state": 322692,
    "c1_unique_zones": 1,
    "c2_unique_od_pairs": 0,
    "c1_c2_approach": "percentage",
    "c1_c2_percentage": 0.2
}