{
    "normalized_frobenius_error": 0.8763738870620728,
    "masked_rmse": 0.19563360512256622,
    "mean_nonzero_value": 1.5989879369735718,
    "relative_rmse": 0.12234839051961899,
    "explained_variance": 0.23196887969970703,
    "computation_time": 1.197571039199829,
    "all_factors_non_negative": true,
    "factor_sparsity": [
        "25.60%",
        "31.40%",
        "13.89%"
    ],
    "device": "mps",
    "best_initialization": "random",
    "errors_history": [
        0.9557726383209229,
        0.9395070672035217,
        0.9241988658905029,
        0.9138386249542236,
        0.9073396325111389,
        0.9027915596961975,
        0.8995227813720703,
        0.8970130681991577,
        0.8947582840919495,
        0.8924931883811951,
        0.8901678323745728,
        0.887913167476654,
        0.8858778476715088,
        0.8841866254806519,
        0.8829370737075806,
        0.8821137547492981,
        0.8815969824790955,
        0.8812597990036011,
        0.8810142874717712,
        0.8808048367500305,
        0.8805996775627136,
        0.880393922328949,
        0.8801977634429932,
        0.8800137639045715,
        0.8798392415046692,
        0.8796553611755371,
        0.8794545531272888,
        0.8792369365692139,
        0.8790051341056824,
        0.8787617683410645,
        0.8785102963447571,
        0.8782603740692139,
        0.8780267238616943,
        0.8778185248374939,
        0.8776341080665588,
        0.8774722218513489,
        0.8773281574249268,
        0.8771986365318298,
        0.8770837783813477,
        0.8769850134849548,
        0.8769015073776245,
        0.8768318295478821,
        0.8767724633216858,
        0.8767226338386536,
        0.8766834139823914,
        0.8766513466835022,
        0.8766249418258667,
        0.8766031265258789,
        0.8765845894813538,
        0.8765689134597778,
        0.8765553832054138,
        0.8765435814857483,
        0.8765328526496887,
        0.876522421836853,
        0.8765139579772949,
        0.8765067458152771,
        0.8765001893043518,
        0.8764944076538086,
        0.8764895796775818,
        0.8764858245849609,
        0.8764826059341431,
        0.876479983329773,
        0.8764775395393372,
        0.8764752149581909,
        0.8764725923538208,
        0.8764697313308716,
        0.8764676451683044,
        0.8764660358428955,
        0.8764647245407104,
        0.8764632940292358,
        0.8764618635177612,
        0.8764604330062866,
        0.8764589428901672,
        0.8764573931694031,
        0.8764557838439941,
        0.8764540553092957,
        0.8764523863792419,
        0.8764503598213196,
        0.876448392868042,
        0.8764463067054749,
        0.8764441013336182,
        0.8764419555664062,
        0.8764397501945496,
        0.8764374852180481,
        0.8764352798461914,
        0.8764331340789795,
        0.8764312267303467,
        0.8764293193817139,
        0.8764274716377258,
        0.8764258623123169,
        0.876424252986908,
        0.8764227628707886,
        0.876421332359314,
        0.8764199018478394,
        0.8764185905456543,
        0.8764171600341797,
        0.8764156699180603,
        0.8764140605926514,
        0.8764123320579529,
        0.8764103055000305,
        0.8764083981513977,
        0.8764063715934753,
        0.8764042258262634,
        0.8764023184776306,
        0.8764004111289978,
        0.8763986825942993,
        0.8763971328735352,
        0.8763957619667053,
        0.8763946294784546,
        0.8763934969902039,
        0.8763924837112427,
        0.8763917088508606,
        0.8763908743858337,
        0.8763901591300964,
        0.8763892650604248,
        0.8763885498046875,
        0.8763877749443054,
        0.8763869404792786,
        0.8763862252235413,
        0.8763854503631592,
        0.8763846158981323,
        0.876383900642395,
        0.8763831853866577,
        0.87638258934021,
        0.8763821125030518,
        0.876381516456604,
        0.876380980014801,
        0.8763805031776428,
        0.8763799667358398,
        0.876379668712616,
        0.8763791918754578,
        0.8763787746429443,
        0.8763784766197205,
        0.876378059387207,
        0.8763777613639832,
        0.8763774633407593,
        0.8763772249221802,
        0.8763769268989563,
        0.8763768672943115,
        0.8763764500617981,
        0.876376211643219,
        0.8763760328292847,
        0.8763758540153503,
        0.8763756155967712,
        0.8763754367828369,
        0.8763753175735474,
        0.876375138759613,
        0.8763749003410339,
        0.8763747215270996,
        0.8763746023178101,
        0.8763744831085205,
        0.8763744235038757,
        0.8763743042945862,
        0.8763741850852966,
        0.8763741254806519,
        0.8763740062713623,
        0.8763740062713623
    ],
    "l1_regularization": 0.0,
    "l2_regularization": 0.0,
    "random_state": 840644,
    "c1_unique_zones": 2,
    "c2_unique_od_pairs": 0,
    "c1_c2_approach": "percentage",
    "c1_c2_percentage": 0.2
}