{
    "normalized_frobenius_error": 0.9050180315971375,
    "masked_rmse": 0.11873675882816315,
    "mean_nonzero_value": 1.3623639345169067,
    "relative_rmse": 0.08715494722127914,
    "explained_variance": 0.18094241619110107,
    "computation_time": 0.6812608242034912,
    "all_factors_non_negative": true,
    "factor_sparsity": [
        "35.48%",
        "37.37%",
        "22.22%"
    ],
    "device": "mps",
    "best_initialization": "random",
    "errors_history": [
        0.969793438911438,
        0.9521432518959045,
        0.9350804686546326,
        0.9224734902381897,
        0.9158997535705566,
        0.9131972789764404,
        0.9116148948669434,
        0.9106099605560303,
        0.9099615216255188,
        0.909511387348175,
        0.9091554880142212,
        0.9089460372924805,
        0.9088118076324463,
        0.9087152481079102,
        0.9086434245109558,
        0.9085862636566162,
        0.9085380434989929,
        0.9084957242012024,
        0.9084578156471252,
        0.9084224700927734,
        0.9083897471427917,
        0.908359706401825,
        0.9083309769630432,
        0.908302903175354,
        0.9082747101783752,
        0.9082453846931458,
        0.9082151651382446,
        0.9081841111183167,
        0.9081529378890991,
        0.9081213474273682,
        0.9080894589424133,
        0.908056914806366,
        0.9080237150192261,
        0.9079896211624146,
        0.9079548716545105,
        0.9079196453094482,
        0.9078838229179382,
        0.9078474640846252,
        0.907810389995575,
        0.9077727198600769,
        0.9077326059341431,
        0.9076848030090332,
        0.9076296091079712,
        0.9075697660446167,
        0.9074996709823608,
        0.9074148535728455,
        0.9073103070259094,
        0.9071822762489319,
        0.9070276618003845,
        0.9068474769592285,
        0.9066495299339294,
        0.9064493775367737,
        0.9062649011611938,
        0.9060951471328735,
        0.9058598875999451,
        0.9056136608123779,
        0.9054959416389465,
        0.9054315686225891,
        0.9053910970687866,
        0.9053566455841064,
        0.9053245782852173,
        0.9053100347518921,
        0.9052956700325012,
        0.9052903056144714,
        0.905286967754364,
        0.9052792191505432,
        0.9052400588989258,
        0.9051703810691833,
        0.905131995677948,
        0.9051249027252197,
        0.9051222205162048,
        0.9051206707954407,
        0.9051195383071899,
        0.905118465423584,
        0.9051162004470825,
        0.9051064252853394,
        0.9050726294517517,
        0.9050338268280029,
        0.9050232172012329,
        0.9050214290618896,
        0.9050209522247314,
        0.9050206542015076,
        0.9050200581550598,
        0.9050197601318359,
        0.9050194621086121,
        0.9050192832946777,
        0.9050189256668091,
        0.9050186276435852,
        0.9050183296203613,
        0.9050182700157166,
        0.905018150806427,
        0.9050180315971375,
        0.9050180315971375
    ],
    "l1_regularization": 0.0,
    "l2_regularization": 0.0,
    "random_state": 141058,
    "c1_unique_zones": 3,
    "c2_unique_od_pairs": 0,
    "c1_c2_approach": "percentage",
    "c1_c2_percentage": 0.2
}