{
    "normalized_frobenius_error": 0.9178895354270935,
    "masked_rmse": 0.19277939200401306,
    "mean_nonzero_value": 1.5507972240447998,
    "relative_rmse": 0.12430986762046814,
    "explained_variance": 0.15747880935668945,
    "computation_time": 0.8193233013153076,
    "all_factors_non_negative": true,
    "factor_sparsity": [
        "16.36%",
        "13.53%",
        "8.10%"
    ],
    "device": "cpu",
    "best_initialization": "random",
    "errors_history": [
        0.9647425413131714,
        0.9620565176010132,
        0.9618006944656372,
        0.9616002440452576,
        0.9613622426986694,
        0.9610515236854553,
        0.960631251335144,
        0.960049033164978,
        0.9592500329017639,
        0.95819491147995,
        0.956904411315918,
        0.9554694890975952,
        0.954006552696228,
        0.9526206851005554,
        0.9513681530952454,
        0.9502474069595337,
        0.9492066502571106,
        0.9481580853462219,
        0.947005569934845,
        0.9456653594970703,
        0.9441028237342834,
        0.9423845410346985,
        0.9406792521476746,
        0.9391482472419739,
        0.9378610849380493,
        0.9367926716804504,
        0.9358833432197571,
        0.9350777864456177,
        0.9343367218971252,
        0.9336414337158203,
        0.9329889416694641,
        0.9323814511299133,
        0.9318195581436157,
        0.9313050508499146,
        0.9308393597602844,
        0.930419921875,
        0.9300442337989807,
        0.9297096133232117,
        0.9294121265411377,
        0.9291468858718872,
        0.9289103150367737,
        0.9286991953849792,
        0.9285093545913696,
        0.9283378720283508,
        0.9281820058822632,
        0.9280396699905396,
        0.9279067516326904,
        0.9277814626693726,
        0.9276620745658875,
        0.9275466799736023,
        0.9274336695671082,
        0.9273199439048767,
        0.9272062182426453,
        0.9270901679992676,
        0.9269703030586243,
        0.9268452525138855,
        0.9267158508300781,
        0.9265797734260559,
        0.9264393448829651,
        0.9262953996658325,
        0.9261472225189209,
        0.9259985089302063,
        0.9258498549461365,
        0.9257034063339233,
        0.9255607724189758,
        0.9254217743873596,
        0.9252869486808777,
        0.9251549243927002,
        0.9250280261039734,
        0.9249046444892883,
        0.9247869849205017,
        0.9246743321418762,
        0.9245676398277283,
        0.9244688153266907,
        0.9243776202201843,
        0.9242934584617615,
        0.9242146015167236,
        0.924139678478241,
        0.9240632057189941,
        0.9239827394485474,
        0.923892080783844,
        0.9237866401672363,
        0.9236693382263184,
        0.9235532283782959,
        0.9234471917152405,
        0.9233523607254028,
        0.9232637286186218,
        0.9231802225112915,
        0.9230995178222656,
        0.9230215549468994,
        0.9229457378387451,
        0.9228719472885132,
        0.922799825668335,
        0.9227294325828552,
        0.9226601719856262,
        0.9225931763648987,
        0.9225291609764099,
        0.9224688410758972,
        0.9224131107330322,
        0.9223592877388,
        0.9223085045814514,
        0.9222572445869446,
        0.9221998453140259,
        0.9221230149269104,
        0.9220258593559265,
        0.9219536781311035,
        0.9219034910202026,
        0.9218603372573853,
        0.9218201041221619,
        0.9217807650566101,
        0.9217396378517151,
        0.921698808670044,
        0.9216573238372803,
        0.9216161370277405,
        0.9215766191482544,
        0.9215385317802429,
        0.921500027179718,
        0.9214614629745483,
        0.9214236736297607,
        0.9213867783546448,
        0.9213513731956482,
        0.9213170409202576,
        0.9212846159934998,
        0.9212539196014404,
        0.9212241172790527,
        0.9211952090263367,
        0.9211670756340027,
        0.9211392998695374,
        0.9211118817329407,
        0.9210848808288574,
        0.9210582375526428,
        0.9210317134857178,
        0.9210050106048584,
        0.920978844165802,
        0.9209533333778381,
        0.9209277629852295,
        0.9209033250808716,
        0.9208791255950928,
        0.9208542108535767,
        0.9208280444145203,
        0.9208016991615295,
        0.920774519443512,
        0.9207461476325989,
        0.9207157492637634,
        0.9206857085227966,
        0.9206551909446716,
        0.9206249713897705,
        0.9205946922302246,
        0.9205636382102966,
        0.9205313324928284,
        0.9204975366592407,
        0.9204601645469666,
        0.9204186797142029,
        0.9203749895095825,
        0.9203321933746338,
        0.9202907681465149,
        0.920251727104187,
        0.9202157855033875,
        0.9201813340187073,
        0.9201477766036987,
        0.9201169013977051,
        0.9200862050056458,
        0.9200576543807983,
        0.9200295805931091,
        0.9200038909912109,
        0.919978678226471,
        0.9199545979499817,
        0.9199316501617432,
        0.9199092984199524,
        0.9198876619338989,
        0.9198670983314514,
        0.9198464751243591,
        0.9198268055915833,
        0.9198067784309387,
        0.919786274433136,
        0.9197659492492676,
        0.9197453856468201,
        0.9197242856025696,
        0.919701874256134,
        0.9196786284446716,
        0.9196553826332092,
        0.9196304082870483,
        0.9196060299873352,
        0.9195805788040161,
        0.9195554852485657,
        0.9195300340652466,
        0.9195053577423096,
        0.9194810390472412,
        0.9194573163986206,
        0.9194340109825134,
        0.9194116592407227,
        0.9193897843360901,
        0.91936856508255,
        0.9193482995033264,
        0.9193286895751953,
        0.9193102717399597,
        0.9192925095558167,
        0.9192759394645691,
        0.9192599058151245,
        0.9192445874214172,
        0.9192295670509338,
        0.9192156791687012,
        0.9192020893096924,
        0.9191890954971313,
        0.9191762804985046,
        0.9191644191741943,
        0.9191530346870422,
        0.9191412925720215,
        0.9191304445266724,
        0.9191203713417053,
        0.9191094636917114,
        0.9190987348556519,
        0.9190875291824341,
        0.9190754294395447,
        0.919062077999115,
        0.9190475940704346,
        0.9190306067466736,
        0.9190109968185425,
        0.9189897179603577,
        0.9189659953117371,
        0.9189401865005493,
        0.9189140200614929,
        0.9188887476921082,
        0.9188647866249084,
        0.9188438057899475,
        0.9188240170478821,
        0.9188068509101868,
        0.9187923669815063,
        0.918778657913208,
        0.9187660813331604,
        0.9187548756599426,
        0.9187445044517517,
        0.9187337160110474,
        0.9187238216400146,
        0.9187140464782715,
        0.918704092502594,
        0.9186936020851135,
        0.9186833500862122,
        0.9186732769012451,
        0.9186633825302124,
        0.9186542630195618,
        0.9186449646949768,
        0.9186358451843262,
        0.9186275601387024,
        0.9186196327209473,
        0.9186120629310608,
        0.9186055064201355,
        0.9185993671417236,
        0.918593168258667,
        0.9185876846313477,
        0.9185824394226074,
        0.918577253818512,
        0.918572723865509,
        0.9185680747032166,
        0.918563723564148,
        0.9185595512390137,
        0.9185552000999451,
        0.9185510277748108,
        0.9185466766357422,
        0.918542742729187,
        0.9185391068458557,
        0.9185349941253662,
        0.9185307025909424,
        0.9185265302658081,
        0.918522298336029,
        0.9185177087783813,
        0.918513298034668,
        0.9185094833374023,
        0.9185051918029785,
