{
    "normalized_frobenius_error": 0.8564387559890747,
    "masked_rmse": 0.2233724296092987,
    "mean_nonzero_value": 1.345635175704956,
    "relative_rmse": 0.16599775850772858,
    "explained_variance": 0.2665126919746399,
    "computation_time": 0.8873610496520996,
    "all_factors_non_negative": true,
    "factor_sparsity": [
        "19.56%",
        "16.89%",
        "10.83%"
    ],
    "device": "mps",
    "best_initialization": "random",
    "errors_history": [
        0.9426860809326172,
        0.9283072352409363,
        0.9089144468307495,
        0.8894360661506653,
        0.8790264129638672,
        0.8730815649032593,
        0.8690760731697083,
        0.8664344549179077,
        0.8644037246704102,
        0.8624500632286072,
        0.8607897758483887,
        0.8595735430717468,
        0.8587088584899902,
        0.8580842018127441,
        0.857637882232666,
        0.8573266267776489,
        0.8571117520332336,
        0.8569638729095459,
        0.8568609356880188,
        0.8567878007888794,
        0.8567345142364502,
        0.8566935062408447,
        0.8566583395004272,
        0.8566309809684753,
        0.8566112518310547,
        0.8565955758094788,
        0.8565828204154968,
        0.8565720319747925,
        0.8565623164176941,
        0.8565530776977539,
        0.8565436005592346,
        0.8565331697463989,
        0.8565214276313782,
        0.8565087914466858,
        0.8564963340759277,
        0.8564855456352234,
        0.856476902961731,
        0.8564705848693848,
        0.8564661741256714,
        0.8564627170562744,
        0.8564602136611938,
        0.8564582467079163,
        0.8564566969871521,
        0.856455385684967,
        0.8564543724060059,
        0.8564534783363342,
        0.8564527630805969,
        0.8564521670341492,
        0.856451690196991,
        0.856451153755188,
        0.8564506769180298,
        0.8564504384994507,
        0.8564500212669373,
        0.8564497232437134,
        0.8564494252204895,
        0.8564491868019104,
        0.8564488887786865,
        0.8564487099647522,
        0.8564484715461731,
        0.856448233127594,
        0.8564479947090149,
        0.8564477562904358,
        0.8564476370811462,
        0.8564474582672119,
        0.8564473390579224,
        0.8564471006393433,
        0.8564468622207642,
        0.8564467430114746,
        0.8564464449882507,
        0.8564462661743164,
        0.8564460277557373,
        0.8564457893371582,
        0.8564455509185791,
        0.8564451932907104,
        0.8564448356628418,
        0.8564444780349731,
        0.8564440011978149,
        0.8564435839653015,
        0.8564430475234985,
        0.8564425110816956,
        0.8564420938491821,
        0.8564415574073792,
        0.856441080570221,
        0.8564406633377075,
        0.8564403653144836,
        0.8564399480819702,
        0.8564397096633911,
        0.856439471244812,
        0.8564392924308777,
        0.8564391136169434,
        0.8564389944076538,
        0.8564388751983643,
        0.8564388155937195,
        0.8564387559890747,
        0.8564387559890747
    ],
    "l1_regularization": 0.0,
    "l2_regularization": 0.0,
    "random_state": 499763,
    "c1_unique_zones": 2,
    "c2_unique_od_pairs": 0,
    "c1_c2_approach": "percentage",
    "c1_c2_percentage": 0.2
}