{
    "normalized_frobenius_error": 0.9051463007926941,
    "masked_rmse": 0.118753582239151,
    "mean_nonzero_value": 1.3623639345169067,
    "relative_rmse": 0.08716730028390884,
    "explained_variance": 0.18071019649505615,
    "computation_time": 0.7712979316711426,
    "all_factors_non_negative": true,
    "factor_sparsity": [
        "43.82%",
        "45.97%",
        "27.08%"
    ],
    "device": "mps",
    "best_initialization": "random",
    "errors_history": [
        0.9724781513214111,
        0.9513223171234131,
        0.9389273524284363,
        0.9314915537834167,
        0.9268134832382202,
        0.9240178465843201,
        0.9224159717559814,
        0.9214775562286377,
        0.9208325743675232,
        0.920281171798706,
        0.9197399020195007,
        0.9192269444465637,
        0.9187842011451721,
        0.9184351563453674,
        0.9181686639785767,
        0.9179646372795105,
        0.9177998900413513,
        0.9176562428474426,
        0.9175294637680054,
        0.9174100160598755,
        0.9172872304916382,
        0.9171363115310669,
        0.9169756174087524,
        0.9168107509613037,
        0.9166388511657715,
        0.9164365530014038,
        0.9161738157272339,
        0.9158660173416138,
        0.915519118309021,
        0.9150408506393433,
        0.914178192615509,
        0.912520170211792,
        0.9104235768318176,
        0.9091295599937439,
        0.9086010456085205,
        0.9084020853042603,
        0.9083115458488464,
        0.9082526564598083,
        0.9082055687904358,
        0.9081458449363708,
        0.9080865979194641,
        0.9080409407615662,
        0.9079943299293518,
        0.9079207181930542,
        0.9077348709106445,
        0.9076287150382996,
        0.9075445532798767,
        0.9074446558952332,
        0.9073173403739929,
        0.9071568846702576,
        0.90696120262146,
        0.9067323207855225,
        0.9064828753471375,
        0.9062086343765259,
        0.9059396982192993,
        0.9057552218437195,
        0.9056351184844971,
        0.9055577516555786,
        0.9054959416389465,
        0.9054279327392578,
        0.9053798317909241,
        0.9053584337234497,
        0.9053489565849304,
        0.9053385257720947,
        0.9053309559822083,
        0.9053282141685486,
        0.905325710773468,
        0.9053203463554382,
        0.9053117632865906,
        0.9053083658218384,
        0.9053062200546265,
        0.9053037166595459,
        0.9052942991256714,
        0.9052287340164185,
        0.9051821231842041,
        0.9051753282546997,
        0.9051727652549744,
        0.9051686525344849,
        0.9051669836044312,
        0.905166506767273,
        0.9051662087440491,
        0.9051657319068909,
        0.9051651954650879,
        0.9051643013954163,
        0.9051639437675476,
        0.9051637649536133,
        0.905163586139679,
        0.9051634669303894,
        0.9051632881164551,
        0.905163049697876,
        0.9051628112792969,
        0.9051623940467834,
        0.9051616191864014,
        0.9051607847213745,
        0.9051594138145447,
        0.905157744884491,
        0.9051558971405029,
        0.905154287815094,
        0.9051528573036194,
        0.9051516652107239,
        0.9051506519317627,
        0.9051496982574463,
        0.9051489233970642,
        0.9051483273506165,
        0.9051478505134583,
        0.9051474928855896,
        0.9051470756530762,
        0.9051467776298523,
        0.9051467180252075,
        0.9051465392112732,
        0.9051464200019836,
        0.9051463007926941,
        0.9051463007926941
    ],
    "l1_regularization": 0.0,
    "l2_regularization": 0.0,
    "random_state": 306225,
    "c1_unique_zones": 3,
    "c2_unique_od_pairs": 0,
    "c1_c2_approach": "percentage",
    "c1_c2_percentage": 0.2
}