{
    "normalized_frobenius_error": 0.856452465057373,
    "masked_rmse": 0.22337602078914642,
    "mean_nonzero_value": 1.345635175704956,
    "relative_rmse": 0.16600042581558228,
    "explained_variance": 0.2664892077445984,
    "computation_time": 0.6556861400604248,
    "all_factors_non_negative": true,
    "factor_sparsity": [
        "20.44%",
        "15.56%",
        "11.67%"
    ],
    "device": "mps",
    "best_initialization": "random",
    "errors_history": [
        0.9389223456382751,
        0.9255120754241943,
        0.9061745405197144,
        0.8860227465629578,
        0.872020959854126,
        0.8656814098358154,
        0.8635441660881042,
        0.8627195954322815,
        0.8623145818710327,
        0.8620438575744629,
        0.8618125915527344,
        0.8615918159484863,
        0.8613775372505188,
        0.8611661195755005,
        0.860945999622345,
        0.8607044219970703,
        0.8604303598403931,
        0.8601146936416626,
        0.8597506284713745,
        0.8593376278877258,
        0.8588937520980835,
        0.8584592938423157,
        0.858073890209198,
        0.8577575087547302,
        0.8575112223625183,
        0.8573238253593445,
        0.8571802377700806,
        0.8570665121078491,
        0.856972873210907,
        0.8568952083587646,
        0.8568322658538818,
        0.8567824363708496,
        0.856743574142456,
        0.8567134141921997,
        0.8566902875900269,
        0.8566725850105286,
        0.8566585183143616,
        0.8566471338272095,
        0.8566381931304932,
        0.8566302061080933,
        0.8566224575042725,
        0.8566145300865173,
        0.8566058874130249,
        0.8565950393676758,
        0.8565811514854431,
        0.8565644025802612,
        0.8565477132797241,
        0.8565337657928467,
        0.8565231561660767,
        0.8565150499343872,
        0.8565086126327515,
        0.8565036654472351,
        0.8564996719360352,
        0.856496274471283,
        0.8564932942390442,
        0.8564903736114502,
        0.8564875721931458,
        0.8564846515655518,
        0.8564816117286682,
        0.8564785122871399,
        0.856475293636322,
        0.8564722537994385,
        0.8564692735671997,
        0.8564665913581848,
        0.8564643859863281,
        0.8564624786376953,
        0.8564608693122864,
        0.8564594984054565,
        0.8564583659172058,
        0.8564575910568237,
        0.8564569354057312,
        0.8564563393592834,
        0.85645592212677,
        0.8564556241035461,
        0.8564551472663879,
        0.8564548492431641,
        0.8564545512199402,
        0.8564541935920715,
        0.8564538955688477,
        0.8564535975456238,
        0.8564533591270447,
        0.8564531803131104,
        0.8564529418945312,
        0.8564527630805969,
        0.8564526438713074,
        0.8564525842666626,
        0.8564525842666626
    ],
    "l1_regularization": 0.0,
    "l2_regularization": 0.0,
    "random_state": 322319,
    "c1_unique_zones": 2,
    "c2_unique_od_pairs": 0,
    "c1_c2_approach": "percentage",
    "c1_c2_percentage": 0.2
}