{
    "normalized_frobenius_error": 0.8764451146125793,
    "masked_rmse": 0.19564948976039886,
    "mean_nonzero_value": 1.5989879369735718,
    "relative_rmse": 0.12235832959413528,
    "explained_variance": 0.2318440079689026,
    "computation_time": 1.062838077545166,
    "all_factors_non_negative": true,
    "factor_sparsity": [
        "27.54%",
        "30.92%",
        "15.97%"
    ],
    "device": "mps",
    "best_initialization": "random",
    "errors_history": [
        0.9568541049957275,
        0.9391068816184998,
        0.9178602695465088,
        0.9009137153625488,
        0.8926066160202026,
        0.8891243934631348,
        0.8873076438903809,
        0.8862229585647583,
        0.8854966759681702,
        0.884939968585968,
        0.8844488263130188,
        0.8839702010154724,
        0.8834891319274902,
        0.8830230832099915,
        0.8826050162315369,
        0.8822534680366516,
        0.8819663524627686,
        0.8817318677902222,
        0.8815356492996216,
        0.8813682794570923,
        0.8812257051467896,
        0.8811048865318298,
        0.8809966444969177,
        0.8809144496917725,
        0.8808467984199524,
        0.8807917833328247,
        0.880746603012085,
        0.8807069659233093,
        0.8806700706481934,
        0.8806334733963013,
        0.8805947303771973,
        0.8805515766143799,
        0.8805016875267029,
        0.8804434537887573,
        0.8803773522377014,
        0.8803068399429321,
        0.880229115486145,
        0.8801408410072327,
        0.8800407648086548,
        0.8799289464950562,
        0.8798066973686218,
        0.8796772956848145,
        0.8795450329780579,
        0.8794139623641968,
        0.8792868852615356,
        0.8791631460189819,
        0.8790380954742432,
        0.8789030909538269,
        0.8787461519241333,
        0.8785567283630371,
        0.8783328533172607,
        0.8780863285064697,
        0.877842366695404,
        0.8776290416717529,
        0.8774581551551819,
        0.8773260116577148,
        0.8772261142730713,
        0.8771511316299438,
        0.8770940899848938,
        0.8770502209663391,
        0.8770158290863037,
        0.876987636089325,
        0.8769596219062805,
        0.8769291043281555,
        0.8768935203552246,
        0.8768347501754761,
        0.8767639994621277,
        0.8767189979553223,
        0.8766942024230957,
        0.8766763210296631,
        0.8766611218452454,
        0.876647412776947,
        0.876634955406189,
        0.8766235113143921,
        0.8766135573387146,
        0.8766047358512878,
        0.8765968680381775,
        0.8765898942947388,
        0.8765835762023926,
        0.8765779137611389,
        0.8765726685523987,
        0.8765679001808167,
        0.8765636086463928,
        0.8765594363212585,
        0.8765552639961243,
        0.8765495419502258,
        0.8765379786491394,
        0.8765209317207336,
        0.8765100240707397,
        0.8765044212341309,
        0.8765004873275757,
        0.8764970302581787,
        0.8764939308166504,
        0.8764910697937012,
        0.876488447189331,
        0.8764861226081848,
        0.8764840960502625,
        0.8764821887016296,
        0.8764804601669312,
        0.8764789700508118,
        0.8764775395393372,
        0.8764762282371521,
        0.8764750957489014,
        0.8764739036560059,
        0.8764730095863342,
        0.8764720559120178,
        0.8764711618423462,
        0.8764703869819641,
        0.8764695525169373,
        0.8764688372612,
        0.8764681220054626,
        0.8764674067497253,
        0.8764666318893433,
        0.8764657974243164,
        0.8764650225639343,
        0.876464307308197,
        0.8764634728431702,
        0.8764627575874329,
        0.8764618635177612,
        0.8764609694480896,
        0.876460075378418,
        0.8764589428901672,
        0.8764578104019165,
        0.876456618309021,
        0.8764554858207703,
        0.8764544725418091,
        0.8764535784721375,
        0.8764527440071106,
        0.8764520883560181,
        0.8764512538909912,
        0.8764507174491882,
        0.8764501214027405,
        0.8764497637748718,
        0.8764493465423584,
        0.8764490485191345,
        0.8764486312866211,
        0.8764483332633972,
        0.8764480352401733,
        0.8764477968215942,
        0.8764474391937256,
        0.8764472007751465,
        0.8764469027519226,
        0.8764467239379883,
        0.8764466047286987,
        0.8764464259147644,
        0.8764463067054749,
        0.8764460682868958,
        0.8764458894729614,
        0.8764457702636719,
        0.8764455914497375,
        0.876445472240448,
        0.8764454126358032,
        0.8764452934265137,
        0.8764451742172241,
        0.8764451146125793,
        0.8764451146125793
    ],
    "l1_regularization": 0.0,
    "l2_regularization": 0.0,
    "random_state": 590037,
    "c1_unique_zones": 2,
    "c2_unique_od_pairs": 0,
    "c1_c2_approach": "percentage",
    "c1_c2_percentage": 0.2
}