{
    "normalized_frobenius_error": 0.9058436155319214,
    "masked_rmse": 0.11884506046772003,
    "mean_nonzero_value": 1.3623639345169067,
    "relative_rmse": 0.08723444491624832,
    "explained_variance": 0.17944735288619995,
    "computation_time": 1.513396978378296,
    "all_factors_non_negative": true,
    "factor_sparsity": [
        "38.44%",
        "38.44%",
        "25.69%"
    ],
    "device": "mps",
    "best_initialization": "random",
    "errors_history": [
        0.9726988077163696,
        0.9608317017555237,
        0.9477431774139404,
        0.9358754754066467,
        0.9268789887428284,
        0.9180136919021606,
        0.9114331007003784,
        0.9083235263824463,
        0.9070728421211243,
        0.9065801501274109,
        0.9063581228256226,
        0.9062429070472717,
        0.9061776995658875,
        0.9061369895935059,
        0.9061059951782227,
        0.9060818552970886,
        0.9060680866241455,
        0.9060582518577576,
        0.9060497879981995,
        0.906042218208313,
        0.9060351252555847,
        0.9060287475585938,
        0.9060232043266296,
        0.9060186743736267,
        0.9060148596763611,
        0.906011700630188,
        0.9060090184211731,
        0.9060066342353821,
        0.9060046076774597,
        0.9060028195381165,
        0.9060011506080627,
        0.9059996604919434,
        0.9059982299804688,
        0.9059967398643494,
        0.9059954285621643,
        0.9059940576553345,
        0.905992865562439,
        0.9059916138648987,
        0.9059903621673584,
        0.9059892296791077,
        0.9059879779815674,
        0.9059867262840271,
        0.9059855937957764,
        0.9059843420982361,
        0.9059830904006958,
        0.9059818387031555,
        0.9059807062149048,
        0.905979335308075,
        0.9059780836105347,
        0.9059766530990601,
        0.905975341796875,
        0.9059739112854004,
        0.9059724807739258,
        0.9059709310531616,
        0.9059693217277527,
        0.905967652797699,
        0.9059659242630005,
        0.905964195728302,
        0.9059624075889587,
        0.9059605002403259,
        0.9059585928916931,
        0.9059563875198364,
        0.9059542417526245,
        0.905951976776123,
        0.9059496521949768,
        0.9059472680091858,
        0.9059447050094604,
        0.9059420228004456,
        0.9059392213821411,
        0.9059364795684814,
        0.9059334993362427,
        0.9059303998947144,
        0.9059272408485413,
        0.9059239029884338,
        0.9059204459190369,
        0.9059169292449951,
        0.9059134125709534,
        0.9059097766876221,
        0.9059061408042908,
        0.9059024453163147,
        0.9058988094329834,
        0.9058951735496521,
        0.9058916568756104,
        0.9058881998062134,
        0.905884861946106,
        0.9058815240859985,
        0.9058783650398254,
        0.9058753848075867,
        0.9058724045753479,
        0.905869722366333,
        0.9058671593666077,
        0.9058647751808167,
        0.90586256980896,
        0.9058605432510376,
        0.9058585166931152,
        0.9058569073677063,
        0.9058553576469421,
        0.9058539271354675,
        0.9058526158332825,
        0.9058515429496765,
        0.9058504700660706,
        0.9058496356010437,
        0.9058488607406616,
        0.9058480858802795,
        0.9058475494384766,
        0.9058469533920288,
        0.9058465957641602,
        0.905846118927002,
        0.9058457016944885,
        0.9058453440666199,
        0.9058451056480408,
        0.9058449268341064,
        0.9058446288108826,
        0.9058444499969482,
        0.9058442711830139,
        0.9058441519737244,
        0.90584397315979,
        0.9058439135551453,
        0.9058437943458557,
        0.9058436751365662,
        0.9058436155319214,
        0.9058436155319214
    ],
    "l1_regularization": 0.0,
    "l2_regularization": 0.0,
    "random_state": 734781,
    "c1_unique_zones": 2,
    "c2_unique_od_pairs": 0,
    "c1_c2_approach": "percentage",
    "c1_c2_percentage": 0.2
}