{
    "normalized_frobenius_error": 0.856447696685791,
    "masked_rmse": 0.22337476909160614,
    "mean_nonzero_value": 1.345635175704956,
    "relative_rmse": 0.16599950194358826,
    "explained_variance": 0.2664974331855774,
    "computation_time": 0.8261468410491943,
    "all_factors_non_negative": true,
    "factor_sparsity": [
        "22.67%",
        "20.89%",
        "11.67%"
    ],
    "device": "mps",
    "best_initialization": "random",
    "errors_history": [
        0.9449142813682556,
        0.9308977723121643,
        0.9186380505561829,
        0.9077094197273254,
        0.8982994556427002,
        0.8912411332130432,
        0.8863595724105835,
        0.882438600063324,
        0.8791021704673767,
        0.8768265843391418,
        0.8754364252090454,
        0.8744261264801025,
        0.8734593391418457,
        0.8723331689834595,
        0.8708394169807434,
        0.8687220215797424,
        0.8659713864326477,
        0.863235592842102,
        0.861224353313446,
        0.8599076867103577,
        0.858987033367157,
        0.858395516872406,
        0.8579970598220825,
        0.85769122838974,
        0.8574579954147339,
        0.8572824001312256,
        0.8571491837501526,
        0.8570501208305359,
        0.8569796085357666,
        0.856930136680603,
        0.85689377784729,
        0.8568639755249023,
        0.8568337559700012,
        0.8567897081375122,
        0.8567298054695129,
        0.8566921353340149,
        0.8566696643829346,
        0.8566504120826721,
        0.856633186340332,
        0.8566181063652039,
        0.8566051125526428,
        0.8565940856933594,
        0.8565847277641296,
        0.8565769791603088,
        0.8565705418586731,
        0.856564998626709,
        0.856560230255127,
        0.8565557599067688,
        0.8565512895584106,
        0.85654616355896,
        0.8565395474433899,
        0.8565301895141602,
        0.8565176129341125,
        0.8565032482147217,
        0.8564894199371338,
        0.8564786314964294,
        0.8564717173576355,
        0.8564679026603699,
        0.8564658164978027,
        0.8564644455909729,
        0.8564635515213013,
        0.8564628958702087,
        0.8564623594284058,
        0.8564618229866028,
        0.8564614057540894,
        0.8564609289169312,
        0.8564605116844177,
        0.8564600348472595,
        0.8564596772193909,
        0.8564592599868774,
        0.856458842754364,
        0.8564584851264954,
        0.8564580082893372,
        0.8564576506614685,
        0.8564571142196655,
        0.8564568161964417,
        0.8564562797546387,
        0.8564558029174805,
        0.8564553260803223,
        0.8564549684524536,
        0.856454610824585,
        0.8564541339874268,
        0.8564537763595581,
        0.8564533591270447,
        0.8564528226852417,
        0.8564523458480835,
        0.8564519882202148,
        0.8564516305923462,
        0.8564512729644775,
        0.8564510345458984,
        0.8564508557319641,
        0.8564505577087402,
        0.8564503788948059,
        0.8564501404762268,
        0.8564499020576477,
        0.8564497232437134,
        0.856449544429779,
        0.8564493656158447,
        0.8564492464065552,
        0.8564490675926208,
        0.8564488887786865,
        0.856448769569397,
        0.8564486503601074,
        0.8564485907554626,
        0.8564484715461731,
        0.8564482927322388,
        0.8564481735229492,
        0.8564481139183044,
        0.8564480543136597,
        0.8564479351043701,
        0.8564478158950806,
        0.856447696685791,
        0.856447696685791
    ],
    "l1_regularization": 0.0,
    "l2_regularization": 0.0,
    "random_state": 871718,
    "c1_unique_zones": 2,
    "c2_unique_od_pairs": 0,
    "c1_c2_approach": "percentage",
    "c1_c2_percentage": 0.2
}