{
    "normalized_frobenius_error": 0.9141201376914978,
    "masked_rmse": 0.1919878125190735,
    "mean_nonzero_value": 1.5507972240447998,
    "relative_rmse": 0.12379942834377289,
    "explained_variance": 0.1643843650817871,
    "computation_time": 0.6372830867767334,
    "all_factors_non_negative": true,
    "factor_sparsity": [
        "17.15%",
        "14.49%",
        "5.71%"
    ],
    "device": "cpu",
    "best_initialization": "svd",
    "errors_history": [
        0.9552895426750183,
        0.9498721957206726,
        0.9469608068466187,
        0.9441247582435608,
        0.9408436417579651,
        0.9371989369392395,
        0.9336451292037964,
        0.9305949807167053,
        0.9281501173973083,
        0.9262454509735107,
        0.9247645735740662,
        0.9236146211624146,
        0.9227206110954285,
        0.9220219254493713,
        0.9214673638343811,
        0.9210178256034851,
        0.920640766620636,
        0.9203199148178101,
        0.9200415015220642,
        0.9197970032691956,
        0.919579029083252,
        0.9193839430809021,
        0.9192066192626953,
        0.9190452694892883,
        0.9188981056213379,
        0.9187602996826172,
        0.9186331629753113,
        0.9185117483139038,
        0.9183963537216187,
        0.9182858467102051,
        0.918176531791687,
        0.91806960105896,
        0.9179635047912598,
        0.9178561568260193,
        0.9177472591400146,
        0.9176378846168518,
        0.9175271987915039,
        0.9174139499664307,
        0.9173003435134888,
        0.9171857833862305,
        0.9170712828636169,
        0.9169580936431885,
        0.9168460965156555,
        0.9167371988296509,
        0.9166306853294373,
        0.9165268540382385,
        0.9164267778396606,
        0.9163301587104797,
        0.916236162185669,
        0.916146457195282,
        0.9160602688789368,
        0.9159786105155945,
        0.9159010648727417,
        0.9158270955085754,
        0.9157569408416748,
        0.9156904816627502,
        0.915629506111145,
        0.915571928024292,
        0.9155195951461792,
        0.91547030210495,
        0.9154242873191833,
        0.9153826832771301,
        0.9153438806533813,
        0.9153081774711609,
        0.9152747988700867,
        0.9152435660362244,
        0.9152140021324158,
        0.9151857495307922,
        0.9151595830917358,
        0.9151341319084167,
        0.9151085615158081,
        0.915083646774292,
        0.9150587320327759,
        0.9150339365005493,
        0.9150083661079407,
        0.9149825572967529,
        0.9149563312530518,
        0.9149301648139954,
        0.9149044156074524,
        0.9148796796798706,
        0.9148561954498291,
        0.9148344993591309,
        0.9148139357566833,
        0.9147946238517761,
        0.9147772789001465,
        0.9147598147392273,
        0.914743185043335,
        0.9147278666496277,
        0.914714515209198,
        0.9147024154663086,
        0.9146914482116699,
        0.914681077003479,
        0.9146714210510254,
        0.9146625399589539,
        0.9146541953086853,
        0.9146461486816406,
        0.914638340473175,
        0.9146311283111572,
        0.9146239161491394,
        0.9146168828010559,
        0.9146101474761963,
        0.9146034717559814,
        0.914596676826477,
        0.9145901203155518,
        0.9145840406417847,
        0.914577841758728,
        0.9145713448524475,
        0.914565920829773,
        0.9145601391792297,
        0.9145549535751343,
        0.9145492911338806,
        0.9145441055297852,
        0.9145382046699524,
        0.9145327806472778,
        0.9145278334617615,
        0.9145222306251526,
        0.9145166277885437,
        0.9145112633705139,
        0.9145058393478394,
        0.9145000576972961,
        0.9144937992095947,
        0.9144881963729858,
        0.9144823551177979,
        0.9144759178161621,
        0.9144694209098816,
        0.9144635796546936,
        0.9144572615623474,
        0.9144509434700012,
        0.9144448041915894,
        0.9144387245178223,
        0.9144328832626343,
        0.9144272804260254,
        0.9144213795661926,
        0.9144157767295837,
        0.9144105911254883,
        0.9144052863121033,
        0.9144004583358765,
        0.9143950343132019,
        0.9143902659416199,
        0.9143854379653931,
        0.9143804311752319,
        0.9143760204315186,
        0.9143715500831604,
        0.9143671989440918,
        0.9143624901771545,
        0.9143580198287964,
        0.9143538475036621,
        0.9143494963645935,
        0.9143453240394592,
        0.9143414497375488,
        0.9143374562263489,
        0.9143335223197937,
        0.914330005645752,
        0.9143269658088684,
        0.9143236875534058,
        0.9143208861351013,
        0.9143179655075073,
        0.9143146872520447,
        0.914312481880188,
        0.9143099784851074,
        0.9143072962760925,
        0.9143047332763672,
        0.914302408695221,
        0.9143000841140747,
        0.9142982959747314,
        0.9142964482307434,
        0.9142944812774658,
        0.9142928719520569,
        0.9142909049987793,
        0.914289116859436,
        0.914287269115448,
        0.9142856597900391,
        0.9142841696739197,
        0.9142822027206421,
        0.9142807126045227,
        0.9142791628837585,
        0.9142778515815735,
        0.914276123046875,
        0.9142751693725586,
        0.9142735600471497,
        0.9142719507217407,
        0.9142704606056213,
        0.9142688512802124,
        0.9142672419548035,
        0.9142657518386841,
        0.9142643809318542,
        0.9142630100250244,
        0.9142612218856812,
        0.9142594337463379,
        0.9142576456069946,
        0.9142561554908752,
        0.9142538905143738,
        0.9142522811889648,
        0.9142502546310425,
        0.9142479300498962,
        0.9142459630966187,
        0.9142436981201172,
        0.9142415523529053,
        0.9142392873764038,
        0.9142369031906128,
        0.9142351150512695,
        0.9142325520515442,
        0.9142304062843323,
        0.9142282605171204,
        0.9142257571220398,
        0.9142234921455383,
        0.9142212271690369,
        0.9142192602157593,
        0.9142172336578369,
        0.914215087890625,
        0.9142132997512817,
        0.9142109155654907,
        0.9142094254493713,
        0.9142079949378967,
        0.9142062664031982,
        0.9142045974731445,
        0.9142032861709595,
        0.9142017364501953,
        0.9142003059387207,
        0.9141989350318909,
        0.9141977429389954,
        0.9141966104507446,
        0.9141952395439148,
        0.9141943454742432,
        0.9141934514045715,
        0.9141919016838074,
        0.9141910672187805,
        0.9141896367073059,
        0.9141886830329895,
        0.9141881465911865,
        0.9141867756843567,
        0.9141860008239746,
        0.9141852259635925,
        0.9141845107078552,
        0.9141836166381836,
        0.9141824245452881,
        0.9141814708709717,
        0.9141804575920105,
        0.914179265499115,
        0.9141780734062195,
        0.9141769409179688,
        0.9141762256622314,
        0.9141750335693359,
        0.9141740798950195,
        0.9141733646392822,
        0.9141720533370972,
        0.9141708016395569,
        0.9141703248023987,
        0.914169430732727,
        0.9141683578491211,
        0.9141674041748047,
        0.9141666889190674,
        0.9141657948493958,
        0.9141650199890137,
        0.914164125919342,
        0.9141632914543152,
        0.9141625761985779,
        0.9141616225242615,
        0.9141609072685242,
        0.9141601324081421,
        0.9141592979431152,
        0.9141585826873779,
        0.9141578078269958,
        0.9141571521759033,
        0.9141562581062317,
        0.9141554832458496,
        0.9141547679901123,
        0.914154052734375,
        0.9141532778739929,
