{
    "normalized_frobenius_error": 0.8772240877151489,
    "masked_rmse": 0.19582340121269226,
    "mean_nonzero_value": 1.5989879369735718,
    "relative_rmse": 0.12246709316968918,
    "explained_variance": 0.23047798871994019,
    "computation_time": 3.193686008453369,
    "all_factors_non_negative": true,
    "factor_sparsity": [
        "34.30%",
        "38.16%",
        "22.22%"
    ],
    "device": "mps",
    "best_initialization": "random",
    "errors_history": [
        0.9581812024116516,
        0.9433704614639282,
        0.9283890128135681,
        0.913998544216156,
        0.9042177796363831,
        0.89866042137146,
        0.8954224586486816,
        0.8933430910110474,
        0.8916804790496826,
        0.8898993134498596,
        0.8877947330474854,
        0.8857792615890503,
        0.8843193054199219,
        0.8834081292152405,
        0.8828365802764893,
        0.8824527859687805,
        0.8821731805801392,
        0.8819733262062073,
        0.8818231821060181,
        0.881701648235321,
        0.8815984129905701,
        0.8815088272094727,
        0.8814288377761841,
        0.8813549280166626,
        0.8812841773033142,
        0.8812142014503479,
        0.8811440467834473,
        0.8810741901397705,
        0.8810056447982788,
        0.8809390068054199,
        0.8808745741844177,
        0.8808131217956543,
        0.8807554841041565,
        0.880702018737793,
        0.8806532621383667,
        0.8806090950965881,
        0.8805694580078125,
        0.8805336356163025,
        0.8805016875267029,
        0.8804731965065002,
        0.8804476857185364,
        0.8804247379302979,
        0.8804042339324951,
        0.8803856372833252,
        0.8803687691688538,
        0.8803532719612122,
        0.8803392052650452,
        0.8803260922431946,
        0.8803139328956604,
        0.8803026080131531,
        0.8802922368049622,
        0.8802825808525085,
        0.880273699760437,
        0.8802655339241028,
        0.8802580237388611,
        0.8802512884140015,
        0.8802449703216553,
        0.8802393078804016,
        0.8802341818809509,
        0.8802295327186584,
        0.8802251815795898,
        0.8802213072776794,
        0.8802176713943481,
        0.8802144527435303,
        0.8802114129066467,
        0.8802086114883423,
        0.8802060484886169,
        0.8802036643028259,
        0.8802012205123901,
        0.8801988959312439,
        0.8801962733268738,
        0.8801933526992798,
        0.8801897764205933,
        0.8801852464675903,
        0.8801800608634949,
        0.8801743984222412,
        0.8801690340042114,
        0.880164623260498,
        0.8801610469818115,
        0.8801581263542175,
        0.8801558017730713,
        0.8801537752151489,
        0.8801519870758057,
        0.8801501393318176,
        0.8801484107971191,
        0.8801467418670654,
        0.8801447749137878,
        0.8801429867744446,
        0.8801408410072327,
        0.8801388144493103,
        0.8801367878913879,
        0.8801350593566895,
        0.8801335692405701,
        0.8801321387290955,
        0.8801308274269104,
        0.8801296353340149,
        0.8801286220550537,
        0.880127489566803,
        0.8801264762878418,
        0.8801255822181702,
        0.8801248669624329,
        0.8801240921020508,
        0.8801232576370239,
        0.8801226615905762,
        0.8801219463348389,
        0.8801214098930359,
        0.8801209330558777,
        0.8801203370094299,
        0.880120038986206,
        0.8801195025444031,
        0.8801190257072449,
        0.8801186084747314,
        0.880118191242218,
        0.8801178932189941,
        0.8801174759864807,
        0.8801171779632568,
        0.880116879940033,
        0.8801164031028748,
        0.8801159858703613,
        0.8801154494285583,
        0.8801150918006897,
        0.8801147937774658,
        0.8801146745681763,
        0.8801144361495972,
        0.8801142573356628,
        0.880113959312439,
        0.8801136612892151,
        0.8801132440567017,
        0.8801128268241882,
        0.88011234998703,
        0.8801120519638062,
        0.8801116347312927,
        0.8801114559173584,
        0.8801110982894897,
        0.880111038684845,
        0.8801108002662659,
        0.8801106214523315,
        0.8801103234291077,
        0.8801100254058838,
        0.8801097273826599,
        0.8801094889640808,
        0.8801091909408569,
        0.8801088929176331,
        0.8801085948944092,
        0.8801082968711853,
        0.880108118057251,
        0.8801077008247375,
        0.8801074028015137,
        0.8801069855690002,
        0.8801066875457764,
        0.8801062703132629,
        0.8801058530807495,
        0.8801053762435913,
        0.8801048398017883,
        0.8801042437553406,
        0.8801037669181824,
        0.8801031112670898,
        0.8801025152206421,
        0.8801017999649048,
        0.8801011443138123,
        0.8801003098487854,
        0.8800994753837585,
        0.8800987005233765,
        0.8800976872444153,
        0.8800967931747437,
        0.8800956606864929,
        0.8800946474075317,
        0.8800934553146362,
        0.880092203617096,
        0.8800910115242004,
        0.8800895810127258,
        0.8800881505012512,
        0.8800866603851318,
        0.8800851106643677,
        0.8800833225250244,
        0.8800814747810364,
        0.8800796866416931,
        0.8800775408744812,
        0.8800753355026245,
        0.8800731301307678,
        0.8800705671310425,
        0.8800678253173828,
        0.8800650238990784,
        0.8800618648529053,
        0.8800585269927979,
        0.8800548911094666,
        0.8800509572029114,
        0.8800466060638428,
        0.880041778087616,
        0.8800365328788757,
        0.8800305128097534,
        0.8800239562988281,
        0.880016565322876,
        0.8800082802772522,
        0.8799988031387329,
        0.8799880743026733,
        0.8799755573272705,
        0.8799613118171692,
        0.8799446225166321,
        0.879925012588501,
        0.8799021244049072,
        0.879875659942627,
        0.8798454403877258,
        0.8798107504844666,
        0.8797711133956909,
        0.879726231098175,
        0.8796760439872742,
        0.8796210885047913,
        0.8795619010925293,
        0.8795000314712524,
        0.8794373273849487,
        0.8793755769729614,
        0.8793157339096069,
        0.8792579770088196,
        0.8792001605033875,
        0.8791360259056091,
        0.8790536522865295,
        0.8789453506469727,
        0.8788362741470337,
        0.8787601590156555,
        0.8787121176719666,
        0.87867671251297,
        0.8786296844482422,
        0.8785935044288635,
        0.8785752058029175,
        0.8785344362258911,
        0.8784164786338806,
        0.8783248662948608,
        0.8782528638839722,
        0.8782117366790771,
        0.878204345703125,
        0.8781989812850952,
        0.8781944513320923,
        0.8781906962394714,
        0.8781877756118774,
        0.8781853318214417,
        0.8781831860542297,
        0.8781812191009521,
        0.8781790733337402,
        0.878176748752594,
        0.8781735301017761,
        0.8781654238700867,
        0.8781320452690125,
        0.8779981732368469,
        0.8777656555175781,
        0.8776605129241943,
        0.8776352405548096,
        0.8776252269744873,
        0.8776149153709412,
        0.8775805234909058,
        0.8775354027748108,
        0.8775244951248169,
        0.877521276473999,
        0.8775195479393005,
        0.877518355846405,
        0.8775174021720886,
        0.8775167465209961,
        0.8775160908699036,
        0.8775156140327454,
        0.8775150179862976,
        0.8775141835212708,
        0.87751305103302,
        0.8775110840797424,
        0.8775070905685425,
        0.8774996399879456,
        0.8774862885475159,
        0.8774653673171997,
        0.8774396777153015,
        0.8774164915084839,
