{
    "normalized_frobenius_error": 0.8750017881393433,
    "masked_rmse": 0.1953272968530655,
    "mean_nonzero_value": 1.5989879369735718,
    "relative_rmse": 0.12215682864189148,
    "explained_variance": 0.23437190055847168,
    "computation_time": 0.8529329299926758,
    "all_factors_non_negative": true,
    "factor_sparsity": [
        "18.60%",
        "27.78%",
        "13.19%"
    ],
    "device": "mps",
    "best_initialization": "random",
    "errors_history": [
        0.9562479257583618,
        0.94094318151474,
        0.9226852655410767,
        0.9076616764068604,
        0.900048017501831,
        0.8957443833351135,
        0.8932081460952759,
        0.8914535045623779,
        0.8899408578872681,
        0.8883605599403381,
        0.8867031931877136,
        0.8853918313980103,
        0.8844255805015564,
        0.8836079835891724,
        0.882867693901062,
        0.8822464942932129,
        0.8817453980445862,
        0.8813938498497009,
        0.8811593055725098,
        0.8809973001480103,
        0.8808800578117371,
        0.8807894587516785,
        0.8807142376899719,
        0.8806481957435608,
        0.8805878162384033,
        0.8805307149887085,
        0.880475640296936,
        0.8804209232330322,
        0.8803648948669434,
        0.8803045153617859,
        0.8802341818809509,
        0.8801445960998535,
        0.8800215721130371,
        0.8798424601554871,
        0.8795778751373291,
        0.8791985511779785,
        0.878693699836731,
        0.878095269203186,
        0.8774764537811279,
        0.8769214749336243,
        0.8765356540679932,
        0.8762961626052856,
        0.8761021494865417,
        0.875832200050354,
        0.8755946755409241,
        0.8754644393920898,
        0.8753960132598877,
        0.8753544688224792,
        0.8753238916397095,
        0.8753044009208679,
        0.8752912282943726,
        0.8752807378768921,
        0.8752722144126892,
        0.8752652406692505,
        0.8752592206001282,
        0.8752540349960327,
        0.8752486109733582,
        0.8752411007881165,
        0.8752291798591614,
        0.8752092719078064,
        0.875178337097168,
        0.8751394748687744,
        0.8751032948493958,
        0.8750786185264587,
        0.875064492225647,
        0.8750566840171814,
        0.8750520348548889,
        0.8750488758087158,
        0.8750465512275696,
        0.8750446438789368,
        0.8750429153442383,
        0.8750415444374084,
        0.8750401139259338,
        0.8750385642051697,
        0.8750356435775757,
        0.8750308156013489,
        0.8750260472297668,
        0.875023603439331,
        0.8750206828117371,
        0.8750156164169312,
        0.8750126957893372,
        0.8750106692314148,
        0.8750084638595581,
        0.8750066161155701,
        0.8750054240226746,
        0.8750048279762268,
        0.8750042915344238,
        0.8750039339065552,
        0.8750035762786865,
        0.8750032782554626,
        0.8750030994415283,
        0.8750028014183044,
        0.8750025629997253,
        0.875002384185791,
        0.8750022053718567,
        0.8750020861625671,
        0.8750019669532776,
        0.8750017881393433,
        0.8750017881393433
    ],
    "l1_regularization": 0.0,
    "l2_regularization": 0.0,
    "random_state": 580425,
    "c1_unique_zones": 2,
    "c2_unique_od_pairs": 0,
    "c1_c2_approach": "percentage",
    "c1_c2_percentage": 0.2
}