{
    "normalized_frobenius_error": 0.8930577635765076,
    "masked_rmse": 0.18756450712680817,
    "mean_nonzero_value": 1.5507972240447998,
    "relative_rmse": 0.12094715237617493,
    "explained_variance": 0.2024478316307068,
    "computation_time": 1.1362121105194092,
    "all_factors_non_negative": true,
    "factor_sparsity": [
        "20.08%",
        "21.26%",
        "10.00%"
    ],
    "device": "cpu",
    "best_initialization": "svd",
    "errors_history": [
        0.9546084403991699,
        0.9492954611778259,
        0.945239245891571,
        0.9410263299942017,
        0.936395525932312,
        0.9315095543861389,
        0.9263205528259277,
        0.921166718006134,
        0.9172402024269104,
        0.9147980809211731,
        0.9132077097892761,
        0.912021279335022,
        0.9110566973686218,
        0.9102357029914856,
        0.9095187187194824,
        0.9088801741600037,
        0.9083003401756287,
        0.9077614545822144,
        0.9072479009628296,
        0.9067496657371521,
        0.9062685370445251,
        0.9058147072792053,
        0.9053950309753418,
        0.9050118327140808,
        0.904666006565094,
        0.9043580889701843,
        0.9040857553482056,
        0.9038465023040771,
        0.903634250164032,
        0.9034429788589478,
        0.9032692313194275,
        0.9031066298484802,
        0.9029524922370911,
        0.9028041362762451,
        0.9026557207107544,
        0.9025031924247742,
        0.9023431539535522,
        0.9021732807159424,
        0.9019924402236938,
        0.9018068909645081,
        0.9016220569610596,
        0.9014373421669006,
        0.9012537598609924,
        0.9010722637176514,
        0.9008939266204834,
        0.90072101354599,
        0.9005601406097412,
        0.9004144668579102,
        0.9002814292907715,
        0.9001572728157043,
        0.9000390768051147,
        0.8999249935150146,
        0.8998143076896667,
        0.8997079730033875,
        0.8996065855026245,
        0.8995112180709839,
        0.8994213938713074,
        0.8993374109268188,
        0.8992583155632019,
        0.8991830945014954,
        0.8991098403930664,
        0.8990386724472046,
        0.8989689946174622,
        0.8988993167877197,
        0.8988293409347534,
        0.8987583518028259,
        0.8986853361129761,
        0.8986110687255859,
        0.898533284664154,
        0.8984516859054565,
        0.8983667492866516,
        0.8982786536216736,
        0.8981868624687195,
        0.8980918526649475,
        0.897993266582489,
        0.8978930711746216,
        0.8977931141853333,
        0.8976934552192688,
        0.8975962996482849,
        0.8975038528442383,
        0.897415816783905,
        0.8973362445831299,
        0.8972631096839905,
        0.8971961736679077,
        0.8971350193023682,
        0.897079586982727,
        0.8970284461975098,
        0.8969816565513611,
        0.8969388008117676,
        0.8969003558158875,
        0.8968654870986938,
        0.8968343734741211,
        0.8968051671981812,
        0.8967781662940979,
        0.8967539072036743,
        0.8967306613922119,
        0.8967088460922241,
        0.8966885209083557,
        0.8966690301895142,
        0.8966510891914368,
        0.8966328501701355,
        0.8966156840324402,
        0.8965990543365479,
        0.8965820670127869,
        0.8965662121772766,
        0.8965499401092529,
        0.8965333700180054,
        0.8965167999267578,
        0.8965003490447998,
        0.8964837193489075,
        0.8964675068855286,
        0.8964511752128601,
        0.8964344263076782,
        0.8964183330535889,
        0.8964022994041443,
        0.8963863849639893,
        0.8963708877563477,
        0.8963556885719299,
        0.896340548992157,
        0.8963257670402527,
        0.8963111639022827,
        0.8962972164154053,
        0.8962823152542114,
        0.896267831325531,
        0.8962539434432983,
        0.8962395191192627,
        0.8962249159812927,
        0.8962106704711914,
        0.8961970806121826,
        0.8961839079856873,
        0.8961716294288635,
        0.8961593508720398,
        0.8961477875709534,
        0.8961365818977356,
        0.8961261510848999,
        0.8961160778999329,
        0.8961057066917419,
        0.8960954546928406,
        0.8960858583450317,
        0.8960760831832886,
        0.8960661888122559,
        0.8960567712783813,
        0.8960469365119934,
        0.8960369825363159,
        0.8960264921188354,
        0.8960151672363281,
        0.8960031867027283,
        0.8959891200065613,
        0.8959734439849854,
        0.89595627784729,
        0.8959400653839111,
        0.8959238529205322,
        0.8959071636199951,
        0.8958902359008789,
        0.8958736062049866,
        0.8958573937416077,
        0.8958420753479004,
        0.8958287239074707,
        0.8958166241645813,
        0.8958055377006531,
        0.895796000957489,
        0.8957871198654175,
        0.8957782983779907,
        0.8957692384719849,
        0.8957579135894775,
        0.8957417011260986,
        0.895719051361084,
        0.8956934213638306,
        0.8956722021102905,
        0.8956575393676758,
        0.8956460356712341,
        0.8956366181373596,
        0.8956281542778015,
        0.8956205248832703,
        0.8956131935119629,
        0.8956066966056824,
        0.8956006765365601,
        0.8955949544906616,
        0.8955893516540527,
        0.8955846428871155,
        0.8955796360969543,
        0.8955745100975037,
        0.8955700397491455,
        0.8955651521682739,
        0.8955608010292053,
        0.8955570459365845,
        0.8955530524253845,
        0.8955488801002502,
        0.8955447673797607,
        0.8955409526824951,
        0.8955367803573608,
        0.8955327868461609,
        0.8955289125442505,
        0.8955253958702087,
        0.8955214023590088,
        0.8955173492431641,
        0.8955135345458984,
        0.8955098986625671,
        0.8955061435699463,
        0.895502507686615,
        0.8954986929893494,
        0.8954951167106628,
        0.8954918384552002,
        0.8954883813858032,
        0.8954851627349854,
        0.8954815864562988,
        0.8954780101776123,
        0.8954747319221497,
        0.8954716324806213,
        0.8954680562019348,
        0.8954647779464722,
        0.8954616785049438,
        0.8954583406448364,
        0.8954554200172424,
        0.8954526782035828,
        0.8954494595527649,
        0.895446240901947,
        0.8954429030418396,
        0.895439863204956,
        0.8954368233680725,
        0.8954333662986755,
        0.8954302668571472,
        0.8954265713691711,
        0.8954237699508667,
        0.8954205513000488,
        0.8954174518585205,
        0.8954142928123474,
        0.8954115509986877,
        0.8954086899757385,
        0.8954059481620789,
        0.8954030871391296,
        0.8954002857208252,
        0.8953974843025208,
        0.8953951001167297,
        0.8953925371170044,
        0.8953899145126343,
        0.895387589931488,
        0.8953853249549866,
        0.8953826427459717,
        0.8953808546066284,
        0.8953783512115479,
        0.8953762054443359,
        0.8953739404678345,
        0.895371675491333,
        0.8953694701194763,
        0.8953666090965271,
        0.8953637480735779,
        0.8953604102134705,
        0.895356297492981,
        0.895352303981781,
        0.895348310470581,
        0.895344078540802,
        0.8953402042388916,
        0.895336389541626,
        0.8953328728675842,
        0.8953298926353455,
        0.8953277468681335,
        0.8953251242637634,
        0.8953232765197754,
        0.8953216075897217,
        0.8953198790550232,
        0.8953180313110352,
        0.8953167200088501,
        0.8953153491020203,
        0.89531409740448,
        0.8953126072883606,
        0.8953114151954651,
        0.895310640335083,
        0.8953097462654114,
