{
    "normalized_frobenius_error": 0.8564397692680359,
    "masked_rmse": 0.2233726978302002,
    "mean_nonzero_value": 1.345635175704956,
    "relative_rmse": 0.1659979671239853,
    "explained_variance": 0.2665110230445862,
    "computation_time": 0.9481840133666992,
    "all_factors_non_negative": true,
    "factor_sparsity": [
        "21.78%",
        "19.56%",
        "10.83%"
    ],
    "device": "mps",
    "best_initialization": "random",
    "errors_history": [
        0.9398707747459412,
        0.9247390031814575,
        0.9088232517242432,
        0.8959746360778809,
        0.887119710445404,
        0.8796695470809937,
        0.873548150062561,
        0.8698820471763611,
        0.8679110407829285,
        0.8667308688163757,
        0.865963876247406,
        0.8654289245605469,
        0.8650223612785339,
        0.8646925687789917,
        0.8644148111343384,
        0.8641766309738159,
        0.8639731407165527,
        0.8637997508049011,
        0.8636500835418701,
        0.8635160326957703,
        0.8633902072906494,
        0.8632652759552002,
        0.8631337285041809,
        0.8629871606826782,
        0.862814724445343,
        0.8626028299331665,
        0.8623340725898743,
        0.8619882464408875,
        0.8615454435348511,
        0.8609948754310608,
        0.860349178314209,
        0.8596563339233398,
        0.8589903712272644,
        0.8584204316139221,
        0.8579795956611633,
        0.857650101184845,
        0.8574196696281433,
        0.8572574257850647,
        0.8571308255195618,
        0.8570305109024048,
        0.8569511771202087,
        0.8568718433380127,
        0.8567953109741211,
        0.856753945350647,
        0.8567338585853577,
        0.8567208051681519,
        0.8567104935646057,
        0.856701672077179,
        0.8566933870315552,
        0.8566851615905762,
        0.8566771745681763,
        0.856670081615448,
        0.8566641807556152,
        0.8566592335700989,
        0.856654703617096,
        0.8566503524780273,
        0.8566460013389587,
        0.8566417098045349,
        0.8566371202468872,
        0.8566319346427917,
        0.8566257953643799,
        0.85661780834198,
        0.8566067218780518,
        0.8565906286239624,
        0.8565713763237,
        0.8565546870231628,
        0.8565406203269958,
        0.8565279841423035,
        0.8565168380737305,
        0.8565073609352112,
        0.8564993739128113,
        0.8564925789833069,
        0.8564867973327637,
        0.8564815521240234,
        0.856476902961731,
        0.8564726710319519,
        0.8564688563346863,
        0.8564653992652893,
        0.8564623594284058,
        0.856459379196167,
        0.856456458568573,
        0.8564537763595581,
        0.8564514517784119,
        0.8564497232437134,
        0.8564485907554626,
        0.8564478158950806,
        0.8564473390579224,
        0.8564468026161194,
        0.8564464449882507,
        0.8564459681510925,
        0.8564457297325134,
        0.8564453125,
        0.8564448356628418,
        0.8564444184303284,
        0.8564438819885254,
        0.8564432859420776,
        0.8564427495002747,
        0.8564421534538269,
        0.8564416170120239,
        0.8564412593841553,
        0.8564408421516418,
        0.8564404845237732,
        0.8564403653144836,
        0.8564401268959045,
        0.8564399480819702,
        0.8564398884773254,
        0.8564398288726807,
        0.8564398884773254,
        0.8564397692680359,
        0.8564397096633911,
        0.8564397096633911
    ],
    "l1_regularization": 0.0,
    "l2_regularization": 0.0,
    "random_state": 746665,
    "c1_unique_zones": 2,
    "c2_unique_od_pairs": 0,
    "c1_c2_approach": "percentage",
    "c1_c2_percentage": 0.2
}