{
    "normalized_frobenius_error": 0.8826717734336853,
    "masked_rmse": 0.11994568258523941,
    "mean_nonzero_value": 1.1494661569595337,
    "relative_rmse": 0.1043490320444107,
    "explained_variance": 0.2208905816078186,
    "computation_time": 0.5233829021453857,
    "all_factors_non_negative": true,
    "factor_sparsity": [
        "24.09%",
        "20.91%",
        "18.33%"
    ],
    "device": "mps",
    "best_initialization": "random",
    "errors_history": [
        0.9553865790367126,
        0.932712197303772,
        0.910491943359375,
        0.8993824124336243,
        0.8945100903511047,
        0.8921881318092346,
        0.8907461166381836,
        0.8896510601043701,
        0.8887397646903992,
        0.887951672077179,
        0.8872632384300232,
        0.8866746425628662,
        0.886182427406311,
        0.8857707977294922,
        0.8854188919067383,
        0.8851077556610107,
        0.8848211169242859,
        0.8845473527908325,
        0.8842816352844238,
        0.8840256333351135,
        0.8837839961051941,
        0.8835639357566833,
        0.8833757042884827,
        0.8832220435142517,
        0.883099377155304,
        0.8830034732818604,
        0.8829297423362732,
        0.8828738331794739,
        0.8828319311141968,
        0.8828005790710449,
        0.8827769756317139,
        0.8827587962150574,
        0.8827447295188904,
        0.8827335238456726,
        0.8827246427536011,
        0.8827172517776489,
        0.8827110528945923,
        0.8827057480812073,
        0.8827012181282043,
        0.882697343826294,
        0.8826940059661865,
        0.8826912641525269,
        0.8826890587806702,
        0.8826870918273926,
        0.8826854825019836,
        0.8826841711997986,
        0.8826829195022583,
        0.8826818466186523,
        0.8826808929443359,
        0.8826799988746643,
        0.8826793432235718,
        0.882678747177124,
        0.8826782703399658,
        0.8826776742935181,
        0.8826772570610046,
        0.8826768398284912,
        0.8826764822006226,
        0.8826761245727539,
        0.8826757669448853,
        0.8826754689216614,
        0.8826751112937927,
        0.8826746344566345,
        0.8826743960380554,
        0.8826740384101868,
        0.8826736807823181,
        0.882673442363739,
        0.8826730847358704,
        0.8826727867126465,
        0.8826724886894226,
        0.8826724290847778,
        0.8826722502708435,
        0.882672131061554,
        0.8826720714569092,
        0.8826719522476196,
        0.8826717734336853,
        0.8826717734336853
    ],
    "l1_regularization": 0.0,
    "l2_regularization": 0.0,
    "random_state": 309028,
    "c1_unique_zones": 1,
    "c2_unique_od_pairs": 0,
    "c1_c2_approach": "percentage",
    "c1_c2_percentage": 0.2
}