{
    "normalized_frobenius_error": 0.9053557515144348,
    "masked_rmse": 0.11878105252981186,
    "mean_nonzero_value": 1.3623639345169067,
    "relative_rmse": 0.08718746155500412,
    "explained_variance": 0.1803310513496399,
    "computation_time": 0.7095417976379395,
    "all_factors_non_negative": true,
    "factor_sparsity": [
        "35.48%",
        "32.53%",
        "20.83%"
    ],
    "device": "mps",
    "best_initialization": "random",
    "errors_history": [
        0.9730467796325684,
        0.9574148654937744,
        0.9424753189086914,
        0.9342573881149292,
        0.926644504070282,
        0.9182610511779785,
        0.9126817584037781,
        0.9101747870445251,
        0.9088948369026184,
        0.9080474376678467,
        0.9073988795280457,
        0.9068978428840637,
        0.9065409898757935,
        0.9062808156013489,
        0.9060483574867249,
        0.905858039855957,
        0.9057343006134033,
        0.9056490063667297,
        0.9055899977684021,
        0.9055483937263489,
        0.9055180549621582,
        0.9054926633834839,
        0.9054651856422424,
        0.9054409861564636,
        0.9054273962974548,
        0.9054185748100281,
        0.9054120779037476,
        0.9054070711135864,
        0.9054030776023865,
        0.9053997993469238,
        0.9053970575332642,
        0.9053946137428284,
        0.9053925275802612,
        0.9053906202316284,
        0.9053888320922852,
        0.905387282371521,
        0.9053857326507568,
        0.9053843021392822,
        0.9053829908370972,
        0.9053816199302673,
        0.9053804874420166,
        0.9053793549537659,
        0.9053781628608704,
        0.9053771495819092,
        0.9053760766983032,
        0.9053751230239868,
        0.9053742289543152,
        0.9053733944892883,
        0.9053725004196167,
        0.9053717851638794,
        0.9053708910942078,
        0.9053700566291809,
        0.9053691029548645,
        0.9053683876991272,
        0.9053677320480347,
        0.9053671956062317,
        0.9053667187690735,
        0.9053661823272705,
        0.9053656458854675,
        0.9053652286529541,
        0.9053647518157959,
        0.9053643941879272,
        0.9053640365600586,
        0.9053636193275452,
        0.9053632616996765,
        0.9053627848625183,
        0.9053623676300049,
        0.9053620100021362,
        0.9053617119789124,
        0.9053613543510437,
        0.9053610563278198,
        0.9053606390953064,
        0.9053604602813721,
        0.9053602814674377,
        0.9053598642349243,
        0.90535968542099,
        0.9053595066070557,
        0.9053592085838318,
        0.9053590297698975,
        0.9053587317466736,
        0.9053585529327393,
        0.9053583741188049,
        0.9053581953048706,
        0.9053579568862915,
        0.9053578972816467,
        0.9053575992584229,
        0.9053574800491333,
        0.905357301235199,
        0.9053572416305542,
        0.9053570032119751,
        0.9053568243980408,
        0.9053566455841064,
        0.9053564667701721,
        0.905356228351593,
        0.9053561687469482,
        0.9053559899330139,
        0.9053557515144348,
        0.9053557515144348
    ],
    "l1_regularization": 0.0,
    "l2_regularization": 0.0,
    "random_state": 196220,
    "c1_unique_zones": 1,
    "c2_unique_od_pairs": 0,
    "c1_c2_approach": "percentage",
    "c1_c2_percentage": 0.2
}