{
    "normalized_frobenius_error": 0.9050248265266418,
    "masked_rmse": 0.11873764544725418,
    "mean_nonzero_value": 1.3623639345169067,
    "relative_rmse": 0.08715560287237167,
    "explained_variance": 0.18093013763427734,
    "computation_time": 1.2819418907165527,
    "all_factors_non_negative": true,
    "factor_sparsity": [
        "41.40%",
        "43.28%",
        "25.69%"
    ],
    "device": "mps",
    "best_initialization": "random",
    "errors_history": [
        0.9732786417007446,
        0.9582235217094421,
        0.9464644193649292,
        0.9410141110420227,
        0.9372885823249817,
        0.9336446523666382,
        0.9299517869949341,
        0.9269891381263733,
        0.9249393343925476,
        0.923618495464325,
        0.9227498769760132,
        0.9220941662788391,
        0.9215214848518372,
        0.9209667444229126,
        0.9203838109970093,
        0.9197568893432617,
        0.9191471934318542,
        0.9186343550682068,
        0.9182502031326294,
        0.9179813861846924,
        0.9177942872047424,
        0.9176572561264038,
        0.9175503849983215,
        0.9174515604972839,
        0.9173659086227417,
        0.917304515838623,
        0.9172545671463013,
        0.9172090888023376,
        0.9171661138534546,
        0.917122483253479,
        0.9170738458633423,
        0.917018711566925,
        0.9169532060623169,
        0.9168745279312134,
        0.9167878031730652,
        0.9166889190673828,
        0.9165445566177368,
        0.9163281917572021,
        0.9160942435264587,
        0.9158264994621277,
        0.9155401587486267,
        0.9152682423591614,
        0.9150311350822449,
        0.9148566722869873,
        0.9147288203239441,
        0.9146168828010559,
        0.9145625233650208,
        0.9145345687866211,
        0.9145203828811646,
        0.9145129323005676,
        0.9145086407661438,
        0.9145057797431946,
        0.9145036339759827,
        0.9145005941390991,
        0.9144933223724365,
        0.9144822359085083,
        0.9144529104232788,
        0.9144511222839355,
        0.9144490957260132,
        0.9144387245178223,
        0.9144304394721985,
        0.9144284129142761,
        0.9144272804260254,
        0.914426326751709,
        0.9144253730773926,
        0.9144243001937866,
        0.9144230484962463,
        0.9144216179847717,
        0.9144198894500732,
        0.9144178032875061,
        0.914415180683136,
        0.9144115447998047,
        0.9144061803817749,
        0.9143977761268616,
        0.9143838286399841,
        0.9143583178520203,
        0.9143047332763672,
        0.9141718745231628,
        0.9137744903564453,
        0.9124563336372375,
        0.9094919562339783,
        0.9071879982948303,
        0.9060262441635132,
        0.905687689781189,
        0.9055749177932739,
        0.9055182933807373,
        0.905485987663269,
        0.9054643511772156,
        0.9054398536682129,
        0.9054175019264221,
        0.9054094552993774,
        0.9054043889045715,
        0.905400276184082,
        0.905392050743103,
        0.9053323268890381,
        0.9051299691200256,
        0.9050740599632263,
        0.9050676226615906,
        0.9050649404525757,
        0.9050635099411011,
        0.9050625562667847,
        0.9050617218017578,
        0.9050610065460205,
        0.9050605297088623,
        0.9050600528717041,
        0.9050596952438354,
        0.9050593972206116,
        0.9050590991973877,
        0.9050589203834534,
        0.9050586223602295,
        0.9050583243370056,
        0.9050580859184265,
        0.9050578474998474,
        0.9050576686859131,
        0.9050573706626892,
        0.9050571918487549,
        0.9050568342208862,
        0.90505450963974,
        0.9050444960594177,
        0.9050318598747253,
        0.9050276279449463,
        0.9050255417823792,
        0.905025064945221,
        0.9050248265266418,
        0.9050248265266418
    ],
    "l1_regularization": 0.0,
    "l2_regularization": 0.0,
    "random_state": 208364,
    "c1_unique_zones": 3,
    "c2_unique_od_pairs": 0,
    "c1_c2_approach": "percentage",
    "c1_c2_percentage": 0.2
}