{
    "normalized_frobenius_error": 0.8749380111694336,
    "masked_rmse": 0.19531305134296417,
    "mean_nonzero_value": 1.5989879369735718,
    "relative_rmse": 0.12214791774749756,
    "explained_variance": 0.234483540058136,
    "computation_time": 0.8875770568847656,
    "all_factors_non_negative": true,
    "factor_sparsity": [
        "23.43%",
        "30.43%",
        "15.28%"
    ],
    "device": "mps",
    "best_initialization": "random",
    "errors_history": [
        0.9527759552001953,
        0.9278256297111511,
        0.9126871228218079,
        0.9029495716094971,
        0.8966242074966431,
        0.8924863338470459,
        0.8895999193191528,
        0.8874143958091736,
        0.8856084942817688,
        0.8840521574020386,
        0.882732629776001,
        0.8816843628883362,
        0.8809100985527039,
        0.8803574442863464,
        0.8799562454223633,
        0.8796535134315491,
        0.8794170022010803,
        0.8792251348495483,
        0.8790631294250488,
        0.8789198994636536,
        0.8787851333618164,
        0.8786500096321106,
        0.878505527973175,
        0.8783420324325562,
        0.8781480193138123,
        0.8779104351997375,
        0.877619743347168,
        0.8772790431976318,
        0.8769062161445618,
        0.8765331506729126,
        0.8761963844299316,
        0.8759218454360962,
        0.8757153749465942,
        0.8755653500556946,
        0.8754537105560303,
        0.875370442867279,
        0.8753084540367126,
        0.8752515316009521,
        0.8752014636993408,
        0.8751757144927979,
        0.875159502029419,
        0.8751451373100281,
        0.8751294016838074,
        0.875110387802124,
        0.8750887513160706,
        0.8750672936439514,
        0.8750489950180054,
        0.8750353455543518,
        0.8750253319740295,
        0.8750181794166565,
        0.875012993812561,
        0.8750089406967163,
        0.8750059008598328,
        0.8750035762786865,
        0.8750016093254089,
        0.8750000596046448,
        0.8749986290931702,
        0.8749975562095642,
        0.874996542930603,
        0.8749955892562866,
        0.8749948143959045,
        0.8749939799308777,
        0.874993085861206,
        0.8749914765357971,
        0.8749890327453613,
        0.8749848008155823,
        0.8749787211418152,
        0.8749720454216003,
        0.8749669790267944,
        0.8749644756317139,
        0.8749631643295288,
        0.874962568283081,
        0.8749621510505676,
        0.8749618530273438,
        0.8749615550041199,
        0.8749613165855408,
        0.8749611377716064,
        0.8749609589576721,
        0.874960720539093,
        0.8749605417251587,
        0.8749603033065796,
        0.8749600052833557,
        0.8749598264694214,
        0.8749595284461975,
        0.8749592304229736,
        0.8749589323997498,
        0.8749586343765259,
        0.8749582171440125,
        0.874957799911499,
        0.8749573826789856,
        0.8749569058418274,
        0.8749563694000244,
        0.8749557733535767,
        0.8749550580978394,
        0.874954342842102,
        0.87495356798172,
        0.8749526143074036,
        0.8749516606330872,
        0.874950647354126,
        0.8749493956565857,
        0.8749483227729797,
        0.8749470710754395,
        0.874945878982544,
        0.8749446272850037,
        0.8749436736106873,
        0.8749427199363708,
        0.8749418258666992,
        0.8749411106109619,
        0.8749405145645142,
        0.8749399781227112,
        0.8749396800994873,
        0.8749393224716187,
        0.87493896484375,
        0.8749387860298157,
        0.8749386072158813,
        0.8749384880065918,
        0.8749383091926575,
        0.8749381899833679,
        0.8749380707740784,
        0.8749380111694336,
        0.8749380111694336
    ],
    "l1_regularization": 0.0,
    "l2_regularization": 0.0,
    "random_state": 433035,
    "c1_unique_zones": 2,
    "c2_unique_od_pairs": 0,
    "c1_c2_approach": "percentage",
    "c1_c2_percentage": 0.2
}