{
    "normalized_frobenius_error": 0.886545717716217,
    "masked_rmse": 0.12047210335731506,
    "mean_nonzero_value": 1.1494661569595337,
    "relative_rmse": 0.10480700433254242,
    "explained_variance": 0.214036762714386,
    "computation_time": 0.539780855178833,
    "all_factors_non_negative": true,
    "factor_sparsity": [
        "27.73%",
        "21.82%",
        "15.00%"
    ],
    "device": "mps",
    "best_initialization": "random",
    "errors_history": [
        0.959234893321991,
        0.9367464184761047,
        0.9212190508842468,
        0.9101824164390564,
        0.9012113809585571,
        0.8955150842666626,
        0.8924237489700317,
        0.8910585641860962,
        0.8902373313903809,
        0.8896406292915344,
        0.8891815543174744,
        0.8888346552848816,
        0.8885708451271057,
        0.8883664608001709,
        0.8882019519805908,
        0.8880518674850464,
        0.8878786563873291,
        0.887697696685791,
        0.887557864189148,
        0.887444794178009,
        0.8873428702354431,
        0.8872480988502502,
        0.8871604800224304,
        0.8870819211006165,
        0.8870127201080322,
        0.8869499564170837,
        0.8868868947029114,
        0.886829137802124,
        0.8867743015289307,
        0.8867303729057312,
        0.8866998553276062,
        0.8866780996322632,
        0.8866620063781738,
        0.8866499662399292,
        0.8866410255432129,
        0.8866341710090637,
        0.8866289258003235,
        0.8866249918937683,
        0.8866217732429504,
        0.8866193294525146,
        0.886617124080658,
        0.8866152167320251,
        0.8866134285926819,
        0.8866115808486938,
        0.8866096138954163,
        0.8866071105003357,
        0.8866042494773865,
        0.8866005539894104,
        0.8865962028503418,
        0.886591374874115,
        0.8865863680839539,
        0.8865817189216614,
        0.8865777850151062,
        0.8865745067596436,
        0.8865718245506287,
        0.8865695595741272,
        0.8865674734115601,
        0.8865655064582825,
        0.8865637183189392,
        0.8865616321563721,
        0.8865595459938049,
        0.8865573406219482,
        0.8865551352500916,
        0.8865531086921692,
        0.8865513205528259,
        0.8865498900413513,
        0.8865488171577454,
        0.8865479826927185,
        0.8865475058555603,
        0.8865469694137573,
        0.8865466713905334,
        0.8865463733673096,
        0.8865461945533752,
        0.8865460157394409,
        0.8865457773208618,
        0.8865457773208618
    ],
    "l1_regularization": 0.0,
    "l2_regularization": 0.0,
    "random_state": 635327,
    "c1_unique_zones": 1,
    "c2_unique_od_pairs": 0,
    "c1_c2_approach": "percentage",
    "c1_c2_percentage": 0.2
}