{
    "normalized_frobenius_error": 0.913027286529541,
    "masked_rmse": 0.12407127767801285,
    "mean_nonzero_value": 1.1494661569595337,
    "relative_rmse": 0.10793817043304443,
    "explained_variance": 0.16638118028640747,
    "computation_time": 0.18489313125610352,
    "all_factors_non_negative": true,
    "factor_sparsity": [
        "26.14%",
        "21.97%",
        "8.33%"
    ],
    "device": "cpu",
    "best_initialization": "svd",
    "errors_history": [
        0.932837724685669,
        0.9258682727813721,
        0.9231993556022644,
        0.922074556350708,
        0.9215492010116577,
        0.9212725758552551,
        0.9211056232452393,
        0.9209863543510437,
        0.9208908677101135,
        0.9208080172538757,
        0.920733630657196,
        0.9206652045249939,
        0.9206006526947021,
        0.9205406904220581,
        0.9204834699630737,
        0.9204286932945251,
        0.9203755855560303,
        0.9203236103057861,
        0.9202713370323181,
        0.9202190637588501,
        0.9201658964157104,
        0.9201107025146484,
        0.9200537800788879,
        0.9199951887130737,
        0.9199345111846924,
        0.919870138168335,
        0.9198028445243835,
        0.9197311997413635,
        0.9196535348892212,
        0.9195685386657715,
        0.9194732308387756,
        0.9193646907806396,
        0.9192401766777039,
        0.9190931916236877,
        0.9189175367355347,
        0.9187051653862,
        0.9184480905532837,
        0.9181392192840576,
        0.9177733659744263,
        0.917354166507721,
        0.9168925285339355,
        0.916408360004425,
        0.9159282445907593,
        0.915482759475708,
        0.9150977730751038,
        0.9147862195968628,
        0.9145495891571045,
        0.9143751859664917,
        0.9142470955848694,
        0.9141488075256348,
        0.9140680432319641,
        0.9139981269836426,
        0.9139334559440613,
        0.9138751029968262,
        0.9138200283050537,
        0.913767397403717,
        0.9137162566184998,
        0.9136664271354675,
        0.9136167764663696,
        0.9135680198669434,
        0.9135200381278992,
        0.9134727716445923,
        0.9134283661842346,
        0.9133861660957336,
        0.9133470058441162,
        0.9133116006851196,
        0.9132790565490723,
        0.9132494926452637,
        0.9132228493690491,
        0.9131993651390076,
        0.9131786823272705,
        0.9131605625152588,
        0.9131443500518799,
        0.9131304621696472,
        0.9131186008453369,
        0.9131092429161072,
        0.9131006598472595,
        0.9130936861038208,
        0.9130879044532776,
        0.9130827188491821,
        0.9130779504776001,
        0.9130743741989136,
        0.9130715131759644,
        0.9130685925483704,
        0.9130664467811584,
        0.913064181804657,
        0.9130622744560242,
        0.9130604267120361,
        0.9130586385726929,
        0.9130571484565735,
        0.913055956363678,
        0.9130544662475586,
        0.9130534529685974,
        0.9130520820617676,
        0.9130510091781616,
        0.9130500555038452,
        0.9130489826202393,
        0.9130478501319885,
        0.9130470156669617,
        0.91304612159729,
        0.9130450487136841,
        0.9130443334579468,
        0.9130439162254333,
        0.9130429029464722,
        0.913042426109314,
        0.9130415320396423,
        0.9130409359931946,
        0.9130404591560364,
        0.9130401611328125,
        0.9130393862724304,
        0.9130390882492065,
        0.9130384922027588,
        0.9130380153656006,
        0.913037896156311,
        0.9130374193191528,
        0.9130370616912842,
        0.9130367040634155,
        0.9130364656448364,
        0.9130361676216125,
        0.9130356907844543,
        0.9130356311798096,
        0.9130352139472961,
        0.9130350947380066,
        0.9130345582962036,
        0.9130344986915588,
        0.913034200668335,
        0.9130339026451111,
        0.913033664226532,
        0.9130334854125977,
        0.9130333065986633,
        0.9130328893661499,
        0.9130326509475708,
        0.9130324125289917,
        0.9130322337150574,
        0.9130318760871887,
        0.9130315780639648,
        0.913031280040741,
        0.9130312204360962,
        0.913030743598938,
        0.9130308032035828,
        0.9130306243896484,
        0.913030207157135,
        0.9130299687385559,
        0.9130294919013977,
        0.9130293130874634,
        0.9130290746688843,
        0.9130287170410156,
        0.9130285978317261,
        0.9130284190177917,
        0.9130280613899231,
        0.9130279421806335,
        0.913027286529541,
        0.913027286529541
    ],
    "ranks": {
        "origin": 4,
        "destination": 3,
        "time": 2
    }
}