{
    "normalized_frobenius_error": 0.8749406337738037,
    "masked_rmse": 0.19531364738941193,
    "mean_nonzero_value": 1.5989879369735718,
    "relative_rmse": 0.1221482902765274,
    "explained_variance": 0.23447895050048828,
    "computation_time": 0.697725772857666,
    "all_factors_non_negative": true,
    "factor_sparsity": [
        "20.77%",
        "28.26%",
        "14.58%"
    ],
    "device": "mps",
    "best_initialization": "random",
    "errors_history": [
        0.955887496471405,
        0.943199872970581,
        0.9324511885643005,
        0.919431746006012,
        0.9067578911781311,
        0.8983027935028076,
        0.8926106691360474,
        0.888342559337616,
        0.8851382732391357,
        0.8828952312469482,
        0.8812862038612366,
        0.879964292049408,
        0.8788082599639893,
        0.877856433391571,
        0.8771542310714722,
        0.8766642808914185,
        0.8763039112091064,
        0.8760302662849426,
        0.8758147954940796,
        0.8756486773490906,
        0.8755239844322205,
        0.8754310607910156,
        0.8753618001937866,
        0.8753075003623962,
        0.8752626180648804,
        0.8752245306968689,
        0.8751914501190186,
        0.8751616477966309,
        0.8751349449157715,
        0.8751112818717957,
        0.8750909566879272,
        0.875073254108429,
        0.8750571012496948,
        0.8750443458557129,
        0.8750340342521667,
        0.8750254511833191,
        0.8750182390213013,
        0.8750122785568237,
        0.8750070333480835,
        0.8750025033950806,
        0.8749984502792358,
        0.8749949336051941,
        0.874991774559021,
        0.8749889135360718,
        0.8749864101409912,
        0.874984085559845,
        0.8749820590019226,
        0.8749801516532898,
        0.8749785423278809,
        0.8749769926071167,
        0.8749756217002869,
        0.8749743700027466,
        0.8749731779098511,
        0.8749720454216003,
        0.8749710321426392,
        0.874970018863678,
        0.8749691247940063,
        0.8749682307243347,
        0.8749672770500183,
        0.8749663829803467,
        0.874965488910675,
        0.8749644756317139,
        0.8749635815620422,
        0.874962568283081,
        0.8749615550041199,
        0.8749603033065796,
        0.8749591112136841,
        0.8749579191207886,
        0.8749566674232483,
        0.8749553561210632,
        0.8749540448188782,
        0.8749527335166931,
        0.8749515414237976,
        0.8749504089355469,
        0.8749493956565857,
        0.8749483823776245,
        0.8749474883079529,
        0.874946653842926,
        0.8749459981918335,
        0.874945342540741,
        0.8749447464942932,
        0.874944269657135,
        0.8749438524246216,
        0.8749434351921082,
        0.8749431371688843,
        0.8749428391456604,
        0.8749425411224365,
        0.8749422430992126,
        0.8749420046806335,
        0.8749418258666992,
        0.8749416470527649,
        0.8749414086341858,
        0.874941349029541,
        0.8749412298202515,
        0.8749411106109619,
        0.8749409317970276,
        0.874940812587738,
        0.8749406337738037,
        0.8749406337738037
    ],
    "l1_regularization": 0.0,
    "l2_regularization": 0.0,
    "random_state": 165525,
    "c1_unique_zones": 2,
    "c2_unique_od_pairs": 0,
    "c1_c2_approach": "percentage",
    "c1_c2_percentage": 0.2
}