{
    "normalized_frobenius_error": 0.8993598818778992,
    "masked_rmse": 0.12221400439739227,
    "mean_nonzero_value": 1.1494661569595337,
    "relative_rmse": 0.10632240027189255,
    "explained_variance": 0.19115179777145386,
    "computation_time": 0.3478667736053467,
    "all_factors_non_negative": true,
    "factor_sparsity": [
        "33.71%",
        "26.14%",
        "6.25%"
    ],
    "device": "cpu",
    "best_initialization": "random",
    "errors_history": [
        0.9639614820480347,
        0.9605164527893066,
        0.9595863819122314,
        0.9584935307502747,
        0.9566236734390259,
        0.9528210163116455,
        0.9445480704307556,
        0.9342791438102722,
        0.9266465902328491,
        0.9218960404396057,
        0.9188705086708069,
        0.9167520999908447,
        0.9150082468986511,
        0.913323700428009,
        0.9115861058235168,
        0.9098392724990845,
        0.9081821441650391,
        0.906633198261261,
        0.9051820635795593,
        0.9039733409881592,
        0.9030753970146179,
        0.9024162292480469,
        0.9019299745559692,
        0.9015623331069946,
        0.9012754559516907,
        0.9010468125343323,
        0.90086430311203,
        0.9007166624069214,
        0.9005964994430542,
        0.9004985094070435,
        0.9004186391830444,
        0.9003533720970154,
        0.9002990126609802,
        0.9002518653869629,
        0.9002088308334351,
        0.9001675844192505,
        0.9001268744468689,
        0.9000898599624634,
        0.9000599384307861,
        0.9000356197357178,
        0.9000149369239807,
        0.8999965190887451,
        0.8999802470207214,
        0.8999651670455933,
        0.8999512791633606,
        0.8999379277229309,
        0.8999248147010803,
        0.8999114632606506,
        0.8998985290527344,
        0.8998851776123047,
        0.8998726606369019,
        0.8998599648475647,
        0.899848997592926,
        0.8998396396636963,
        0.8998315334320068,
        0.899824321269989,
        0.8998186588287354,
        0.8998134136199951,
        0.8998085856437683,
        0.899804413318634,
        0.8998003005981445,
        0.8997970223426819,
        0.8997938632965088,
        0.8997907638549805,
        0.8997878432273865,
        0.8997851014137268,
        0.8997822403907776,
        0.8997796773910522,
        0.8997770547866821,
        0.8997738361358643,
        0.8997707962989807,
        0.8997674584388733,
        0.8997635245323181,
        0.8997593522071838,
        0.8997548222541809,
        0.8997502326965332,
        0.8997451663017273,
        0.8997403383255005,
        0.8997359871864319,
        0.8997321128845215,
        0.8997284770011902,
        0.8997251987457275,
        0.899722158908844,
        0.8997197151184082,
        0.8997174501419067,
        0.8997151851654053,
        0.8997132778167725,
        0.8997114896774292,
        0.8997097611427307,
        0.8997085690498352,
        0.8997069597244263,
        0.8997055292129517,
        0.8997044563293457,
        0.8997032046318054,
        0.8997017741203308,
        0.8997008204460144,
        0.8996997475624084,
        0.899698793888092,
        0.8996974229812622,
        0.8996964693069458,
        0.8996955156326294,
        0.8996946811676025,
        0.8996939063072205,
        0.8996930122375488,
        0.8996922373771667,
        0.8996914029121399,
        0.8996903300285339,
        0.8996893763542175,
        0.8996884822845459,
        0.8996878862380981,
        0.8996867537498474,
        0.899685800075531,
        0.8996851444244385,
        0.8996842503547668,
        0.8996832370758057,
        0.8996826410293579,
        0.899681568145752,
        0.8996805548667908,
        0.899679958820343,
        0.8996792435646057,
        0.8996783494949341,
        0.8996776342391968,
        0.899677038192749,
        0.8996762633323669,
        0.8996754288673401,
        0.899674654006958,
        0.8996742367744446,
        0.899673342704773,
        0.8996727466583252,
        0.8996720314025879,
        0.8996714353561401,
        0.8996707201004028,
        0.8996703028678894,
        0.8996697068214417,
        0.8996690511703491,
        0.899668276309967,
        0.8996676206588745,
        0.8996670246124268,
        0.8996663093566895,
        0.8996657729148865,
        0.8996651768684387,
        0.8996648192405701,
        0.8996643424034119,
        0.8996637463569641,
        0.8996630311012268,
        0.8996626734733582,
        0.8996620774269104,
        0.8996615409851074,
        0.8996608853340149,
        0.8996604084968567,
        0.8996597528457642,
        0.8996593356132507,
        0.8996588587760925,
        0.8996581435203552,
        0.8996573090553284,
        0.8996568918228149,
        0.899656355381012,
        0.8996557593345642,
        0.8996552228927612,
        0.899654746055603,
        0.8996540904045105,
        0.8996537923812866,
        0.8996530771255493,
        0.8996524214744568,
        0.8996517658233643,
        0.8996512293815613,
        0.8996506333351135,
        0.8996499180793762,
        0.8996492028236389,
        0.8996484279632568,
        0.8996480107307434,
        0.8996473550796509,
        0.899646520614624,
        0.8996458053588867,
        0.8996451497077942,
        0.8996443748474121,
        0.89964359998703,
        0.8996429443359375,
        0.8996422290802002,
        0.8996412754058838,
        0.8996405601501465,
        0.8996395468711853,
        0.8996391296386719,
        0.8996380567550659,
        0.8996372222900391,
        0.8996362686157227,
        0.899635374546051,
        0.899634599685669,
        0.8996336460113525,
        0.8996327519416809,
        0.899631917476654,
        0.8996310830116272,
        0.8996301889419556,
        0.8996290564537048,
        0.8996281027793884,
        0.8996270298957825,
        0.8996260166168213,
        0.8996249437332153,
        0.8996240496635437,
        0.8996227383613586,
        0.8996217250823975,
        0.8996201157569885,
        0.8996189832687378,
        0.8996179103851318,
        0.8996167182922363,
        0.8996155858039856,
        0.8996140360832214,
        0.8996128439903259,
        0.8996116518974304,
        0.8996102213859558,
        0.899608850479126,
        0.8996074199676514,
        0.8996058106422424,
        0.8996045589447021,
        0.8996028900146484,
        0.899601399898529,
        0.8995998501777649,
        0.899598240852356,
        0.8995962142944336,
        0.8995946049690247,
        0.8995928168296814,
        0.8995912075042725,
        0.8995894193649292,
        0.8995875716209412,
        0.899585485458374,
        0.8995832800865173,
        0.8995815515518188,
        0.8995795249938965,
        0.8995773196220398,
        0.8995752334594727,
        0.8995730876922607,
        0.8995708227157593,
        0.8995686173439026,
        0.8995665311813354,
        0.8995642066001892,
        0.8995616436004639,
        0.8995591402053833,
        0.8995566964149475,
        0.8995542526245117,
        0.8995517492294312,
        0.8995493650436401,
        0.8995468616485596,
        0.8995440602302551,
        0.8995413780212402,
        0.8995389342308044,
        0.8995362520217896,
        0.899533212184906,
        0.8995304107666016,
        0.8995273113250732,
        0.8995246887207031,
        0.8995219469070435,
        0.8995190262794495,
        0.8995160460472107,
        0.8995132446289062,
        0.8995105028152466,
        0.8995078802108765,
        0.8995049595832825,
        0.8995022773742676,
        0.8994994163513184,
        0.8994965553283691,
        0.8994936347007751,
        0.8994910717010498,
        0.8994885683059692,
        0.8994859457015991,
        0.8994834423065186,
        0.8994808197021484,
        0.8994781374931335,
        0.8994759917259216,
        0.8994736075401306,
