{
    "normalized_frobenius_error": 0.877673327922821,
    "masked_rmse": 0.19592367112636566,
    "mean_nonzero_value": 1.5989879369735718,
    "relative_rmse": 0.12252979725599289,
    "explained_variance": 0.22968953847885132,
    "computation_time": 0.7218098640441895,
    "all_factors_non_negative": true,
    "factor_sparsity": [
        "24.15%",
        "28.50%",
        "14.58%"
    ],
    "device": "mps",
    "best_initialization": "random",
    "errors_history": [
        0.9550380110740662,
        0.9374512434005737,
        0.9235231280326843,
        0.9120821952819824,
        0.9044267535209656,
        0.8992369174957275,
        0.8946740627288818,
        0.8892122507095337,
        0.8849422931671143,
        0.8829118609428406,
        0.8818297386169434,
        0.8811275362968445,
        0.880623459815979,
        0.8802304267883301,
        0.8799120187759399,
        0.8796430826187134,
        0.8794159293174744,
        0.8792255520820618,
        0.8790619373321533,
        0.8789222836494446,
        0.87879878282547,
        0.8786881566047668,
        0.8785880208015442,
        0.8784968256950378,
        0.8784139156341553,
        0.8783388137817383,
        0.8782714605331421,
        0.8782116174697876,
        0.8781587481498718,
        0.8781121373176575,
        0.8780695796012878,
        0.8780299425125122,
        0.8779968023300171,
        0.8779674768447876,
        0.877941370010376,
        0.8779183030128479,
        0.8778976798057556,
        0.8778795003890991,
        0.8778629302978516,
        0.8778479695320129,
        0.8778339624404907,
        0.8778208494186401,
        0.8778083324432373,
        0.8777962923049927,
        0.8777848482131958,
        0.8777740597724915,
        0.8777635097503662,
        0.877753496170044,
        0.8777440786361694,
        0.8777353167533875,
        0.8777273297309875,
        0.8777201175689697,
        0.8777138590812683,
        0.8777086138725281,
        0.8777041435241699,
        0.8777004480361938,
        0.8776972889900208,
        0.8776947855949402,
        0.8776926398277283,
        0.8776907324790955,
        0.877689003944397,
        0.8776875138282776,
        0.877686083316803,
        0.8776845335960388,
        0.8776832222938538,
        0.8776820302009583,
        0.8776810169219971,
        0.8776803016662598,
        0.8776795864105225,
        0.8776791095733643,
        0.8776786923408508,
        0.8776782751083374,
        0.877677857875824,
        0.8776775598526001,
        0.8776772618293762,
        0.8776769638061523,
        0.8776766657829285,
        0.8776764869689941,
        0.8776761889457703,
        0.8776759505271912,
        0.8776756525039673,
        0.877675473690033,
        0.8776751756668091,
        0.87767493724823,
        0.8776747584342957,
        0.8776744604110718,
        0.8776743412017822,
        0.8776741623878479,
        0.8776740431785583,
        0.877673864364624,
        0.8776736259460449,
        0.8776735067367554,
        0.877673327922821,
        0.877673327922821
    ],
    "l1_regularization": 0.0,
    "l2_regularization": 0.0,
    "random_state": 841832,
    "c1_unique_zones": 2,
    "c2_unique_od_pairs": 0,
    "c1_c2_approach": "percentage",
    "c1_c2_percentage": 0.2
}