{
    "normalized_frobenius_error": 0.8564493656158447,
    "masked_rmse": 0.22337520122528076,
    "mean_nonzero_value": 1.345635175704956,
    "relative_rmse": 0.16599982976913452,
    "explained_variance": 0.2664945125579834,
    "computation_time": 1.0734572410583496,
    "all_factors_non_negative": true,
    "factor_sparsity": [
        "21.78%",
        "18.67%",
        "10.83%"
    ],
    "device": "mps",
    "best_initialization": "random",
    "errors_history": [
        0.9444835782051086,
        0.9363051652908325,
        0.9254575371742249,
        0.9111495614051819,
        0.8999987244606018,
        0.8921202421188354,
        0.8851876854896545,
        0.8784891963005066,
        0.8720900416374207,
        0.8676031231880188,
        0.8645898699760437,
        0.8623998165130615,
        0.8608137965202332,
        0.8596653938293457,
        0.8588666319847107,
        0.8583189249038696,
        0.8579285144805908,
        0.8576328158378601,
        0.8573986887931824,
        0.8572126030921936,
        0.8570669889450073,
        0.85695481300354,
        0.8568683862686157,
        0.8568013310432434,
        0.8567485213279724,
        0.8567060828208923,
        0.8566714525222778,
        0.8566427826881409,
        0.8566188216209412,
        0.8565986752510071,
        0.8565809726715088,
        0.8565648794174194,
        0.8565513491630554,
        0.8565409183502197,
        0.8565325140953064,
        0.8565254211425781,
        0.8565191030502319,
        0.8565137982368469,
        0.8565089702606201,
        0.8565043807029724,
        0.8564997315406799,
        0.856495201587677,
        0.8564911484718323,
        0.8564874529838562,
        0.8564839959144592,
        0.8564807772636414,
        0.8564779758453369,
        0.8564755320549011,
        0.8564735054969788,
        0.856471598148346,
        0.8564698100090027,
        0.8564680814743042,
        0.8564664125442505,
        0.8564649224281311,
        0.8564634323120117,
        0.8564620614051819,
        0.8564608097076416,
        0.8564597368240356,
        0.8564586639404297,
        0.8564577698707581,
        0.8564571142196655,
        0.856456458568573,
        0.8564559817314148,
        0.8564554452896118,
        0.8564550876617432,
        0.8564546704292297,
        0.8564543724060059,
        0.8564540147781372,
        0.8564537763595581,
        0.8564534783363342,
        0.8564532995223999,
        0.856453001499176,
        0.8564528226852417,
        0.8564526438713074,
        0.856452465057373,
        0.8564523458480835,
        0.856452226638794,
        0.8564520478248596,
        0.8564518690109253,
        0.856451690196991,
        0.8564516305923462,
        0.8564515113830566,
        0.8564514517784119,
        0.8564512729644775,
        0.856451153755188,
        0.8564510345458984,
        0.8564509749412537,
        0.8564509153366089,
        0.8564506769180298,
        0.856450617313385,
        0.8564504981040955,
        0.8564504384994507,
        0.8564502596855164,
        0.8564501404762268,
        0.856450080871582,
        0.8564499616622925,
        0.8564499020576477,
        0.8564497232437134,
        0.8564496636390686,
        0.856449544429779,
        0.8564493656158447,
        0.8564493656158447
    ],
    "l1_regularization": 0.0,
    "l2_regularization": 0.0,
    "random_state": 200334,
    "c1_unique_zones": 2,
    "c2_unique_od_pairs": 0,
    "c1_c2_approach": "percentage",
    "c1_c2_percentage": 0.2
}