{
    "normalized_frobenius_error": 0.8564393520355225,
    "masked_rmse": 0.22337260842323303,
    "mean_nonzero_value": 1.345635175704956,
    "relative_rmse": 0.16599789261817932,
    "explained_variance": 0.2665116786956787,
    "computation_time": 0.4875650405883789,
    "all_factors_non_negative": true,
    "factor_sparsity": [
        "16.00%",
        "14.22%",
        "10.83%"
    ],
    "device": "mps",
    "best_initialization": "random",
    "errors_history": [
        0.9407527446746826,
        0.9217574596405029,
        0.8977076411247253,
        0.8790835738182068,
        0.8701343536376953,
        0.8654500842094421,
        0.8624173998832703,
        0.8602135181427002,
        0.858768105506897,
        0.857976496219635,
        0.8575116395950317,
        0.8572065234184265,
        0.8569936752319336,
        0.856849193572998,
        0.8567551374435425,
        0.8566910028457642,
        0.856644332408905,
        0.8566092252731323,
        0.8565817475318909,
        0.8565600514411926,
        0.8565424680709839,
        0.8565281629562378,
        0.8565165400505066,
        0.8565068244934082,
        0.856498658657074,
        0.8564919233322144,
        0.8564862608909607,
        0.8564811944961548,
        0.8564769625663757,
        0.8564733862876892,
        0.8564701080322266,
        0.8564673066139221,
        0.8564647436141968,
        0.8564625978469849,
        0.8564605116844177,
        0.8564586639404297,
        0.8564570546150208,
        0.8564554452896118,
        0.8564541339874268,
        0.8564529418945312,
        0.8564517498016357,
        0.8564507365226746,
        0.8564498424530029,
        0.8564488887786865,
        0.8564481139183044,
        0.8564473390579224,
        0.8564465641975403,
        0.8564459681510925,
        0.8564453721046448,
        0.8564447164535522,
        0.856444239616394,
        0.8564436435699463,
        0.8564433455467224,
        0.8564428091049194,
        0.8564424514770508,
        0.8564421534538269,
        0.8564417958259583,
        0.8564415574073792,
        0.8564413189888,
        0.856441080570221,
        0.8564408421516418,
        0.856440544128418,
        0.8564404845237732,
        0.8564401865005493,
        0.8564400672912598,
        0.8564399480819702,
        0.8564398884773254,
        0.8564397692680359,
        0.8564395904541016,
        0.856439471244812,
        0.856439471244812
    ],
    "l1_regularization": 0.0,
    "l2_regularization": 0.0,
    "random_state": 800023,
    "c1_unique_zones": 2,
    "c2_unique_od_pairs": 0,
    "c1_c2_approach": "percentage",
    "c1_c2_percentage": 0.2
}