{
    "normalized_frobenius_error": 0.8771346211433411,
    "masked_rmse": 0.19580340385437012,
    "mean_nonzero_value": 1.5989879369735718,
    "relative_rmse": 0.12245458364486694,
    "explained_variance": 0.230634868144989,
    "computation_time": 0.8352727890014648,
    "all_factors_non_negative": true,
    "factor_sparsity": [
        "21.50%",
        "26.81%",
        "13.89%"
    ],
    "device": "mps",
    "best_initialization": "random",
    "errors_history": [
        0.9522899985313416,
        0.9331573247909546,
        0.9160621762275696,
        0.904399573802948,
        0.8967540264129639,
        0.8916657567024231,
        0.8882617950439453,
        0.8859578371047974,
        0.884401798248291,
        0.8833122849464417,
        0.8824897408485413,
        0.881818413734436,
        0.8812509179115295,
        0.8807641863822937,
        0.880337119102478,
        0.8799563050270081,
        0.8796133995056152,
        0.8793050050735474,
        0.8790327310562134,
        0.8787958025932312,
        0.8785910606384277,
        0.8784153461456299,
        0.8782660961151123,
        0.8781396150588989,
        0.8780294060707092,
        0.8779281377792358,
        0.8778203129768372,
        0.8777022361755371,
        0.8776021599769592,
        0.8775243759155273,
        0.8774632215499878,
        0.8774152994155884,
        0.8773775100708008,
        0.8773472905158997,
        0.8773226141929626,
        0.877302348613739,
        0.8772853016853333,
        0.8772709369659424,
        0.8772591948509216,
        0.8772494792938232,
        0.8772410154342651,
        0.8772332072257996,
        0.8772260546684265,
        0.8772199749946594,
        0.8772150278091431,
        0.8772106766700745,
        0.8772068023681641,
        0.8772034049034119,
        0.8772003650665283,
        0.8771974444389343,
        0.8771948218345642,
        0.8771923780441284,
        0.8771900534629822,
        0.8771877884864807,
        0.8771857023239136,
        0.8771836757659912,
        0.8771816492080688,
        0.877179741859436,
        0.877177894115448,
        0.8771759867668152,
        0.8771740794181824,
        0.8771722316741943,
        0.8771704435348511,
        0.8771684765815735,
        0.8771668076515198,
        0.8771649599075317,
        0.8771632313728333,
        0.8771616220474243,
        0.8771601319313049,
        0.8771587014198303,
        0.8771573901176453,
        0.8771562576293945,
        0.8771553635597229,
        0.8771544694900513,
        0.8771536350250244,
        0.8771529197692871,
        0.8771523237228394,
        0.8771517276763916,
        0.8771511316299438,
        0.8771505951881409,
        0.8771501183509827,
        0.8771497011184692,
        0.8771492838859558,
        0.8771488666534424,
        0.8771485686302185,
        0.8771482110023499,
        0.8771479725837708,
        0.8771475553512573,
        0.8771472573280334,
        0.8771469593048096,
        0.8771465420722961,
        0.8771461844444275,
        0.8771457672119141,
        0.8771454691886902,
        0.8771448731422424,
        0.8771443367004395,
        0.8771438598632812,
        0.8771432042121887,
        0.877142608165741,
        0.8771418929100037,
        0.8771411776542664,
        0.8771405816078186,
        0.8771398663520813,
        0.8771392703056335,
        0.8771386742591858,
        0.8771381974220276,
        0.8771376609802246,
        0.8771371841430664,
        0.877136766910553,
        0.8771364688873291,
        0.8771361708641052,
        0.8771358728408813,
        0.8771356344223022,
        0.8771354556083679,
        0.8771352171897888,
        0.877135157585144,
        0.8771350383758545,
        0.8771349191665649,
        0.8771347403526306,
        0.8771346211433411,
        0.8771346211433411
    ],
    "l1_regularization": 0.0,
    "l2_regularization": 0.0,
    "random_state": 868397,
    "c1_unique_zones": 2,
    "c2_unique_od_pairs": 0,
    "c1_c2_approach": "percentage",
    "c1_c2_percentage": 0.2
}