{
    "normalized_frobenius_error": 0.8778260946273804,
    "masked_rmse": 0.19595777988433838,
    "mean_nonzero_value": 1.5989879369735718,
    "relative_rmse": 0.12255112826824188,
    "explained_variance": 0.2294214367866516,
    "computation_time": 1.2012319564819336,
    "all_factors_non_negative": true,
    "factor_sparsity": [
        "32.37%",
        "34.78%",
        "18.75%"
    ],
    "device": "mps",
    "best_initialization": "random",
    "errors_history": [
        0.9581106305122375,
        0.934805691242218,
        0.9170517921447754,
        0.9069865942001343,
        0.9013262391090393,
        0.8974707722663879,
        0.8944759964942932,
        0.891956627368927,
        0.8896376490592957,
        0.8872915506362915,
        0.8851404190063477,
        0.8834748268127441,
        0.8822784423828125,
        0.8814354538917542,
        0.8808209896087646,
        0.8803504705429077,
        0.879952073097229,
        0.8796253204345703,
        0.8793442249298096,
        0.8791064023971558,
        0.8789204955101013,
        0.8787698149681091,
        0.8786455988883972,
        0.8785435557365417,
        0.8784597516059875,
        0.878390908241272,
        0.8783344626426697,
        0.878287672996521,
        0.8782477378845215,
        0.8782129287719727,
        0.8781810998916626,
        0.8781502842903137,
        0.8781196475028992,
        0.8780903220176697,
        0.8780646920204163,
        0.8780441880226135,
        0.8780280351638794,
        0.8780147433280945,
        0.8780032396316528,
        0.8779923319816589,
        0.8779817819595337,
        0.8779711723327637,
        0.8779605627059937,
        0.8779494762420654,
        0.8779393434524536,
        0.8779316544532776,
        0.8779262900352478,
        0.8779222369194031,
        0.8779188990592957,
        0.8779158592224121,
        0.8779131770133972,
        0.8779106140136719,
        0.8779082894325256,
        0.877906084060669,
        0.877903938293457,
        0.8779019117355347,
        0.8779000043869019,
        0.8778982758522034,
        0.8778964877128601,
        0.8778947591781616,
        0.8778931498527527,
        0.8778915405273438,
        0.8778901100158691,
        0.8778885006904602,
        0.877886950969696,
        0.8778853416442871,
        0.8778835535049438,
        0.8778814077377319,
        0.87787926197052,
        0.8778772950172424,
        0.877875566482544,
        0.8778740167617798,
        0.8778727054595947,
        0.8778715133666992,
        0.8778702020645142,
        0.877869188785553,
        0.8778679370880127,
        0.8778667449951172,
        0.8778655529022217,
        0.877864420413971,
        0.8778632283210754,
        0.8778620958328247,
        0.8778609037399292,
        0.8778597712516785,
        0.877858579158783,
        0.8778573274612427,
        0.8778563141822815,
        0.8778552412986755,
        0.8778539896011353,
        0.8778529763221741,
        0.8778519034385681,
        0.8778508901596069,
        0.8778497576713562,
        0.877848744392395,
        0.8778478503227234,
        0.8778468370437622,
        0.8778459429740906,
        0.8778451085090637,
        0.8778443336486816,
        0.8778436183929443,
        0.8778426647186279,
        0.8778420686721802,
        0.8778413534164429,
        0.8778406381607056,
        0.8778401613235474,
        0.8778395652770996,
        0.8778389692306519,
        0.8778383135795593,
        0.8778378367424011,
        0.8778372406959534,
        0.8778368234634399,
        0.8778364062309265,
        0.8778359293937683,
        0.8778353929519653,
        0.8778350949287415,
        0.8778346180915833,
        0.8778340816497803,
        0.8778337836265564,
        0.8778334856033325,
        0.8778330683708191,
        0.8778326511383057,
        0.8778323531150818,
        0.8778320550918579,
        0.8778316378593445,
        0.8778313398361206,
        0.8778310418128967,
        0.8778308629989624,
        0.8778306841850281,
        0.8778303265571594,
        0.8778300285339355,
        0.8778298497200012,
        0.8778295516967773,
        0.8778294324874878,
        0.8778292536735535,
        0.8778290152549744,
        0.87782883644104,
        0.8778286576271057,
        0.8778284192085266,
        0.8778283596038818,
        0.8778281211853027,
        0.8778280019760132,
        0.8778278231620789,
        0.8778277039527893,
        0.877827525138855,
        0.8778274059295654,
        0.8778273463249207,
        0.8778271079063416,
        0.877826988697052,
        0.8778268098831177,
        0.8778266906738281,
        0.8778266310691833,
        0.8778265118598938,
        0.8778263926506042,
        0.8778263330459595,
        0.8778262138366699,
        0.8778260946273804,
        0.8778260946273804
    ],
    "l1_regularization": 0.0,
    "l2_regularization": 0.0,
    "random_state": 866347,
    "c1_unique_zones": 2,
    "c2_unique_od_pairs": 0,
    "c1_c2_approach": "percentage",
    "c1_c2_percentage": 0.2
}