{
    "normalized_frobenius_error": 0.856438398361206,
    "masked_rmse": 0.22337235510349274,
    "mean_nonzero_value": 1.345635175704956,
    "relative_rmse": 0.165997713804245,
    "explained_variance": 0.26651328802108765,
    "computation_time": 0.5880708694458008,
    "all_factors_non_negative": true,
    "factor_sparsity": [
        "15.56%",
        "13.78%",
        "10.83%"
    ],
    "device": "mps",
    "best_initialization": "random",
    "errors_history": [
        0.9420428276062012,
        0.9252432584762573,
        0.9046251177787781,
        0.8878802061080933,
        0.877192497253418,
        0.87068110704422,
        0.8664261698722839,
        0.8632323741912842,
        0.8609618544578552,
        0.8594509363174438,
        0.8584792613983154,
        0.8578680753707886,
        0.857494592666626,
        0.8572482466697693,
        0.8570777177810669,
        0.8569529056549072,
        0.8568599820137024,
        0.8567897081375122,
        0.8567338585853577,
        0.8566870093345642,
        0.856645941734314,
        0.8566098213195801,
        0.8565791249275208,
        0.8565543293952942,
        0.8565348982810974,
        0.856519341468811,
        0.8565068244934082,
        0.8564964532852173,
        0.8564879894256592,
        0.8564810752868652,
        0.8564755320549011,
        0.8564711213111877,
        0.8564675450325012,
        0.8564645051956177,
        0.8564620018005371,
        0.8564598560333252,
        0.8564580082893372,
        0.8564563393592834,
        0.8564548492431641,
        0.8564534783363342,
        0.8564522862434387,
        0.8564510345458984,
        0.8564498424530029,
        0.8564485907554626,
        0.8564475178718567,
        0.8564465045928955,
        0.8564454317092896,
        0.8564445972442627,
        0.8564438223838806,
        0.8564429879188538,
        0.856442391872406,
        0.856441855430603,
        0.8564414978027344,
        0.856441080570221,
        0.8564408421516418,
        0.856440544128418,
        0.8564403653144836,
        0.8564400672912598,
        0.8564399480819702,
        0.8564398288726807,
        0.8564395904541016,
        0.856439471244812,
        0.8564394116401672,
        0.8564393520355225,
        0.8564392328262329,
        0.8564391136169434,
        0.8564389944076538,
        0.856438934803009,
        0.8564388751983643,
        0.8564388155937195,
        0.8564387559890747,
        0.8564386963844299,
        0.8564386367797852,
        0.8564385771751404,
        0.8564385175704956,
        0.856438398361206,
        0.856438398361206
    ],
    "l1_regularization": 0.0,
    "l2_regularization": 0.0,
    "random_state": 203089,
    "c1_unique_zones": 2,
    "c2_unique_od_pairs": 0,
    "c1_c2_approach": "percentage",
    "c1_c2_percentage": 0.2
}