{
    "normalized_frobenius_error": 0.868136465549469,
    "masked_rmse": 0.22642338275909424,
    "mean_nonzero_value": 1.345635175704956,
    "relative_rmse": 0.16826505959033966,
    "explained_variance": 0.24633914232254028,
    "computation_time": 0.8509469032287598,
    "all_factors_non_negative": true,
    "factor_sparsity": [
        "21.33%",
        "18.67%",
        "8.33%"
    ],
    "device": "mps",
    "best_initialization": "random",
    "errors_history": [
        0.9381625652313232,
        0.9203746914863586,
        0.8983489274978638,
        0.8851246237754822,
        0.8787814378738403,
        0.8753617405891418,
        0.873336672782898,
        0.8720157146453857,
        0.8710961937904358,
        0.8704435229301453,
        0.8699741959571838,
        0.8696292638778687,
        0.8693716526031494,
        0.8691776990890503,
        0.8690289855003357,
        0.8689118027687073,
        0.8688167333602905,
        0.8687384724617004,
        0.8686733245849609,
        0.8686187863349915,
        0.868572473526001,
        0.8685327172279358,
        0.868497908115387,
        0.8684670329093933,
        0.8684394359588623,
        0.8684144616127014,
        0.8683915734291077,
        0.8683704733848572,
        0.8683512210845947,
        0.8683335781097412,
        0.8683173060417175,
        0.8683026432991028,
        0.8682893514633179,
        0.8682773113250732,
        0.8682662844657898,
        0.8682563304901123,
        0.8682472705841064,
        0.8682389855384827,
        0.868231475353241,
        0.8682246208190918,
        0.8682183623313904,
        0.8682126998901367,
        0.8682074546813965,
        0.8682027459144592,
        0.8681982755661011,
        0.8681942820549011,
        0.868190586566925,
        0.8681871294975281,
        0.868183970451355,
        0.8681809902191162,
        0.8681781888008118,
        0.8681756854057312,
        0.8681731820106506,
        0.8681710362434387,
        0.8681689500808716,
        0.8681670427322388,
        0.8681652545928955,
        0.8681635856628418,
        0.8681619763374329,
        0.8681605458259583,
        0.868159294128418,
        0.8681579232215881,
        0.8681567311286926,
        0.8681555390357971,
        0.8681545257568359,
        0.8681535124778748,
        0.8681525588035583,
        0.8681516647338867,
        0.8681507706642151,
        0.868149995803833,
        0.8681492805480957,
        0.8681484460830688,
        0.8681477904319763,
        0.8681471347808838,
        0.8681464195251465,
        0.8681458234786987,
        0.8681451678276062,
        0.8681445717811584,
        0.8681439757347107,
        0.8681433796882629,
        0.8681429028511047,
        0.8681423664093018,
        0.8681420087814331,
        0.8681415915489197,
        0.8681411743164062,
        0.8681407570838928,
        0.868140459060669,
        0.8681401610374451,
        0.868139922618866,
        0.8681395649909973,
        0.8681394457817078,
        0.8681391477584839,
        0.8681389689445496,
        0.8681387305259705,
        0.8681384921073914,
        0.8681383728981018,
        0.8681381940841675,
        0.8681379556655884,
        0.8681378364562988,
        0.868137776851654,
        0.8681375980377197,
        0.868137538433075,
        0.8681373596191406,
        0.8681373000144958,
        0.8681371808052063,
        0.868137001991272,
        0.8681369423866272,
        0.8681368231773376,
        0.8681367635726929,
        0.8681366443634033,
        0.8681365847587585,
        0.868136465549469,
        0.868136465549469
    ],
    "l1_regularization": 0.0,
    "l2_regularization": 0.0,
    "random_state": 279152,
    "c1_unique_zones": 3,
    "c2_unique_od_pairs": 0,
    "c1_c2_approach": "percentage",
    "c1_c2_percentage": 0.2
}