{
    "normalized_frobenius_error": 0.8564388751983643,
    "masked_rmse": 0.2233724743127823,
    "mean_nonzero_value": 1.345635175704956,
    "relative_rmse": 0.16599780321121216,
    "explained_variance": 0.26651251316070557,
    "computation_time": 0.8131608963012695,
    "all_factors_non_negative": true,
    "factor_sparsity": [
        "22.22%",
        "20.89%",
        "11.67%"
    ],
    "device": "mps",
    "best_initialization": "random",
    "errors_history": [
        0.9438776969909668,
        0.9291303157806396,
        0.9102175235748291,
        0.8969570398330688,
        0.8877900242805481,
        0.8800416588783264,
        0.8727940320968628,
        0.8668152689933777,
        0.8629826307296753,
        0.8607913851737976,
        0.8595659732818604,
        0.8588483929634094,
        0.8583812117576599,
        0.8580147624015808,
        0.8577390909194946,
        0.8575164675712585,
        0.8573197722434998,
        0.8571499586105347,
        0.857012927532196,
        0.8569055199623108,
        0.8568223714828491,
        0.8567575812339783,
        0.8567063808441162,
        0.8566649556159973,
        0.8566309809684753,
        0.8566028475761414,
        0.8565793037414551,
        0.8565596342086792,
        0.8565431237220764,
        0.856529176235199,
        0.856517493724823,
        0.8565078377723694,
        0.8564997911453247,
        0.8564932942390442,
        0.8564876914024353,
        0.8564825654029846,
        0.8564774990081787,
        0.856472909450531,
        0.8564697504043579,
        0.8564674258232117,
        0.8564653396606445,
        0.8564635515213013,
        0.8564618229866028,
        0.8564602732658386,
        0.8564587235450745,
        0.8564574122428894,
        0.8564562201499939,
        0.8564551472663879,
        0.8564543724060059,
        0.8564535975456238,
        0.8564530611038208,
        0.8564526438713074,
        0.8564521074295044,
        0.8564516305923462,
        0.8564512729644775,
        0.8564509153366089,
        0.8564507365226746,
        0.8564504384994507,
        0.8564502596855164,
        0.8564500212669373,
        0.8564499020576477,
        0.856449544429779,
        0.8564493656158447,
        0.8564491868019104,
        0.8564490675926208,
        0.8564488291740417,
        0.8564485907554626,
        0.8564484715461731,
        0.8564481735229492,
        0.8564479947090149,
        0.8564477562904358,
        0.8564475774765015,
        0.8564473986625671,
        0.8564471006393433,
        0.8564469814300537,
        0.8564466238021851,
        0.8564464449882507,
        0.8564462661743164,
        0.8564459681510925,
        0.8564457297325134,
        0.8564455509185791,
        0.8564453125,
        0.8564451336860657,
        0.856444776058197,
        0.8564445376396179,
        0.8564444184303284,
        0.8564441204071045,
        0.8564438819885254,
        0.8564435839653015,
        0.8564434051513672,
        0.8564431071281433,
        0.856442928314209,
        0.8564428091049194,
        0.8564425110816956,
        0.8564423322677612,
        0.8564421534538269,
        0.856441855430603,
        0.8564416766166687,
        0.8564415574073792,
        0.8564414381980896,
        0.8564412593841553,
        0.856441080570221,
        0.8564409613609314,
        0.8564406633377075,
        0.856440544128418,
        0.8564404845237732,
        0.8564401865005493,
        0.8564401268959045,
        0.856440007686615,
        0.8564398884773254,
        0.8564397692680359,
        0.8564397096633911,
        0.8564395904541016,
        0.856439471244812,
        0.8564393520355225,
        0.8564392328262329,
        0.8564391732215881,
        0.8564391136169434,
        0.856438934803009,
        0.856438934803009
    ],
    "l1_regularization": 0.0,
    "l2_regularization": 0.0,
    "random_state": 405742,
    "c1_unique_zones": 2,
    "c2_unique_od_pairs": 0,
    "c1_c2_approach": "percentage",
    "c1_c2_percentage": 0.2
}