{
    "normalized_frobenius_error": 0.8571829199790955,
    "masked_rmse": 0.22356653213500977,
    "mean_nonzero_value": 1.345635175704956,
    "relative_rmse": 0.16614201664924622,
    "explained_variance": 0.2652375102043152,
    "computation_time": 2.5441982746124268,
    "all_factors_non_negative": true,
    "factor_sparsity": [
        "36.89%",
        "33.33%",
        "14.17%"
    ],
    "device": "mps",
    "best_initialization": "random",
    "errors_history": [
        0.9424160718917847,
        0.930081844329834,
        0.9149302244186401,
        0.9016528129577637,
        0.8924611806869507,
        0.8872895240783691,
        0.8840299248695374,
        0.8814473748207092,
        0.879230797290802,
        0.8769610524177551,
        0.8742716908454895,
        0.8713579177856445,
        0.8687700629234314,
        0.8665544390678406,
        0.8646672964096069,
        0.8632941842079163,
        0.8624287247657776,
        0.8618897199630737,
        0.8615463376045227,
        0.8613206744194031,
        0.8611699342727661,
        0.861068844795227,
        0.8610013723373413,
        0.8609543442726135,
        0.8609192967414856,
        0.8608925938606262,
        0.8608714938163757,
        0.8608545064926147,
        0.8608408570289612,
        0.8608301877975464,
        0.8608217835426331,
        0.8608152866363525,
        0.8608101010322571,
        0.860805869102478,
        0.8608024716377258,
        0.8607996106147766,
        0.8607972860336304,
        0.8607953190803528,
        0.8607935905456543,
        0.8607921004295349,
        0.8607909083366394,
        0.8607897162437439,
        0.8607888221740723,
        0.8607878684997559,
        0.8607871532440186,
        0.860786497592926,
        0.8607856631278992,
        0.8607850670814514,
        0.8607844114303589,
        0.8607838153839111,
        0.8607832193374634,
        0.8607826232910156,
        0.8607819080352783,
        0.8607812523841858,
        0.860780656337738,
        0.8607801198959351,
        0.8607796430587769,
        0.8607791662216187,
        0.8607788681983948,
        0.8607785105705261,
        0.8607782125473022,
        0.8607777953147888,
        0.8607774376869202,
        0.8607771992683411,
        0.8607769012451172,
        0.8607766032218933,
        0.8607763051986694,
        0.8607760667800903,
        0.860775887966156,
        0.8607755303382874,
        0.860775351524353,
        0.8607749938964844,
        0.86077481508255,
        0.8607745170593262,
        0.8607743382453918,
        0.8607740998268127,
        0.8607738018035889,
        0.8607735633850098,
        0.8607733249664307,
        0.8607730865478516,
        0.8607727885246277,
        0.8607726097106934,
        0.8607723712921143,
        0.8607720732688904,
        0.860771894454956,
        0.8607715964317322,
        0.8607714176177979,
        0.8607711791992188,
        0.8607709407806396,
        0.8607707023620605,
        0.8607704043388367,
        0.8607702255249023,
        0.8607701063156128,
        0.8607698082923889,
        0.8607695698738098,
        0.8607692718505859,
        0.8607691526412964,
        0.8607689738273621,
        0.8607686758041382,
        0.8607684373855591,
        0.8607682585716248,
        0.8607680201530457,
        0.8607678413391113,
        0.8607674837112427,
        0.8607673645019531,
        0.8607671856880188,
        0.8607668280601501,
        0.8607666492462158,
        0.8607664704322815,
        0.8607661724090576,
        0.8607659339904785,
        0.8607656359672546,
        0.8607655167579651,
        0.8607651591300964,
        0.8607649803161621,
        0.8607648015022278,
        0.8607645034790039,
        0.8607642650604248,
        0.8607641458511353,
        0.8607637286186218,
        0.860763430595398,
        0.8607632517814636,
        0.8607630133628845,
        0.8607627153396606,
        0.8607624769210815,
        0.8607621788978577,
        0.8607619404792786,
        0.8607616424560547,
        0.8607614040374756,
        0.8607611656188965,
        0.8607608079910278,
        0.8607605695724487,
        0.8607603311538696,
        0.8607599139213562,
        0.8607597351074219,
        0.8607593178749084,
        0.8607591390609741,
        0.8607587218284607,
        0.8607584834098816,
        0.8607581257820129,
        0.8607577681541443,
        0.8607574701309204,
        0.8607571721076965,
        0.8607568144798279,
        0.8607565760612488,
        0.8607561588287354,
        0.8607557415962219,
        0.860755443572998,
        0.8607550859451294,
        0.8607547283172607,
        0.8607542514801025,
        0.8607538938522339,
        0.8607534170150757,
        0.8607531189918518,
        0.8607527017593384,
        0.860752284526825,
        0.8607518076896667,
        0.8607513904571533,
        0.8607509136199951,
        0.8607504367828369,
        0.8607500791549683,
        0.8607496023178101,
        0.8607490658760071,
        0.8607485294342041,
        0.8607479929924011,
        0.8607474565505981,
        0.8607469201087952,
        0.8607463836669922,
        0.8607457876205444,
        0.8607452511787415,
        0.8607446551322937,
        0.8607439994812012,
        0.8607433438301086,
        0.8607427477836609,
        0.8607420325279236,
        0.8607414364814758,
        0.8607407808303833,
        0.8607399463653564,
        0.8607392907142639,
        0.8607385158538818,
        0.8607376217842102,
        0.8607369065284729,
        0.860736072063446,
        0.8607351779937744,
        0.860734224319458,
        0.8607333898544312,
        0.8607324361801147,
        0.8607313632965088,
        0.8607303500175476,
        0.8607293367385864,
        0.8607281446456909,
        0.8607271313667297,
        0.8607258200645447,
        0.8607246279716492,
        0.8607233166694641,
        0.860722005367279,
        0.8607205748558044,
        0.8607192039489746,
        0.8607176542282104,
        0.8607160449028015,
        0.8607143759727478,
        0.8607126474380493,
        0.8607107400894165,
        0.8607087135314941,
        0.8607067465782166,
        0.8607046008110046,
        0.8607022166252136,
        0.8606997728347778,
        0.8606972694396973,
        0.8606945276260376,
        0.8606916069984436,
        0.8606884479522705,
        0.8606850504875183,
        0.8606814742088318,
        0.8606777191162109,
        0.8606735467910767,
        0.8606691360473633,
        0.8606643676757812,
        0.860659122467041,
        0.8606534600257874,
        0.8606472611427307,
        0.8606407046318054,
        0.860633373260498,
        0.8606253266334534,
        0.8606165647506714,
        0.8606070280075073,
        0.8605965375900269,
        0.8605849146842957,
        0.8605720400810242,
        0.8605577945709229,
        0.8605421185493469,
        0.8605247735977173,
        0.8605055809020996,
        0.86048424243927,
        0.8604605793952942,
        0.8604342341423035,
        0.8604052066802979,
        0.8603731393814087,
        0.8603377938270569,
        0.8602991104125977,
        0.8602575659751892,
        0.8602134585380554,
        0.8601673245429993,
        0.8601197600364685,
        0.8600712418556213,
        0.8600223064422607,
        0.8599737286567688,
        0.8599258661270142,
        0.8598776459693909,
        0.8598248958587646,
        0.8597540259361267,
        0.8596463203430176,
        0.8595223426818848,
        0.8594133853912354,
        0.8593323230743408,
        0.8592618107795715,
        0.8591265082359314,
        0.8587727546691895,
        0.8583524823188782,
        0.8581507802009583,
        0.8580473065376282,
        0.8579853177070618,
        0.8579466342926025,
        0.8579223155975342,
        0.8579065799713135,
        0.8578961491584778,
        0.8578892350196838,
        0.8578842878341675,
        0.8578805923461914,
