{
    "normalized_frobenius_error": 0.9040440320968628,
    "masked_rmse": 0.11860895901918411,
    "mean_nonzero_value": 1.3623639345169067,
    "relative_rmse": 0.08706114441156387,
    "explained_variance": 0.18270444869995117,
    "computation_time": 0.9944310188293457,
    "all_factors_non_negative": true,
    "factor_sparsity": [
        "48.39%",
        "47.58%",
        "32.64%"
    ],
    "device": "mps",
    "best_initialization": "random",
    "errors_history": [
        0.9713575839996338,
        0.955693781375885,
        0.9370086789131165,
        0.9279912114143372,
        0.9238741993904114,
        0.9202666878700256,
        0.9165091514587402,
        0.9134559035301208,
        0.9115482568740845,
        0.91044682264328,
        0.9097879528999329,
        0.9093613624572754,
        0.9090422987937927,
        0.908768355846405,
        0.9085042476654053,
        0.9082330465316772,
        0.907936692237854,
        0.9075942635536194,
        0.9071944952011108,
        0.9067515730857849,
        0.9063059687614441,
        0.9058951139450073,
        0.9055001139640808,
        0.9051746726036072,
        0.9050036072731018,
        0.9048965573310852,
        0.9048222899436951,
        0.9047729969024658,
        0.90473872423172,
        0.9047057032585144,
        0.9046554565429688,
        0.9046052694320679,
        0.9045475721359253,
        0.9044820666313171,
        0.9044283032417297,
        0.9044000506401062,
        0.9043837785720825,
        0.9043735265731812,
        0.904364824295044,
        0.9043592810630798,
        0.9043541550636292,
        0.9043484330177307,
        0.9043408036231995,
        0.9043306112289429,
        0.9043199419975281,
        0.9043111205101013,
        0.9043046832084656,
        0.9042994379997253,
        0.9042943716049194,
        0.9042894840240479,
        0.904285192489624,
        0.9042814373970032,
        0.9042779803276062,
        0.9042746424674988,
        0.9042713642120361,
        0.9042683243751526,
        0.9042651653289795,
        0.9042620658874512,
        0.9042590260505676,
        0.9042558670043945,
        0.9042523503303528,
        0.9042487144470215,
        0.9042453169822693,
        0.9042422771453857,
        0.9042392373085022,
        0.9042360782623291,
        0.9042328000068665,
        0.904229462146759,
        0.9042257070541382,
        0.9042218923568726,
        0.9042182564735413,
        0.9042149782180786,
        0.9042117595672607,
        0.9042086005210876,
        0.9042054414749146,
        0.9042022824287415,
        0.9041991829872131,
        0.90419602394104,
        0.9041929841041565,
        0.9041897058486938,
        0.9041866660118103,
        0.9041835069656372,
        0.9041804671287537,
        0.9041773676872253,
        0.9041743874549866,
        0.9041715264320374,
        0.9041686654090881,
        0.9041659832000732,
        0.9041633009910583,
        0.9041607975959778,
        0.904158353805542,
        0.9041561484336853,
        0.9041538238525391,
        0.9041517972946167,
        0.9041498303413391,
        0.9041481018066406,
        0.9041463732719421,
        0.9041447043418884,
        0.904143214225769,
        0.9041415452957153,
        0.9041397571563721,
        0.9041370749473572,
        0.9041321873664856,
        0.9041231274604797,
        0.9041094183921814,
        0.9040958881378174,
        0.9040864109992981,
        0.9040800929069519,
        0.9040754437446594,
        0.9040715098381042,
        0.9040681719779968,
        0.9040652513504028,
        0.9040626883506775,
        0.9040604829788208,
        0.904058575630188,
        0.9040567874908447,
        0.9040552973747253,
        0.9040539860725403,
        0.9040529131889343,
        0.9040519595146179,
        0.9040511250495911,
        0.904050350189209,
        0.9040497541427612,
        0.904049277305603,
        0.9040487408638,
        0.9040483236312866,
        0.9040480256080627,
        0.9040477871894836,
        0.9040475487709045,
        0.9040471911430359,
        0.9040470123291016,
        0.9040468335151672,
        0.9040465354919434,
        0.9040464162826538,
        0.9040460586547852,
        0.9040456414222717,
        0.9040453433990479,
        0.9040448665618896,
        0.904044508934021,
        0.9040442109107971,
        0.9040440320968628,
        0.9040440320968628
    ],
    "l1_regularization": 0.0,
    "l2_regularization": 0.0,
    "random_state": 997827,
    "c1_unique_zones": 2,
    "c2_unique_od_pairs": 0,
    "c1_c2_approach": "percentage",
    "c1_c2_percentage": 0.2
}