{
    "normalized_frobenius_error": 0.9042158722877502,
    "masked_rmse": 0.1186315044760704,
    "mean_nonzero_value": 1.3623639345169067,
    "relative_rmse": 0.08707769215106964,
    "explained_variance": 0.18239367008209229,
    "computation_time": 0.9163248538970947,
    "all_factors_non_negative": true,
    "factor_sparsity": [
        "39.78%",
        "35.22%",
        "27.08%"
    ],
    "device": "mps",
    "best_initialization": "random",
    "errors_history": [
        0.9721359610557556,
        0.9482282996177673,
        0.9312684535980225,
        0.9254325032234192,
        0.9222343564033508,
        0.919518768787384,
        0.9164316654205322,
        0.9133105278015137,
        0.9111891984939575,
        0.9097281098365784,
        0.9084606766700745,
        0.9072592854499817,
        0.906396210193634,
        0.905866265296936,
        0.9055220484733582,
        0.9053018093109131,
        0.9051421880722046,
        0.9050005078315735,
        0.9048557877540588,
        0.9047054052352905,
        0.9045807719230652,
        0.9045019745826721,
        0.9044519066810608,
        0.9044127464294434,
        0.9043828845024109,
        0.9043629765510559,
        0.904348611831665,
        0.9043388962745667,
        0.904331386089325,
        0.9043258428573608,
        0.9043213725090027,
        0.9043172597885132,
        0.9043132066726685,
        0.9043084979057312,
        0.9043025970458984,
        0.9042964577674866,
        0.9042917490005493,
        0.9042876362800598,
        0.9042839407920837,
        0.9042806625366211,
        0.904277503490448,
        0.9042735695838928,
        0.904266893863678,
        0.904259979724884,
        0.9042553901672363,
        0.9042525887489319,
        0.9042503237724304,
        0.9042482972145081,
        0.9042468667030334,
        0.9042457938194275,
        0.9042448401451111,
        0.9042440056800842,
        0.9042433500289917,
        0.904242753982544,
        0.9042422771453857,
        0.9042418003082275,
        0.9042414426803589,
        0.9042410254478455,
        0.9042405486106873,
        0.9042402505874634,
        0.9042397737503052,
        0.9042394161224365,
        0.9042388200759888,
        0.9042382836341858,
        0.9042372107505798,
        0.9042357802391052,
        0.9042338728904724,
        0.9042313694953918,
        0.9042288661003113,
        0.9042269587516785,
        0.9042255282402039,
        0.9042245745658875,
        0.9042237997055054,
        0.9042231440544128,
        0.9042224884033203,
        0.9042218923568726,
        0.9042212963104248,
        0.9042206406593323,
        0.9042200446128845,
        0.9042195677757263,
        0.9042190313339233,
        0.9042185544967651,
        0.9042180776596069,
        0.9042176604270935,
        0.9042173624038696,
        0.9042171239852905,
        0.9042168259620667,
        0.9042166471481323,
        0.9042164087295532,
        0.9042163491249084,
        0.9042161703109741,
        0.9042160511016846,
        0.904215931892395,
        0.9042158722877502,
        0.9042158722877502
    ],
    "l1_regularization": 0.0,
    "l2_regularization": 0.0,
    "random_state": 641319,
    "c1_unique_zones": 1,
    "c2_unique_od_pairs": 0,
    "c1_c2_approach": "percentage",
    "c1_c2_percentage": 0.2
}