{
    "normalized_frobenius_error": 0.8652641177177429,
    "masked_rmse": 0.22567424178123474,
    "mean_nonzero_value": 1.345635175704956,
    "relative_rmse": 0.16770833730697632,
    "explained_variance": 0.2513180375099182,
    "computation_time": 0.9046456813812256,
    "all_factors_non_negative": true,
    "factor_sparsity": [
        "17.78%",
        "14.22%",
        "9.17%"
    ],
    "device": "mps",
    "best_initialization": "random",
    "errors_history": [
        0.9400665760040283,
        0.9143519401550293,
        0.8952960968017578,
        0.884049117565155,
        0.8778221607208252,
        0.8735833168029785,
        0.8706446886062622,
        0.8687271475791931,
        0.8675492405891418,
        0.8668575286865234,
        0.8664323687553406,
        0.8661494851112366,
        0.865951657295227,
        0.8658109307289124,
        0.8657075762748718,
        0.8656286597251892,
        0.8655669689178467,
        0.8655180335044861,
        0.8654788732528687,
        0.865447461605072,
        0.8654220104217529,
        0.8654012084007263,
        0.8653839826583862,
        0.8653696179389954,
        0.8653573989868164,
        0.8653470277786255,
        0.8653380870819092,
        0.8653303980827332,
        0.8653237819671631,
        0.8653178215026855,
        0.8653127551078796,
        0.8653082847595215,
        0.8653044104576111,
        0.8653008937835693,
        0.865297794342041,
        0.8652951121330261,
        0.8652927279472351,
        0.8652904629707336,
        0.865288496017456,
        0.8652868866920471,
        0.8652852177619934,
        0.865283727645874,
        0.865282416343689,
        0.8652812242507935,
        0.8652800917625427,
        0.8652790188789368,
        0.8652781844139099,
        0.8652772903442383,
        0.8652764558792114,
        0.8652758002281189,
        0.8652750849723816,
        0.8652744889259338,
        0.8652738332748413,
        0.8652732372283936,
        0.8652727603912354,
        0.8652722239494324,
        0.865271806716919,
        0.865271270275116,
        0.8652708530426025,
        0.8652704954147339,
        0.8652701377868652,
        0.8652697205543518,
        0.8652694225311279,
        0.865269124507904,
        0.865268886089325,
        0.8652685284614563,
        0.8652682900428772,
        0.8652680516242981,
        0.8652677536010742,
        0.8652675747871399,
        0.865267276763916,
        0.8652670979499817,
        0.8652669191360474,
        0.8652666807174683,
        0.8652664422988892,
        0.8652662038803101,
        0.8652660846710205,
        0.8652659058570862,
        0.8652657866477966,
        0.8652655482292175,
        0.8652654886245728,
        0.8652653694152832,
        0.8652652502059937,
        0.8652650117874146,
        0.865264892578125,
        0.8652647733688354,
        0.8652646541595459,
        0.8652645945549011,
        0.8652644157409668,
        0.8652642965316772,
        0.8652641773223877,
        0.8652641773223877
    ],
    "l1_regularization": 0.0,
    "l2_regularization": 0.0,
    "random_state": 854437,
    "c1_unique_zones": 3,
    "c2_unique_od_pairs": 0,
    "c1_c2_approach": "percentage",
    "c1_c2_percentage": 0.2
}