{
    "normalized_frobenius_error": 0.8564385175704956,
    "masked_rmse": 0.22337237000465393,
    "mean_nonzero_value": 1.345635175704956,
    "relative_rmse": 0.165997713804245,
    "explained_variance": 0.2665131092071533,
    "computation_time": 0.7050890922546387,
    "all_factors_non_negative": true,
    "factor_sparsity": [
        "20.00%",
        "19.56%",
        "11.67%"
    ],
    "device": "mps",
    "best_initialization": "random",
    "errors_history": [
        0.9423725008964539,
        0.924744188785553,
        0.9018200039863586,
        0.8858799338340759,
        0.876976728439331,
        0.8710087537765503,
        0.8659144639968872,
        0.8619059920310974,
        0.8595256805419922,
        0.8583132028579712,
        0.857689380645752,
        0.8573367595672607,
        0.85712069272995,
        0.8569762706756592,
        0.856864869594574,
        0.8567625880241394,
        0.8566721677780151,
        0.856611967086792,
        0.8565733432769775,
        0.8565465807914734,
        0.8565269112586975,
        0.8565123081207275,
        0.8565009832382202,
        0.8564921617507935,
        0.85648512840271,
        0.8564793467521667,
        0.8564746975898743,
        0.8564709424972534,
        0.8564676642417908,
        0.8564651012420654,
        0.856462836265564,
        0.8564609289169312,
        0.8564593195915222,
        0.8564578890800476,
        0.8564566969871521,
        0.8564556241035461,
        0.8564546704292297,
        0.8564538955688477,
        0.8564531803131104,
        0.8564524054527283,
        0.8564518690109253,
        0.8564513325691223,
        0.8564509153366089,
        0.8564505577087402,
        0.8564501404762268,
        0.8564498424530029,
        0.8564494252204895,
        0.8564493060112,
        0.8564490675926208,
        0.8564488291740417,
        0.8564485907554626,
        0.8564482927322388,
        0.8564481735229492,
        0.8564479947090149,
        0.8564478158950806,
        0.856447696685791,
        0.8564474582672119,
        0.8564473390579224,
        0.8564472198486328,
        0.8564470410346985,
        0.8564469218254089,
        0.8564467430114746,
        0.8564465641975403,
        0.8564464449882507,
        0.8564462661743164,
        0.8564461469650269,
        0.8564459085464478,
        0.8564457893371582,
        0.8564456105232239,
        0.8564454317092896,
        0.8564452528953552,
        0.8564450144767761,
        0.8564447164535522,
        0.8564445972442627,
        0.8564444184303284,
        0.8564440011978149,
        0.8564438223838806,
        0.8564435243606567,
        0.8564432859420776,
        0.856442928314209,
        0.8564426898956299,
        0.856442391872406,
        0.8564420938491821,
        0.8564417958259583,
        0.8564414978027344,
        0.8564413189888,
        0.8564409613609314,
        0.8564406633377075,
        0.8564404845237732,
        0.8564401865005493,
        0.8564399480819702,
        0.8564398288726807,
        0.8564395904541016,
        0.8564394116401672,
        0.8564392328262329,
        0.8564391136169434,
        0.8564389944076538,
        0.8564388155937195,
        0.8564387559890747,
        0.8564386963844299,
        0.8564386367797852,
        0.8564385175704956,
        0.8564385175704956
    ],
    "l1_regularization": 0.0,
    "l2_regularization": 0.0,
    "random_state": 777175,
    "c1_unique_zones": 2,
    "c2_unique_od_pairs": 0,
    "c1_c2_approach": "percentage",
    "c1_c2_percentage": 0.2
}