{
    "normalized_frobenius_error": 0.9453040361404419,
    "masked_rmse": 0.12402219325304031,
    "mean_nonzero_value": 1.3623639345169067,
    "relative_rmse": 0.09103455394506454,
    "explained_variance": 0.10640031099319458,
    "computation_time": 0.483090877532959,
    "all_factors_non_negative": true,
    "factor_sparsity": [
        "24.19%",
        "21.51%",
        "9.72%"
    ],
    "device": "mps",
    "best_initialization": "random",
    "errors_history": [
        0.9768211245536804,
        0.9655335545539856,
        0.9576853513717651,
        0.9542286396026611,
        0.952685534954071,
        0.9517852067947388,
        0.9510635733604431,
        0.9503580331802368,
        0.9496178030967712,
        0.9488634467124939,
        0.948157548904419,
        0.9475530385971069,
        0.9470841884613037,
        0.9467474222183228,
        0.9465019702911377,
        0.9463130831718445,
        0.9461508393287659,
        0.9459949731826782,
        0.9458748698234558,
        0.9457800984382629,
        0.9457019567489624,
        0.9456357359886169,
        0.945583164691925,
        0.9455403089523315,
        0.9455033540725708,
        0.94547039270401,
        0.9454427361488342,
        0.945421576499939,
        0.945404052734375,
        0.9453880786895752,
        0.9453722834587097,
        0.945358395576477,
        0.9453485608100891,
        0.9453420639038086,
        0.9453375339508057,
        0.945334255695343,
        0.9453315734863281,
        0.9453296065330505,
        0.9453279376029968,
        0.9453265070915222,
        0.9453253746032715,
        0.9453245401382446,
        0.9453238248825073,
        0.9453232884407043,
        0.9453228712081909,
        0.9453223943710327,
        0.9453222155570984,
        0.9453219175338745,
        0.9453216195106506,
        0.9453213810920715,
        0.9453210830688477,
        0.9453207850456238,
        0.9453206062316895,
        0.9453203082084656,
        0.9453200101852417,
        0.945319652557373,
        0.9453190565109253,
        0.9453184604644775,
        0.9453179240226746,
        0.9453173279762268,
        0.9453166723251343,
        0.9453160166740417,
        0.9453151226043701,
        0.9453141689300537,
        0.9453132152557373,
        0.9453122615814209,
        0.945311427116394,
        0.9453104734420776,
        0.945309579372406,
        0.9453088045120239,
        0.9453080296516418,
        0.9453074932098389,
        0.9453068971633911,
        0.9453065395355225,
        0.945306122303009,
        0.9453057646751404,
        0.945305585861206,
        0.9453052878379822,
        0.9453051090240479,
        0.9453048706054688,
        0.945304811000824,
        0.9453046321868896,
        0.9453045129776001,
        0.9453043937683105,
        0.9453043341636658,
        0.9453042149543762,
        0.9453041553497314,
        0.9453040361404419,
        0.9453040361404419
    ],
    "l1_regularization": 0.0,
    "l2_regularization": 0.0,
    "random_state": 164859,
    "c1_unique_zones": 2,
    "c2_unique_od_pairs": 0,
    "c1_c2_approach": "percentage",
    "c1_c2_percentage": 0.2
}