{
    "normalized_frobenius_error": 0.932255208492279,
    "masked_rmse": 0.12231020629405975,
    "mean_nonzero_value": 1.3623639345169067,
    "relative_rmse": 0.08977792412042618,
    "explained_variance": 0.1309003233909607,
    "computation_time": 0.5080780982971191,
    "all_factors_non_negative": true,
    "factor_sparsity": [
        "33.47%",
        "29.84%",
        "16.67%"
    ],
    "device": "mps",
    "best_initialization": "random",
    "errors_history": [
        0.9723391532897949,
        0.958119809627533,
        0.951041042804718,
        0.9462258815765381,
        0.9427105188369751,
        0.9404318928718567,
        0.9392243027687073,
        0.9386293888092041,
        0.9382806420326233,
        0.9380467534065247,
        0.9378840327262878,
        0.9377673268318176,
        0.9376785755157471,
        0.9376080632209778,
        0.9375510215759277,
        0.9375033974647522,
        0.937462568283081,
        0.937425971031189,
        0.9373921155929565,
        0.937359094619751,
        0.9373251795768738,
        0.9372887015342712,
        0.9372477531433105,
        0.9372002482414246,
        0.9371443390846252,
        0.937076985836029,
        0.9369941353797913,
        0.9368906021118164,
        0.9367585778236389,
        0.9365879893302917,
        0.9363692402839661,
        0.9360933899879456,
        0.9357574582099915,
        0.9353775978088379,
        0.934991717338562,
        0.9346350431442261,
        0.9342948198318481,
        0.9338895082473755,
        0.9335300922393799,
        0.9332786798477173,
        0.9331147074699402,
        0.9330189228057861,
        0.9329615831375122,
        0.9329088926315308,
        0.9327384233474731,
        0.9326664209365845,
        0.932643711566925,
        0.9326322674751282,
        0.9326234459877014,
        0.9326141476631165,
        0.9325991272926331,
        0.9325861930847168,
        0.9325761795043945,
        0.9325594902038574,
        0.9325447678565979,
        0.9324738383293152,
        0.932425856590271,
        0.9324124455451965,
        0.932402491569519,
        0.9323713779449463,
        0.9323040843009949,
        0.9322882890701294,
        0.9322843551635742,
        0.9322820901870728,
        0.9322804808616638,
        0.9322789311408997,
        0.9322776794433594,
        0.9322765469551086,
        0.9322753548622131,
        0.9322742223739624,
        0.9322730898857117,
        0.9322717189788818,
        0.9322705268859863,
        0.9322694540023804,
        0.9322687983512878,
        0.9322680830955505,
        0.932267427444458,
        0.9322667717933655,
        0.9322658777236938,
        0.9322645664215088,
        0.9322622418403625,
        0.9322598576545715,
        0.9322588443756104,
        0.9322584271430969,
        0.932258129119873,
        0.932257890701294,
        0.9322575926780701,
        0.9322574138641357,
        0.9322571158409119,
        0.9322569370269775,
        0.932256817817688,
        0.9322566390037537,
        0.9322564005851746,
        0.9322563409805298,
        0.9322561621665955,
        0.9322559237480164,
        0.932255744934082,
        0.9322556853294373,
        0.9322554469108582,
        0.9322553873062134,
        0.9322552680969238,
        0.932255208492279,
        0.932255208492279
    ],
    "l1_regularization": 0.0,
    "l2_regularization": 0.0,
    "random_state": 854261,
    "c1_unique_zones": 2,
    "c2_unique_od_pairs": 0,
    "c1_c2_approach": "percentage",
    "c1_c2_percentage": 0.2
}