{
    "normalized_frobenius_error": 0.8564547300338745,
    "masked_rmse": 0.22337660193443298,
    "mean_nonzero_value": 1.345635175704956,
    "relative_rmse": 0.1660008579492569,
    "explained_variance": 0.266485333442688,
    "computation_time": 1.1780438423156738,
    "all_factors_non_negative": true,
    "factor_sparsity": [
        "27.11%",
        "23.56%",
        "12.50%"
    ],
    "device": "mps",
    "best_initialization": "random",
    "errors_history": [
        0.9435717463493347,
        0.9336040616035461,
        0.9206857085227966,
        0.9064773917198181,
        0.8960543274879456,
        0.8902596235275269,
        0.8867573738098145,
        0.8841316103935242,
        0.8820361495018005,
        0.8803985714912415,
        0.8791168332099915,
        0.8780628442764282,
        0.8771334290504456,
        0.8762652277946472,
        0.8754011988639832,
        0.8744852542877197,
        0.8735015392303467,
        0.8725060224533081,
        0.8715968728065491,
        0.8708418011665344,
        0.8702514171600342,
        0.8698063492774963,
        0.8694766163825989,
        0.8692286014556885,
        0.8690351843833923,
        0.8688789010047913,
        0.868750274181366,
        0.8686419129371643,
        0.8685453534126282,
        0.8684518337249756,
        0.8683539032936096,
        0.8682457804679871,
        0.8681238293647766,
        0.8679854273796082,
        0.8678238987922668,
        0.8676281571388245,
        0.8673866391181946,
        0.8670869469642639,
        0.8667125105857849,
        0.8662388324737549,
        0.8656297922134399,
        0.8648377060890198,
        0.863816499710083,
        0.8625662922859192,
        0.861196756362915,
        0.8599187135696411,
        0.858899712562561,
        0.8581598401069641,
        0.8576553463935852,
        0.8573418855667114,
        0.8571550846099854,
        0.8570542931556702,
        0.8569990396499634,
        0.8569669723510742,
        0.8569474220275879,
        0.8569347262382507,
        0.8569258451461792,
        0.8569190502166748,
        0.85691237449646,
        0.8569035530090332,
        0.85688716173172,
        0.8568512201309204,
        0.8567912578582764,
        0.8567148447036743,
        0.8566488027572632,
        0.8566097021102905,
        0.8565901517868042,
        0.8565775752067566,
        0.8565651178359985,
        0.8565506935119629,
        0.8565356135368347,
        0.8565221428871155,
        0.8565124273300171,
        0.8565033078193665,
        0.8564924001693726,
        0.8564885854721069,
        0.8564872741699219,
        0.8564864993095398,
        0.856485903263092,
        0.8564855456352234,
        0.8564851880073547,
        0.8564847707748413,
        0.8564844131469727,
        0.8564839959144592,
        0.8564833998680115,
        0.8564823865890503,
        0.8564810156822205,
        0.8564789891242981,
        0.856476902961731,
        0.856475293636322,
        0.8564743399620056,
        0.8564733266830444,
        0.8564725518226624,
        0.856471836566925,
        0.8564711213111877,
        0.8564704656600952,
        0.8564698696136475,
        0.8564693927764893,
        0.8564690351486206,
        0.8564687371253967,
        0.8564685583114624,
        0.8564682602882385,
        0.856468141078949,
        0.8564680218696594,
        0.8564678430557251,
        0.8564676642417908,
        0.8564674854278564,
        0.8564673662185669,
        0.8564671277999878,
        0.8564670085906982,
        0.8564668297767639,
        0.8564665913581848,
        0.8564664125442505,
        0.8564662337303162,
        0.8564661741256714,
        0.8564659357070923,
        0.8564656972885132,
        0.8564655184745789,
        0.856465220451355,
        0.8564650416374207,
        0.8564648032188416,
        0.8564646244049072,
        0.8564643859863281,
        0.8564642071723938,
        0.8564639687538147,
        0.8564637899398804,
        0.8564635515213013,
        0.8564632534980774,
        0.8564631342887878,
        0.856462836265564,
        0.8564626574516296,
        0.8564623594284058,
        0.8564621210098267,
        0.8564618229866028,
        0.8564615249633789,
        0.856461226940155,
        0.8564609885215759,
        0.8564606308937073,
        0.8564602732658386,
        0.8564597964286804,
        0.856459379196167,
        0.856458842754364,
        0.8564585447311401,
        0.8564580678939819,
        0.8564575910568237,
        0.8564571142196655,
        0.8564568161964417,
        0.856456458568573,
        0.8564561009407043,
        0.8564558029174805,
        0.8564556241035461,
        0.856455385684967,
        0.8564552068710327,
        0.8564551472663879,
        0.8564549684524536,
        0.8564548492431641,
        0.8564547300338745,
        0.8564547300338745
    ],
    "l1_regularization": 0.0,
    "l2_regularization": 0.0,
    "random_state": 620863,
    "c1_unique_zones": 2,
    "c2_unique_od_pairs": 0,
    "c1_c2_approach": "percentage",
    "c1_c2_percentage": 0.2
}