{
    "normalized_frobenius_error": 0.8826749920845032,
    "masked_rmse": 0.11994610726833344,
    "mean_nonzero_value": 1.1494661569595337,
    "relative_rmse": 0.10434940457344055,
    "explained_variance": 0.22088485956192017,
    "computation_time": 0.5347719192504883,
    "all_factors_non_negative": true,
    "factor_sparsity": [
        "20.45%",
        "20.45%",
        "17.50%"
    ],
    "device": "mps",
    "best_initialization": "random",
    "errors_history": [
        0.955072820186615,
        0.9370313882827759,
        0.9272243976593018,
        0.9211147427558899,
        0.9160184264183044,
        0.9115698933601379,
        0.9083046913146973,
        0.9060591459274292,
        0.9043698906898499,
        0.9028001427650452,
        0.9006547927856445,
        0.8966031670570374,
        0.8910138010978699,
        0.8875925540924072,
        0.8861680626869202,
        0.8854693174362183,
        0.8850239515304565,
        0.8846559524536133,
        0.8843257427215576,
        0.8840241432189941,
        0.8837680220603943,
        0.8835827112197876,
        0.8834224939346313,
        0.8832685351371765,
        0.8831598162651062,
        0.8830952048301697,
        0.8830525279045105,
        0.8830205202102661,
        0.8829932808876038,
        0.8829683065414429,
        0.8829445838928223,
        0.8829218149185181,
        0.8829009532928467,
        0.8828826546669006,
        0.8828669786453247,
        0.8828530311584473,
        0.8828395009040833,
        0.8828249573707581,
        0.8828099370002747,
        0.8827952742576599,
        0.8827747702598572,
        0.8827489018440247,
        0.8827393054962158,
        0.8827347159385681,
        0.8827312588691711,
        0.8827286958694458,
        0.8827266097068787,
        0.8827248811721802,
        0.8827234506607056,
        0.8827220797538757,
        0.8827207684516907,
        0.8827195763587952,
        0.8827183842658997,
        0.8827170729637146,
        0.8827157616615295,
        0.8827141523361206,
        0.88271164894104,
        0.8827064633369446,
        0.8826953172683716,
        0.8826836347579956,
        0.8826790452003479,
        0.8826776742935181,
        0.8826770782470703,
        0.8826766014099121,
        0.882676362991333,
        0.8826760053634644,
        0.88267582654953,
        0.8826756477355957,
        0.8826754689216614,
        0.882675290107727,
        0.8826751708984375,
        0.8826749920845032,
        0.8826749920845032
    ],
    "l1_regularization": 0.0,
    "l2_regularization": 0.0,
    "random_state": 634636,
    "c1_unique_zones": 1,
    "c2_unique_od_pairs": 0,
    "c1_c2_approach": "percentage",
    "c1_c2_percentage": 0.2
}