{
    "normalized_frobenius_error": 0.8564627766609192,
    "masked_rmse": 0.22337870299816132,
    "mean_nonzero_value": 1.345635175704956,
    "relative_rmse": 0.16600242257118225,
    "explained_variance": 0.2664715647697449,
    "computation_time": 1.0553998947143555,
    "all_factors_non_negative": true,
    "factor_sparsity": [
        "23.56%",
        "21.33%",
        "12.50%"
    ],
    "device": "mps",
    "best_initialization": "random",
    "errors_history": [
        0.9437724351882935,
        0.928299069404602,
        0.9057005047798157,
        0.888618528842926,
        0.8790850043296814,
        0.873753011226654,
        0.8704424500465393,
        0.8681772351264954,
        0.8665077686309814,
        0.8652092218399048,
        0.8641935586929321,
        0.8634374141693115,
        0.8628959655761719,
        0.8625126481056213,
        0.8622423410415649,
        0.8620476126670837,
        0.861897885799408,
        0.8617681860923767,
        0.8616384267807007,
        0.8615162372589111,
        0.8613966703414917,
        0.8612704277038574,
        0.8611189126968384,
        0.8609228134155273,
        0.8606857061386108,
        0.8604285717010498,
        0.8601600527763367,
        0.8598774671554565,
        0.8595761060714722,
        0.8592483997344971,
        0.8588868975639343,
        0.8585092425346375,
        0.8581603169441223,
        0.8578692078590393,
        0.857642412185669,
        0.8574731349945068,
        0.8573481440544128,
        0.8572531938552856,
        0.8571748733520508,
        0.8570968508720398,
        0.8570148944854736,
        0.856951892375946,
        0.8569014668464661,
        0.8568636775016785,
        0.856833815574646,
        0.8568050861358643,
        0.8567725419998169,
        0.8567357659339905,
        0.8567016124725342,
        0.8566767573356628,
        0.8566612005233765,
        0.8566517233848572,
        0.8566451668739319,
        0.856639564037323,
        0.8566340208053589,
        0.8566274046897888,
        0.8566181659698486,
        0.8566069006919861,
        0.8565930128097534,
        0.8565781712532043,
        0.8565656542778015,
        0.8565560579299927,
        0.8565486669540405,
        0.8565428256988525,
        0.856537938117981,
        0.856533408164978,
        0.8565289974212646,
        0.8565252423286438,
        0.8565225005149841,
        0.8565202355384827,
        0.8565181493759155,
        0.8565161228179932,
        0.8565137386322021,
        0.8565111756324768,
        0.8565083146095276,
        0.8565051555633545,
        0.8565016388893127,
        0.8564980030059814,
        0.8564943075180054,
        0.8564907908439636,
        0.8564874529838562,
        0.8564847111701965,
        0.8564823865890503,
        0.8564805388450623,
        0.8564792275428772,
        0.8564781546592712,
        0.8564773797988892,
        0.8564767241477966,
        0.8564761877059937,
        0.8564755916595459,
        0.8564749360084534,
        0.8564739227294922,
        0.8564726114273071,
        0.856471061706543,
        0.856469452381134,
        0.8564682006835938,
        0.8564673066139221,
        0.8564668893814087,
        0.85646653175354,
        0.8564662933349609,
        0.8564661741256714,
        0.8564659953117371,
        0.8564659357070923,
        0.8564656972885132,
        0.8564655184745789,
        0.8564653992652893,
        0.8564651608467102,
        0.8564649224281311,
        0.8564648032188416,
        0.8564645648002625,
        0.8564644455909729,
        0.8564642071723938,
        0.8564640879631042,
        0.8564640283584595,
        0.8564638495445251,
        0.8564637899398804,
        0.8564634919166565,
        0.8564633727073669,
        0.8564632534980774,
        0.8564631938934326,
        0.8564630150794983,
        0.8564628958702087,
        0.856462836265564,
        0.8564627766609192,
        0.8564627766609192
    ],
    "l1_regularization": 0.0,
    "l2_regularization": 0.0,
    "random_state": 847878,
    "c1_unique_zones": 2,
    "c2_unique_od_pairs": 0,
    "c1_c2_approach": "percentage",
    "c1_c2_percentage": 0.2
}