{
    "normalized_frobenius_error": 0.8826730847358704,
    "masked_rmse": 0.11994585394859314,
    "mean_nonzero_value": 1.1494661569595337,
    "relative_rmse": 0.10434918105602264,
    "explained_variance": 0.22088831663131714,
    "computation_time": 0.6930942535400391,
    "all_factors_non_negative": true,
    "factor_sparsity": [
        "27.73%",
        "23.18%",
        "18.33%"
    ],
    "device": "mps",
    "best_initialization": "random",
    "errors_history": [
        0.9540403485298157,
        0.9308667778968811,
        0.919288694858551,
        0.9095213413238525,
        0.9008023738861084,
        0.895036518573761,
        0.8916391134262085,
        0.8893824815750122,
        0.8876193761825562,
        0.886241614818573,
        0.8852316737174988,
        0.8845091462135315,
        0.8839907050132751,
        0.883621335029602,
        0.8833478093147278,
        0.8831721544265747,
        0.8830576539039612,
        0.8829810619354248,
        0.8829287886619568,
        0.8828878998756409,
        0.8828506469726562,
        0.882816731929779,
        0.8827897906303406,
        0.8827695846557617,
        0.8827546834945679,
        0.8827438950538635,
        0.8827357292175293,
        0.8827295303344727,
        0.8827246427536011,
        0.8827208876609802,
        0.8827178478240967,
        0.8827153444290161,
        0.8827133178710938,
        0.8827115893363953,
        0.8827100396156311,
        0.8827085494995117,
        0.882706880569458,
        0.8827051520347595,
        0.882703959941864,
        0.8827031254768372,
        0.8827024698257446,
        0.8827018141746521,
        0.8827012777328491,
        0.8827008008956909,
        0.8827003836631775,
        0.8827000856399536,
        0.882699728012085,
        0.8826994299888611,
        0.8826991319656372,
        0.8826988935470581,
        0.882698655128479,
        0.8826983571052551,
        0.8826980590820312,
        0.882697582244873,
        0.8826971650123596,
        0.8826967477798462,
        0.8826962113380432,
        0.8826956152915955,
        0.8826950192451477,
        0.8826945424079895,
        0.8826939463615417,
        0.8826935887336731,
        0.8826932907104492,
        0.8826930522918701,
        0.8826926946640015,
        0.8826925158500671,
        0.8826923370361328,
        0.8826919794082642,
        0.882691502571106,
        0.8826907873153687,
        0.8826896548271179,
        0.8826878666877747,
        0.8826857805252075,
        0.8826838731765747,
        0.8826825022697449,
        0.882681667804718,
        0.882681131362915,
        0.8826806545257568,
        0.8826801180839539,
        0.8826794028282166,
        0.8826786875724792,
        0.8826777338981628,
        0.882676899433136,
        0.8826760053634644,
        0.8826753497123718,
        0.8826748728752136,
        0.882674515247345,
        0.8826742768287659,
        0.8826740980148315,
        0.8826737999916077,
        0.8826737403869629,
        0.8826736211776733,
        0.8826735615730286,
        0.8826735019683838,
        0.882673442363739,
        0.8826733231544495,
        0.8826732039451599,
        0.8826730847358704,
        0.8826730847358704
    ],
    "l1_regularization": 0.0,
    "l2_regularization": 0.0,
    "random_state": 809683,
    "c1_unique_zones": 1,
    "c2_unique_od_pairs": 0,
    "c1_c2_approach": "percentage",
    "c1_c2_percentage": 0.2
}