{
    "normalized_frobenius_error": 0.8564404845237732,
    "masked_rmse": 0.22337289154529572,
    "mean_nonzero_value": 1.345635175704956,
    "relative_rmse": 0.16599810123443604,
    "explained_variance": 0.2665097117424011,
    "computation_time": 0.7581019401550293,
    "all_factors_non_negative": true,
    "factor_sparsity": [
        "19.11%",
        "13.78%",
        "10.83%"
    ],
    "device": "mps",
    "best_initialization": "random",
    "errors_history": [
        0.941332221031189,
        0.9251726269721985,
        0.905002772808075,
        0.8900095820426941,
        0.8814179301261902,
        0.8763614296913147,
        0.8731076717376709,
        0.8708310127258301,
        0.8691803812980652,
        0.8679389357566833,
        0.8668987154960632,
        0.8658754825592041,
        0.8647215366363525,
        0.863341748714447,
        0.8617709875106812,
        0.8602344393730164,
        0.8589919805526733,
        0.858128547668457,
        0.8575700521469116,
        0.8572061657905579,
        0.8569592237472534,
        0.8567944765090942,
        0.8566875457763672,
        0.8566192984580994,
        0.856573760509491,
        0.8565398454666138,
        0.8565203547477722,
        0.8565080165863037,
        0.856498658657074,
        0.856490969657898,
        0.8564846515655518,
        0.8564798831939697,
        0.8564761877059937,
        0.8564732074737549,
        0.8564704060554504,
        0.8564679622650146,
        0.8564655780792236,
        0.8564633727073669,
        0.8564611673355103,
        0.8564592003822327,
        0.8564573526382446,
        0.8564556241035461,
        0.856454074382782,
        0.8564527630805969,
        0.8564516305923462,
        0.8564506769180298,
        0.8564499020576477,
        0.8564491868019104,
        0.8564485907554626,
        0.8564479947090149,
        0.8564474582672119,
        0.8564471006393433,
        0.8564465641975403,
        0.8564462661743164,
        0.8564459681510925,
        0.8564455509185791,
        0.8564451932907104,
        0.8564450144767761,
        0.8564446568489075,
        0.856444239616394,
        0.8564440011978149,
        0.8564438223838806,
        0.8564435243606567,
        0.8564432859420776,
        0.8564430475234985,
        0.8564428091049194,
        0.8564426898956299,
        0.856442391872406,
        0.8564422130584717,
        0.8564420938491821,
        0.8564417958259583,
        0.8564416170120239,
        0.8564414978027344,
        0.8564413189888,
        0.8564411401748657,
        0.8564410209655762,
        0.8564409613609314,
        0.8564407229423523,
        0.8564404845237732,
        0.8564404845237732
    ],
    "l1_regularization": 0.0,
    "l2_regularization": 0.0,
    "random_state": 224404,
    "c1_unique_zones": 2,
    "c2_unique_od_pairs": 0,
    "c1_c2_approach": "percentage",
    "c1_c2_percentage": 0.2
}