{
    "normalized_frobenius_error": 0.8564385175704956,
    "masked_rmse": 0.22337238490581512,
    "mean_nonzero_value": 1.345635175704956,
    "relative_rmse": 0.1659977287054062,
    "explained_variance": 0.2665131092071533,
    "computation_time": 0.7037780284881592,
    "all_factors_non_negative": true,
    "factor_sparsity": [
        "20.00%",
        "18.67%",
        "11.67%"
    ],
    "device": "mps",
    "best_initialization": "random",
    "errors_history": [
        0.943091094493866,
        0.9288126230239868,
        0.9095309972763062,
        0.8957884311676025,
        0.8876186013221741,
        0.8821079134941101,
        0.8777698278427124,
        0.8740589022636414,
        0.8707315921783447,
        0.8678531646728516,
        0.8655036091804504,
        0.8636641502380371,
        0.8622397780418396,
        0.8610968589782715,
        0.8601387143135071,
        0.8593388199806213,
        0.8587091565132141,
        0.8582445383071899,
        0.8579033613204956,
        0.8576407432556152,
        0.8574284911155701,
        0.8572526574134827,
        0.8571017384529114,
        0.8569744825363159,
        0.8568724393844604,
        0.8567870855331421,
        0.856721043586731,
        0.8566697835922241,
        0.8566296100616455,
        0.8565982580184937,
        0.8565736413002014,
        0.8565541505813599,
        0.8565384149551392,
        0.8565257787704468,
        0.8565152883529663,
        0.8565066456794739,
        0.8564993143081665,
        0.8564930558204651,
        0.8564875721931458,
        0.8564831018447876,
        0.8564791083335876,
        0.8564757108688354,
        0.856472909450531,
        0.8564704656600952,
        0.8564685583114624,
        0.8564668297767639,
        0.8564651608467102,
        0.8564634919166565,
        0.8564618229866028,
        0.8564609289169312,
        0.8564600348472595,
        0.8564592599868774,
        0.8564585447311401,
        0.8564579486846924,
        0.8564572930335999,
        0.8564568161964417,
        0.8564562201499939,
        0.8564556837081909,
        0.8564552068710327,
        0.8564547896385193,
        0.8564543724060059,
        0.8564538955688477,
        0.8564534187316895,
        0.8564528822898865,
        0.856452465057373,
        0.8564519882202148,
        0.8564514517784119,
        0.8564509153366089,
        0.8564504384994507,
        0.8564498424530029,
        0.8564493656158447,
        0.8564487099647522,
        0.8564481735229492,
        0.8564475774765015,
        0.8564470410346985,
        0.8564464449882507,
        0.856445848941803,
        0.8564453721046448,
        0.856444776058197,
        0.856444239616394,
        0.8564437031745911,
        0.8564432859420776,
        0.8564427495002747,
        0.8564422726631165,
        0.8564419150352478,
        0.8564414978027344,
        0.8564411401748657,
        0.8564407229423523,
        0.8564404845237732,
        0.8564401865005493,
        0.8564399480819702,
        0.8564397096633911,
        0.8564395308494568,
        0.8564393520355225,
        0.8564392328262329,
        0.8564391136169434,
        0.856438934803009,
        0.8564388155937195,
        0.8564387559890747,
        0.8564386963844299,
        0.8564386367797852,
        0.8564385175704956,
        0.8564385175704956
    ],
    "l1_regularization": 0.0,
    "l2_regularization": 0.0,
    "random_state": 637601,
    "c1_unique_zones": 2,
    "c2_unique_od_pairs": 0,
    "c1_c2_approach": "percentage",
    "c1_c2_percentage": 0.2
}