{
    "normalized_frobenius_error": 0.8564398884773254,
    "masked_rmse": 0.22337274253368378,
    "mean_nonzero_value": 1.345635175704956,
    "relative_rmse": 0.16599799692630768,
    "explained_variance": 0.2665107846260071,
    "computation_time": 0.5759930610656738,
    "all_factors_non_negative": true,
    "factor_sparsity": [
        "16.89%",
        "16.00%",
        "11.67%"
    ],
    "device": "mps",
    "best_initialization": "random",
    "errors_history": [
        0.9455723166465759,
        0.9368904232978821,
        0.9258987903594971,
        0.9112616777420044,
        0.8985419273376465,
        0.8874538540840149,
        0.8791651129722595,
        0.8746891021728516,
        0.8722315430641174,
        0.870424211025238,
        0.8687004446983337,
        0.8667835593223572,
        0.8645935654640198,
        0.8623619675636292,
        0.8604726791381836,
        0.8591209650039673,
        0.8582417368888855,
        0.8576868772506714,
        0.857330322265625,
        0.8570908904075623,
        0.8569263219833374,
        0.8568093776702881,
        0.856723427772522,
        0.8566610217094421,
        0.8566174507141113,
        0.8565865755081177,
        0.8565638065338135,
        0.8565463423728943,
        0.8565325736999512,
        0.8565212488174438,
        0.8565117120742798,
        0.8565034866333008,
        0.8564960956573486,
        0.8564893007278442,
        0.8564833998680115,
        0.8564788103103638,
        0.8564750552177429,
        0.8564720749855042,
        0.8564692735671997,
        0.8564669489860535,
        0.8564648032188416,
        0.8564628958702087,
        0.8564609885215759,
        0.8564592599868774,
        0.8564574718475342,
        0.8564558029174805,
        0.8564544916152954,
        0.8564533591270447,
        0.8564524054527283,
        0.8564515709877014,
        0.8564507365226746,
        0.8564500212669373,
        0.8564494252204895,
        0.8564487099647522,
        0.8564481139183044,
        0.8564474582672119,
        0.8564467430114746,
        0.8564459681510925,
        0.8564454317092896,
        0.856444776058197,
        0.856444239616394,
        0.8564436435699463,
        0.8564433455467224,
        0.856442928314209,
        0.8564426302909851,
        0.8564422726631165,
        0.8564420342445374,
        0.8564417958259583,
        0.8564416170120239,
        0.8564413189888,
        0.8564412593841553,
        0.856441080570221,
        0.8564409613609314,
        0.8564407229423523,
        0.856440544128418,
        0.8564404249191284,
        0.8564403653144836,
        0.8564401865005493,
        0.8564401268959045,
        0.8564399480819702,
        0.8564399480819702
    ],
    "l1_regularization": 0.0,
    "l2_regularization": 0.0,
    "random_state": 316374,
    "c1_unique_zones": 2,
    "c2_unique_od_pairs": 0,
    "c1_c2_approach": "percentage",
    "c1_c2_percentage": 0.2
}