{
    "normalized_frobenius_error": 0.8857530951499939,
    "masked_rmse": 0.12036438286304474,
    "mean_nonzero_value": 1.1494661569595337,
    "relative_rmse": 0.10471329092979431,
    "explained_variance": 0.2154415249824524,
    "computation_time": 0.755767822265625,
    "all_factors_non_negative": true,
    "factor_sparsity": [
        "27.27%",
        "20.00%",
        "20.00%"
    ],
    "device": "mps",
    "best_initialization": "random",
    "errors_history": [
        0.9475100040435791,
        0.920727014541626,
        0.9050450325012207,
        0.8989092111587524,
        0.895727276802063,
        0.8938393592834473,
        0.8924121856689453,
        0.8911851644515991,
        0.8900972008705139,
        0.8891440629959106,
        0.8883435130119324,
        0.887689471244812,
        0.8871484398841858,
        0.8867208361625671,
        0.8864200711250305,
        0.8862209320068359,
        0.8860911130905151,
        0.8860053420066833,
        0.8859479427337646,
        0.8859090209007263,
        0.8858827352523804,
        0.8858643174171448,
        0.885850727558136,
        0.8858405351638794,
        0.8858324289321899,
        0.8858258724212646,
        0.885820209980011,
        0.8858150839805603,
        0.8858102560043335,
        0.8858053088188171,
        0.8858002424240112,
        0.8857949376106262,
        0.8857898116111755,
        0.8857854604721069,
        0.8857818841934204,
        0.8857792019844055,
        0.8857771158218384,
        0.885775625705719,
        0.8857743740081787,
        0.885773241519928,
        0.8857722282409668,
        0.8857714533805847,
        0.8857706785202026,
        0.8857699632644653,
        0.8857691884040833,
        0.8857683539390564,
        0.8857676386833191,
        0.8857672214508057,
        0.8857667446136475,
        0.8857665061950684,
        0.8857660889625549,
        0.8857658505439758,
        0.8857656717300415,
        0.8857653737068176,
        0.8857651948928833,
        0.885765016078949,
        0.8857647776603699,
        0.8857646584510803,
        0.8857645392417908,
        0.8857643008232117,
        0.8857641220092773,
        0.8857638835906982,
        0.8857635855674744,
        0.8857631087303162,
        0.8857625126838684,
        0.8857618570327759,
        0.885761022567749,
        0.8857603669166565,
        0.8857597708702087,
        0.8857594132423401,
        0.8857591152191162,
        0.8857589960098267,
        0.8857588171958923,
        0.8857587575912476,
        0.8857584595680237,
        0.8857583403587341,
        0.8857582211494446,
        0.885758101940155,
        0.8857579827308655,
        0.8857577443122864,
        0.8857576847076416,
        0.8857573866844177,
        0.885757327079773,
        0.8857570290565491,
        0.8857569098472595,
        0.8857567310333252,
        0.8857564926147461,
        0.8857563138008118,
        0.8857560157775879,
        0.8857556581497192,
        0.8857553601264954,
        0.8857548832893372,
        0.8857545256614685,
        0.8857541084289551,
        0.8857537508010864,
        0.8857534527778625,
        0.8857532739639282,
        0.8857531547546387,
        0.8857530951499939,
        0.8857530951499939
    ],
    "l1_regularization": 0.0,
    "l2_regularization": 0.0,
    "random_state": 687875,
    "c1_unique_zones": 1,
    "c2_unique_od_pairs": 0,
    "c1_c2_approach": "percentage",
    "c1_c2_percentage": 0.2
}