{
    "normalized_frobenius_error": 0.9111632704734802,
    "masked_rmse": 0.11954298615455627,
    "mean_nonzero_value": 1.3623639345169067,
    "relative_rmse": 0.08774673193693161,
    "explained_variance": 0.16978150606155396,
    "computation_time": 1.8429429531097412,
    "all_factors_non_negative": true,
    "factor_sparsity": [
        "41.13%",
        "43.28%",
        "24.31%"
    ],
    "device": "mps",
    "best_initialization": "random",
    "errors_history": [
        0.9728870391845703,
        0.9555200338363647,
        0.9413832426071167,
        0.9328605532646179,
        0.9264517426490784,
        0.9213951230049133,
        0.9185665249824524,
        0.9170947670936584,
        0.9155722260475159,
        0.9135865569114685,
        0.9123473763465881,
        0.9118982553482056,
        0.9117047786712646,
        0.9115999341011047,
        0.9115357995033264,
        0.9114908576011658,
        0.9114561676979065,
        0.9114291667938232,
        0.9114089012145996,
        0.9113937616348267,
        0.9113819003105164,
        0.9113722443580627,
        0.9113640785217285,
        0.9113572239875793,
        0.9113513827323914,
        0.9113463759422302,
        0.9113421440124512,
        0.9113386273384094,
        0.9113354682922363,
        0.9113326668739319,
        0.9113302230834961,
        0.9113280177116394,
        0.9113261103630066,
        0.9113242626190186,
        0.9113226532936096,
        0.9113211035728455,
        0.9113196730613708,
        0.9113184213638306,
        0.9113171100616455,
        0.91131591796875,
        0.9113147854804993,
        0.9113137125968933,
        0.9113125801086426,
        0.9113115072250366,
        0.9113104939460754,
        0.911309540271759,
        0.9113085865974426,
        0.9113076329231262,
        0.9113067388534546,
        0.9113059043884277,
        0.9113051295280457,
        0.9113043546676636,
        0.911303699016571,
        0.9113030433654785,
        0.9113024473190308,
        0.9113017916679382,
        0.9113011956214905,
        0.9113005995750427,
        0.9113001227378845,
        0.9112995862960815,
        0.9112989902496338,
        0.9112986326217651,
        0.9112980365753174,
        0.9112975597381592,
        0.911297082901001,
        0.9112966060638428,
        0.9112961292266846,
        0.9112956523895264,
        0.9112951755523682,
        0.91129469871521,
        0.9112942218780518,
        0.9112937450408936,
        0.9112932682037354,
        0.9112928509712219,
        0.9112924933433533,
        0.9112920165061951,
        0.9112915396690369,
        0.9112911224365234,
        0.9112906455993652,
        0.911290168762207,
        0.9112896919250488,
        0.9112893342971802,
        0.9112889170646667,
        0.9112883806228638,
        0.9112879633903503,
        0.9112874865531921,
        0.9112869501113892,
        0.911286473274231,
        0.9112858772277832,
        0.911285400390625,
        0.9112847447395325,
        0.9112842679023743,
        0.9112836718559265,
        0.911283016204834,
        0.9112824201583862,
        0.9112818837165833,
        0.911281168460846,
        0.9112805128097534,
        0.9112798571586609,
        0.9112792015075684,
        0.9112784266471863,
        0.9112777709960938,
        0.9112769961357117,
        0.9112762808799744,
        0.9112755656242371,
        0.9112748503684998,
        0.9112740755081177,
        0.9112733602523804,
        0.9112726449966431,
        0.9112719297409058,
        0.9112710356712341,
        0.911270260810852,
        0.9112694263458252,
        0.9112685322761536,
        0.9112676978111267,
        0.9112668037414551,
        0.9112659692764282,
        0.9112650156021118,
        0.9112640619277954,
        0.911263108253479,
        0.911262035369873,
        0.9112609028816223,
        0.911259651184082,
        0.9112585186958313,
        0.9112574458122253,
        0.9112563133239746,
        0.9112551212310791,
        0.9112539291381836,
        0.9112527370452881,
        0.9112514853477478,
        0.9112501740455627,
        0.9112489223480225,
        0.9112476110458374,
        0.9112461805343628,
        0.9112446904182434,
        0.9112432599067688,
        0.9112417697906494,
        0.9112402200698853,
        0.9112386107444763,
        0.9112369418144226,
        0.9112352132797241,
        0.9112336039543152,
        0.9112318754196167,
        0.9112301468849182,
        0.9112285375595093,
        0.9112268090248108,
        0.9112251996994019,
        0.9112235903739929,
        0.9112219214439392,
        0.9112203121185303,
        0.9112187027931213,
        0.9112171530723572,
        0.9112155437469482,
        0.9112138748168945,
        0.9112123847007751,
        0.911210834980011,
        0.9112092852592468,
        0.9112076759338379,
        0.9112062454223633,
        0.9112046957015991,
        0.9112032651901245,
        0.9112018346786499,
        0.9112004041671753,
        0.9111989736557007,
        0.9111976027488708,
        0.9111962914466858,
        0.911194920539856,
        0.9111936688423157,
        0.9111924767494202,
        0.9111912250518799,
        0.9111899733543396,
        0.9111888408660889,
        0.9111876487731934,
        0.9111865162849426,
        0.9111852645874023,
        0.9111839532852173,
        0.9111827611923218,
        0.911181628704071,
        0.9111805558204651,
        0.9111796021461487,
        0.9111787676811218,
        0.9111778140068054,
        0.9111769199371338,
        0.9111762046813965,
        0.9111753106117249,
        0.9111746549606323,
        0.9111738801002502,
        0.9111732244491577,
        0.9111725091934204,
        0.9111718535423279,
        0.9111713171005249,
        0.9111707210540771,
        0.9111701250076294,
        0.9111696481704712,
        0.9111691117286682,
        0.91116863489151,
        0.9111682176589966,
        0.9111677408218384,
        0.9111673831939697,
        0.9111669659614563,
        0.9111666083335876,
        0.9111663103103638,
        0.9111660122871399,
        0.911165714263916,
        0.9111653566360474,
        0.911165177822113,
        0.9111648797988892,
        0.9111647009849548,
        0.9111645221710205,
        0.9111642837524414,
        0.9111641049385071,
        0.9111639261245728,
        0.9111637473106384,
        0.9111636281013489,
        0.9111634492874146,
        0.911163330078125,
        0.9111632704734802,
        0.9111632704734802
    ],
    "l1_regularization": 0.0,
    "l2_regularization": 0.0,
    "random_state": 976888,
    "c1_unique_zones": 2,
    "c2_unique_od_pairs": 0,
    "c1_c2_approach": "percentage",
    "c1_c2_percentage": 0.2
}