{
    "normalized_frobenius_error": 0.874937891960144,
    "masked_rmse": 0.19531303644180298,
    "mean_nonzero_value": 1.5989879369735718,
    "relative_rmse": 0.12214791029691696,
    "explained_variance": 0.2344837188720703,
    "computation_time": 1.0947048664093018,
    "all_factors_non_negative": true,
    "factor_sparsity": [
        "24.88%",
        "33.57%",
        "15.28%"
    ],
    "device": "mps",
    "best_initialization": "random",
    "errors_history": [
        0.9554476141929626,
        0.9319636821746826,
        0.9153605699539185,
        0.9047830700874329,
        0.8965936899185181,
        0.8897494673728943,
        0.8846561908721924,
        0.8812599778175354,
        0.8790164589881897,
        0.8775779008865356,
        0.8767263889312744,
        0.8762344717979431,
        0.8759389519691467,
        0.8757496476173401,
        0.8756190538406372,
        0.875521183013916,
        0.8754439949989319,
        0.8753817677497864,
        0.8753312826156616,
        0.8752906322479248,
        0.8752572536468506,
        0.8752291798591614,
        0.8752049207687378,
        0.8751837015151978,
        0.8751647472381592,
        0.8751479983329773,
        0.8751330375671387,
        0.8751195669174194,
        0.87510746717453,
        0.8750962018966675,
        0.8750858902931213,
        0.875076413154602,
        0.8750678300857544,
        0.8750599026679993,
        0.8750525116920471,
        0.8750457763671875,
        0.8750395178794861,
        0.8750336170196533,
        0.8750282526016235,
        0.8750232458114624,
        0.8750185370445251,
        0.8750143051147461,
        0.8750101923942566,
        0.8750066161155701,
        0.8750032186508179,
        0.8750001788139343,
        0.8749973177909851,
        0.874994695186615,
        0.8749922513961792,
        0.8749900460243225,
        0.8749879598617554,
        0.8749859929084778,
        0.8749842047691345,
        0.874982476234436,
        0.8749808669090271,
        0.8749792575836182,
        0.874977707862854,
        0.8749762177467346,
        0.87497478723526,
        0.8749732971191406,
        0.874971866607666,
        0.8749704360961914,
        0.8749690055847168,
        0.8749678134918213,
        0.8749666810035706,
        0.874965488910675,
        0.8749645948410034,
        0.8749634623527527,
        0.8749624490737915,
        0.8749615550041199,
        0.8749606609344482,
        0.8749597072601318,
        0.8749588131904602,
        0.8749579787254333,
        0.8749572038650513,
        0.8749563694000244,
        0.8749556541442871,
        0.8749549984931946,
        0.8749542832374573,
        0.8749536275863647,
        0.8749529719352722,
        0.8749523162841797,
        0.8749517202377319,
        0.8749512434005737,
        0.8749507069587708,
        0.8749502301216125,
        0.8749496936798096,
        0.8749493360519409,
        0.8749489188194275,
        0.8749483823776245,
        0.8749479651451111,
        0.8749476075172424,
        0.874947190284729,
        0.8749468922615051,
        0.8749463558197021,
        0.8749461770057678,
        0.8749456405639648,
        0.874945342540741,
        0.8749450445175171,
        0.8749446272850037,
        0.8749444484710693,
        0.8749441504478455,
        0.8749438524246216,
        0.8749435544013977,
        0.8749433159828186,
        0.8749430179595947,
        0.8749428391456604,
        0.8749425411224365,
        0.8749423027038574,
        0.8749421238899231,
        0.8749419450759888,
        0.8749416470527649,
        0.8749415278434753,
        0.874941349029541,
        0.8749411106109619,
        0.8749409317970276,
        0.8749406933784485,
        0.8749405145645142,
        0.8749403953552246,
        0.8749402165412903,
        0.8749399781227112,
        0.8749399185180664,
        0.8749396800994873,
        0.8749396204948425,
        0.874939501285553,
        0.8749393224716187,
        0.8749392032623291,
        0.87493896484375,
        0.8749389052391052,
        0.8749387860298157,
        0.8749386668205261,
        0.8749384880065918,
        0.8749383687973022,
        0.8749383091926575,
        0.8749381899833679,
        0.8749380707740784,
        0.8749380111694336,
        0.874937891960144,
        0.874937891960144
    ],
    "l1_regularization": 0.0,
    "l2_regularization": 0.0,
    "random_state": 306616,
    "c1_unique_zones": 2,
    "c2_unique_od_pairs": 0,
    "c1_c2_approach": "percentage",
    "c1_c2_percentage": 0.2
}