{
    "normalized_frobenius_error": 0.8781938552856445,
    "masked_rmse": 0.19603987038135529,
    "mean_nonzero_value": 1.5989879369735718,
    "relative_rmse": 0.12260247021913528,
    "explained_variance": 0.22877562046051025,
    "computation_time": 1.4848589897155762,
    "all_factors_non_negative": true,
    "factor_sparsity": [
        "37.68%",
        "38.16%",
        "22.92%"
    ],
    "device": "mps",
    "best_initialization": "random",
    "errors_history": [
        0.9563724994659424,
        0.9393500089645386,
        0.9228619933128357,
        0.9104866981506348,
        0.9038505554199219,
        0.8996267914772034,
        0.8965659737586975,
        0.8939301371574402,
        0.8913854956626892,
        0.8889618515968323,
        0.8867397308349609,
        0.8849684000015259,
        0.8837550282478333,
        0.8829528093338013,
        0.8824185729026794,
        0.8820576667785645,
        0.8817896246910095,
        0.8815726041793823,
        0.8813899159431458,
        0.8812333345413208,
        0.8810936808586121,
        0.880967378616333,
        0.8808547854423523,
        0.8807554841041565,
        0.8806656002998352,
        0.8805790543556213,
        0.8804906606674194,
        0.8803969621658325,
        0.880297839641571,
        0.8801934123039246,
        0.8800811171531677,
        0.8799580335617065,
        0.8798248767852783,
        0.8796922564506531,
        0.8795604109764099,
        0.879430890083313,
        0.8793073296546936,
        0.8791913390159607,
        0.8790844678878784,
        0.8789878487586975,
        0.8789035081863403,
        0.8788328170776367,
        0.8787729740142822,
        0.87872314453125,
        0.8786824941635132,
        0.8786464929580688,
        0.8786131143569946,
        0.8785808682441711,
        0.8785493969917297,
        0.8785211443901062,
        0.8784985542297363,
        0.8784815669059753,
        0.8784686326980591,
        0.8784582018852234,
        0.8784492015838623,
        0.878441333770752,
        0.8784335851669312,
        0.878426194190979,
        0.8784192800521851,
        0.8784136176109314,
        0.8784089684486389,
        0.8784047365188599,
        0.8784006834030151,
        0.87839674949646,
        0.8783922791481018,
        0.878387451171875,
        0.8783825039863586,
        0.8783782720565796,
        0.8783742785453796,
        0.8783706426620483,
        0.8783672451972961,
        0.8783639669418335,
        0.8783606290817261,
        0.8783575296401978,
        0.8783543705940247,
        0.8783511519432068,
        0.8783478140830994,
        0.8783446550369263,
        0.878341555595398,
        0.8783385157585144,
        0.8783353567123413,
        0.8783321380615234,
        0.8783286213874817,
        0.8783249855041504,
        0.8783213496208191,
        0.8783177137374878,
        0.8783139586448669,
        0.8783102035522461,
        0.8783067464828491,
        0.8783037066459656,
        0.8783010244369507,
        0.8782986998558044,
        0.8782963752746582,
        0.8782942295074463,
        0.8782920837402344,
        0.8782901763916016,
        0.8782881498336792,
        0.8782863616943359,
        0.8782845139503479,
        0.8782826066017151,
        0.8782808780670166,
        0.8782791495323181,
        0.8782775402069092,
        0.8782757520675659,
        0.8782740831375122,
        0.878272294998169,
        0.8782704472541809,
        0.8782683610916138,
        0.8782662153244019,
        0.8782640099525452,
        0.8782618045806885,
        0.8782594799995422,
        0.8782569169998169,
        0.8782544136047363,
        0.8782521486282349,
        0.8782500624656677,
        0.8782483339309692,
        0.8782467842102051,
        0.8782454133033752,
        0.8782439827919006,
        0.8782427906990051,
        0.8782416582107544,
        0.8782405257225037,
        0.8782394528388977,
        0.878238320350647,
        0.8782373070716858,
        0.8782362937927246,
        0.878235399723053,
        0.8782343864440918,
        0.8782334923744202,
        0.8782326579093933,
        0.8782317638397217,
        0.8782308101654053,
        0.8782301545143127,
        0.8782293200492859,
        0.878228485584259,
        0.878227710723877,
        0.8782268762588501,
        0.8782261610031128,
        0.8782252669334412,
        0.87822425365448,
        0.878223180770874,
        0.8782219290733337,
        0.8782209157943726,
        0.8782199025154114,
        0.8782191276550293,
        0.8782181739807129,
        0.8782171010971069,
        0.8782158493995667,
        0.8782145380973816,
        0.8782134652137756,
        0.8782125115394592,
        0.8782118558883667,
        0.8782111406326294,
        0.8782106041908264,
        0.8782098889350891,
        0.8782095313072205,
        0.8782088756561279,
        0.8782083988189697,
        0.8782079815864563,
        0.8782073855400085,
        0.8782069683074951,
        0.8782065510749817,
        0.8782060742378235,
        0.8782056570053101,
        0.8782052397727966,
        0.878204882144928,
        0.878204345703125,
        0.8782040476799011,
        0.8782036304473877,
        0.8782032132148743,
        0.8782029151916504,
        0.8782026171684265,
        0.8782021999359131,
        0.8782019019126892,
        0.8782015442848206,
        0.8782011866569519,
        0.878200888633728,
        0.8782005906105042,
        0.8782002925872803,
        0.8781999945640564,
        0.8781998157501221,
        0.8781995177268982,
        0.8781992793083191,
        0.8781991004943848,
        0.8781988620758057,
        0.8781986832618713,
        0.878198504447937,
        0.8781983852386475,
        0.8781982064247131,
        0.878197968006134,
        0.8781977891921997,
        0.8781974911689758,
        0.878197193145752,
        0.8781969547271729,
        0.878196656703949,
        0.8781962394714355,
        0.8781960606575012,
        0.8781957626342773,
        0.8781955242156982,
        0.8781954646110535,
        0.8781952261924744,
        0.87819504737854,
        0.8781949281692505,
        0.8781948685646057,
        0.8781947493553162,
        0.8781946301460266,
        0.8781945109367371,
        0.8781944513320923,
        0.8781943321228027,
        0.8781942129135132,
        0.8781941533088684,
        0.8781940340995789,
        0.8781938552856445,
        0.8781938552856445
    ],
    "l1_regularization": 0.0,
    "l2_regularization": 0.0,
    "random_state": 227093,
    "c1_unique_zones": 2,
    "c2_unique_od_pairs": 0,
    "c1_c2_approach": "percentage",
    "c1_c2_percentage": 0.2
}