{
    "normalized_frobenius_error": 0.856439471244812,
    "masked_rmse": 0.22337262332439423,
    "mean_nonzero_value": 1.345635175704956,
    "relative_rmse": 0.16599790751934052,
    "explained_variance": 0.2665114998817444,
    "computation_time": 0.764519214630127,
    "all_factors_non_negative": true,
    "factor_sparsity": [
        "21.78%",
        "19.56%",
        "11.67%"
    ],
    "device": "mps",
    "best_initialization": "random",
    "errors_history": [
        0.9414647817611694,
        0.9292228817939758,
        0.9156782627105713,
        0.9017960429191589,
        0.8908371925354004,
        0.8827979564666748,
        0.8766368627548218,
        0.8719134330749512,
        0.8683379292488098,
        0.8654971718788147,
        0.8630906343460083,
        0.8612121343612671,
        0.8598995804786682,
        0.8589876890182495,
        0.8583331108093262,
        0.8578540682792664,
        0.8575024008750916,
        0.8572434782981873,
        0.8570522665977478,
        0.8569120168685913,
        0.8568082451820374,
        0.8567309975624084,
        0.8566741347312927,
        0.8566322326660156,
        0.8566004633903503,
        0.8565754294395447,
        0.8565553426742554,
        0.8565386533737183,
        0.8565249443054199,
        0.8565136194229126,
        0.8565040826797485,
        0.8564962148666382,
        0.8564895987510681,
        0.8564838171005249,
        0.856478750705719,
        0.8564745783805847,
        0.8564710021018982,
        0.8564679026603699,
        0.8564652800559998,
        0.8564631342887878,
        0.856461226940155,
        0.8564596772193909,
        0.8564583659172058,
        0.8564572930335999,
        0.8564562797546387,
        0.8564555644989014,
        0.8564547896385193,
        0.8564542531967163,
        0.8564537763595581,
        0.8564532995223999,
        0.8564528226852417,
        0.8564524054527283,
        0.8564521074295044,
        0.8564517498016357,
        0.8564515709877014,
        0.8564512133598328,
        0.8564509749412537,
        0.8564507365226746,
        0.8564504384994507,
        0.8564502596855164,
        0.8564500212669373,
        0.8564497232437134,
        0.856449544429779,
        0.8564493060112,
        0.8564490675926208,
        0.8564488291740417,
        0.8564485907554626,
        0.8564482927322388,
        0.8564481735229492,
        0.8564479351043701,
        0.856447696685791,
        0.8564473986625671,
        0.856447160243988,
        0.8564469814300537,
        0.8564467430114746,
        0.8564464449882507,
        0.8564462065696716,
        0.8564459085464478,
        0.8564457297325134,
        0.8564453721046448,
        0.8564452528953552,
        0.8564449548721313,
        0.8564446568489075,
        0.8564444184303284,
        0.8564441800117493,
        0.8564439415931702,
        0.8564436435699463,
        0.856443464756012,
        0.8564431071281433,
        0.856442928314209,
        0.8564427495002747,
        0.8564425110816956,
        0.8564422726631165,
        0.8564421534538269,
        0.856441855430603,
        0.8564416170120239,
        0.8564414381980896,
        0.8564413189888,
        0.856441080570221,
        0.8564409613609314,
        0.8564408421516418,
        0.8564406633377075,
        0.8564404249191284,
        0.8564403653144836,
        0.8564401865005493,
        0.8564400672912598,
        0.8564398884773254,
        0.8564398288726807,
        0.8564397096633911,
        0.856439471244812,
        0.856439471244812
    ],
    "l1_regularization": 0.0,
    "l2_regularization": 0.0,
    "random_state": 968430,
    "c1_unique_zones": 2,
    "c2_unique_od_pairs": 0,
    "c1_c2_approach": "percentage",
    "c1_c2_percentage": 0.2
}