{
    "normalized_frobenius_error": 0.9053525924682617,
    "masked_rmse": 0.11878064274787903,
    "mean_nonzero_value": 1.3623639345169067,
    "relative_rmse": 0.08718716353178024,
    "explained_variance": 0.18033671379089355,
    "computation_time": 0.9187150001525879,
    "all_factors_non_negative": true,
    "factor_sparsity": [
        "36.56%",
        "35.22%",
        "21.53%"
    ],
    "device": "mps",
    "best_initialization": "random",
    "errors_history": [
        0.9743300080299377,
        0.9598574042320251,
        0.9449518322944641,
        0.9336217641830444,
        0.9260925650596619,
        0.9208991527557373,
        0.9167219400405884,
        0.9124433994293213,
        0.9090163111686707,
        0.9073978066444397,
        0.9066294431686401,
        0.906124472618103,
        0.9058428406715393,
        0.905698835849762,
        0.9056066870689392,
        0.905539870262146,
        0.9054952263832092,
        0.9054626822471619,
        0.9054408073425293,
        0.9054255485534668,
        0.9054145812988281,
        0.9054062962532043,
        0.9054000973701477,
        0.9053952097892761,
        0.9053915739059448,
        0.905388593673706,
        0.905386209487915,
        0.9053843021392822,
        0.9053827524185181,
        0.905381441116333,
        0.9053803086280823,
        0.9053792357444763,
        0.9053783416748047,
        0.9053775072097778,
        0.9053767323493958,
        0.9053760766983032,
        0.9053754210472107,
        0.9053748250007629,
        0.9053742289543152,
        0.905373752117157,
        0.905373215675354,
        0.9053727388381958,
        0.9053722620010376,
        0.9053718447685242,
        0.9053714871406555,
        0.9053710103034973,
        0.9053705334663391,
        0.9053701162338257,
        0.905369758605957,
        0.9053693413734436,
        0.905368983745575,
        0.9053686261177063,
        0.9053682088851929,
        0.905367910861969,
        0.9053675532341003,
        0.9053671956062317,
        0.9053668975830078,
        0.9053664803504944,
        0.9053661227226257,
        0.9053658246994019,
        0.905365526676178,
        0.9053651690483093,
        0.9053647518157959,
        0.9053645133972168,
        0.9053640961647034,
        0.9053637981414795,
        0.9053635597229004,
        0.905363142490387,
        0.9053627848625183,
        0.9053624868392944,
        0.905362069606781,
        0.9053617119789124,
        0.9053614139556885,
        0.9053609371185303,
        0.9053605794906616,
        0.9053602814674377,
        0.9053598642349243,
        0.9053596258163452,
        0.9053593277931213,
        0.9053590297698975,
        0.9053587317466736,
        0.9053584337234497,
        0.9053582549095154,
        0.9053579568862915,
        0.9053577184677124,
        0.9053574800491333,
        0.9053572416305542,
        0.9053570032119751,
        0.9053567051887512,
        0.9053565263748169,
        0.905356228351593,
        0.9053560495376587,
        0.9053558707237244,
        0.90535569190979,
        0.9053555130958557,
        0.9053552746772766,
        0.9053550958633423,
        0.905354917049408,
        0.9053547382354736,
        0.9053545594215393,
        0.9053543210029602,
        0.9053542613983154,
        0.9053540825843811,
        0.905353844165802,
        0.9053537845611572,
        0.9053535461425781,
        0.9053534865379333,
        0.905353307723999,
        0.9053531885147095,
        0.9053530693054199,
        0.9053530097007751,
        0.9053528904914856,
        0.9053528308868408,
        0.9053527116775513,
        0.9053525924682617,
        0.9053525924682617
    ],
    "l1_regularization": 0.0,
    "l2_regularization": 0.0,
    "random_state": 249095,
    "c1_unique_zones": 1,
    "c2_unique_od_pairs": 0,
    "c1_c2_approach": "percentage",
    "c1_c2_percentage": 0.2
}