{
    "normalized_frobenius_error": 0.88271164894104,
    "masked_rmse": 0.11995109915733337,
    "mean_nonzero_value": 1.1494661569595337,
    "relative_rmse": 0.10435374826192856,
    "explained_variance": 0.22082018852233887,
    "computation_time": 0.7957868576049805,
    "all_factors_non_negative": true,
    "factor_sparsity": [
        "33.64%",
        "26.36%",
        "16.67%"
    ],
    "device": "mps",
    "best_initialization": "random",
    "errors_history": [
        0.9566411972045898,
        0.9346646070480347,
        0.9209157228469849,
        0.9132622480392456,
        0.9064432978630066,
        0.8997531533241272,
        0.8946781754493713,
        0.8915788531303406,
        0.889700174331665,
        0.8884768486022949,
        0.8876407742500305,
        0.8870587944984436,
        0.8866469264030457,
        0.8863405585289001,
        0.8860962986946106,
        0.8859012722969055,
        0.885757565498352,
        0.8856537342071533,
        0.8855761289596558,
        0.8855140209197998,
        0.8854609727859497,
        0.8854143023490906,
        0.8853722810745239,
        0.8853339552879333,
        0.8852983117103577,
        0.8852651715278625,
        0.8852340579032898,
        0.885204553604126,
        0.8851759433746338,
        0.8851476311683655,
        0.8851187825202942,
        0.8850884437561035,
        0.8850556015968323,
        0.8850190043449402,
        0.8849769830703735,
        0.8849280476570129,
        0.884872555732727,
        0.884811282157898,
        0.8847441077232361,
        0.8846709132194519,
        0.8845927119255066,
        0.8845107555389404,
        0.8844265341758728,
        0.8843412399291992,
        0.8842563033103943,
        0.8841731548309326,
        0.8840939998626709,
        0.8840207457542419,
        0.8839550614356995,
        0.8838967680931091,
        0.8838411569595337,
        0.8837735056877136,
        0.8836639523506165,
        0.8835185766220093,
        0.8834147453308105,
        0.8833575248718262,
        0.883317232131958,
        0.8832759857177734,
        0.8832111954689026,
        0.8830994963645935,
        0.8829744458198547,
        0.8828945159912109,
        0.8828476667404175,
        0.8828151822090149,
        0.8827918767929077,
        0.8827752470970154,
        0.8827633261680603,
        0.8827548027038574,
        0.8827484846115112,
        0.8827438354492188,
        0.8827403783798218,
        0.8827378153800964,
        0.8827358484268188,
        0.8827342987060547,
        0.882733166217804,
        0.882732093334198,
        0.8827313184738159,
        0.8827306032180786,
        0.8827298879623413,
        0.8827292919158936,
        0.882728636264801,
        0.8827276825904846,
        0.882725179195404,
        0.8827226758003235,
        0.8827217817306519,
        0.8827211260795593,
        0.8827206492424011,
        0.8827200531959534,
        0.8827194571495056,
        0.8827191591262817,
        0.8827187418937683,
        0.8827182650566101,
        0.8827179074287415,
        0.8827175498008728,
        0.8827171921730042,
        0.8827168345451355,
        0.8827165365219116,
        0.882716178894043,
        0.8827158808708191,
        0.8827155828475952,
        0.8827151656150818,
        0.8827149868011475,
        0.8827147483825684,
        0.8827144503593445,
        0.8827142119407654,
        0.882713794708252,
        0.8827134966850281,
        0.8827130198478699,
        0.8827126026153564,
        0.8827123641967773,
        0.882712185382843,
        0.8827118873596191,
        0.8827117681503296,
        0.8827117681503296
    ],
    "l1_regularization": 0.0,
    "l2_regularization": 0.0,
    "random_state": 162470,
    "c1_unique_zones": 1,
    "c2_unique_od_pairs": 0,
    "c1_c2_approach": "percentage",
    "c1_c2_percentage": 0.2
}