{
    "normalized_frobenius_error": 0.8564391732215881,
    "masked_rmse": 0.22337254881858826,
    "mean_nonzero_value": 1.345635175704956,
    "relative_rmse": 0.16599784791469574,
    "explained_variance": 0.2665119767189026,
    "computation_time": 0.47960710525512695,
    "all_factors_non_negative": true,
    "factor_sparsity": [
        "15.11%",
        "12.89%",
        "10.83%"
    ],
    "device": "mps",
    "best_initialization": "random",
    "errors_history": [
        0.940658450126648,
        0.9268485903739929,
        0.9073516130447388,
        0.888475775718689,
        0.8781036138534546,
        0.8722788691520691,
        0.8682366609573364,
        0.8651302456855774,
        0.8626400232315063,
        0.8606938719749451,
        0.8592904806137085,
        0.8583542108535767,
        0.8577536940574646,
        0.857370913028717,
        0.8571221232414246,
        0.8569542765617371,
        0.8568353056907654,
        0.8567485213279724,
        0.8566858172416687,
        0.8566410541534424,
        0.8566082715988159,
        0.8565826416015625,
        0.8565613627433777,
        0.8565424084663391,
        0.856524646282196,
        0.8565076589584351,
        0.8564929366111755,
        0.8564816117286682,
        0.856473445892334,
        0.8564675450325012,
        0.8564631342887878,
        0.8564596772193909,
        0.8564568161964417,
        0.8564544916152954,
        0.8564525842666626,
        0.8564510345458984,
        0.8564497232437134,
        0.8564485311508179,
        0.8564474582672119,
        0.8564465641975403,
        0.8564459085464478,
        0.8564452528953552,
        0.8564446568489075,
        0.8564441204071045,
        0.8564436435699463,
        0.8564432859420776,
        0.8564428091049194,
        0.8564424514770508,
        0.8564421534538269,
        0.8564419150352478,
        0.8564416170120239,
        0.8564412593841553,
        0.856441080570221,
        0.8564409613609314,
        0.8564406633377075,
        0.8564404845237732,
        0.8564403653144836,
        0.8564401865005493,
        0.8564400672912598,
        0.8564398884773254,
        0.8564397692680359,
        0.8564397096633911,
        0.8564395308494568,
        0.856439471244812,
        0.8564392924308777,
        0.8564392328262329,
        0.8564392328262329
    ],
    "l1_regularization": 0.0,
    "l2_regularization": 0.0,
    "random_state": 18152,
    "c1_unique_zones": 2,
    "c2_unique_od_pairs": 0,
    "c1_c2_approach": "percentage",
    "c1_c2_percentage": 0.2
}