{
    "normalized_frobenius_error": 0.9055081009864807,
    "masked_rmse": 0.11880103498697281,
    "mean_nonzero_value": 1.3623639345169067,
    "relative_rmse": 0.08720213174819946,
    "explained_variance": 0.1800551414489746,
    "computation_time": 0.8623170852661133,
    "all_factors_non_negative": true,
    "factor_sparsity": [
        "36.29%",
        "34.95%",
        "19.44%"
    ],
    "device": "mps",
    "best_initialization": "random",
    "errors_history": [
        0.9720770120620728,
        0.9578378796577454,
        0.9480618238449097,
        0.9396635890007019,
        0.9316291213035583,
        0.9250738620758057,
        0.9220973253250122,
        0.920461118221283,
        0.9192025065422058,
        0.9181197285652161,
        0.917148232460022,
        0.9162749648094177,
        0.9154853224754333,
        0.914818525314331,
        0.9143101572990417,
        0.9139324426651001,
        0.913611114025116,
        0.9132702350616455,
        0.9128567576408386,
        0.9123658537864685,
        0.911834180355072,
        0.9113401770591736,
        0.9109475612640381,
        0.9106335043907166,
        0.9103444814682007,
        0.9100714921951294,
        0.9098368287086487,
        0.9096559286117554,
        0.9095006585121155,
        0.9093379378318787,
        0.9091479182243347,
        0.908906877040863,
        0.9085848331451416,
        0.9082269072532654,
        0.9078522324562073,
        0.907490611076355,
        0.9071772694587708,
        0.9069278836250305,
        0.9067419767379761,
        0.9066060781478882,
        0.9064982533454895,
        0.9064192175865173,
        0.9062643051147461,
        0.90617835521698,
        0.9061422944068909,
        0.9061235189437866,
        0.9061102271080017,
        0.9060696363449097,
        0.9060442447662354,
        0.9060381054878235,
        0.9060324430465698,
        0.9060244560241699,
        0.906003475189209,
        0.9059584736824036,
        0.9059256315231323,
        0.9058403372764587,
        0.9057259559631348,
        0.9056532979011536,
        0.9056092500686646,
        0.9055831432342529,
        0.9055603742599487,
        0.9055308699607849,
        0.9055194854736328,
        0.9055134654045105,
        0.9055110216140747,
        0.9055098295211792,
        0.9055090546607971,
        0.9055086374282837,
        0.9055084586143494,
        0.905508279800415,
        0.9055081605911255,
        0.9055081009864807,
        0.9055081009864807
    ],
    "l1_regularization": 0.0,
    "l2_regularization": 0.0,
    "random_state": 964007,
    "c1_unique_zones": 3,
    "c2_unique_od_pairs": 0,
    "c1_c2_approach": "percentage",
    "c1_c2_percentage": 0.2
}