{
    "normalized_frobenius_error": 0.8838889598846436,
    "masked_rmse": 0.1201116070151329,
    "mean_nonzero_value": 1.1494661569595337,
    "relative_rmse": 0.10449337959289551,
    "explained_variance": 0.2187402844429016,
    "computation_time": 0.618779182434082,
    "all_factors_non_negative": true,
    "factor_sparsity": [
        "30.68%",
        "29.09%",
        "16.67%"
    ],
    "device": "cpu",
    "best_initialization": "random",
    "errors_history": [
        0.9628778696060181,
        0.959884524345398,
        0.9587264060974121,
        0.9567807912826538,
        0.9529884457588196,
        0.9463281035423279,
        0.9384391903877258,
        0.9325548410415649,
        0.9287037253379822,
        0.9261412620544434,
        0.9243825078010559,
        0.9230188131332397,
        0.921808660030365,
        0.9205929636955261,
        0.9192322492599487,
        0.9176226854324341,
        0.9156644940376282,
        0.9130443930625916,
        0.9090583324432373,
        0.9041171669960022,
        0.900481641292572,
        0.8984606266021729,
        0.8972963690757751,
        0.8964956402778625,
        0.8958687782287598,
        0.8953487873077393,
        0.8949058651924133,
        0.8945280909538269,
        0.8942104578018188,
        0.8939484357833862,
        0.8937323689460754,
        0.8935523629188538,
        0.8933979272842407,
        0.893261194229126,
        0.8931386470794678,
        0.8930289149284363,
        0.8929306864738464,
        0.8928415179252625,
        0.8927605152130127,
        0.8926866054534912,
        0.8926190137863159,
        0.8925572633743286,
        0.8925007581710815,
        0.8924482464790344,
        0.8924001455307007,
        0.8923560380935669,
        0.8923159241676331,
        0.8922792077064514,
        0.892245888710022,
        0.8922150135040283,
        0.8921869397163391,
        0.8921602368354797,
        0.8921342492103577,
        0.892109751701355,
        0.8920857906341553,
        0.8920624256134033,
        0.8920395970344543,
        0.8920168280601501,
        0.8919937610626221,
        0.8919707536697388,
        0.8919477462768555,
        0.8919243216514587,
        0.8919001221656799,
        0.8918752670288086,
        0.8918494582176208,
        0.8918229937553406,
        0.8917953968048096,
        0.8917661309242249,
        0.8917356729507446,
        0.891704261302948,
        0.8916716575622559,
        0.8916370272636414,
        0.8916013240814209,
        0.8915650248527527,
        0.8915273547172546,
        0.8914890289306641,
        0.8914490938186646,
        0.8914096355438232,
        0.8913694620132446,
        0.8913289308547974,
        0.8912883996963501,
        0.8912481069564819,
        0.8912081122398376,
        0.891168475151062,
        0.8911296725273132,
        0.89109206199646,
        0.8910552859306335,
        0.8910192251205444,
        0.8909841179847717,
        0.8909500241279602,
        0.8909163475036621,
        0.8908836245536804,
        0.8908517956733704,
        0.890819787979126,
        0.8907883763313293,
        0.8907574415206909,
        0.8907266855239868,
        0.8906957507133484,
        0.8906646370887756,
        0.8906334042549133,
        0.8906017541885376,
        0.8905698657035828,
        0.8905369639396667,
        0.8905019760131836,
        0.890464723110199,
        0.8904237747192383,
        0.8903762102127075,
        0.8903226256370544,
        0.8902631402015686,
        0.8902015686035156,
        0.8901388049125671,
        0.8900765180587769,
        0.8900139927864075,
        0.8899514675140381,
        0.8898891806602478,
        0.8898279666900635,
        0.8897677063941956,
        0.8897088170051575,
        0.889651358127594,
        0.8895958662033081,
        0.8895418643951416,
        0.889490008354187,
        0.8894398808479309,
        0.8893916010856628,
        0.8893457651138306,
        0.8893018960952759,
        0.8892605304718018,
        0.8892216682434082,
        0.8891853094100952,
        0.8891515135765076,
        0.8891203999519348,
        0.8890918493270874,
        0.8890655040740967,
        0.8890412449836731,
        0.8890187740325928,
        0.8889978528022766,
        0.8889787197113037,
        0.8889609575271606,
        0.8889440894126892,
        0.8889281153678894,
        0.8889132142066956,
        0.8888987302780151,
        0.8888846039772034,
        0.8888705372810364,
        0.8888559341430664,
        0.8888412714004517,
        0.8888259530067444,
        0.888809859752655,
        0.8887932896614075,
        0.8887768983840942,
        0.8887617588043213,
        0.8887487053871155,
        0.8887369632720947,
        0.888724684715271,
        0.8887112140655518,
        0.8886939287185669,
        0.8886705040931702,
        0.888638436794281,
        0.8885957598686218,
        0.8885444402694702,
        0.8884881734848022,
        0.8884313106536865,
        0.8883742690086365,
        0.8883140087127686,
        0.8882490396499634,
        0.8881821036338806,
        0.8881173133850098,
        0.888057291507721,
        0.8880032896995544,
        0.8879547715187073,
        0.887910783290863,
        0.8878710865974426,
        0.8878359198570251,
        0.8878050446510315,
        0.8877774477005005,
        0.8877536058425903,
        0.887732744216919,
        0.8877138495445251,
        0.8876978158950806,
        0.8876841068267822,
        0.887672483921051,
        0.8876616358757019,
        0.8876518607139587,
        0.8876429796218872,
        0.8876352906227112,
        0.8876280784606934,
        0.8876211047172546,
        0.8876147270202637,
        0.8876084089279175,
        0.8876018524169922,
        0.8875953555107117,
        0.8875883221626282,
        0.8875808119773865,
        0.8875721096992493,
        0.8875627517700195,
        0.8875523805618286,
        0.8875398635864258,
        0.8875255584716797,
        0.8875090479850769,
        0.8874894976615906,
        0.8874667882919312,
        0.8874423503875732,
        0.887416660785675,
        0.8873889446258545,
        0.8873595595359802,
        0.8873289227485657,
        0.887296736240387,
        0.8872634172439575,
        0.8872307538986206,
        0.8871979713439941,
        0.8871662616729736,
        0.8871355652809143,
        0.8871065974235535,
        0.8870788216590881,
        0.8870537877082825,
        0.887030839920044,
        0.8870089650154114,
        0.8869886994361877,
        0.8869699835777283,
        0.886952817440033,
        0.8869362473487854,
        0.886920690536499,
        0.8869048357009888,
        0.8868892788887024,
        0.8868735432624817,
        0.8868573904037476,
        0.8868405818939209,
        0.8868231177330017,
        0.8868048191070557,
        0.8867859244346619,
        0.8867658376693726,
        0.8867449164390564,
        0.8867231011390686,
        0.8866996169090271,
        0.8866749405860901,
        0.8866488337516785,
        0.886621356010437,
        0.8865928053855896,
        0.8865633606910706,
        0.8865333199501038,
        0.8865029811859131,
        0.8864728808403015,
        0.886443555355072,
        0.8864151239395142,
        0.8863877654075623,
        0.8863619565963745,
        0.8863372206687927,
        0.8863139152526855,
        0.8862918019294739,
        0.8862713575363159,
        0.8862521648406982,
        0.8862344622612,
        0.8862176537513733,
        0.8862020373344421,
        0.8861873745918274,
        0.8861735463142395,
        0.8861598968505859,
        0.8861466646194458,
        0.8861333131790161,
        0.8861201405525208,
        0.8861080408096313,
        0.8860974311828613,
        0.8860875368118286,
        0.886078417301178,
        0.8860700130462646,
        0.8860622048377991,
        0.8860546350479126,
        0.8860474228858948,
        0.8860409259796143,
