{
    "normalized_frobenius_error": 0.8652663230895996,
    "masked_rmse": 0.2256748080253601,
    "mean_nonzero_value": 1.345635175704956,
    "relative_rmse": 0.16770875453948975,
    "explained_variance": 0.2513142228126526,
    "computation_time": 0.6752238273620605,
    "all_factors_non_negative": true,
    "factor_sparsity": [
        "19.11%",
        "16.00%",
        "9.17%"
    ],
    "device": "mps",
    "best_initialization": "random",
    "errors_history": [
        0.9413482546806335,
        0.9216880798339844,
        0.8974272012710571,
        0.8834332823753357,
        0.8779762387275696,
        0.8748993873596191,
        0.8729221820831299,
        0.8715458512306213,
        0.8705262541770935,
        0.8697126507759094,
        0.8689970374107361,
        0.8683354258537292,
        0.8677347302436829,
        0.867215633392334,
        0.8667901754379272,
        0.8664581179618835,
        0.866208553314209,
        0.8660233020782471,
        0.8658835887908936,
        0.8657742142677307,
        0.8656858205795288,
        0.8656139969825745,
        0.8655568361282349,
        0.865511953830719,
        0.8654767274856567,
        0.865449070930481,
        0.8654272556304932,
        0.8654096126556396,
        0.8653954863548279,
        0.8653836250305176,
        0.8653735518455505,
        0.8653649687767029,
        0.8653572201728821,
        0.8653501868247986,
        0.8653437495231628,
        0.8653376698493958,
        0.8653320670127869,
        0.8653267621994019,
        0.8653218746185303,
        0.8653174638748169,
        0.8653135299682617,
        0.8653099536895752,
        0.8653068542480469,
        0.8653039932250977,
        0.8653013110160828,
        0.8652989864349365,
        0.8652968406677246,
        0.8652948141098022,
        0.8652929067611694,
        0.865291178226471,
        0.865289568901062,
        0.8652880191802979,
        0.865286648273468,
        0.8652853965759277,
        0.865284264087677,
        0.8652833104133606,
        0.865282416343689,
        0.8652814626693726,
        0.86528080701828,
        0.8652800917625427,
        0.8652793765068054,
        0.8652788400650024,
        0.8652781844139099,
        0.8652775883674622,
        0.8652769923210144,
        0.8652763962745667,
        0.8652759194374084,
        0.8652753233909607,
        0.8652747869491577,
        0.8652742505073547,
        0.8652737140655518,
        0.865273118019104,
        0.8652727603912354,
        0.8652722239494324,
        0.8652716875076294,
        0.865271270275116,
        0.8652707934379578,
        0.8652703166007996,
        0.8652700185775757,
        0.8652695417404175,
        0.8652692437171936,
        0.8652689456939697,
        0.8652686476707458,
        0.865268349647522,
        0.8652681112289429,
        0.8652679324150085,
        0.8652676939964294,
        0.8652674555778503,
        0.865267276763916,
        0.8652671575546265,
        0.8652670383453369,
        0.8652669191360474,
        0.865266740322113,
        0.8652666807174683,
        0.8652665019035339,
        0.8652664422988892,
        0.8652664422988892
    ],
    "l1_regularization": 0.0,
    "l2_regularization": 0.0,
    "random_state": 894536,
    "c1_unique_zones": 3,
    "c2_unique_od_pairs": 0,
    "c1_c2_approach": "percentage",
    "c1_c2_percentage": 0.2
}