{
    "normalized_frobenius_error": 0.8776657581329346,
    "masked_rmse": 0.19592197239398956,
    "mean_nonzero_value": 1.5989879369735718,
    "relative_rmse": 0.12252873927354813,
    "explained_variance": 0.229702889919281,
    "computation_time": 1.2708911895751953,
    "all_factors_non_negative": true,
    "factor_sparsity": [
        "30.43%",
        "34.54%",
        "17.36%"
    ],
    "device": "mps",
    "best_initialization": "random",
    "errors_history": [
        0.9554303884506226,
        0.9420998692512512,
        0.929025411605835,
        0.9149289727210999,
        0.9056894779205322,
        0.9006436467170715,
        0.8972947597503662,
        0.8950018882751465,
        0.8934785723686218,
        0.892316997051239,
        0.8912785053253174,
        0.890231728553772,
        0.8891210556030273,
        0.8879709839820862,
        0.8868791460990906,
        0.885939359664917,
        0.8851640224456787,
        0.8845044374465942,
        0.8839008212089539,
        0.8832936882972717,
        0.8825949430465698,
        0.8817572593688965,
        0.8809152245521545,
        0.8801921010017395,
        0.8796364068984985,
        0.879240870475769,
        0.8789724707603455,
        0.8787864446640015,
        0.8786593079566956,
        0.878538191318512,
        0.8784366846084595,
        0.8783752918243408,
        0.8783298134803772,
        0.8782902956008911,
        0.8782544732093811,
        0.8782221674919128,
        0.8781926035881042,
        0.8781604766845703,
        0.8781318664550781,
        0.8781068921089172,
        0.8780823945999146,
        0.8780582547187805,
        0.8780357241630554,
        0.8780157566070557,
        0.877998411655426,
        0.8779827952384949,
        0.8779671788215637,
        0.8779482245445251,
        0.8779240846633911,
        0.8779019117355347,
        0.8778880834579468,
        0.8778774738311768,
        0.8778654336929321,
        0.8778496384620667,
        0.8778333067893982,
        0.8778200149536133,
        0.8778102397918701,
        0.8778020143508911,
        0.8777947425842285,
        0.8777881860733032,
        0.8777821063995361,
        0.8777766823768616,
        0.8777716159820557,
        0.8777668476104736,
        0.8777624368667603,
        0.8777581453323364,
        0.8777543306350708,
        0.8777506947517395,
        0.8777473568916321,
        0.8777443170547485,
        0.8777413964271545,
        0.8777386546134949,
        0.8777360320091248,
        0.8777334690093994,
        0.8777309656143188,
        0.8777285218238831,
        0.877726137638092,
        0.8777238130569458,
        0.8777215480804443,
        0.8777193427085876,
        0.8777171969413757,
        0.8777152895927429,
        0.8777135014533997,
        0.877711832523346,
        0.877710223197937,
        0.8777087926864624,
        0.8777074813842773,
        0.8777062892913818,
        0.8777051568031311,
        0.8777040839195251,
        0.8777031302452087,
        0.8777022361755371,
        0.877701461315155,
        0.8777006268501282,
        0.8776997327804565,
        0.8776990175247192,
        0.8776981830596924,
        0.8776975870132446,
        0.8776968121528625,
        0.87769615650177,
        0.8776955604553223,
        0.8776949644088745,
        0.8776943683624268,
        0.877693772315979,
        0.8776931762695312,
        0.8776925206184387,
        0.877691924571991,
        0.8776913285255432,
        0.8776906132698059,
        0.8776900172233582,
        0.8776891827583313,
        0.8776885271072388,
        0.8776878118515015,
        0.8776869773864746,
        0.877686083316803,
        0.8776851892471313,
        0.8776843547821045,
        0.8776833415031433,
        0.8776824474334717,
        0.8776814937591553,
        0.8776805996894836,
        0.8776798248291016,
        0.8776788711547852,
        0.8776780962944031,
        0.8776773810386658,
        0.8776766657829285,
        0.8776759505271912,
        0.8776753544807434,
        0.8776748776435852,
        0.8776743412017822,
        0.877673864364624,
        0.8776734471321106,
        0.8776730298995972,
        0.8776726126670837,
        0.8776723146438599,
        0.877672016620636,
        0.8776717185974121,
        0.8776715397834778,
        0.8776711821556091,
        0.8776708841323853,
        0.8776707053184509,
        0.877670407295227,
        0.8776702284812927,
        0.8776701092720032,
        0.8776698112487793,
        0.8776695728302002,
        0.8776693940162659,
        0.8776692152023315,
        0.8776688575744629,
        0.8776687979698181,
        0.877668559551239,
        0.8776683807373047,
        0.8776682615280151,
        0.8776680827140808,
        0.8776678442955017,
        0.8776677846908569,
        0.8776675462722778,
        0.8776673674583435,
        0.877667248249054,
        0.8776671886444092,
        0.8776670694351196,
        0.8776668906211853,
        0.8776667714118958,
        0.8776666522026062,
        0.8776665329933167,
        0.8776664733886719,
        0.8776663541793823,
        0.8776662349700928,
        0.8776660561561584,
        0.8776659369468689,
        0.8776658773422241,
        0.8776657581329346,
        0.8776657581329346
    ],
    "l1_regularization": 0.0,
    "l2_regularization": 0.0,
    "random_state": 627007,
    "c1_unique_zones": 2,
    "c2_unique_od_pairs": 0,
    "c1_c2_approach": "percentage",
    "c1_c2_percentage": 0.2
}