{
    "normalized_frobenius_error": 0.911080002784729,
    "masked_rmse": 0.20338404178619385,
    "mean_nonzero_value": 1.5989879369735718,
    "relative_rmse": 0.12719547748565674,
    "explained_variance": 0.16993319988250732,
    "computation_time": 0.6992440223693848,
    "all_factors_non_negative": true,
    "factor_sparsity": [
        "10.14%",
        "5.31%",
        "2.08%"
    ],
    "device": "cpu",
    "best_initialization": "random",
    "errors_history": [
        0.960023820400238,
        0.9544315934181213,
        0.953761100769043,
        0.953258752822876,
        0.952625572681427,
        0.951718270778656,
        0.9503663778305054,
        0.9483576416969299,
        0.9455223083496094,
        0.9419532418251038,
        0.9381833672523499,
        0.9348389506340027,
        0.9320631623268127,
        0.9295843243598938,
        0.927137017250061,
        0.9246692061424255,
        0.9223029613494873,
        0.9201769232749939,
        0.918373167514801,
        0.9168868064880371,
        0.915656328201294,
        0.9146432280540466,
        0.9138325452804565,
        0.9132055640220642,
        0.9127347469329834,
        0.9123884439468384,
        0.9121331572532654,
        0.9119426608085632,
        0.9117996096611023,
        0.9116930961608887,
        0.9116129279136658,
        0.9115517735481262,
        0.9115027189254761,
        0.9114626049995422,
        0.9114285111427307,
        0.9113990068435669,
        0.9113731980323792,
        0.911350667476654,
        0.91133052110672,
        0.9113123416900635,
        0.9112955927848816,
        0.911280632019043,
        0.9112668633460999,
        0.9112539887428284,
        0.9112423062324524,
        0.9112314581871033,
        0.9112212657928467,
        0.9112116694450378,
        0.9112034440040588,
        0.9111955761909485,
        0.9111883640289307,
        0.911181628704071,
        0.911175549030304,
        0.9111698865890503,
        0.9111639261245728,
        0.9111595749855042,
        0.9111549258232117,
        0.9111508727073669,
        0.9111469388008118,
        0.9111434817314148,
        0.9111402630805969,
        0.9111368060112,
        0.9111335873603821,
        0.911130964756012,
        0.9111283421516418,
        0.9111254811286926,
        0.9111232757568359,
        0.9111208319664001,
        0.9111189246177673,
        0.911116898059845,
        0.9111148715019226,
        0.9111135005950928,
        0.9111118316650391,
        0.9111102223396301,
        0.9111087918281555,
        0.9111071825027466,
        0.9111058712005615,
        0.9111043810844421,
        0.9111032485961914,
        0.9111018180847168,
        0.9111009240150452,
        0.9110996127128601,
        0.9110987186431885,
        0.9110977053642273,
        0.9110965132713318,
        0.9110957980155945,
        0.9110946655273438,
        0.911093533039093,
        0.9110926389694214,
        0.9110917448997498,
        0.9110913276672363,
        0.911090612411499,
        0.9110898375511169,
        0.9110894203186035,
        0.9110888242721558,
        0.9110881686210632,
        0.9110878109931946,
        0.9110870957374573,
        0.9110864996910095,
        0.9110860824584961,
        0.9110852479934692,
        0.9110849499702454,
        0.9110843539237976,
        0.9110839366912842,
        0.911083459854126,
        0.9110831618309021,
        0.9110830426216125,
        0.9110828638076782,
        0.9110822081565857,
        0.9110820293426514,
        0.9110817313194275,
        0.9110813140869141,
        0.9110811948776245,
        0.9110805988311768,
        0.911080002784729,
        0.911080002784729
    ],
    "ranks": {
        "origin": 4,
        "destination": 3,
        "time": 2
    }
}