{
    "normalized_frobenius_error": 0.8822011351585388,
    "masked_rmse": 0.19693689048290253,
    "mean_nonzero_value": 1.5989879369735718,
    "relative_rmse": 0.12316346168518066,
    "explained_variance": 0.22172117233276367,
    "computation_time": 0.7342703342437744,
    "all_factors_non_negative": true,
    "factor_sparsity": [
        "13.53%",
        "21.38%",
        "5.83%"
    ],
    "device": "cpu",
    "best_initialization": "random",
    "errors_history": [
        0.9591889381408691,
        0.9548614621162415,
        0.9539862871170044,
        0.9534440636634827,
        0.9528630971908569,
        0.9520899057388306,
        0.9509773254394531,
        0.9493526816368103,
        0.9470624923706055,
        0.9440940022468567,
        0.9406117796897888,
        0.936715304851532,
        0.9322313666343689,
        0.9271653294563293,
        0.9223209619522095,
        0.9184999465942383,
        0.915752649307251,
        0.9137696623802185,
        0.9122759103775024,
        0.9111024737358093,
        0.9101533889770508,
        0.9093668460845947,
        0.9087008833885193,
        0.9081240296363831,
        0.9076139330863953,
        0.9071547389030457,
        0.9067326188087463,
        0.906338095664978,
        0.9059627056121826,
        0.9055991768836975,
        0.9052404761314392,
        0.904879093170166,
        0.9045044183731079,
        0.9041039347648621,
        0.9036563038825989,
        0.9031288623809814,
        0.9024609327316284,
        0.9015570282936096,
        0.9003069400787354,
        0.8986861109733582,
        0.8968102931976318,
        0.8948875069618225,
        0.8931898474693298,
        0.8918659090995789,
        0.8909159302711487,
        0.8902482986450195,
        0.8897291421890259,
        0.8893054723739624,
        0.888954222202301,
        0.8886511325836182,
        0.8883862495422363,
        0.8881490230560303,
        0.8879303336143494,
        0.8877310752868652,
        0.8875543475151062,
        0.8873870968818665,
        0.8872206807136536,
        0.8870524168014526,
        0.886885404586792,
        0.8867238163948059,
        0.8865699172019958,
        0.8864210844039917,
        0.8862777352333069,
        0.8861405253410339,
        0.8860111236572266,
        0.88588947057724,
        0.8857759237289429,
        0.8856713771820068,
        0.8855743408203125,
        0.8854836225509644,
        0.885397732257843,
        0.8853155374526978,
        0.8852351307868958,
        0.885157585144043,
        0.8850841522216797,
        0.8850173354148865,
        0.8849555850028992,
        0.8849000334739685,
        0.8848494291305542,
        0.8848028182983398,
        0.8847594261169434,
        0.8847190737724304,
        0.8846815824508667,
        0.8846460580825806,
        0.8846126198768616,
        0.8845805525779724,
        0.8845499157905579,
        0.8845198154449463,
        0.8844904899597168,
        0.8844605684280396,
        0.8844305276870728,
        0.8844001889228821,
        0.8843687176704407,
        0.8843364119529724,
        0.8843033313751221,
        0.8842689394950867,
        0.8842352032661438,
        0.8842009902000427,
        0.8841672539710999,
        0.88413405418396,
        0.8841024041175842,
        0.884072482585907,
        0.8840436935424805,
        0.8840160965919495,
        0.8839905858039856,
        0.8839661478996277,
        0.8839430809020996,
        0.8839209675788879,
        0.8838999271392822,
        0.8838793635368347,
        0.8838599920272827,
        0.8838415741920471,
        0.8838241696357727,
        0.8838073015213013,
        0.8837916254997253,
        0.8837767839431763,
        0.8837621212005615,
        0.8837486505508423,
        0.8837358355522156,
        0.8837233781814575,
        0.8837114572525024,
        0.8837003111839294,
        0.8836895227432251,
        0.8836787939071655,
        0.8836688995361328,
        0.8836596012115479,
        0.8836506605148315,
        0.8836419582366943,
        0.8836336731910706,
        0.8836255073547363,
        0.8836179375648499,
        0.8836104273796082,
        0.8836031556129456,
        0.8835963606834412,
        0.883590042591095,
        0.883583664894104,
        0.8835777044296265,
        0.8835710883140564,
        0.8835652470588684,
        0.8835597634315491,
        0.8835538029670715,
        0.8835480809211731,
        0.8835421204566956,
        0.8835365176200867,
        0.8835303783416748,
        0.8835245966911316,
        0.8835182189941406,
        0.8835117816925049,
        0.8835048675537109,
        0.8834978938102722,
        0.8834902048110962,
        0.8834827542304993,
        0.8834745287895203,
        0.8834665417671204,
        0.883459210395813,
        0.8834518194198608,
        0.8834449052810669,
        0.8834380507469177,
        0.8834314942359924,
        0.8834252953529358,
        0.8834193348884583,
        0.8834132552146912,
        0.883406937122345,
        0.8834010362625122,
        0.8833948969841003,
        0.8833879828453064,
        0.8833818435668945,
        0.8833754658699036,
        0.883368968963623,
        0.8833625316619873,
        0.883355975151062,
        0.8833487629890442,
        0.8833423256874084,
        0.8833352327346802,
        0.8833281397819519,
        0.8833212852478027,
        0.8833137154579163,
        0.8833060264587402,
        0.8832983374595642,
        0.8832906484603882,
        0.8832825422286987,
        0.883274257183075,
        0.8832660913467407,
        0.8832570910453796,
        0.8832486867904663,
        0.8832395672798157,
        0.8832302689552307,
        0.8832210898399353,
        0.8832114934921265,
        0.8832017779350281,
        0.8831918835639954,
        0.8831817507743835,
        0.8831712007522583,
        0.8831602931022644,
        0.8831492066383362,
        0.8831376433372498,
        0.8831260204315186,
        0.883114218711853,
        0.883101761341095,
        0.8830894231796265,
        0.8830763697624207,
        0.8830629587173462,
        0.8830490112304688,
        0.8830350637435913,
        0.883020281791687,
        0.8830054402351379,
        0.8829902410507202,
        0.8829745650291443,
        0.882958173751831,
        0.8829419016838074,
        0.8829255104064941,
        0.8829087615013123,
        0.8828917741775513,
        0.8828749060630798,
        0.8828575015068054,
        0.8828402161598206,
        0.8828229904174805,
        0.8828058242797852,
        0.8827887177467346,
        0.8827723860740662,
        0.8827564716339111,
        0.8827400803565979,
        0.8827250599861145,
        0.8827098608016968,
        0.882695198059082,
        0.8826809525489807,
        0.8826673030853271,
        0.8826537728309631,
        0.8826412558555603,
        0.8826295137405396,
        0.8826179504394531,
        0.8826067447662354,
        0.8825963139533997,
        0.8825861215591431,
        0.8825762271881104,
        0.8825669884681702,
        0.8825584053993225,
        0.8825500011444092,
        0.8825419545173645,
        0.8825340270996094,
        0.8825263977050781,
        0.8825191855430603,
        0.8825122117996216,
        0.8825055360794067,
        0.8824996948242188,
        0.8824936151504517,
        0.882487952709198,
        0.8824822902679443,
        0.882476806640625,
        0.8824717998504639,
        0.882466197013855,
        0.8824614882469177,
        0.8824567198753357,
        0.8824522495269775,
        0.8824478983879089,
        0.8824434876441956,
        0.882439136505127,
        0.8824353814125061,
        0.8824317455291748,
        0.882427990436554,
        0.882424533367157,
        0.8824214935302734,
        0.8824180960655212,
        0.8824150562286377,
        0.882412314414978,
        0.8824098706245422,
        0.8824070692062378,
        0.8824045062065125,
        0.8824021220207214,
