{
    "normalized_frobenius_error": 0.8933224081993103,
    "masked_rmse": 0.11720230430364609,
    "mean_nonzero_value": 1.3623639345169067,
    "relative_rmse": 0.08602862805128098,
    "explained_variance": 0.20197516679763794,
    "computation_time": 0.9011721611022949,
    "all_factors_non_negative": true,
    "factor_sparsity": [
        "36.87%",
        "38.94%",
        "19.64%"
    ],
    "device": "mps",
    "best_initialization": "random",
    "errors_history": [
        0.9740238785743713,
        0.9559953212738037,
        0.9366304874420166,
        0.9208260178565979,
        0.9119003415107727,
        0.9053049683570862,
        0.9003989100456238,
        0.8976714015007019,
        0.8959694504737854,
        0.8949400782585144,
        0.8944018483161926,
        0.8941259384155273,
        0.893959105014801,
        0.8938387632369995,
        0.8937424421310425,
        0.8936599493026733,
        0.8935967683792114,
        0.8935479521751404,
        0.8935094475746155,
        0.8934789299964905,
        0.8934547901153564,
        0.8934352397918701,
        0.8934192061424255,
        0.893406093120575,
        0.8933952450752258,
        0.8933857083320618,
        0.8933767080307007,
        0.8933682441711426,
        0.89336097240448,
        0.893355131149292,
        0.8933507204055786,
        0.8933473825454712,
        0.8933448195457458,
        0.8933424949645996,
        0.8933402299880981,
        0.8933380246162415,
        0.8933361768722534,
        0.8933346271514893,
        0.8933334946632385,
        0.8933326601982117,
        0.8933320641517639,
        0.8933312892913818,
        0.8933307528495789,
        0.8933302760124207,
        0.8933296799659729,
        0.8933293223381042,
        0.8933289051055908,
        0.8933286070823669,
        0.8933284282684326,
        0.8933281302452087,
        0.8933278322219849,
        0.8933277726173401,
        0.8933275938034058,
        0.8933273553848267,
        0.8933271169662476,
        0.8933268785476685,
        0.8933266997337341,
        0.8933265209197998,
        0.8933261632919312,
        0.8933258652687073,
        0.8933254480361938,
        0.8933249711990356,
        0.8933244943618774,
        0.8933241367340088,
        0.8933237195014954,
        0.8933234810829163,
        0.8933231830596924,
        0.8933230042457581,
        0.893322765827179,
        0.8933227062225342,
        0.8933225870132446,
        0.8933225274085999,
        0.8933224081993103,
        0.8933224081993103
    ],
    "l1_regularization": 0.0,
    "l2_regularization": 0.0,
    "random_state": 175976,
    "c1_unique_zones": 3,
    "c2_unique_od_pairs": 0,
    "c1_c2_approach": "percentage",
    "c1_c2_percentage": 0.2
}