{
    "normalized_frobenius_error": 0.8847079277038574,
    "masked_rmse": 0.22063690423965454,
    "mean_nonzero_value": 1.3371909856796265,
    "relative_rmse": 0.1650002896785736,
    "explained_variance": 0.21729189157485962,
    "computation_time": 0.7391700744628906,
    "all_factors_non_negative": true,
    "factor_sparsity": [
        "16.30%",
        "16.30%",
        "2.86%"
    ],
    "device": "cpu",
    "best_initialization": "svd",
    "errors_history": [
        0.9271650910377502,
        0.9149602651596069,
        0.9082308411598206,
        0.9044057726860046,
        0.9012821316719055,
        0.8985915184020996,
        0.8965218663215637,
        0.8950442671775818,
        0.8939582109451294,
        0.8930668830871582,
        0.8922522068023682,
        0.8915200233459473,
        0.8909170031547546,
        0.8904337882995605,
        0.8900359869003296,
        0.8896998167037964,
        0.889409065246582,
        0.8891518712043762,
        0.8889220356941223,
        0.8887160420417786,
        0.8885328769683838,
        0.8883731961250305,
        0.888234555721283,
        0.8881136178970337,
        0.8880063891410828,
        0.8879101276397705,
        0.8878212571144104,
        0.8877374529838562,
        0.8876580595970154,
        0.8875812888145447,
        0.8875072598457336,
        0.8874368071556091,
        0.8873681426048279,
        0.8873034119606018,
        0.8872413039207458,
        0.8871832489967346,
        0.8871288895606995,
        0.8870779275894165,
        0.8870299458503723,
        0.8869856595993042,
        0.8869436979293823,
        0.8869050741195679,
        0.8868696689605713,
        0.8868361115455627,
        0.8868040442466736,
        0.8867744207382202,
        0.8867461681365967,
        0.8867192268371582,
        0.886694073677063,
        0.8866693377494812,
        0.8866460919380188,
        0.8866236209869385,
        0.8866016268730164,
        0.8865805864334106,
        0.8865604400634766,
        0.8865412473678589,
        0.8865230679512024,
        0.8865052461624146,
        0.8864883184432983,
        0.886471688747406,
        0.8864555954933167,
        0.8864402174949646,
        0.8864256739616394,
        0.8864113092422485,
        0.8863976001739502,
        0.8863844275474548,
        0.8863715529441833,
        0.886359453201294,
        0.8863472938537598,
        0.886336088180542,
        0.8863252997398376,
        0.8863145112991333,
        0.8863043189048767,
        0.886294960975647,
        0.8862857222557068,
        0.8862765431404114,
        0.8862686157226562,
        0.8862603306770325,
        0.8862520456314087,
        0.8862439393997192,
        0.8862359523773193,
        0.8862282037734985,
        0.8862203359603882,
        0.8862125277519226,
        0.8862054944038391,
        0.8861978054046631,
        0.8861905336380005,
        0.8861830830574036,
        0.8861758708953857,
        0.8861685395240784,
        0.8861610293388367,
        0.8861542344093323,
        0.8861469626426697,
        0.8861400485038757,
        0.8861333727836609,
        0.8861266374588013,
        0.8861202001571655,
        0.8861132860183716,
        0.886106550693512,
        0.8861005902290344,
        0.8860943913459778,
        0.8860882520675659,
        0.8860823512077332,
        0.8860765099525452,
        0.8860710859298706,
        0.8860654830932617,
        0.8860601782798767,
        0.8860552310943604,
        0.8860499262809753,
        0.8860449194908142,
        0.8860400319099426,
        0.8860350847244263,
        0.8860298991203308,
        0.8860253691673279,
        0.8860202431678772,
        0.8860156536102295,
        0.8860111832618713,
        0.8860065340995789,
        0.8860020041465759,
        0.8859972357749939,
        0.8859929442405701,
        0.8859883546829224,
        0.8859835863113403,
        0.885979175567627,
        0.8859744668006897,
        0.8859699368476868,
        0.8859649300575256,
        0.885960042476654,
        0.8859555125236511,
        0.8859507441520691,
        0.8859453201293945,
        0.8859405517578125,
        0.8859348297119141,
        0.8859298229217529,
        0.8859245181083679,
        0.8859187960624695,
        0.8859133720397949,
        0.8859075903892517,
        0.8859022259712219,
        0.8858968019485474,
        0.8858911395072937,
        0.8858858942985535,
        0.8858803510665894,
        0.8858749866485596,
        0.8858699798583984,
        0.8858650922775269,
        0.8858597278594971,
        0.8858545422554016,
        0.8858500719070435,
        0.8858453035354614,
        0.8858408331871033,
        0.885836660861969,
        0.8858321905136108,
        0.8858284950256348,
        0.8858243823051453,
        0.8858206272125244,
        0.8858172297477722,
        0.8858133554458618,
        0.8858097791671753,
        0.8858057856559753,
        0.8858029246330261,
        0.885799765586853,
        0.8857966065406799,
        0.8857933282852173,
        0.8857905864715576,
        0.8857874870300293,
        0.8857851624488831,
        0.8857824206352234,
        0.8857797980308533,
        0.8857770562171936,
        0.8857749104499817,
        0.8857727646827698,
        0.8857704401016235,
        0.8857682943344116,
        0.8857656717300415,
        0.8857638835906982,
        0.8857616782188416,
        0.8857601284980774,
        0.8857581615447998,
        0.885756254196167,
        0.8857543468475342,
        0.8857529163360596,
        0.8857510685920715,
        0.8857493996620178,
        0.8857480883598328,
        0.8857463598251343,
        0.8857446312904358,
        0.8857433795928955,
        0.8857418894767761,
        0.8857405781745911,
        0.8857389092445374,
        0.8857374787330627,
        0.8857361674308777,
        0.8857345581054688,
        0.885732889175415,
        0.8857318162918091,
        0.885730504989624,
        0.8857289552688599,
        0.8857282400131226,
        0.8857268691062927,
        0.885725736618042,
        0.8857246041297913,
        0.8857239484786987,
        0.8857229948043823,
        0.8857221007347107,
        0.8857210278511047,
        0.8857203722000122,
        0.8857192993164062,
        0.8857184052467346,
        0.8857176303863525,
        0.8857169151306152,
        0.8857165575027466,
        0.885715663433075,
        0.8857150077819824,
        0.8857143521308899,
        0.8857137560844421,
        0.8857130408287048,
        0.8857125043869019,
        0.885711669921875,
        0.885711133480072,
        0.8857102990150452,
        0.8857095241546631,
        0.8857088088989258,
        0.8857080340385437,
        0.8857070207595825,
        0.8857060670852661,
        0.8857051730155945,
        0.8857043981552124,
        0.8857030868530273,
        0.8857020139694214,
        0.8857008814811707,
        0.8856996297836304,
        0.8856985569000244,
        0.8856971263885498,
        0.8856953978538513,
        0.8856939077377319,
        0.8856926560401917,
        0.8856909275054932,
        0.8856891393661499,
        0.8856871128082275,
        0.88568514585495,
        0.8856831789016724,
        0.88568115234375,
        0.8856791853904724,
        0.8856772184371948,
        0.8856747150421143,
        0.8856724500656128,
        0.8856703639030457,
        0.8856682777404785,
        0.8856660723686218,
        0.8856638669967651,
        0.8856616616249084,
        0.8856596946716309,
        0.8856577277183533,
        0.8856554627418518,
        0.8856538534164429,
        0.8856524229049683,
        0.8856506943702698,
        0.8856492638587952,
        0.8856478333473206,
        0.8856465816497803,
        0.88564532995224,
        0.8856439590454102,
        0.8856425881385803,
        0.8856413960456848,
        0.8856407403945923,
        0.8856393694877625,
        0.8856382966041565,
        0.8856369256973267,
