{
    "normalized_frobenius_error": 0.9168230891227722,
    "masked_rmse": 0.1202864944934845,
    "mean_nonzero_value": 1.3623639345169067,
    "relative_rmse": 0.08829247951507568,
    "explained_variance": 0.1594354510307312,
    "computation_time": 0.36594200134277344,
    "all_factors_non_negative": true,
    "factor_sparsity": [
        "17.74%",
        "25.27%",
        "9.72%"
    ],
    "device": "cpu",
    "best_initialization": "random",
    "errors_history": [
        0.9785887002944946,
        0.9758566617965698,
        0.9753930568695068,
        0.9751524925231934,
        0.9748840928077698,
        0.9744636416435242,
        0.9736950397491455,
        0.9722023010253906,
        0.9695000052452087,
        0.9656583070755005,
        0.9615439176559448,
        0.9575871825218201,
        0.9541778564453125,
        0.9515749216079712,
        0.9495345950126648,
        0.9477454423904419,
        0.9461100697517395,
        0.9446515440940857,
        0.9433577060699463,
        0.9421815872192383,
        0.941071629524231,
        0.9399549961090088,
        0.9387350678443909,
        0.9374035000801086,
        0.9361125230789185,
        0.9349902272224426,
        0.9340657591819763,
        0.9333293437957764,
        0.9327613115310669,
        0.9323305487632751,
        0.932009756565094,
        0.9317750334739685,
        0.9315947890281677,
        0.9314537644386292,
        0.9313415884971619,
        0.9312521815299988,
        0.9311779737472534,
        0.9311137199401855,
        0.9310564994812012,
        0.9310041069984436,
        0.9309551119804382,
        0.9309089779853821,
        0.9308639764785767,
        0.9308200478553772,
        0.9307762980461121,
        0.930733323097229,
        0.9306901693344116,
        0.9306480288505554,
        0.9306061863899231,
        0.9305649399757385,
        0.9305243492126465,
        0.9304835796356201,
        0.9304425120353699,
        0.9303997159004211,
        0.9303551912307739,
        0.9303090572357178,
        0.9302613139152527,
        0.9302121996879578,
        0.9301629066467285,
        0.9301139712333679,
        0.9300662875175476,
        0.9300190210342407,
        0.9299726486206055,
        0.9299250245094299,
        0.9298746585845947,
        0.9298179745674133,
        0.9297473430633545,
        0.9296509027481079,
        0.9295030236244202,
        0.9292528033256531,
        0.9287976026535034,
        0.9279751181602478,
        0.9265991449356079,
        0.924588143825531,
        0.9223180413246155,
        0.9205817580223083,
        0.9196614027023315,
        0.9192418456077576,
        0.9189723134040833,
        0.9185055494308472,
        0.9180508852005005,
        0.9178599119186401,
        0.9177266955375671,
        0.9175949692726135,
        0.917508602142334,
        0.917432427406311,
        0.9173292517662048,
        0.9172627925872803,
        0.917160153388977,
        0.9171200394630432,
        0.9170969724655151,
        0.9170780181884766,
        0.9170602560043335,
        0.9170465469360352,
        0.9170359969139099,
        0.9170274138450623,
        0.9170196652412415,
        0.9170101881027222,
        0.9169961810112,
        0.9169759750366211,
        0.916954755783081,
        0.9169389605522156,
        0.9169290065765381,
        0.9169229865074158,
        0.9169180989265442,
        0.9169138669967651,
        0.9169091582298279,
        0.9169036149978638,
        0.9168969988822937,
        0.916888952255249,
        0.9168799519538879,
        0.9168720245361328,
        0.9168658256530762,
        0.9168617129325867,
        0.9168589115142822,
        0.9168567061424255,
        0.916854977607727,
        0.9168538451194763,
        0.9168527126312256,
        0.9168519973754883,
        0.9168513417243958,
        0.9168506860733032,
        0.9168500900268555,
        0.9168494343757629,
        0.9168488383293152,
        0.9168481230735779,
        0.9168472290039062,
        0.9168462753295898,
        0.9168453216552734,
        0.9168442487716675,
        0.9168435335159302,
        0.916842520236969,
        0.9168418645858765,
        0.9168408513069153,
        0.9168400764465332,
        0.9168388247489929,
        0.916837751865387,
        0.9168363213539124,
        0.9168351888656616,
        0.916833758354187,
        0.9168323278427124,
        0.9168311357498169,
        0.9168301820755005,
        0.916829526424408,
        0.9168289303779602,
        0.916828453540802,
        0.9168280959129333,
        0.9168277978897095,
        0.9168274998664856,
        0.9168270230293274,
        0.9168266654014587,
        0.916826069355011,
        0.916825532913208,
        0.9168251156806946,
        0.9168246388435364,
        0.9168245792388916,
        0.916824460029602,
        0.9168241620063782,
        0.9168241024017334,
        0.9168238043785095,
        0.9168235659599304,
        0.9168233871459961,
        0.9168230891227722,
        0.9168230891227722
    ],
    "ranks": {
        "origin": 4,
        "destination": 6,
        "time": 3
    }
}