{
    "normalized_frobenius_error": 0.9468902349472046,
    "masked_rmse": 0.124230295419693,
    "mean_nonzero_value": 1.3623639345169067,
    "relative_rmse": 0.09118730574846268,
    "explained_variance": 0.10339891910552979,
    "computation_time": 0.4766807556152344,
    "all_factors_non_negative": true,
    "factor_sparsity": [
        "24.19%",
        "22.58%",
        "11.11%"
    ],
    "device": "mps",
    "best_initialization": "random",
    "errors_history": [
        0.9711392521858215,
        0.958346962928772,
        0.9531142115592957,
        0.9505826234817505,
        0.9489840865135193,
        0.9480679631233215,
        0.9476121068000793,
        0.9473802447319031,
        0.9472475647926331,
        0.9471612572669983,
        0.9471005201339722,
        0.9470559358596802,
        0.9470219612121582,
        0.9469951391220093,
        0.9469736814498901,
        0.94695645570755,
        0.9469425678253174,
        0.9469314813613892,
        0.9469226002693176,
        0.9469155073165894,
        0.9469099640846252,
        0.9469056129455566,
        0.9469022750854492,
        0.9468997120857239,
        0.9468975067138672,
        0.9468958973884583,
        0.9468945264816284,
        0.9468935132026672,
        0.9468927383422852,
        0.9468920230865479,
        0.9468915462493896,
        0.946891188621521,
        0.9468908905982971,
        0.9468907117843628,
        0.9468905329704285,
        0.9468904137611389,
        0.9468903541564941,
        0.9468902349472046,
        0.9468902349472046
    ],
    "l1_regularization": 0.0,
    "l2_regularization": 0.0,
    "random_state": 409252,
    "c1_unique_zones": 3,
    "c2_unique_od_pairs": 1,
    "c1_c2_approach": "percentage",
    "c1_c2_percentage": 0.2
}