{
    "normalized_frobenius_error": 0.8681363463401794,
    "masked_rmse": 0.22642333805561066,
    "mean_nonzero_value": 1.345635175704956,
    "relative_rmse": 0.16826502978801727,
    "explained_variance": 0.2463393211364746,
    "computation_time": 1.0963950157165527,
    "all_factors_non_negative": true,
    "factor_sparsity": [
        "25.78%",
        "22.67%",
        "10.83%"
    ],
    "device": "mps",
    "best_initialization": "random",
    "errors_history": [
        0.9423919916152954,
        0.9321479797363281,
        0.923407256603241,
        0.9136373400688171,
        0.9018006920814514,
        0.8906145095825195,
        0.8827996850013733,
        0.8779641389846802,
        0.8751738667488098,
        0.8736458420753479,
        0.8727285861968994,
        0.8720703125,
        0.871532142162323,
        0.8710641264915466,
        0.870650053024292,
        0.8702884316444397,
        0.8699791431427002,
        0.869718611240387,
        0.8695005178451538,
        0.8693183660507202,
        0.8691665530204773,
        0.869038999080658,
        0.8689306974411011,
        0.8688369989395142,
        0.8687554001808167,
        0.8686845302581787,
        0.8686232566833496,
        0.8685702085494995,
        0.8685238361358643,
        0.8684833645820618,
        0.8684483170509338,
        0.8684181571006775,
        0.8683921098709106,
        0.868369460105896,
        0.8683500289916992,
        0.8683335185050964,
        0.8683192133903503,
        0.868306577205658,
        0.8682951927185059,
        0.8682850003242493,
        0.8682756423950195,
        0.8682668805122375,
        0.8682586550712585,
        0.8682507276535034,
        0.8682428598403931,
        0.8682350516319275,
        0.8682271838188171,
        0.8682195544242859,
        0.8682122826576233,
        0.868205726146698,
        0.8682000637054443,
        0.8681954145431519,
        0.8681913018226624,
        0.8681878447532654,
        0.8681848049163818,
        0.8681819438934326,
        0.868179440498352,
        0.8681772351264954,
        0.868175208568573,
        0.8681734204292297,
        0.8681716322898865,
        0.8681700825691223,
        0.8681686520576477,
        0.8681672811508179,
        0.8681661486625671,
        0.8681650757789612,
        0.8681640028953552,
        0.868162989616394,
        0.868162214756012,
        0.8681613206863403,
        0.8681605458259583,
        0.8681598901748657,
        0.8681592345237732,
        0.8681585192680359,
        0.8681579232215881,
        0.8681572675704956,
        0.8681568503379822,
        0.8681563138961792,
        0.868155837059021,
        0.868155300617218,
        0.8681548237800598,
        0.8681545257568359,
        0.8681540489196777,
        0.8681535720825195,
        0.8681532144546509,
        0.8681528568267822,
        0.8681524395942688,
        0.8681520819664001,
        0.8681517243385315,
        0.8681513667106628,
        0.8681510090827942,
        0.8681506514549255,
        0.8681502938270569,
        0.8681499361991882,
        0.8681495785713196,
        0.8681492805480957,
        0.868148922920227,
        0.8681485056877136,
        0.8681483268737793,
        0.8681479096412659,
        0.8681475520133972,
        0.8681471943855286,
        0.8681468963623047,
        0.868146538734436,
        0.8681461811065674,
        0.8681458234786987,
        0.8681454062461853,
        0.8681450486183167,
        0.8681446313858032,
        0.8681442141532898,
        0.8681437969207764,
        0.8681434392929077,
        0.8681429624557495,
        0.8681425452232361,
        0.8681420087814331,
        0.8681417107582092,
        0.868141233921051,
        0.868140697479248,
        0.8681403398513794,
        0.8681400418281555,
        0.8681396245956421,
        0.868139386177063,
        0.8681390285491943,
        0.86813884973526,
        0.8681384921073914,
        0.868138313293457,
        0.8681381344795227,
        0.8681378960609436,
        0.8681378364562988,
        0.8681376576423645,
        0.868137538433075,
        0.8681373596191406,
        0.8681371808052063,
        0.8681370615959167,
        0.868137001991272,
        0.8681369423866272,
        0.8681367635726929,
        0.8681366443634033,
        0.8681365847587585,
        0.868136465549469,
        0.8681365251541138,
        0.8681363463401794,
        0.8681363463401794
    ],
    "l1_regularization": 0.0,
    "l2_regularization": 0.0,
    "random_state": 756400,
    "c1_unique_zones": 3,
    "c2_unique_od_pairs": 0,
    "c1_c2_approach": "percentage",
    "c1_c2_percentage": 0.2
}