{
    "normalized_frobenius_error": 0.9028708934783936,
    "masked_rmse": 0.11845504492521286,
    "mean_nonzero_value": 1.3623639345169067,
    "relative_rmse": 0.08694816380739212,
    "explained_variance": 0.1848241686820984,
    "computation_time": 1.0592567920684814,
    "all_factors_non_negative": true,
    "factor_sparsity": [
        "40.59%",
        "34.95%",
        "24.31%"
    ],
    "device": "mps",
    "best_initialization": "random",
    "errors_history": [
        0.9712236523628235,
        0.9499053359031677,
        0.9355835914611816,
        0.9276620745658875,
        0.9207561612129211,
        0.9164839386940002,
        0.9144887924194336,
        0.9130579829216003,
        0.9118289351463318,
        0.9107524156570435,
        0.9098567962646484,
        0.9091558456420898,
        0.9086490869522095,
        0.908289909362793,
        0.9079912304878235,
        0.9076964855194092,
        0.9074029922485352,
        0.9071170687675476,
        0.9068330526351929,
        0.9065389633178711,
        0.9062184691429138,
        0.9058624505996704,
        0.9054974317550659,
        0.9051231741905212,
        0.904739499092102,
        0.9043948650360107,
        0.9041447043418884,
        0.9039740562438965,
        0.9038091897964478,
        0.9035881757736206,
        0.9034594297409058,
        0.9033792018890381,
        0.9032936096191406,
        0.9032180905342102,
        0.9031782746315002,
        0.9031510949134827,
        0.9031278491020203,
        0.9031065702438354,
        0.9030870199203491,
        0.9030658602714539,
        0.9030190110206604,
        0.902988612651825,
        0.9029664993286133,
        0.9029547572135925,
        0.9029463529586792,
        0.9029399156570435,
        0.902934730052948,
        0.9029302597045898,
        0.9029257297515869,
        0.9029210805892944,
        0.9029181599617004,
        0.9029155969619751,
        0.9029125571250916,
        0.9029070734977722,
        0.9028974175453186,
        0.9028865694999695,
        0.9028827548027039,
        0.9028813242912292,
        0.9028802514076233,
        0.9028792977333069,
        0.90287846326828,
        0.9028775691986084,
        0.9028769135475159,
        0.9028762578964233,
        0.9028756618499756,
        0.9028751850128174,
        0.9028747081756592,
        0.9028743505477905,
        0.9028739333152771,
        0.9028735756874084,
        0.9028732776641846,
        0.9028729796409607,
        0.9028728008270264,
        0.9028725028038025,
        0.9028723239898682,
        0.9028721451759338,
        0.9028719663619995,
        0.90287184715271,
        0.9028716683387756,
        0.9028715491294861,
        0.9028714895248413,
        0.9028713703155518,
        0.9028712511062622,
        0.9028710722923279,
        0.9028710126876831,
        0.9028708934783936,
        0.9028708934783936
    ],
    "l1_regularization": 0.0,
    "l2_regularization": 0.0,
    "random_state": 488013,
    "c1_unique_zones": 2,
    "c2_unique_od_pairs": 0,
    "c1_c2_approach": "percentage",
    "c1_c2_percentage": 0.2
}