{
    "normalized_frobenius_error": 0.8564932942390442,
    "masked_rmse": 0.22338667511940002,
    "mean_nonzero_value": 1.345635175704956,
    "relative_rmse": 0.1660083532333374,
    "explained_variance": 0.26641929149627686,
    "computation_time": 1.0799949169158936,
    "all_factors_non_negative": true,
    "factor_sparsity": [
        "25.78%",
        "22.22%",
        "10.83%"
    ],
    "device": "mps",
    "best_initialization": "random",
    "errors_history": [
        0.9434583187103271,
        0.9342052340507507,
        0.9270862936973572,
        0.9201944470405579,
        0.9133256077766418,
        0.9059104919433594,
        0.8970103859901428,
        0.8875533938407898,
        0.8803530931472778,
        0.8762347102165222,
        0.8740405440330505,
        0.8726890087127686,
        0.871587872505188,
        0.8704525828361511,
        0.869377076625824,
        0.8685493469238281,
        0.8679504990577698,
        0.8674942255020142,
        0.867112934589386,
        0.8667691946029663,
        0.8664574027061462,
        0.8661847114562988,
        0.8659369349479675,
        0.865688145160675,
        0.8654499650001526,
        0.8652560710906982,
        0.8650989532470703,
        0.8649621605873108,
        0.8648360371589661,
        0.8647158741950989,
        0.8646005988121033,
        0.8644900321960449,
        0.8643850088119507,
        0.8642862439155579,
        0.8641936182975769,
        0.8641059398651123,
        0.8640215992927551,
        0.8639369606971741,
        0.8638480305671692,
        0.8637585639953613,
        0.8636758327484131,
        0.8635978698730469,
        0.8635180592536926,
        0.8634313941001892,
        0.8633341193199158,
        0.8632229566574097,
        0.8630927801132202,
        0.8629369139671326,
        0.8627457022666931,
        0.8625087141990662,
        0.8622152805328369,
        0.8618485331535339,
        0.8613730669021606,
        0.8607671856880188,
        0.860151469707489,
        0.8596328496932983,
        0.8592042326927185,
        0.8588276505470276,
        0.8584648966789246,
        0.8581815361976624,
        0.8580125570297241,
        0.8578951358795166,
        0.8577892780303955,
        0.8576952219009399,
        0.8576310873031616,
        0.8575851321220398,
        0.8575452566146851,
        0.8574881553649902,
        0.857425332069397,
        0.8573893904685974,
        0.8573632836341858,
        0.8573389649391174,
        0.8573225140571594,
        0.8573083281517029,
        0.8572799563407898,
        0.8572371006011963,
        0.8572137355804443,
        0.8572021126747131,
        0.8571878671646118,
        0.8571629524230957,
        0.857116162776947,
        0.8570435047149658,
        0.8569749593734741,
        0.8569368124008179,
        0.8569174408912659,
        0.8569031953811646,
        0.8568888902664185,
        0.8568753600120544,
        0.8568606972694397,
        0.8568485975265503,
        0.8568377494812012,
        0.8568263649940491,
        0.856813907623291,
        0.8568003177642822,
        0.8567853569984436,
        0.8567692041397095,
        0.8567519783973694,
        0.8567339777946472,
        0.8567155003547668,
        0.8566970229148865,
        0.8566791415214539,
        0.8566620349884033,
        0.8566461801528931,
        0.8566318154335022,
        0.856619119644165,
        0.8566082119941711,
        0.8565988540649414,
        0.8565912246704102,
        0.8565849661827087,
        0.8565800189971924,
        0.8565760850906372,
        0.8565730452537537,
        0.8565706610679626,
        0.8565688133239746,
        0.8565673232078552,
        0.8565661907196045,
        0.8565653562545776,
        0.8565645217895508,
        0.8565640449523926,
        0.8565635681152344,
        0.8565630316734314,
        0.8565626740455627,
        0.8565623760223389,
        0.8565619587898254,
        0.856561541557312,
        0.8565611243247986,
        0.8565605878829956,
        0.8565599918365479,
        0.8565592765808105,
        0.8565585017204285,
        0.8565576672554016,
        0.8565566539764404,
        0.8565554022789001,
        0.8565537333488464,
        0.8565508723258972,
        0.8565459847450256,
        0.8565375208854675,
        0.8565254211425781,
        0.8565123081207275,
        0.8565025925636292,
        0.8564974665641785,
        0.8564952611923218,
        0.8564943671226501,
        0.8564938902854919,
        0.8564936518669128,
        0.8564934730529785,
        0.8564934134483337,
        0.856493353843689,
        0.856493353843689
    ],
    "l1_regularization": 0.0,
    "l2_regularization": 0.0,
    "random_state": 563151,
    "c1_unique_zones": 2,
    "c2_unique_od_pairs": 0,
    "c1_c2_approach": "percentage",
    "c1_c2_percentage": 0.2
}