{
    "normalized_frobenius_error": 0.8847948312759399,
    "masked_rmse": 0.23076921701431274,
    "mean_nonzero_value": 1.345635175704956,
    "relative_rmse": 0.17149463295936584,
    "explained_variance": 0.2171381115913391,
    "computation_time": 0.6087949275970459,
    "all_factors_non_negative": true,
    "factor_sparsity": [
        "24.07%",
        "11.85%",
        "6.25%"
    ],
    "device": "cpu",
    "best_initialization": "svd",
    "errors_history": [
        0.9228861331939697,
        0.9145785570144653,
        0.9110394716262817,
        0.9088830947875977,
        0.9067524075508118,
        0.9044399857521057,
        0.9021734595298767,
        0.9001842141151428,
        0.8985698819160461,
        0.8973103761672974,
        0.8963363766670227,
        0.8956045508384705,
        0.895068347454071,
        0.894667387008667,
        0.8943576216697693,
        0.8941092491149902,
        0.893903911113739,
        0.8937290906906128,
        0.8935758471488953,
        0.8934409022331238,
        0.8933196663856506,
        0.8932097554206848,
        0.8931095600128174,
        0.8930178880691528,
        0.8929318785667419,
        0.8928514719009399,
        0.8927739858627319,
        0.8927006721496582,
        0.8926295042037964,
        0.8925607204437256,
        0.8924925923347473,
        0.8924257755279541,
        0.8923587203025818,
        0.8922921419143677,
        0.8922234177589417,
        0.8921537399291992,
        0.8920818567276001,
        0.8920081257820129,
        0.8919321894645691,
        0.8918541669845581,
        0.8917738199234009,
        0.8916913866996765,
        0.8916077017784119,
        0.8915212154388428,
        0.8914347290992737,
        0.8913463950157166,
        0.8912577033042908,
        0.891167938709259,
        0.891077995300293,
        0.8909870982170105,
        0.8908964991569519,
        0.8908064961433411,
        0.8907168507575989,
        0.8906277418136597,
        0.890541136264801,
        0.8904552459716797,
        0.8903717994689941,
        0.8902913331985474,
        0.8902125358581543,
        0.8901376724243164,
        0.890064537525177,
        0.8899934887886047,
        0.8899247646331787,
        0.8898578882217407,
        0.8897913694381714,
        0.8897245526313782,
        0.8896576166152954,
        0.8895902037620544,
        0.889521062374115,
        0.8894500732421875,
        0.8893787264823914,
        0.8893053531646729,
        0.889231264591217,
        0.889156699180603,
        0.8890824913978577,
        0.889008104801178,
        0.888934314250946,
        0.8888608813285828,
        0.8887893557548523,
        0.8887215256690979,
        0.8886591196060181,
        0.8886018395423889,
        0.8885490894317627,
        0.8885011672973633,
        0.8884565830230713,
        0.888415515422821,
        0.8883779644966125,
        0.8883416652679443,
        0.8883072137832642,
        0.8882735371589661,
        0.8882395029067993,
        0.8882033824920654,
        0.888165295124054,
        0.888122022151947,
        0.8880717754364014,
        0.8880113363265991,
        0.8879373669624329,
        0.8878471851348877,
        0.8877381682395935,
        0.8876134157180786,
        0.8874831795692444,
        0.8873584270477295,
        0.8872455954551697,
        0.8871450424194336,
        0.8870550394058228,
        0.8869727849960327,
        0.8868962526321411,
        0.8868247270584106,
        0.8867590427398682,
        0.8866987824440002,
        0.8866448998451233,
        0.8865974545478821,
        0.8865559697151184,
        0.8865197896957397,
        0.886488139629364,
        0.8864607214927673,
        0.886436402797699,
        0.8864137530326843,
        0.8863927721977234,
        0.8863729238510132,
        0.8863512277603149,
        0.8863248825073242,
        0.8862859010696411,
        0.8862219452857971,
        0.8861382603645325,
        0.8860653042793274,
        0.8860176205635071,
        0.8859858512878418,
        0.8859613537788391,
        0.8859407901763916,
        0.8859217762947083,
        0.8859038352966309,
        0.885886549949646,
        0.8858701586723328,
        0.8858543634414673,
        0.8858388066291809,
        0.8858231902122498,
        0.8858081698417664,
        0.8857932686805725,
        0.8857775926589966,
        0.8857622742652893,
        0.8857468366622925,
        0.8857306241989136,
        0.8857147097587585,
        0.8856967091560364,
        0.8856762051582336,
        0.8856509923934937,
        0.885616660118103,
        0.8855720162391663,
        0.8855176568031311,
        0.8854668736457825,
        0.8854265809059143,
        0.8853968381881714,
        0.8853743672370911,
        0.8853560090065002,
        0.885339617729187,
        0.8853257298469543,
        0.8853128552436829,
        0.8853009343147278,
        0.8852903842926025,
        0.8852800726890564,
        0.8852710127830505,
        0.8852626085281372,
        0.8852542638778687,
        0.8852468729019165,
        0.8852395415306091,
        0.8852330446243286,
        0.8852266073226929,
        0.885220468044281,
        0.8852148652076721,
        0.8852096796035767,
        0.8852046728134155,
        0.885199785232544,
        0.8851951360702515,
        0.8851912617683411,
        0.8851866722106934,
        0.885182797908783,
        0.8851790428161621,
        0.8851754069328308,
        0.8851727843284607,
        0.8851695656776428,
        0.8851667046546936,
        0.8851636648178101,
        0.8851613998413086,
        0.885158896446228,
        0.8851565718650818,
        0.8851544260978699,
        0.8851519227027893,
        0.885150134563446,
        0.8851487040519714,
        0.8851467967033386,
        0.8851447701454163,
        0.885143518447876,
        0.8851421475410461,
        0.8851403594017029,
        0.8851391673088074,
        0.8851377964019775,
        0.8851364254951477,
        0.8851351737976074,
        0.885134220123291,
        0.8851327896118164,
        0.8851319551467896,
        0.8851305842399597,
        0.8851296305656433,
        0.8851289749145508,
        0.8851284384727478,
        0.885127604007721,
        0.8851268887519836,
        0.8851264119148254,
        0.8851256370544434,
        0.8851245641708374,
        0.8851239681243896,
        0.8851233720779419,
        0.8851228356361389,
        0.8851223587989807,
        0.8851215839385986,
        0.8851210474967957,
        0.8851205110549927,
        0.8851197957992554,
        0.885119616985321,
        0.8851184844970703,
        0.8851183652877808,
        0.8851176500320435,
        0.8851174712181091,
        0.8851167559623718,
        0.8851161599159241,
        0.8851152658462524,
        0.885114848613739,
        0.8851142525672913,
        0.8851135969161987,
        0.885113000869751,
        0.8851122856140137,
        0.8851112127304077,
        0.885110080242157,
        0.8851093053817749,
        0.8851081728935242,
        0.8851072192192078,
        0.8851061463356018,
        0.8851049542427063,
        0.8851040005683899,
        0.8851026892662048,
        0.8851017951965332,
        0.8851008415222168,
        0.8850997686386108,
        0.8850988745689392,
        0.8850980401039124,
        0.8850974440574646,
        0.8850967288017273,
        0.8850961327552795,
        0.8850955367088318,
        0.8850951790809631,
        0.8850944638252258,
        0.8850940465927124,
        0.8850937485694885,
        0.8850932717323303,
        0.8850927948951721,
        0.8850923776626587,
        0.8850920796394348,
        0.8850914835929871,
        0.8850908875465393,
        0.8850905299186707,
        0.8850902318954468,
        0.8850898146629333,
        0.8850891590118408,
        0.8850885629653931,
        0.8850876688957214,
        0.8850871920585632,
        0.885086715221405,
        0.8850859999656677,
        0.88508540391922,
