{
    "normalized_frobenius_error": 0.9025717377662659,
    "masked_rmse": 0.11841580271720886,
    "mean_nonzero_value": 1.3623639345169067,
    "relative_rmse": 0.08691935986280441,
    "explained_variance": 0.18536430597305298,
    "computation_time": 1.9102880954742432,
    "all_factors_non_negative": true,
    "factor_sparsity": [
        "45.16%",
        "44.09%",
        "29.17%"
    ],
    "device": "mps",
    "best_initialization": "random",
    "errors_history": [
        0.9745460748672485,
        0.9649665951728821,
        0.9526553153991699,
        0.9381103515625,
        0.9256064891815186,
        0.9182963371276855,
        0.9146241545677185,
        0.9128924608230591,
        0.9120903611183167,
        0.911675214767456,
        0.9114121198654175,
        0.9112160801887512,
        0.9110236763954163,
        0.9107427000999451,
        0.9101415276527405,
        0.9086406230926514,
        0.9061303734779358,
        0.9044594168663025,
        0.9036211967468262,
        0.9032493233680725,
        0.9030956625938416,
        0.9030092358589172,
        0.9029789566993713,
        0.9029585719108582,
        0.9029408693313599,
        0.902921736240387,
        0.9029069542884827,
        0.9028975963592529,
        0.9028899669647217,
        0.9028829336166382,
        0.9028764367103577,
        0.9028697609901428,
        0.9028623700141907,
        0.9028552174568176,
        0.9028494358062744,
        0.9028447866439819,
        0.9028408527374268,
        0.9028374552726746,
        0.9028342366218567,
        0.9028292298316956,
        0.9028255939483643,
        0.9028228521347046,
        0.9028206467628479,
        0.9028187394142151,
        0.9028170108795166,
        0.9028154015541077,
        0.9028138518333435,
        0.9028124213218689,
        0.9028110504150391,
        0.902809739112854,
        0.9028084874153137,
        0.902807354927063,
        0.9028061628341675,
        0.9028050303459167,
        0.9028039574623108,
        0.9028029441833496,
        0.9028019905090332,
        0.9028010368347168,
        0.9028000831604004,
        0.9027991890907288,
        0.9027982354164124,
        0.902797281742096,
        0.9027964472770691,
        0.9027955532073975,
        0.9027947187423706,
        0.902793824672699,
        0.9027930498123169,
        0.90279221534729,
        0.9027913212776184,
        0.9027906060218811,
        0.9027897119522095,
        0.9027888774871826,
        0.9027881026268005,
        0.9027872085571289,
        0.902786374092102,
        0.9027854800224304,
        0.9027846455574036,
        0.9027838110923767,
        0.9027829170227051,
        0.9027820825576782,
        0.9027811288833618,
        0.9027801156044006,
        0.9027791619300842,
        0.9027783274650574,
        0.9027772545814514,
        0.902776300907135,
        0.9027753472328186,
        0.9027742147445679,
        0.9027731418609619,
        0.9027720093727112,
        0.9027708768844604,
        0.9027696847915649,
        0.9027684926986694,
        0.9027673006057739,
        0.9027659893035889,
        0.9027647376060486,
        0.9027633666992188,
        0.9027619361877441,
        0.9027606248855591,
        0.9027590751647949,
        0.9027575254440308,
        0.9027559161186218,
        0.9027543067932129,
        0.902752697467804,
        0.9027510285377502,
        0.902749240398407,
        0.9027475714683533,
        0.90274578332901,
        0.902743935585022,
        0.9027422070503235,
        0.9027402997016907,
        0.9027385115623474,
        0.9027366042137146,
        0.9027346968650818,
        0.9027327299118042,
        0.9027306437492371,
        0.9027287364006042,
        0.9027267098426819,
        0.9027247428894043,
        0.9027225971221924,
        0.9027206301689148,
        0.9027186036109924,
        0.9027164578437805,
        0.9027143716812134,
        0.9027122855186462,
        0.9027101397514343,
        0.9027080535888672,
        0.9027059674263,
        0.9027038216590881,
        0.9027019143104553,
        0.9026999473571777,
        0.9026979207992554,
        0.9026960134506226,
        0.9026939868927002,
        0.9026919603347778,
        0.902690052986145,
        0.9026882648468018,
        0.902686357498169,
        0.9026845097541809,
        0.9026827216148376,
        0.9026809930801392,
        0.9026792645454407,
        0.902677595615387,
        0.902675986289978,
        0.9026744365692139,
        0.9026730060577393,
        0.9026715159416199,
        0.90267014503479,
        0.902668833732605,
        0.9026674628257751,
        0.9026661515235901,
        0.9026649594306946,
        0.9026637673377991,
        0.9026626944541931,
        0.9026614427566528,
        0.9026603698730469,
        0.9026593565940857,
        0.9026582837104797,
        0.9026574492454529,
        0.9026564359664917,
        0.9026556015014648,
        0.9026548266410828,
        0.9026539921760559,
        0.9026532173156738,
        0.9026525616645813,
        0.9026517868041992,
        0.9026511311531067,
        0.9026504158973694,
        0.9026497602462769,
        0.9026491045951843,
        0.9026485085487366,
        0.9026477336883545,
        0.902647078037262,
        0.9026464223861694,
        0.9026456475257874,
        0.9026448726654053,
        0.9026440382003784,
        0.9026431441307068,
        0.9026421904563904,
        0.9026414155960083,
        0.9026406407356262,
        0.9026399850845337,
        0.9026393294334412,
        0.902638852596283,
        0.9026382565498352,
        0.9026377201080322,
        0.902637243270874,
        0.9026366472244263,
        0.9026361703872681,
        0.9026358127593994,
        0.9026353359222412,
        0.902634859085083,
        0.90263432264328,
        0.9026336073875427,
        0.9026325345039368,
        0.902630627155304,
        0.9026276469230652,
        0.9026235342025757,
        0.9026184678077698,
        0.9026137590408325,
        0.9026099443435669,
        0.902607262134552,
        0.9026051759719849,
        0.9026033282279968,
        0.9026017189025879,
        0.9026001691818237,
        0.9025987386703491,
        0.9025973081588745,
        0.9025959372520447,
        0.9025946259498596,
        0.9025933742523193,
        0.902592122554779,
        0.9025909900665283,
        0.9025898575782776,
        0.9025889039039612,
        0.9025879502296448,
        0.9025869965553284,
        0.9025859832763672,
        0.9025852680206299,
        0.9025845527648926,
        0.9025838375091553,
        0.9025832414627075,
        0.902582585811615,
        0.9025821089744568,
        0.9025816321372986,
        0.9025811553001404,
        0.902580738067627,
        0.9025803804397583,
        0.9025800824165344,
        0.902579665184021,
        0.9025794267654419,
        0.9025791883468628,
        0.9025790095329285,
        0.9025787115097046,
        0.9025786519050598,
        0.9025784730911255,
        0.9025782346725464,
        0.9025781750679016,
        0.9025779962539673,
        0.9025778770446777,
        0.9025775790214539,
        0.9025774002075195,
        0.9025768041610718,
        0.9025760293006897,
        0.902574896812439,
        0.9025737643241882,
        0.9025728702545166,
        0.9025723934173584,
        0.9025721549987793,
        0.9025720357894897,
        0.9025719165802002,
        0.9025718569755554,
        0.9025717377662659,
        0.9025717377662659
    ],
    "l1_regularization": 0.0,
    "l2_regularization": 0.0,
    "random_state": 167737,
    "c1_unique_zones": 2,
    "c2_unique_od_pairs": 0,
    "c1_c2_approach": "percentage",
    "c1_c2_percentage": 0.2
}