{
    "normalized_frobenius_error": 0.8900406956672668,
    "masked_rmse": 0.11677174270153046,
    "mean_nonzero_value": 1.3623639345169067,
    "relative_rmse": 0.08571258932352066,
    "explained_variance": 0.207827627658844,
    "computation_time": 0.857666015625,
    "all_factors_non_negative": true,
    "factor_sparsity": [
        "48.39%",
        "48.39%",
        "34.52%"
    ],
    "device": "mps",
    "best_initialization": "random",
    "errors_history": [
        0.9711111187934875,
        0.9485734701156616,
        0.9290818572044373,
        0.9166519641876221,
        0.9088208079338074,
        0.9020223617553711,
        0.8971865177154541,
        0.8956955075263977,
        0.8950744271278381,
        0.8947301506996155,
        0.8944933414459229,
        0.8943061232566833,
        0.8941507339477539,
        0.894027829170227,
        0.8939322829246521,
        0.8938548564910889,
        0.8937854170799255,
        0.8937259912490845,
        0.8936758041381836,
        0.8936307430267334,
        0.8935887217521667,
        0.8935471773147583,
        0.8935043811798096,
        0.8934598565101624,
        0.8934114575386047,
        0.8933582305908203,
        0.8933009505271912,
        0.8932439088821411,
        0.8931896090507507,
        0.8931374549865723,
        0.8930867314338684,
        0.8930364847183228,
        0.8929891586303711,
        0.8929451704025269,
        0.8929038047790527,
        0.8928643465042114,
        0.8928254842758179,
        0.8927844166755676,
        0.8927372097969055,
        0.892680287361145,
        0.8926130533218384,
        0.8925348520278931,
        0.8924394249916077,
        0.8923187255859375,
        0.8921674489974976,
        0.8919901847839355,
        0.8917941451072693,
        0.8915929198265076,
        0.8914046883583069,
        0.8912259936332703,
        0.8909701108932495,
        0.8907039761543274,
        0.8905777335166931,
        0.8905087113380432,
        0.8904509544372559,
        0.8904241919517517,
        0.8904098868370056,
        0.8904008269309998,
        0.8903948068618774,
        0.8903902769088745,
        0.8903836607933044,
        0.8903667330741882,
        0.8903275728225708,
        0.8902863264083862,
        0.8902732133865356,
        0.890267014503479,
        0.8902336955070496,
        0.8901509642601013,
        0.8901337385177612,
        0.8901286721229553,
        0.890125572681427,
        0.8901234865188599,
        0.890121579170227,
        0.8901198506355286,
        0.8901182413101196,
        0.8901171684265137,
        0.8901162147521973,
        0.8901154398918152,
        0.8901147842407227,
        0.8901140093803406,
        0.8901134133338928,
        0.8901127576828003,
        0.8901121020317078,
        0.8901112675666809,
        0.8901102542877197,
        0.8901097178459167,
        0.890109121799469,
        0.890108585357666,
        0.8901075124740601,
        0.8901061415672302,
        0.8901054263114929,
        0.8901048302650452,
        0.8901045322418213,
        0.8901040554046631,
        0.8901036977767944,
        0.8901033997535706,
        0.8901031017303467,
        0.8901028037071228,
        0.8901024460792542,
        0.8901021480560303,
        0.890101969242096,
        0.8901015520095825,
        0.8901011943817139,
        0.8901005983352661,
        0.8900995850563049,
        0.8900975584983826,
        0.8900948762893677,
        0.8900929689407349,
        0.8900918960571289,
        0.8900914192199707,
        0.890091061592102,
        0.8900906443595886,
        0.89009028673172,
        0.8900899887084961,
        0.8900896310806274,
        0.890089213848114,
        0.8900888562202454,
        0.8900885581970215,
        0.8900882601737976,
        0.890087902545929,
        0.8900874853134155,
        0.8900871872901917,
        0.890086829662323,
        0.8900864720344543,
        0.8900859951972961,
        0.8900854587554932,
        0.8900849223136902,
        0.8900843262672424,
        0.8900835514068604,
        0.8900830149650574,
        0.8900825381278992,
        0.8900819420814514,
        0.8900815844535828,
        0.8900811076164246,
        0.8900806903839111,
        0.8900803327560425,
        0.8900798559188843,
        0.8900793790817261,
        0.8900789022445679,
        0.8900784850120544,
        0.8900780081748962,
        0.890077531337738,
        0.8900770545005798,
        0.8900765776634216,
        0.8900761008262634,
        0.8900756239891052,
        0.8900750279426575,
        0.8900745511054993,
        0.8900740742683411,
        0.8900735974311829,
        0.8900730609893799,
        0.8900724649429321,
        0.8900721073150635,
        0.8900713920593262,
        0.890070915222168,
        0.890070378780365,
        0.8900697827339172,
        0.8900691866874695,
        0.8900686502456665,
        0.8900680541992188,
        0.8900675177574158,
        0.890066921710968,
        0.8900663256645203,
        0.8900657892227173,
        0.89006507396698,
        0.890064537525177,
        0.8900639414787292,
        0.8900633454322815,
        0.8900628089904785,
        0.8900622129440308,
        0.8900615572929382,
        0.8900609612464905,
        0.890060305595398,
        0.8900597095489502,
        0.8900590538978577,
        0.8900583982467651,
        0.8900576233863831,
        0.8900569677352905,
        0.8900561928749084,
        0.8900555968284607,
        0.8900549411773682,
        0.8900544047355652,
        0.8900536894798279,
        0.8900531530380249,
        0.8900524377822876,
        0.8900517821311951,
        0.8900512456893921,
        0.8900505304336548,
        0.8900499939918518,
        0.8900495171546936,
        0.8900490403175354,
        0.8900485634803772,
        0.890048086643219,
        0.8900476098060608,
        0.8900471925735474,
        0.8900468349456787,
        0.8900463581085205,
        0.8900459408760071,
        0.8900455832481384,
        0.8900452852249146,
        0.8900448083877563,
        0.890044629573822,
        0.8900442123413086,
        0.8900439143180847,
        0.8900437355041504,
        0.8900434374809265,
        0.8900431990623474,
        0.8900429010391235,
        0.890042781829834,
        0.8900424838066101,
        0.8900423049926758,
        0.8900421261787415,
        0.8900419473648071,
        0.8900417685508728,
        0.8900416493415833,
        0.8900415301322937,
        0.8900412917137146,
        0.890041172504425,
        0.8900410532951355,
        0.8900409936904907,
        0.8900408744812012,
        0.8900407552719116,
        0.8900406956672668,
        0.8900406956672668
    ],
    "l1_regularization": 0.0,
    "l2_regularization": 0.0,
    "random_state": 443458,
    "c1_unique_zones": 3,
    "c2_unique_od_pairs": 0,
    "c1_c2_approach": "percentage",
    "c1_c2_percentage": 0.2
}