{
    "normalized_frobenius_error": 0.8763880729675293,
    "masked_rmse": 0.19563676416873932,
    "mean_nonzero_value": 1.5989879369735718,
    "relative_rmse": 0.12235037237405777,
    "explained_variance": 0.23194396495819092,
    "computation_time": 0.9501769542694092,
    "all_factors_non_negative": true,
    "factor_sparsity": [
        "22.71%",
        "28.99%",
        "13.19%"
    ],
    "device": "mps",
    "best_initialization": "random",
    "errors_history": [
        0.9571477174758911,
        0.940466582775116,
        0.9253047704696655,
        0.9145231246948242,
        0.9068484902381897,
        0.9012599587440491,
        0.8972418904304504,
        0.8945448398590088,
        0.8928178548812866,
        0.8916164040565491,
        0.8906837701797485,
        0.8899006843566895,
        0.8891920447349548,
        0.8885220885276794,
        0.8878707885742188,
        0.8872247934341431,
        0.8865805864334106,
        0.885940670967102,
        0.8853024840354919,
        0.8846550583839417,
        0.8839928507804871,
        0.8833557367324829,
        0.8828056454658508,
        0.8823665976524353,
        0.8820378184318542,
        0.8818017244338989,
        0.8816332817077637,
        0.8815092444419861,
        0.8814114332199097,
        0.8813212513923645,
        0.8812379837036133,
        0.881178081035614,
        0.8811290860176086,
        0.8810667991638184,
        0.8809586763381958,
        0.8808189034461975,
        0.8807209730148315,
        0.8806694149971008,
        0.8806384801864624,
        0.8806158304214478,
        0.8805970549583435,
        0.8805793523788452,
        0.8805586099624634,
        0.8805241584777832,
        0.8804508447647095,
        0.8803058862686157,
        0.8800985813140869,
        0.8798626065254211,
        0.8795899152755737,
        0.8792656660079956,
        0.8788803219795227,
        0.8784360885620117,
        0.8779624104499817,
        0.8775179386138916,
        0.8771626353263855,
        0.8769202828407288,
        0.8767731785774231,
        0.8766884207725525,
        0.8766376972198486,
        0.8766006827354431,
        0.8765626549720764,
        0.876524031162262,
        0.8764992952346802,
        0.8764864206314087,
        0.8764789700508118,
        0.8764739036560059,
        0.876470148563385,
        0.876467227935791,
        0.8764647841453552,
        0.8764626979827881,
        0.8764605522155762,
        0.8764585256576538,
        0.8764562010765076,
        0.8764534592628479,
        0.8764500617980957,
        0.8764457106590271,
        0.8764404058456421,
        0.8764345645904541,
        0.87642902135849,
        0.876424252986908,
        0.8764204382896423,
        0.8764174580574036,
        0.8764152526855469,
        0.8764134645462036,
        0.8764121532440186,
        0.8764110207557678,
        0.876410186290741,
        0.8764094114303589,
        0.8764088153839111,
        0.8764082789421082,
        0.87640780210495,
        0.8764071464538574,
        0.8764068484306335,
        0.8764063715934753,
        0.8764058351516724,
        0.8764054775238037,
        0.8764049410820007,
        0.876404345035553,
        0.8764037489891052,
        0.8764027953147888,
        0.8764017820358276,
        0.8764005899429321,
        0.8763991594314575,
        0.8763975501060486,
        0.8763959407806396,
        0.876394510269165,
        0.87639319896698,
        0.8763921856880188,
        0.8763914108276367,
        0.876390814781189,
        0.8763903975486755,
        0.8763900995254517,
        0.8763898015022278,
        0.8763895630836487,
        0.8763892650604248,
        0.8763890862464905,
        0.8763889670372009,
        0.8763888478279114,
        0.876388669013977,
        0.8763885498046875,
        0.8763884902000427,
        0.8763883709907532,
        0.8763882517814636,
        0.8763881325721741,
        0.8763880729675293,
        0.8763880729675293
    ],
    "l1_regularization": 0.0,
    "l2_regularization": 0.0,
    "random_state": 474044,
    "c1_unique_zones": 2,
    "c2_unique_od_pairs": 0,
    "c1_c2_approach": "percentage",
    "c1_c2_percentage": 0.2
}