{
    "normalized_frobenius_error": 0.9244852066040039,
    "masked_rmse": 0.19416444003582,
    "mean_nonzero_value": 1.5507972240447998,
    "relative_rmse": 0.1252029836177826,
    "explained_variance": 0.14532709121704102,
    "computation_time": 0.47571301460266113,
    "all_factors_non_negative": true,
    "factor_sparsity": [
        "20.29%",
        "24.02%",
        "0.00%"
    ],
    "device": "cpu",
    "best_initialization": "random",
    "errors_history": [
        0.9644732475280762,
        0.9617626070976257,
        0.9614999890327454,
        0.9612283706665039,
        0.9608596563339233,
        0.9603327512741089,
        0.9595550894737244,
        0.9584139585494995,
        0.9568310379981995,
        0.954900860786438,
        0.9529691338539124,
        0.9513816833496094,
        0.9501956105232239,
        0.9492822885513306,
        0.9485129117965698,
        0.947811484336853,
        0.9471451044082642,
        0.9464983940124512,
        0.945859968662262,
        0.9452114701271057,
        0.9445263743400574,
        0.9437587261199951,
        0.942854642868042,
        0.9417610168457031,
        0.9404681921005249,
        0.9390231370925903,
        0.9375478625297546,
        0.9362418055534363,
        0.9352228045463562,
        0.934473991394043,
        0.9339342713356018,
        0.9335417151451111,
        0.933236837387085,
        0.9329911470413208,
        0.9327884912490845,
        0.932616114616394,
        0.9324624538421631,
        0.9323195219039917,
        0.9321818947792053,
        0.9320463538169861,
        0.9319112300872803,
        0.9317747950553894,
        0.9316368103027344,
        0.931496262550354,
        0.9313519597053528,
        0.9312039613723755,
        0.931050717830658,
        0.9308924078941345,
        0.9307265281677246,
        0.9305534958839417,
        0.9303713440895081,
        0.9301816821098328,
        0.9299808740615845,
        0.9297690391540527,
        0.9295448660850525,
        0.929309070110321,
        0.929062008857727,
        0.9288074374198914,
        0.9285494089126587,
        0.9282878637313843,
        0.9280211925506592,
        0.927750289440155,
        0.9274832010269165,
        0.9272336959838867,
        0.92701655626297,
        0.9268373250961304,
        0.9266920685768127,
        0.9265754222869873,
        0.9264819025993347,
        0.9264040589332581,
        0.926338791847229,
        0.9262806177139282,
        0.9262306690216064,
        0.9261851906776428,
        0.9261453151702881,
        0.9261089563369751,
        0.9260754585266113,
        0.926042914390564,
        0.9260108470916748,
        0.9259799122810364,
        0.9259476661682129,
        0.9259144067764282,
        0.9258790016174316,
        0.9258427023887634,
        0.9258037805557251,
        0.9257634878158569,
        0.9257214069366455,
        0.9256777167320251,
        0.92563396692276,
        0.9255886077880859,
        0.9255436062812805,
        0.9254996180534363,
        0.9254579544067383,
        0.9254193305969238,
        0.9253838658332825,
        0.9253494143486023,
        0.9253169894218445,
        0.9252858757972717,
        0.925256073474884,
        0.9252285361289978,
        0.9252017736434937,
        0.9251769185066223,
        0.9251530766487122,
        0.925130307674408,
        0.9251090288162231,
        0.9250882267951965,
        0.9250689148902893,
        0.9250501990318298,
        0.9250331521034241,
        0.925016462802887,
        0.9250010251998901,
        0.9249864816665649,
        0.9249725937843323,
        0.9249595999717712,
        0.9249476790428162,
        0.9249364137649536,
        0.9249250888824463,
        0.9249147772789001,
        0.9249043464660645,
        0.9248940944671631,
        0.9248841404914856,
        0.9248742461204529,
        0.9248639345169067,
        0.9248539805412292,
        0.9248445630073547,
        0.9248356819152832,
        0.9248272776603699,
        0.9248186349868774,
        0.9248107075691223,
        0.9248025417327881,
        0.9247950911521912,
        0.9247879385948181,
        0.9247801899909973,
        0.9247729778289795,
        0.9247652888298035,
        0.9247581362724304,
        0.9247514009475708,
        0.9247438907623291,
        0.9247372150421143,
        0.9247304797172546,
        0.9247238039970398,
        0.924716591835022,
        0.9247099161148071,
        0.9247025847434998,
        0.9246954321861267,
        0.9246876835823059,
        0.9246801733970642,
        0.9246717095375061,
        0.924664318561554,
        0.9246569871902466,
        0.9246498346328735,
        0.9246434569358826,
        0.9246377348899841,
        0.9246326684951782,
        0.924626886844635,
        0.9246225953102112,
        0.9246180653572083,
        0.9246137738227844,
        0.9246102571487427,
        0.9246066808700562,
        0.9246029257774353,
        0.9245995879173279,
        0.924596905708313,
        0.9245940446853638,
        0.9245911240577698,
        0.9245885014533997,
        0.9245862364768982,
        0.9245835542678833,
        0.9245809316635132,
        0.9245794415473938,
        0.9245772361755371,
        0.9245752692222595,
        0.9245730638504028,
        0.9245713353157043,
        0.9245695471763611,
        0.9245678782463074,
        0.9245662093162537,
        0.9245645999908447,
        0.9245630502700806,
        0.9245615601539612,
        0.9245603084564209,
        0.924558699131012,
        0.9245572090148926,
        0.9245563745498657,
        0.924554705619812,
        0.9245537519454956,
        0.9245525598526001,
        0.9245509505271912,
        0.9245501756668091,
        0.9245485067367554,
        0.9245479702949524,
        0.9245465993881226,
        0.924545168876648,
        0.9245440363883972,
        0.9245431423187256,
        0.9245418310165405,
        0.9245408177375793,
        0.924540102481842,
        0.9245390295982361,
        0.9245378971099854,
        0.9245368838310242,
        0.9245364665985107,
        0.9245357513427734,
        0.9245350360870361,
        0.9245337843894958,
        0.9245333671569824,
        0.9245326519012451,
        0.9245319366455078,
        0.9245312809944153,
        0.9245309233665466,
        0.9245297312736511,
        0.9245291948318481,
        0.9245283007621765,
        0.9245274662971497,
        0.9245269298553467,
        0.9245259761810303,
        0.9245250821113586,
        0.9245244264602661,
        0.9245234727859497,
        0.924522876739502,
        0.9245220422744751,
        0.924521267414093,
        0.9245202541351318,
        0.9245193600654602,
        0.9245186448097229,
        0.9245179295539856,
        0.9245171546936035,
        0.9245163798332214,
        0.9245153069496155,
        0.9245149493217468,
        0.9245140552520752,
        0.9245133996009827,
        0.9245120882987976,
        0.9245113730430603,
        0.9245107173919678,
        0.9245098829269409,
        0.9245090484619141,
        0.9245081543922424,
        0.9245074391365051,
        0.9245065450668335,
        0.9245055913925171,
        0.9245054125785828,
        0.9245045185089111,
        0.9245038032531738,
        0.9245030283927917,
        0.9245023727416992,
        0.9245012998580933,
        0.9245005249977112,
        0.9244998097419739,
        0.924498975276947,
        0.9244983792304993,
        0.9244973063468933,
        0.9244961738586426,
        0.9244956970214844,
        0.9244949221611023,
        0.9244937300682068,
        0.9244929552078247,
        0.9244922399520874,
        0.9244915246963501,
        0.9244906306266785,
        0.9244902729988098,
        0.9244895577430725,
        0.9244888424873352,
        0.9244884848594666,
        0.9244878888130188,
        0.9244873523712158,
        0.9244868755340576,
        0.924486517906189,
        0.9244863390922546,
