{
    "normalized_frobenius_error": 0.8564398288726807,
    "masked_rmse": 0.22337272763252258,
    "mean_nonzero_value": 1.345635175704956,
    "relative_rmse": 0.16599798202514648,
    "explained_variance": 0.26651090383529663,
    "computation_time": 0.6197879314422607,
    "all_factors_non_negative": true,
    "factor_sparsity": [
        "20.89%",
        "18.67%",
        "12.50%"
    ],
    "device": "mps",
    "best_initialization": "random",
    "errors_history": [
        0.9400082230567932,
        0.9235643148422241,
        0.9031702876091003,
        0.8852272629737854,
        0.8745789527893066,
        0.8699346780776978,
        0.8679401278495789,
        0.8669376373291016,
        0.8663272261619568,
        0.8658855557441711,
        0.8655188083648682,
        0.8651840090751648,
        0.8648577332496643,
        0.8645210266113281,
        0.864157497882843,
        0.8637558221817017,
        0.863310694694519,
        0.8628195524215698,
        0.8622844815254211,
        0.8617149591445923,
        0.8611286878585815,
        0.8605483174324036,
        0.859998345375061,
        0.8595021963119507,
        0.8590752482414246,
        0.858721911907196,
        0.8584335446357727,
        0.858192503452301,
        0.8579806685447693,
        0.8577905297279358,
        0.8576290607452393,
        0.857501745223999,
        0.8574023246765137,
        0.8573210835456848,
        0.8572522401809692,
        0.8571918606758118,
        0.8571365475654602,
        0.857081949710846,
        0.8570237159729004,
        0.8569623231887817,
        0.8569021821022034,
        0.8568453788757324,
        0.8567899465560913,
        0.8567366600036621,
        0.8566896915435791,
        0.8566522598266602,
        0.8566240072250366,
        0.8566029071807861,
        0.8565869331359863,
        0.8565739393234253,
        0.8565629720687866,
        0.8565526604652405,
        0.8565425872802734,
        0.8565324544906616,
        0.8565224409103394,
        0.8565137982368469,
        0.8565070033073425,
        0.8565015196800232,
        0.8564966320991516,
        0.8564919829368591,
        0.856487512588501,
        0.8564831614494324,
        0.8564788699150085,
        0.8564749360084534,
        0.8564711809158325,
        0.8564680814743042,
        0.8564653992652893,
        0.8564634919166565,
        0.856461763381958,
        0.8564606308937073,
        0.8564596772193909,
        0.856458842754364,
        0.8564582467079163,
        0.8564577102661133,
        0.8564571738243103,
        0.8564566969871521,
        0.8564561009407043,
        0.8564553260803223,
        0.8564542531967163,
        0.8564526438713074,
        0.8564501404762268,
        0.8564475774765015,
        0.8564457297325134,
        0.856444776058197,
        0.8564441800117493,
        0.8564438819885254,
        0.8564435243606567,
        0.8564431071281433,
        0.856442928314209,
        0.8564426302909851,
        0.856442391872406,
        0.8564420938491821,
        0.8564417958259583,
        0.8564416766166687,
        0.8564413189888,
        0.8564411997795105,
        0.8564409613609314,
        0.8564408421516418,
        0.8564406037330627,
        0.8564404845237732,
        0.8564403653144836,
        0.8564401865005493,
        0.8564400672912598,
        0.8564399480819702,
        0.8564398884773254,
        0.8564398884773254
    ],
    "l1_regularization": 0.0,
    "l2_regularization": 0.0,
    "random_state": 817820,
    "c1_unique_zones": 2,
    "c2_unique_od_pairs": 0,
    "c1_c2_approach": "percentage",
    "c1_c2_percentage": 0.2
}