{
    "normalized_frobenius_error": 0.8933253884315491,
    "masked_rmse": 0.11720269173383713,
    "mean_nonzero_value": 1.3623639345169067,
    "relative_rmse": 0.08602891862392426,
    "explained_variance": 0.20196980237960815,
    "computation_time": 0.7561757564544678,
    "all_factors_non_negative": true,
    "factor_sparsity": [
        "44.70%",
        "45.62%",
        "31.55%"
    ],
    "device": "mps",
    "best_initialization": "random",
    "errors_history": [
        0.9701673984527588,
        0.9521018266677856,
        0.9339834451675415,
        0.9135594964027405,
        0.9028712511062622,
        0.898780107498169,
        0.8968865871429443,
        0.8958722949028015,
        0.8952608704566956,
        0.8948572874069214,
        0.8945911526679993,
        0.8944025039672852,
        0.8942581415176392,
        0.8941423296928406,
        0.8940463662147522,
        0.8939638733863831,
        0.8938948512077332,
        0.8938382863998413,
        0.8937911987304688,
        0.8937519192695618,
        0.8937185406684875,
        0.8936895132064819,
        0.8936629295349121,
        0.8936378955841064,
        0.8936153054237366,
        0.8935955166816711,
        0.893577516078949,
        0.8935611248016357,
        0.8935481309890747,
        0.8935381770133972,
        0.8935299515724182,
        0.8935225009918213,
        0.8935152888298035,
        0.8935083150863647,
        0.8935018181800842,
        0.8934958577156067,
        0.8934906125068665,
        0.8934860825538635,
        0.8934822678565979,
        0.8934789896011353,
        0.893476128578186,
        0.8934735655784607,
        0.8934712409973145,
        0.8934690356254578,
        0.8934672474861145,
        0.8934653997421265,
        0.8934637904167175,
        0.8934621810913086,
        0.893460750579834,
        0.8934593796730042,
        0.8934581279754639,
        0.8934569954872131,
        0.8934557437896729,
        0.8934547901153564,
        0.8934537172317505,
        0.8934527635574341,
        0.8934519290924072,
        0.8934511542320251,
        0.8934503197669983,
        0.8934495449066162,
        0.8934487700462341,
        0.8934481143951416,
        0.8934473395347595,
        0.893446683883667,
        0.8934459686279297,
        0.8934454321861267,
        0.893444836139679,
        0.8934442400932312,
        0.8934435248374939,
        0.8934421539306641,
        0.8934406042098999,
        0.8934399485588074,
        0.8934394121170044,
        0.893438994884491,
        0.8934383988380432,
        0.8934380412101746,
        0.8934375643730164,
        0.8934370875358582,
        0.8934367299079895,
        0.8934363126754761,
        0.8934359550476074,
        0.8934354782104492,
        0.893435001373291,
        0.8934345841407776,
        0.8934341073036194,
        0.8934337496757507,
        0.893433153629303,
        0.8934325575828552,
        0.893432080745697,
        0.893431544303894,
        0.8934311270713806,
        0.893430769443512,
        0.8934302926063538,
        0.8934299945831299,
        0.8934296369552612,
        0.8934292197227478,
        0.8934289216995239,
        0.8934285640716553,
        0.8934282064437866,
        0.8934277892112732,
        0.8934274911880493,
        0.8934271335601807,
        0.8934268355369568,
        0.8934264779090881,
        0.8934261798858643,
        0.8934257626533508,
        0.8934254050254822,
        0.8934250473976135,
        0.8934247493743896,
        0.8934243321418762,
        0.8934239745140076,
        0.8934236168861389,
        0.893423318862915,
        0.8934229016304016,
        0.893422544002533,
        0.8934221267700195,
        0.8934217691421509,
        0.8934214115142822,
        0.8934209942817688,
        0.8934205174446106,
        0.8934202194213867,
        0.8934197425842285,
        0.8934194445610046,
        0.893419086933136,
        0.8934187293052673,
        0.8934182524681091,
        0.8934178352355957,
        0.8934173583984375,
        0.8934170007705688,
        0.8934165835380554,
        0.8934161067008972,
        0.893415629863739,
        0.8934152722358704,
        0.8934147953987122,
        0.893414318561554,
        0.8934138417243958,
        0.8934133648872375,
        0.8934128880500793,
        0.8934124112129211,
        0.8934119343757629,
        0.8934114575386047,
        0.8934109807014465,
        0.8934103846549988,
        0.8934099078178406,
        0.8934094309806824,
        0.8934088349342346,
        0.8934082984924316,
        0.8934077024459839,
        0.8934069275856018,
        0.8934062719345093,
        0.8934054970741272,
        0.8934045433998108,
        0.8934034109115601,
        0.8934017419815063,
        0.8933997750282288,
        0.8933970928192139,
        0.8933939933776855,
        0.8933908343315125,
        0.8933877944946289,
        0.893385112285614,
        0.893382728099823,
        0.8933805823326111,
        0.893378496170044,
        0.8933764696121216,
        0.8933745622634888,
        0.8933725357055664,
        0.8933705687522888,
        0.8933685421943665,
        0.8933666348457336,
        0.8933646082878113,
        0.8933627009391785,
        0.8933607935905457,
        0.8933588862419128,
        0.8933570384979248,
        0.8933552503585815,
        0.8933535218238831,
        0.8933519124984741,
        0.8933502435684204,
        0.893348753452301,
        0.8933472633361816,
        0.893345832824707,
        0.893344521522522,
        0.8933433890342712,
        0.893342137336731,
        0.893341064453125,
        0.8933401107788086,
        0.8933391571044922,
        0.8933383226394653,
        0.8933375477790833,
        0.8933367729187012,
        0.8933361768722534,
        0.8933355212211609,
        0.8933350443840027,
        0.8933344483375549,
        0.8933339715003967,
        0.8933336138725281,
        0.8933333158493042,
        0.8933329582214355,
        0.8933326601982117,
        0.8933323621749878,
        0.8933321833610535,
        0.8933320045471191,
        0.89333176612854,
        0.8933315873146057,
        0.8933314085006714,
        0.8933312296867371,
        0.893330991268158,
        0.8933307528495789,
        0.8933302760124207,
        0.893329381942749,
        0.8933283686637878,
        0.8933272957801819,
        0.8933264017105103,
        0.893325924873352,
        0.893325686454773,
        0.8933255672454834,
        0.8933254480361938,
        0.8933253884315491,
        0.8933253884315491
    ],
    "l1_regularization": 0.0,
    "l2_regularization": 0.0,
    "random_state": 878692,
    "c1_unique_zones": 3,
    "c2_unique_od_pairs": 0,
    "c1_c2_approach": "percentage",
    "c1_c2_percentage": 0.2
}