{
    "normalized_frobenius_error": 0.8681429624557495,
    "masked_rmse": 0.22642508149147034,
    "mean_nonzero_value": 1.345635175704956,
    "relative_rmse": 0.16826632618904114,
    "explained_variance": 0.24632781744003296,
    "computation_time": 1.2790651321411133,
    "all_factors_non_negative": true,
    "factor_sparsity": [
        "27.56%",
        "26.67%",
        "10.83%"
    ],
    "device": "mps",
    "best_initialization": "random",
    "errors_history": [
        0.9428216814994812,
        0.9327151775360107,
        0.9226534962654114,
        0.9070782661437988,
        0.8928900361061096,
        0.8853419423103333,
        0.8812726736068726,
        0.8787049651145935,
        0.87689208984375,
        0.8755234479904175,
        0.8744713068008423,
        0.8736838102340698,
        0.8730865120887756,
        0.8726155161857605,
        0.8722354769706726,
        0.8719251751899719,
        0.871669352054596,
        0.8714582324028015,
        0.8712840676307678,
        0.8711392283439636,
        0.8710172772407532,
        0.870913565158844,
        0.8708241581916809,
        0.8707459568977356,
        0.8706753253936768,
        0.8706094622612,
        0.870546281337738,
        0.8704843521118164,
        0.8704230785369873,
        0.8703625798225403,
        0.8703036308288574,
        0.8702467679977417,
        0.8701924681663513,
        0.8701406717300415,
        0.8700912594795227,
        0.8700438141822815,
        0.869998037815094,
        0.8699533343315125,
        0.8699092864990234,
        0.8698650598526001,
        0.869820237159729,
        0.8697741627693176,
        0.869726300239563,
        0.8696763515472412,
        0.8696238994598389,
        0.8695690631866455,
        0.8695119619369507,
        0.8694531321525574,
        0.8693931102752686,
        0.8693320155143738,
        0.8692705631256104,
        0.8692101240158081,
        0.8691518902778625,
        0.8690969347953796,
        0.8690455555915833,
        0.8689979314804077,
        0.868954062461853,
        0.868914008140564,
        0.8688775300979614,
        0.8688446283340454,
        0.8688153624534607,
        0.8687891364097595,
        0.8687655925750732,
        0.8687441349029541,
        0.8687238097190857,
        0.8687044382095337,
        0.8686853051185608,
        0.8686661124229431,
        0.8686466217041016,
        0.8686268925666809,
        0.8686073422431946,
        0.8685884475708008,
        0.8685705661773682,
        0.8685537576675415,
        0.8685380220413208,
        0.8685231804847717,
        0.8685089349746704,
        0.8684949278831482,
        0.8684805035591125,
        0.8684635758399963,
        0.8684437870979309,
        0.8684275150299072,
        0.8684133887290955,
        0.8683996200561523,
        0.8683860301971436,
        0.8683723211288452,
        0.8683584332466125,
        0.8683444261550903,
        0.868330717086792,
        0.8683176040649414,
        0.8683053851127625,
        0.8682944178581238,
        0.8682844638824463,
        0.8682752847671509,
        0.8682667016983032,
        0.8682587742805481,
        0.8682515025138855,
        0.8682445883750916,
        0.8682381510734558,
        0.8682323098182678,
        0.8682267665863037,
        0.8682217597961426,
        0.8682169914245605,
        0.8682127594947815,
        0.8682087063789368,
        0.8682048916816711,
        0.868201494216919,
        0.8681982755661011,
        0.8681952953338623,
        0.8681924939155579,
        0.8681898713111877,
        0.8681875467300415,
        0.8681851625442505,
        0.8681830167770386,
        0.868181049823761,
        0.868179202079773,
        0.8681774139404297,
        0.8681758046150208,
        0.8681742548942566,
        0.868172824382782,
        0.8681715726852417,
        0.8681702017784119,
        0.8681690096855164,
        0.8681679964065552,
        0.868166983127594,
        0.8681660890579224,
        0.868165135383606,
        0.8681643009185791,
        0.8681634664535522,
        0.8681628108024597,
        0.8681621551513672,
        0.8681613802909851,
        0.8681607246398926,
        0.8681601881980896,
        0.8681596517562866,
        0.8681591153144836,
        0.8681586384773254,
        0.8681581020355225,
        0.868157684803009,
        0.8681572079658508,
        0.8681567311286926,
        0.868156373500824,
        0.8681560158729553,
        0.8681555390357971,
        0.8681552410125732,
        0.8681548833847046,
        0.8681545853614807,
        0.8681542873382568,
        0.868153989315033,
        0.8681536316871643,
        0.8681533932685852,
        0.8681530952453613,
        0.8681527972221375,
        0.8681525588035583,
        0.8681522607803345,
        0.8681519627571106,
        0.8681517839431763,
        0.8681514859199524,
        0.8681511878967285,
        0.8681508898735046,
        0.8681505918502808,
        0.8681502938270569,
        0.868149995803833,
        0.8681496381759644,
        0.8681493997573853,
        0.8681489825248718,
        0.868148684501648,
        0.8681483268737793,
        0.8681479692459106,
        0.868147611618042,
        0.8681472539901733,
        0.8681470155715942,
        0.8681466579437256,
        0.8681463003158569,
        0.8681459426879883,
        0.8681457042694092,
        0.8681454062461853,
        0.8681450486183167,
        0.8681447505950928,
        0.8681444525718689,
        0.8681442737579346,
        0.8681440353393555,
        0.8681439757347107,
        0.8681437373161316,
        0.868143618106842,
        0.8681434392929077,
        0.8681433796882629,
        0.8681432008743286,
        0.8681430220603943,
        0.8681430220603943
    ],
    "l1_regularization": 0.0,
    "l2_regularization": 0.0,
    "random_state": 400488,
    "c1_unique_zones": 3,
    "c2_unique_od_pairs": 0,
    "c1_c2_approach": "percentage",
    "c1_c2_percentage": 0.2
}