{
    "normalized_frobenius_error": 0.9024524688720703,
    "masked_rmse": 0.18953755497932434,
    "mean_nonzero_value": 1.5507972240447998,
    "relative_rmse": 0.12221942842006683,
    "explained_variance": 0.18557953834533691,
    "computation_time": 0.4763050079345703,
    "all_factors_non_negative": true,
    "factor_sparsity": [
        "13.29%",
        "15.94%",
        "9.05%"
    ],
    "device": "cpu",
    "best_initialization": "svd",
    "errors_history": [
        0.9548460245132446,
        0.9497559070587158,
        0.9461902379989624,
        0.942659318447113,
        0.9385884404182434,
        0.9336976408958435,
        0.9276733994483948,
        0.9216572642326355,
        0.917640745639801,
        0.9152626395225525,
        0.9136645793914795,
        0.912473201751709,
        0.9115421772003174,
        0.910797119140625,
        0.9101935029029846,
        0.9096974730491638,
        0.9092850685119629,
        0.9089378714561462,
        0.9086413383483887,
        0.9083835482597351,
        0.9081565141677856,
        0.9079532623291016,
        0.9077682495117188,
        0.9075990915298462,
        0.9074432253837585,
        0.9073008298873901,
        0.90716952085495,
        0.907048225402832,
        0.9069362282752991,
        0.9068309664726257,
        0.9067330956459045,
        0.9066416025161743,
        0.9065529108047485,
        0.9064673781394958,
        0.9063839912414551,
        0.9063020944595337,
        0.9062208533287048,
        0.9061398506164551,
        0.9060592651367188,
        0.9059770107269287,
        0.9058946371078491,
        0.9058116674423218,
        0.9057270288467407,
        0.9056416153907776,
        0.9055559039115906,
        0.9054701328277588,
        0.9053827524185181,
        0.905295193195343,
        0.905207097530365,
        0.9051174521446228,
        0.9050258994102478,
        0.9049329161643982,
        0.9048369526863098,
        0.9047368168830872,
        0.9046332836151123,
        0.9045246839523315,
        0.9044115543365479,
        0.9042949080467224,
        0.9041761159896851,
        0.9040566682815552,
        0.9039402008056641,
        0.9038291573524475,
        0.9037250280380249,
        0.9036282896995544,
        0.9035411477088928,
        0.9034615755081177,
        0.9033889770507812,
        0.9033220410346985,
        0.9032602906227112,
        0.9032039046287537,
        0.9031524658203125,
        0.9031071662902832,
        0.9030678868293762,
        0.9030335545539856,
        0.9030041098594666,
        0.9029783010482788,
        0.9029548764228821,
        0.9029337763786316,
        0.9029146432876587,
        0.902897298336029,
        0.902880847454071,
        0.9028657078742981,
        0.9028511047363281,
        0.902836799621582,
        0.902823269367218,
        0.9028090238571167,
        0.9027957916259766,
        0.902782678604126,
        0.9027712345123291,
        0.9027606248855591,
        0.902751088142395,
        0.9027422666549683,
        0.9027338027954102,
        0.9027256369590759,
        0.9027180671691895,
        0.9027106761932373,
        0.9027037620544434,
        0.9026976227760315,
        0.9026913046836853,
        0.9026857018470764,
        0.9026795625686646,
        0.9026740193367004,
        0.9026687145233154,
        0.9026637077331543,
        0.9026586413383484,
        0.9026535749435425,
        0.9026487469673157,
        0.9026442170143127,
        0.9026389718055725,
        0.902633547782898,
        0.9026287198066711,
        0.9026227593421936,
        0.9026167988777161,
        0.9026111364364624,
        0.9026048183441162,
        0.9025983810424805,
        0.9025921821594238,
        0.9025865793228149,
        0.9025810360908508,
        0.9025758504867554,
        0.9025712609291077,
        0.9025667309761047,
        0.9025623202323914,
        0.9025588631629944,
        0.9025550484657288,
        0.9025518298149109,
        0.9025492668151855,
        0.902546226978302,
        0.9025440216064453,
        0.9025416374206543,
        0.9025393128395081,
        0.9025371670722961,
        0.9025354981422424,
        0.9025331735610962,
        0.9025317430496216,
        0.9025299549102783,
        0.9025279879570007,
        0.9025264978408813,
        0.9025250673294067,
        0.9025233387947083,
        0.9025216102600098,
        0.9025200605392456,
        0.9025184512138367,
        0.9025170207023621,
        0.9025155305862427,
        0.9025139212608337,
        0.9025124311447144,
        0.9025107026100159,
        0.9025091528892517,
        0.9025074243545532,
        0.9025061130523682,
        0.9025043845176697,
        0.9025028347969055,
        0.9025014042854309,
        0.9024998545646667,
        0.9024984240531921,
        0.9024967551231384,
        0.9024956226348877,
        0.9024941921234131,
        0.9024927616119385,
        0.9024911522865295,
        0.9024898409843445,
        0.9024884700775146,
        0.9024873375892639,
        0.9024859666824341,
        0.902484655380249,
        0.9024835824966431,
        0.9024824500083923,
        0.902481198310852,
        0.9024798274040222,
        0.9024786949157715,
        0.9024779796600342,
        0.9024770855903625,
        0.9024759531021118,
        0.9024748802185059,
        0.902474045753479,
        0.9024730920791626,
        0.9024721384048462,
        0.9024714827537537,
        0.9024707078933716,
        0.9024699926376343,
        0.9024691581726074,
        0.9024682641029358,
        0.902467668056488,
        0.9024670124053955,
        0.9024664163589478,
        0.9024659395217896,
        0.902465283870697,
        0.9024648070335388,
        0.9024643898010254,
        0.9024638533592224,
        0.9024628400802612,
        0.9024623036384583,
        0.9024617671966553,
        0.902461588382721,
        0.9024613499641418,
        0.9024606943130493,
        0.9024600982666016,
        0.9024595022201538,
        0.9024590253829956,
        0.9024584293365479,
        0.9024579524993896,
        0.9024578928947449,
        0.9024574160575867,
        0.902457058429718,
        0.9024566411972046,
        0.9024559855461121,
        0.9024556279182434,
        0.9024553894996643,
        0.9024547338485718,
        0.9024543166160583,
        0.9024540185928345,
        0.9024536609649658,
        0.9024533033370972,
        0.902452826499939,
        0.9024524688720703,
        0.9024524688720703
    ],
    "ranks": {
        "origin": 6,
        "destination": 5,
        "time": 6
    }
}