{
    "normalized_frobenius_error": 0.929385781288147,
    "masked_rmse": 0.12193375080823898,
    "mean_nonzero_value": 1.3623639345169067,
    "relative_rmse": 0.08950159698724747,
    "explained_variance": 0.1362420916557312,
    "computation_time": 0.524036169052124,
    "all_factors_non_negative": true,
    "factor_sparsity": [
        "44.35%",
        "40.73%",
        "29.17%"
    ],
    "device": "mps",
    "best_initialization": "random",
    "errors_history": [
        0.9767817854881287,
        0.968165934085846,
        0.9623693823814392,
        0.9561462998390198,
        0.9498197436332703,
        0.9444928169250488,
        0.9406816363334656,
        0.9371783137321472,
        0.9338105320930481,
        0.9317800998687744,
        0.9309155941009521,
        0.9305661916732788,
        0.9303733110427856,
        0.9302197098731995,
        0.9300848841667175,
        0.9299755692481995,
        0.929902970790863,
        0.9298532009124756,
        0.9298165440559387,
        0.9297884702682495,
        0.9297654032707214,
        0.9297431111335754,
        0.9297266602516174,
        0.9297136068344116,
        0.9297031760215759,
        0.9296945929527283,
        0.9296870231628418,
        0.9296802282333374,
        0.929673969745636,
        0.9296678900718689,
        0.9296615719795227,
        0.9296547770500183,
        0.92964768409729,
        0.9296412467956543,
        0.9296360015869141,
        0.929631769657135,
        0.9296279549598694,
        0.9296244382858276,
        0.9296209812164307,
        0.929617702960968,
        0.9296143651008606,
        0.929611086845398,
        0.9296078681945801,
        0.9296045899391174,
        0.9296014308929443,
        0.9295982718467712,
        0.9295951128005981,
        0.929591953754425,
        0.9295889139175415,
        0.9295858144760132,
        0.9295827746391296,
        0.9295797348022461,
        0.9295766353607178,
        0.9295735955238342,
        0.9295704364776611,
        0.929567277431488,
        0.9295641183853149,
        0.9295608401298523,
        0.9295576214790344,
        0.9295543432235718,
        0.9295510053634644,
        0.9295476675033569,
        0.9295445084571838,
        0.9295411109924316,
        0.9295378923416138,
        0.9295347332954407,
        0.929531455039978,
        0.9295282959938049,
        0.9295249581336975,
        0.9295216798782349,
        0.9295182228088379,
        0.9295145869255066,
        0.9295105934143066,
        0.9295055866241455,
        0.9294995665550232,
        0.9294924139976501,
        0.9294845461845398,
        0.9294770956039429,
        0.9294703602790833,
        0.9294643402099609,
        0.9294587969779968,
        0.9294535517692566,
        0.9294485449790955,
        0.9294436573982239,
        0.9294390082359314,
        0.9294344782829285,
        0.9294300079345703,
        0.9294254183769226,
        0.9294208288192749,
        0.9294167757034302,
        0.9294132590293884,
        0.9294102787971497,
        0.9294077157974243,
        0.9294055104255676,
        0.9294034838676453,
        0.9294016361236572,
        0.9294001460075378,
        0.9293987154960632,
        0.9293975234031677,
        0.9293965101242065,
        0.9293955564498901,
        0.9293946623802185,
        0.929394006729126,
        0.9293934106826782,
        0.9293928742408752,
        0.929392397403717,
        0.9293919801712036,
        0.9293915033340454,
        0.9293911457061768,
        0.9293907284736633,
        0.9293903708457947,
        0.9293899536132812,
        0.9293897151947021,
        0.929389238357544,
        0.9293888211250305,
        0.9293885231018066,
        0.9293880462646484,
        0.9293876886367798,
        0.9293872714042664,
        0.9293867945671082,
        0.9293864369392395,
        0.9293861389160156,
        0.9293859601020813,
        0.929385781288147,
        0.929385781288147
    ],
    "l1_regularization": 0.0,
    "l2_regularization": 0.0,
    "random_state": 571897,
    "c1_unique_zones": 3,
    "c2_unique_od_pairs": 1,
    "c1_c2_approach": "percentage",
    "c1_c2_percentage": 0.2
}