{
    "normalized_frobenius_error": 0.8857610821723938,
    "masked_rmse": 0.12036547809839249,
    "mean_nonzero_value": 1.1494661569595337,
    "relative_rmse": 0.10471424460411072,
    "explained_variance": 0.21542733907699585,
    "computation_time": 0.5149021148681641,
    "all_factors_non_negative": true,
    "factor_sparsity": [
        "23.64%",
        "19.55%",
        "18.33%"
    ],
    "device": "mps",
    "best_initialization": "random",
    "errors_history": [
        0.9556782245635986,
        0.9343268275260925,
        0.9172762036323547,
        0.9092740416526794,
        0.9054536819458008,
        0.9032557010650635,
        0.9018027782440186,
        0.9007344841957092,
        0.8997493386268616,
        0.8985576033592224,
        0.896725594997406,
        0.8939142227172852,
        0.8907155394554138,
        0.8886855244636536,
        0.8877018094062805,
        0.8870904445648193,
        0.8866091370582581,
        0.8863727450370789,
        0.8862157464027405,
        0.8860827088356018,
        0.8859766125679016,
        0.8859159350395203,
        0.8858870267868042,
        0.885870635509491,
        0.8858597874641418,
        0.8858518600463867,
        0.8858453035354614,
        0.8858382701873779,
        0.885829746723175,
        0.8858215808868408,
        0.8858156800270081,
        0.8858104944229126,
        0.8858056664466858,
        0.8858009576797485,
        0.8857962489128113,
        0.8857914805412292,
        0.885786771774292,
        0.8857825994491577,
        0.8857793807983398,
        0.8857770562171936,
        0.8857753276824951,
        0.8857738971710205,
        0.8857727646827698,
        0.885771632194519,
        0.8857700228691101,
        0.8857687711715698,
        0.8857680559158325,
        0.8857673406600952,
        0.8857668042182922,
        0.8857663869857788,
        0.8857658505439758,
        0.8857654333114624,
        0.8857651352882385,
        0.8857647776603699,
        0.885764479637146,
        0.8857643008232117,
        0.8857640027999878,
        0.8857638239860535,
        0.8857636451721191,
        0.8857633471488953,
        0.8857631683349609,
        0.8857629895210266,
        0.8857626914978027,
        0.8857625722885132,
        0.8857624530792236,
        0.8857622742652893,
        0.8857620358467102,
        0.8857619166374207,
        0.8857617378234863,
        0.8857616186141968,
        0.885761559009552,
        0.8857614398002625,
        0.8857612609863281,
        0.8857611417770386,
        0.8857611417770386
    ],
    "l1_regularization": 0.0,
    "l2_regularization": 0.0,
    "random_state": 393381,
    "c1_unique_zones": 1,
    "c2_unique_od_pairs": 0,
    "c1_c2_approach": "percentage",
    "c1_c2_percentage": 0.2
}