{
    "normalized_frobenius_error": 0.8564398288726807,
    "masked_rmse": 0.22337272763252258,
    "mean_nonzero_value": 1.345635175704956,
    "relative_rmse": 0.16599798202514648,
    "explained_variance": 0.26651090383529663,
    "computation_time": 0.6306018829345703,
    "all_factors_non_negative": true,
    "factor_sparsity": [
        "18.67%",
        "16.00%",
        "10.83%"
    ],
    "device": "mps",
    "best_initialization": "random",
    "errors_history": [
        0.9460816383361816,
        0.9360311627388,
        0.9208054542541504,
        0.8995772004127502,
        0.8842408657073975,
        0.8761287927627563,
        0.8716463446617126,
        0.8683640956878662,
        0.8655939698219299,
        0.8632264733314514,
        0.8613570928573608,
        0.8599644899368286,
        0.8589555621147156,
        0.8582260012626648,
        0.8577171564102173,
        0.8573769330978394,
        0.8571478128433228,
        0.8569827079772949,
        0.8568601608276367,
        0.8567715287208557,
        0.8567073941230774,
        0.8566595315933228,
        0.8566230535507202,
        0.8565943837165833,
        0.8565714359283447,
        0.8565518260002136,
        0.8565359711647034,
        0.8565242290496826,
        0.8565148711204529,
        0.8565071821212769,
        0.8565005660057068,
        0.8564950823783875,
        0.8564902544021606,
        0.8564860224723816,
        0.8564823865890503,
        0.8564791083335876,
        0.8564761281013489,
        0.8564735054969788,
        0.8564711213111877,
        0.8564690351486206,
        0.8564671277999878,
        0.8564653992652893,
        0.8564638495445251,
        0.8564623594284058,
        0.8564609885215759,
        0.8564597368240356,
        0.8564583659172058,
        0.8564573526382446,
        0.8564559817314148,
        0.8564549684524536,
        0.8564538359642029,
        0.8564528226852417,
        0.8564517498016357,
        0.8564507365226746,
        0.8564499616622925,
        0.8564491271972656,
        0.8564484715461731,
        0.856447696685791,
        0.8564472198486328,
        0.8564466238021851,
        0.8564461469650269,
        0.8564457297325134,
        0.8564452528953552,
        0.8564448356628418,
        0.8564445376396179,
        0.8564441800117493,
        0.8564439415931702,
        0.8564435839653015,
        0.8564432859420776,
        0.8564429879188538,
        0.8564427495002747,
        0.8564425110816956,
        0.8564422726631165,
        0.8564421534538269,
        0.856441855430603,
        0.8564417362213135,
        0.8564415574073792,
        0.8564414381980896,
        0.8564411997795105,
        0.856441080570221,
        0.8564409017562866,
        0.8564408421516418,
        0.856440544128418,
        0.8564404845237732,
        0.8564403653144836,
        0.8564401865005493,
        0.8564401268959045,
        0.856440007686615,
        0.8564398884773254,
        0.8564398884773254
    ],
    "l1_regularization": 0.0,
    "l2_regularization": 0.0,
    "random_state": 670553,
    "c1_unique_zones": 2,
    "c2_unique_od_pairs": 0,
    "c1_c2_approach": "percentage",
    "c1_c2_percentage": 0.2
}