{
    "normalized_frobenius_error": 0.8847079873085022,
    "masked_rmse": 0.12022235244512558,
    "mean_nonzero_value": 1.1494661569595337,
    "relative_rmse": 0.10458973050117493,
    "explained_variance": 0.21729177236557007,
    "computation_time": 1.4578001499176025,
    "all_factors_non_negative": true,
    "factor_sparsity": [
        "34.09%",
        "33.64%",
        "20.00%"
    ],
    "device": "mps",
    "best_initialization": "random",
    "errors_history": [
        0.9604119062423706,
        0.9426917433738708,
        0.9277234673500061,
        0.9173097610473633,
        0.9096121191978455,
        0.9043216109275818,
        0.900705873966217,
        0.898151695728302,
        0.896530270576477,
        0.895468533039093,
        0.8947126865386963,
        0.8941572904586792,
        0.8937695026397705,
        0.8934999704360962,
        0.893298327922821,
        0.8931257724761963,
        0.8929749131202698,
        0.8928583860397339,
        0.8927710652351379,
        0.8927028179168701,
        0.8926476836204529,
        0.8926028609275818,
        0.8925663232803345,
        0.8925363421440125,
        0.892511785030365,
        0.8924920558929443,
        0.8924762606620789,
        0.8924634456634521,
        0.8924526572227478,
        0.8924434185028076,
        0.8924350142478943,
        0.8924267888069153,
        0.8924170136451721,
        0.8924040794372559,
        0.8923877477645874,
        0.8923726081848145,
        0.8923615217208862,
        0.8923532962799072,
        0.8923468589782715,
        0.8923415541648865,
        0.8923372030258179,
        0.8923333287239075,
        0.892329752445221,
        0.8923265933990479,
        0.8923234939575195,
        0.8923207521438599,
        0.8923181295394897,
        0.8923158645629883,
        0.8923135995864868,
        0.8923118114471436,
        0.8923102021217346,
        0.8923085927963257,
        0.8923072218894958,
        0.8923060297966003,
        0.8923048973083496,
        0.8923037648200989,
        0.8923027515411377,
        0.8923018574714661,
        0.8923007845878601,
        0.8922999501228333,
        0.8922990560531616,
        0.8922981023788452,
        0.8922972679138184,
        0.8922964930534363,
        0.8922955989837646,
        0.8922947645187378,
        0.8922938108444214,
        0.8922929167747498,
        0.8922920823097229,
        0.8922911882400513,
        0.8922901749610901,
        0.8922892212867737,
        0.8922881484031677,
        0.8922870755195618,
        0.8922860026359558,
        0.8922848701477051,
        0.8922836184501648,
        0.8922823667526245,
        0.8922810554504395,
        0.8922796845436096,
        0.8922781944274902,
        0.8922767639160156,
        0.8922751545906067,
        0.892273485660553,
        0.8922716975212097,
        0.8922698497772217,
        0.8922679424285889,
        0.8922658562660217,
        0.8922635912895203,
        0.892261266708374,
        0.892258882522583,
        0.8922562599182129,
        0.892253577709198,
        0.892250657081604,
        0.8922474384307861,
        0.8922441601753235,
        0.892240583896637,
        0.8922366499900818,
        0.8922324180603027,
        0.892227828502655,
        0.8922228813171387,
        0.8922173380851746,
        0.8922112584114075,
        0.8922044038772583,
        0.8921968936920166,
        0.8921882510185242,
        0.8921785950660706,
        0.8921672701835632,
        0.8921542167663574,
        0.8921387791633606,
        0.8921205401420593,
        0.8920985460281372,
        0.8920716643333435,
        0.8920380473136902,
        0.8919954299926758,
        0.8919395804405212,
        0.8918639421463013,
        0.8917577266693115,
        0.8916075825691223,
        0.8914027810096741,
        0.8911338448524475,
        0.8907853960990906,
        0.890346109867096,
        0.8898243308067322,
        0.8892619013786316,
        0.8887242078781128,
        0.8882412910461426,
        0.8878284692764282,
        0.8875282406806946,
        0.8873102068901062,
        0.887133002281189,
        0.8869429230690002,
        0.8865459561347961,
        0.8860953450202942,
        0.8859382271766663,
        0.885840117931366,
        0.8857614994049072,
        0.8856971859931946,
        0.8856454491615295,
        0.8856050968170166,
        0.885574460029602,
        0.8855513334274292,
        0.8855342864990234,
        0.8855218291282654,
        0.8855075836181641,
        0.88542640209198,
        0.8850826025009155,
        0.8849382996559143,
        0.884907066822052,
        0.8848991990089417,
        0.8848968744277954,
        0.8848958015441895,
        0.8848952054977417,
        0.8848947882652283,
        0.8848943710327148,
        0.8848941922187805,
        0.8848938941955566,
        0.8848938345909119,
        0.8848935961723328,
        0.8848934173583984,
        0.8848932981491089,
        0.884893000125885,
        0.8848926424980164,
        0.8848913908004761,
        0.884886622428894,
        0.8848697543144226,
        0.8848347663879395,
        0.884811282157898,
        0.8848047256469727,
        0.8848023414611816,
        0.8848004341125488,
        0.8847967982292175,
        0.8847917318344116,
        0.8847885131835938,
        0.8847870826721191,
        0.8847857117652893,
        0.8847814798355103,
        0.8847650289535522,
        0.8847401142120361,
        0.884733259677887,
        0.8847315907478333,
        0.8847306370735168,
        0.8847299218177795,
        0.8847292065620422,
        0.8847283124923706,
        0.8847271800041199,
        0.88472580909729,
        0.8847241997718811,
        0.8847223520278931,
        0.8847203850746155,
        0.8847183585166931,
        0.8847165703773499,
        0.8847148418426514,
        0.8847135305404663,
        0.884712278842926,
        0.8847113847732544,
        0.8847105503082275,
        0.884709894657135,
        0.8847094178199768,
        0.8847090601921082,
        0.8847087025642395,
        0.8847084641456604,
        0.8847082853317261,
        0.8847081661224365,
        0.884708046913147,
        0.8847079873085022,
        0.8847079873085022
    ],
    "l1_regularization": 0.0,
    "l2_regularization": 0.0,
    "random_state": 781868,
    "c1_unique_zones": 1,
    "c2_unique_od_pairs": 0,
    "c1_c2_approach": "percentage",
    "c1_c2_percentage": 0.2
}