{
    "normalized_frobenius_error": 0.9039748311042786,
    "masked_rmse": 0.11859987676143646,
    "mean_nonzero_value": 1.3623639345169067,
    "relative_rmse": 0.08705447614192963,
    "explained_variance": 0.18282949924468994,
    "computation_time": 0.9565491676330566,
    "all_factors_non_negative": true,
    "factor_sparsity": [
        "51.34%",
        "43.01%",
        "31.25%"
    ],
    "device": "mps",
    "best_initialization": "random",
    "errors_history": [
        0.9713180661201477,
        0.9471372961997986,
        0.9234448671340942,
        0.9134634733200073,
        0.9092400670051575,
        0.9072127938270569,
        0.9061049222946167,
        0.9054162502288818,
        0.904990017414093,
        0.9047461748123169,
        0.9046098589897156,
        0.9045330882072449,
        0.9044870734214783,
        0.904455840587616,
        0.9044349789619446,
        0.9044204354286194,
        0.9044100046157837,
        0.9044027924537659,
        0.9043980240821838,
        0.9043946862220764,
        0.9043923616409302,
        0.9043905735015869,
        0.9043892025947571,
        0.9043881893157959,
        0.9043872952461243,
        0.9043865203857422,
        0.9043857455253601,
        0.9043852090835571,
        0.9043846130371094,
        0.9043841361999512,
        0.904383659362793,
        0.9043833017349243,
        0.9043828845024109,
        0.9043825268745422,
        0.9043821096420288,
        0.9043817520141602,
        0.9043814539909363,
        0.9043811559677124,
        0.9043807983398438,
        0.9043804407119751,
        0.9043801426887512,
        0.9043798446655273,
        0.9043794274330139,
        0.9043790698051453,
        0.9043787717819214,
        0.9043784141540527,
        0.9043779969215393,
        0.9043776392936707,
        0.9043773412704468,
        0.9043768644332886,
        0.9043765068054199,
        0.9043760895729065,
        0.9043755531311035,
        0.9043749570846558,
        0.904374361038208,
        0.9043737053871155,
        0.9043732285499573,
        0.9043727517127991,
        0.9043721556663513,
        0.9043716788291931,
        0.9043711423873901,
        0.9043705463409424,
        0.9043699502944946,
        0.9043694138526917,
        0.9043687582015991,
        0.9043680429458618,
        0.9043673872947693,
        0.9043666124343872,
        0.9043658375740051,
        0.9043651223182678,
        0.9043642282485962,
        0.9043632745742798,
        0.9043624401092529,
        0.9043612480163574,
        0.9043602347373962,
        0.9043590426445007,
        0.9043578505516052,
        0.9043564796447754,
        0.9043550491333008,
        0.9043534994125366,
        0.9043517708778381,
        0.9043500423431396,
        0.9043480753898621,
        0.9043459296226501,
        0.9043435454368591,
        0.9043410420417786,
        0.9043383002281189,
        0.9043352603912354,
        0.9043318033218384,
        0.9043280482292175,
        0.904323935508728,
        0.9043193459510803,
        0.9043143391609192,
        0.9043087959289551,
        0.9043028950691223,
        0.9042962789535522,
        0.904289186000824,
        0.9042813181877136,
        0.9042730331420898,
        0.9042639136314392,
        0.904254138469696,
        0.9042437076568604,
        0.9042324423789978,
        0.9042202830314636,
        0.9042069315910339,
        0.904192328453064,
        0.9041770696640015,
        0.9041619896888733,
        0.9041470289230347,
        0.9041321277618408,
        0.9041173458099365,
        0.9041029214859009,
        0.9040889143943787,
        0.9040757417678833,
        0.9040631651878357,
        0.9040516018867493,
        0.904041051864624,
        0.9040315747261047,
        0.9040229916572571,
        0.9040154814720154,
        0.9040089249610901,
        0.9040031433105469,
        0.9039982557296753,
        0.9039939641952515,
        0.9039903283119202,
        0.9039868116378784,
        0.9039831757545471,
        0.903980553150177,
        0.9039787650108337,
        0.9039775133132935,
        0.9039764404296875,
        0.903975784778595,
        0.9039753079414368,
        0.9039750099182129,
        0.9039748311042786,
        0.9039748311042786
    ],
    "l1_regularization": 0.0,
    "l2_regularization": 0.0,
    "random_state": 883150,
    "c1_unique_zones": 1,
    "c2_unique_od_pairs": 0,
    "c1_c2_approach": "percentage",
    "c1_c2_percentage": 0.2
}