{
    "normalized_frobenius_error": 0.8564388155937195,
    "masked_rmse": 0.2233724594116211,
    "mean_nonzero_value": 1.345635175704956,
    "relative_rmse": 0.16599778831005096,
    "explained_variance": 0.2665126323699951,
    "computation_time": 0.6030499935150146,
    "all_factors_non_negative": true,
    "factor_sparsity": [
        "16.89%",
        "14.22%",
        "10.83%"
    ],
    "device": "mps",
    "best_initialization": "random",
    "errors_history": [
        0.9401404857635498,
        0.924095869064331,
        0.9031320214271545,
        0.8824613690376282,
        0.8709290027618408,
        0.8658877015113831,
        0.8635782599449158,
        0.86220383644104,
        0.8610789775848389,
        0.8600344061851501,
        0.8590848445892334,
        0.8583041429519653,
        0.8577364087104797,
        0.8573623895645142,
        0.8571294546127319,
        0.8569852113723755,
        0.8568922877311707,
        0.856828510761261,
        0.8567839860916138,
        0.8567519783973694,
        0.8567273020744324,
        0.8567073941230774,
        0.8566902875900269,
        0.8566753268241882,
        0.8566623330116272,
        0.8566513061523438,
        0.8566418886184692,
        0.8566334247589111,
        0.8566251993179321,
        0.8566164374351501,
        0.8566070199012756,
        0.8565962314605713,
        0.8565843105316162,
        0.8565712571144104,
        0.8565573692321777,
        0.8565431237220764,
        0.8565290570259094,
        0.8565155267715454,
        0.8565031290054321,
        0.8564923405647278,
        0.8564833998680115,
        0.8564762473106384,
        0.8564705848693848,
        0.8564662933349609,
        0.856462836265564,
        0.8564600944519043,
        0.8564579486846924,
        0.85645592212677,
        0.8564542531967163,
        0.8564527630805969,
        0.8564512729644775,
        0.8564499020576477,
        0.8564485907554626,
        0.8564472198486328,
        0.8564460277557373,
        0.8564450144767761,
        0.8564440011978149,
        0.8564431071281433,
        0.8564424514770508,
        0.856441855430603,
        0.8564413189888,
        0.8564409613609314,
        0.8564406037330627,
        0.8564403653144836,
        0.8564400672912598,
        0.8564398884773254,
        0.8564397096633911,
        0.8564395904541016,
        0.8564394116401672,
        0.8564393520355225,
        0.8564392328262329,
        0.8564391732215881,
        0.8564391136169434,
        0.8564389944076538,
        0.856438934803009,
        0.8564388155937195,
        0.8564388155937195
    ],
    "l1_regularization": 0.0,
    "l2_regularization": 0.0,
    "random_state": 874536,
    "c1_unique_zones": 2,
    "c2_unique_od_pairs": 0,
    "c1_c2_approach": "percentage",
    "c1_c2_percentage": 0.2
}