{
    "normalized_frobenius_error": 0.8749383091926575,
    "masked_rmse": 0.19531312584877014,
    "mean_nonzero_value": 1.5989879369735718,
    "relative_rmse": 0.12214796990156174,
    "explained_variance": 0.234483003616333,
    "computation_time": 1.0391201972961426,
    "all_factors_non_negative": true,
    "factor_sparsity": [
        "25.12%",
        "34.78%",
        "17.36%"
    ],
    "device": "mps",
    "best_initialization": "random",
    "errors_history": [
        0.95563805103302,
        0.9400809407234192,
        0.922292172908783,
        0.9095069766044617,
        0.9019695520401001,
        0.8956122398376465,
        0.8908179402351379,
        0.8878501653671265,
        0.8859086036682129,
        0.8844501376152039,
        0.8832951784133911,
        0.8824141621589661,
        0.8817007541656494,
        0.8811099529266357,
        0.8806192874908447,
        0.880215585231781,
        0.8798915147781372,
        0.8796391487121582,
        0.8794353008270264,
        0.8792588114738464,
        0.8790924549102783,
        0.8789229393005371,
        0.8787342309951782,
        0.8785117864608765,
        0.8782454133033752,
        0.8779271841049194,
        0.877556562423706,
        0.8771533370018005,
        0.8767638802528381,
        0.8764351010322571,
        0.8761833906173706,
        0.8759925365447998,
        0.8758368492126465,
        0.8757041692733765,
        0.87559974193573,
        0.8755226731300354,
        0.8754608035087585,
        0.8754067420959473,
        0.875360906124115,
        0.8753195405006409,
        0.875274658203125,
        0.8752299547195435,
        0.8751971125602722,
        0.8751732707023621,
        0.8751546740531921,
        0.8751394748687744,
        0.875127375125885,
        0.8751170635223389,
        0.8751079440116882,
        0.8750994801521301,
        0.8750910758972168,
        0.8750828504562378,
        0.8750755786895752,
        0.8750694990158081,
        0.8750646710395813,
        0.8750604391098022,
        0.8750565052032471,
        0.8750528693199158,
        0.8750492930412292,
        0.8750458359718323,
        0.875042200088501,
        0.8750385046005249,
        0.8750342130661011,
        0.8750295639038086,
        0.8750246167182922,
        0.875019371509552,
        0.8750141263008118,
        0.8750092387199402,
        0.8750051259994507,
        0.8750017881393433,
        0.8749990463256836,
        0.8749971389770508,
        0.8749955892562866,
        0.8749945163726807,
        0.8749935626983643,
        0.8749927878379822,
        0.8749921917915344,
        0.8749915957450867,
        0.8749911785125732,
        0.8749906420707703,
        0.8749900460243225,
        0.8749895691871643,
        0.8749889135360718,
        0.8749880194664001,
        0.8749868273735046,
        0.8749855756759644,
        0.8749848008155823,
        0.8749839663505554,
        0.8749829530715942,
        0.8749814629554749,
        0.8749792575836182,
        0.8749765157699585,
        0.874973475933075,
        0.8749707341194153,
        0.8749688267707825,
        0.8749675154685974,
        0.8749665021896362,
        0.8749656677246094,
        0.8749650716781616,
        0.8749643564224243,
        0.874963641166687,
        0.8749629855155945,
        0.8749622702598572,
        0.8749616146087646,
        0.874960720539093,
        0.8749600052833557,
        0.8749591112136841,
        0.8749582171440125,
        0.8749572038650513,
        0.8749560713768005,
        0.8749547600746155,
        0.8749533295631409,
        0.8749520182609558,
        0.8749508261680603,
        0.8749498128890991,
        0.8749489784240723,
        0.8749480843544006,
        0.8749473690986633,
        0.874946653842926,
        0.8749460577964783,
        0.874945342540741,
        0.8749448657035828,
        0.8749443292617798,
        0.874943733215332,
        0.8749433159828186,
        0.87494295835495,
        0.8749425411224365,
        0.8749421238899231,
        0.8749417066574097,
        0.8749414086341858,
        0.8749412298202515,
        0.8749409317970276,
        0.8749406933784485,
        0.8749403953552246,
        0.8749402165412903,
        0.8749399781227112,
        0.8749399185180664,
        0.8749396800994873,
        0.8749396204948425,
        0.8749393820762634,
        0.8749393224716187,
        0.8749390840530396,
        0.87493896484375,
        0.8749389052391052,
        0.8749387860298157,
        0.8749386668205261,
        0.8749386072158813,
        0.8749384880065918,
        0.8749383687973022,
        0.8749383091926575,
        0.8749383091926575
    ],
    "l1_regularization": 0.0,
    "l2_regularization": 0.0,
    "random_state": 187675,
    "c1_unique_zones": 2,
    "c2_unique_od_pairs": 0,
    "c1_c2_approach": "percentage",
    "c1_c2_percentage": 0.2
}