{
    "normalized_frobenius_error": 0.9057217240333557,
    "masked_rmse": 0.11882906407117844,
    "mean_nonzero_value": 1.3623639345169067,
    "relative_rmse": 0.08722270280122757,
    "explained_variance": 0.17966824769973755,
    "computation_time": 0.5338480472564697,
    "all_factors_non_negative": true,
    "factor_sparsity": [
        "33.87%",
        "34.95%",
        "20.14%"
    ],
    "device": "mps",
    "best_initialization": "random",
    "errors_history": [
        0.9692041873931885,
        0.9499795436859131,
        0.9360753893852234,
        0.9252517819404602,
        0.9174845218658447,
        0.9118003845214844,
        0.9084839224815369,
        0.9070740938186646,
        0.9064528942108154,
        0.906161904335022,
        0.9060119986534119,
        0.9059260487556458,
        0.9058743119239807,
        0.9058436751365662,
        0.9058242440223694,
        0.9058109521865845,
        0.9058012962341309,
        0.9057938456535339,
        0.9057878851890564,
        0.90578293800354,
        0.9057785272598267,
        0.9057747721672058,
        0.9057713150978088,
        0.9057681560516357,
        0.905765175819397,
        0.9057624340057373,
        0.905759871006012,
        0.9057573676109314,
        0.9057549834251404,
        0.9057527780532837,
        0.9057506322860718,
        0.9057486653327942,
        0.9057468175888062,
        0.9057450294494629,
        0.9057433605194092,
        0.9057417511940002,
        0.9057403206825256,
        0.905738890171051,
        0.9057376384735107,
        0.9057363867759705,
        0.9057352542877197,
        0.9057343006134033,
        0.9057332277297974,
        0.9057323932647705,
        0.9057314991950989,
        0.9057307243347168,
        0.9057299494743347,
        0.9057292938232422,
        0.9057287573814392,
        0.9057280421257019,
        0.9057276844978333,
        0.9057270884513855,
        0.9057267308235168,
        0.9057262539863586,
        0.9057259559631348,
        0.9057255983352661,
        0.9057251811027527,
        0.9057248830795288,
        0.9057245850563049,
        0.9057243466377258,
        0.9057241082191467,
        0.9057239294052124,
        0.9057236313819885,
        0.9057234525680542,
        0.9057231545448303,
        0.905722975730896,
        0.9057229161262512,
        0.9057226777076721,
        0.9057224988937378,
        0.905722439289093,
        0.9057222008705139,
        0.9057221412658691,
        0.9057220220565796,
        0.9057219624519348,
        0.9057218432426453,
        0.9057217240333557,
        0.9057216644287109,
        0.9057216644287109
    ],
    "l1_regularization": 0.0,
    "l2_regularization": 0.0,
    "random_state": 558459,
    "c1_unique_zones": 2,
    "c2_unique_od_pairs": 0,
    "c1_c2_approach": "percentage",
    "c1_c2_percentage": 0.2
}