{
    "normalized_frobenius_error": 0.9190181493759155,
    "masked_rmse": 0.12057450413703918,
    "mean_nonzero_value": 1.3623639345169067,
    "relative_rmse": 0.0885038897395134,
    "explained_variance": 0.15540564060211182,
    "computation_time": 0.1822528839111328,
    "all_factors_non_negative": true,
    "factor_sparsity": [
        "17.34%",
        "13.87%",
        "9.72%"
    ],
    "device": "cpu",
    "best_initialization": "random",
    "errors_history": [
        0.9785664081573486,
        0.9759078621864319,
        0.9753883481025696,
        0.9751589894294739,
        0.974962592124939,
        0.9747310280799866,
        0.9744166731834412,
        0.9739537835121155,
        0.973231852054596,
        0.9720696210861206,
        0.9702577590942383,
        0.967778742313385,
        0.9650160670280457,
        0.9624210000038147,
        0.9601202011108398,
        0.9579616189002991,
        0.9556012153625488,
        0.9526329040527344,
        0.949324369430542,
        0.9462974071502686,
        0.9435314536094666,
        0.9408956170082092,
        0.9384390711784363,
        0.9364031553268433,
        0.9349071383476257,
        0.9338428974151611,
        0.9330471158027649,
        0.9323599934577942,
        0.9317039847373962,
        0.931094229221344,
        0.9305460453033447,
        0.9300289750099182,
        0.9295101165771484,
        0.9290103316307068,
        0.928567111492157,
        0.9281517267227173,
        0.9277383685112,
        0.9273365139961243,
        0.9269810914993286,
        0.9266548752784729,
        0.926329493522644,
        0.9259979724884033,
        0.9256690740585327,
        0.9253588318824768,
        0.9250829219818115,
        0.9248417019844055,
        0.9246209263801575,
        0.9243975281715393,
        0.9241480827331543,
        0.9238541722297668,
        0.923498272895813,
        0.9230489134788513,
        0.9223824739456177,
        0.9214897155761719,
        0.9207690954208374,
        0.9202985763549805,
        0.920036792755127,
        0.9198717474937439,
        0.919744610786438,
        0.9196584820747375,
        0.9195889830589294,
        0.9195318222045898,
        0.9194886088371277,
        0.9194585680961609,
        0.9194359183311462,
        0.9194176197052002,
        0.9194014072418213,
        0.9193874597549438,
        0.9193747043609619,
        0.9193621873855591,
        0.9193492531776428,
        0.9193355441093445,
        0.9193212985992432,
        0.9193031191825867,
        0.9192816019058228,
        0.9192548990249634,
        0.9192234873771667,
        0.9191930294036865,
        0.9191651940345764,
        0.9191418886184692,
        0.9191237092018127,
        0.9191105365753174,
        0.9191014170646667,
        0.9190952181816101,
        0.9190903902053833,
        0.9190866947174072,
        0.919083833694458,
        0.9190813899040222,
        0.9190793037414551,
        0.9190775156021118,
        0.919076144695282,
        0.9190748333930969,
        0.9190736413002014,
        0.9190729856491089,
        0.9190717339515686,
        0.9190707802772522,
        0.9190698266029358,
        0.9190689921379089,
        0.9190682172775269,
        0.9190675616264343,
        0.9190667867660522,
        0.919066309928894,
        0.9190657138824463,
        0.9190651178359985,
        0.919064462184906,
        0.9190639853477478,
        0.9190633296966553,
        0.9190628528594971,
        0.9190623760223389,
        0.9190618991851807,
        0.9190612435340881,
        0.9190606474876404,
        0.9190600514411926,
        0.9190595149993896,
        0.9190589189529419,
        0.9190582633018494,
        0.9190577864646912,
        0.9190570116043091,
        0.919056236743927,
        0.9190554022789001,
        0.9190544486045837,
        0.9190531969070435,
        0.9190517663955688,
        0.9190497994422913,
        0.9190478324890137,
        0.9190459847450256,
        0.919044554233551,
        0.9190433025360107,
        0.9190425276756287,
        0.9190416932106018,
        0.919041097164154,
        0.9190406203269958,
        0.9190401434898376,
        0.9190396666526794,
        0.9190393090248108,
        0.9190386533737183,
        0.9190381169319153,
        0.9190376400947571,
        0.9190369844436646,
        0.9190366268157959,
        0.919036328792572,
        0.9190357327461243,
        0.9190353751182556,
        0.9190348982810974,
        0.919034481048584,
        0.9190340042114258,
        0.9190334677696228,
        0.9190331697463989,
        0.9190326929092407,
        0.9190323352813721,
        0.9190319180488586,
        0.9190314412117004,
        0.9190310835838318,
        0.9190306663513184,
        0.9190303683280945,
        0.9190298318862915,
        0.9190294146537781,
        0.9190290570259094,
        0.9190287590026855,
        0.9190284013748169,
        0.9190279841423035,
        0.9190276861190796,
        0.9190273284912109,
        0.9190270304679871,
        0.9190265536308289,
        0.9190260767936707,
        0.9190257787704468,
        0.9190254211425781,
        0.9190251231193542,
        0.9190248250961304,
        0.9190245270729065,
        0.9190241694450378,
        0.9190239906311035,
        0.9190238118171692,
        0.9190233945846558,
        0.9190230965614319,
        0.9190228581428528,
        0.9190224409103394,
        0.9190223217010498,
        0.9190221428871155,
        0.9190219640731812,
        0.9190216660499573,
        0.9190213680267334,
        0.9190213084220886,
        0.9190208315849304,
        0.9190205335617065,
        0.9190203547477722,
        0.9190200567245483,
        0.9190197587013245,
        0.9190195798873901,
        0.9190194606781006,
        0.9190192818641663,
        0.9190191030502319,
        0.9190189242362976,
        0.9190188050270081,
        0.9190186262130737,
        0.9190184473991394,
        0.9190181493759155,
        0.9190181493759155
    ],
    "ranks": {
        "origin": 4,
        "destination": 5,
        "time": 3
    }
}