{
    "normalized_frobenius_error": 0.9058734774589539,
    "masked_rmse": 0.11884898692369461,
    "mean_nonzero_value": 1.3623639345169067,
    "relative_rmse": 0.08723732829093933,
    "explained_variance": 0.17939335107803345,
    "computation_time": 0.8524379730224609,
    "all_factors_non_negative": true,
    "factor_sparsity": [
        "35.48%",
        "38.71%",
        "21.53%"
    ],
    "device": "mps",
    "best_initialization": "random",
    "errors_history": [
        0.9747075438499451,
        0.9546197056770325,
        0.9362629055976868,
        0.9276571273803711,
        0.920428991317749,
        0.9141219854354858,
        0.9100114703178406,
        0.9082927107810974,
        0.907525360584259,
        0.9071129560470581,
        0.906858503818512,
        0.9066810011863708,
        0.9065438508987427,
        0.9064321517944336,
        0.906341016292572,
        0.9062687158584595,
        0.9062132239341736,
        0.9061729907989502,
        0.9061449766159058,
        0.9061257839202881,
        0.9061129689216614,
        0.9061042666435242,
        0.9060984253883362,
        0.9060941934585571,
        0.906091034412384,
        0.9060885906219482,
        0.9060864448547363,
        0.9060845375061035,
        0.9060825109481812,
        0.9060808420181274,
        0.9060788750648499,
        0.9060769081115723,
        0.9060748815536499,
        0.9060727953910828,
        0.9060705900192261,
        0.9060682058334351,
        0.9060657620429993,
        0.9060633182525635,
        0.9060606956481934,
        0.9060580134391785,
        0.9060554504394531,
        0.9060526490211487,
        0.9060499668121338,
        0.9060471057891846,
        0.9060442447662354,
        0.9060413837432861,
        0.9060382843017578,
        0.9060352444648743,
        0.9060320854187012,
        0.9060288071632385,
        0.9060254693031311,
        0.9060220122337341,
        0.9060183763504028,
        0.9060146808624268,
        0.9060107469558716,
        0.9060068130493164,
        0.9060028195381165,
        0.9059987664222717,
        0.9059947729110718,
        0.9059905409812927,
        0.9059862494468689,
        0.9059820175170898,
        0.9059777855873108,
        0.9059736728668213,
        0.905969500541687,
        0.9059653878211975,
        0.9059611558914185,
        0.9059569239616394,
        0.9059527516365051,
        0.9059486389160156,
        0.9059445261955261,
        0.905940592288971,
        0.9059368371963501,
        0.9059330821037292,
        0.9059295654296875,
        0.9059260487556458,
        0.9059225916862488,
        0.9059193134307861,
        0.905916154384613,
        0.9059131145477295,
        0.9059102535247803,
        0.9059074521064758,
        0.9059047698974609,
        0.9059022665023804,
        0.9059000015258789,
        0.905897855758667,
        0.9058958888053894,
        0.9058940410614014,
        0.9058923125267029,
        0.905890703201294,
        0.9058892726898193,
        0.9058879017829895,
        0.9058866500854492,
        0.9058855175971985,
        0.9058845043182373,
        0.9058836102485657,
        0.9058827757835388,
        0.9058817028999329,
        0.9058798551559448,
        0.905877947807312,
        0.9058769941329956,
        0.9058764576911926,
        0.9058759808540344,
        0.9058756828308105,
        0.9058752059936523,
        0.905875027179718,
        0.9058747291564941,
        0.9058744311332703,
        0.9058742523193359,
        0.9058741331100464,
        0.9058739542961121,
        0.9058738350868225,
        0.9058736562728882,
        0.9058735370635986,
        0.9058734774589539,
        0.9058734774589539
    ],
    "l1_regularization": 0.0,
    "l2_regularization": 0.0,
    "random_state": 988810,
    "c1_unique_zones": 2,
    "c2_unique_od_pairs": 0,
    "c1_c2_approach": "percentage",
    "c1_c2_percentage": 0.2
}