{
    "normalized_frobenius_error": 0.9162865877151489,
    "masked_rmse": 0.12021515518426895,
    "mean_nonzero_value": 1.3623639345169067,
    "relative_rmse": 0.0882401168346405,
    "explained_variance": 0.16041892766952515,
    "computation_time": 0.6648318767547607,
    "all_factors_non_negative": true,
    "factor_sparsity": [
        "41.61%",
        "38.39%",
        "25.83%"
    ],
    "device": "mps",
    "best_initialization": "random",
    "errors_history": [
        0.9743244647979736,
        0.9567265510559082,
        0.9432956576347351,
        0.9348969459533691,
        0.9301941990852356,
        0.9273358583450317,
        0.9257078170776367,
        0.9243844151496887,
        0.9226192831993103,
        0.9203811883926392,
        0.9186044931411743,
        0.9176650643348694,
        0.9172398447990417,
        0.9169980883598328,
        0.9168402552604675,
        0.9167470932006836,
        0.9166737794876099,
        0.9166085124015808,
        0.9165514707565308,
        0.9165120124816895,
        0.916487991809845,
        0.9164720773696899,
        0.9164605736732483,
        0.9164516925811768,
        0.9164442420005798,
        0.9164375066757202,
        0.9164309501647949,
        0.9164237380027771,
        0.9164164662361145,
        0.9164100289344788,
        0.9164049029350281,
        0.9164009690284729,
        0.9163978099822998,
        0.9163951873779297,
        0.9163929224014282,
        0.9163908362388611,
        0.9163888692855835,
        0.9163870811462402,
        0.9163853526115417,
        0.9163836240768433,
        0.9163820147514343,
        0.9163804054260254,
        0.9163788557052612,
        0.9163773059844971,
        0.9163760542869568,
        0.9163748025894165,
        0.9163736701011658,
        0.9163724184036255,
        0.9163709878921509,
        0.9163692593574524,
        0.9163670539855957,
        0.9163650870323181,
        0.916363537311554,
        0.9163622856140137,
        0.9163612127304077,
        0.9163603782653809,
        0.9163594841957092,
        0.9163588285446167,
        0.9163581728935242,
        0.9163575172424316,
        0.9163568019866943,
        0.916356086730957,
        0.9163550138473511,
        0.916353166103363,
        0.9163503050804138,
        0.9163475632667542,
        0.9163458943367004,
        0.9163448810577393,
        0.9163439273834229,
        0.9163431525230408,
        0.9163422584533691,
        0.9163415431976318,
        0.9163406491279602,
        0.9163398146629333,
        0.9163389205932617,
        0.9163380861282349,
        0.9163371920585632,
        0.9163363575935364,
        0.9163354635238647,
        0.9163346290588379,
        0.9163337349891663,
        0.9163327813148499,
        0.916331946849823,
        0.9163309931755066,
        0.9163302183151245,
        0.9163292646408081,
        0.9163283705711365,
        0.9163276553153992,
        0.9163267612457275,
        0.9163259267807007,
        0.9163251519203186,
        0.916324257850647,
        0.9163235425949097,
        0.916322648525238,
        0.916321873664856,
        0.9163210988044739,
        0.916320264339447,
        0.9163194894790649,
        0.9163187146186829,
        0.916317880153656,
        0.9163171052932739,
        0.9163163304328918,
        0.916315495967865,
        0.9163147211074829,
        0.9163138270378113,
        0.916313111782074,
        0.9163123369216919,
        0.9163114428520203,
        0.9163106679916382,
        0.9163099527359009,
        0.9163090586662292,
        0.9163082838058472,
        0.9163074493408203,
        0.9163065552711487,
        0.9163058996200562,
        0.9163050651550293,
        0.9163042902946472,
        0.9163035154342651,
        0.9163028597831726,
        0.9163020849227905,
        0.9163013100624084,
        0.9163005352020264,
        0.9162998795509338,
        0.9162991046905518,
        0.916298508644104,
        0.9162978529930115,
        0.916297197341919,
        0.9162965416908264,
        0.9162959456443787,
        0.9162952899932861,
        0.9162946939468384,
        0.9162941575050354,
        0.9162935614585876,
        0.9162929654121399,
        0.9162924885749817,
        0.9162920117378235,
        0.9162916541099548,
        0.9162911772727966,
        0.9162907600402832,
        0.9162904024124146,
        0.9162899851799011,
        0.9162896275520325,
        0.9162893295288086,
        0.9162890315055847,
        0.9162887930870056,
        0.9162884950637817,
        0.9162883162498474,
        0.9162880182266235,
        0.9162878394126892,
        0.9162876009941101,
        0.9162874221801758,
        0.9162872433662415,
        0.9162870645523071,
        0.916286826133728,
        0.9162867665290833,
        0.9162865877151489,
        0.9162865877151489
    ],
    "l1_regularization": 0.0,
    "l2_regularization": 0.0,
    "random_state": 621448,
    "c1_unique_zones": 2,
    "c2_unique_od_pairs": 0,
    "c1_c2_approach": "percentage",
    "c1_c2_percentage": 0.2
}