{
    "normalized_frobenius_error": 0.8564646244049072,
    "masked_rmse": 0.2233791947364807,
    "mean_nonzero_value": 1.345635175704956,
    "relative_rmse": 0.1660027951002121,
    "explained_variance": 0.2664684057235718,
    "computation_time": 2.260925769805908,
    "all_factors_non_negative": true,
    "factor_sparsity": [
        "35.11%",
        "29.33%",
        "14.17%"
    ],
    "device": "mps",
    "best_initialization": "random",
    "errors_history": [
        0.9433931112289429,
        0.9285086989402771,
        0.9085819125175476,
        0.8886488676071167,
        0.8785927295684814,
        0.8740482926368713,
        0.8711051344871521,
        0.8689631223678589,
        0.8674656748771667,
        0.8662996292114258,
        0.8651761412620544,
        0.8640296459197998,
        0.8630800247192383,
        0.8624204397201538,
        0.8619678616523743,
        0.8616575002670288,
        0.8614482879638672,
        0.8613072037696838,
        0.8612090349197388,
        0.8611379265785217,
        0.8610833883285522,
        0.8610357642173767,
        0.8609853982925415,
        0.8609350323677063,
        0.8608969449996948,
        0.8608677983283997,
        0.860845148563385,
        0.8608282804489136,
        0.8608154058456421,
        0.8608047366142273,
        0.860794723033905,
        0.8607871532440186,
        0.8607814908027649,
        0.8607768416404724,
        0.8607726097106934,
        0.8607686758041382,
        0.8607650399208069,
        0.8607616424560547,
        0.8607584238052368,
        0.8607541918754578,
        0.8607451319694519,
        0.8607342839241028,
        0.8607297539710999,
        0.8607264757156372,
        0.8607234358787537,
        0.8607202768325806,
        0.8607168197631836,
        0.8607131242752075,
        0.8607091307640076,
        0.8607048988342285,
        0.8607004284858704,
        0.8606956601142883,
        0.8606905937194824,
        0.8606850504875183,
        0.8606788516044617,
        0.8606722354888916,
        0.8606647849082947,
        0.8606568574905396,
        0.8606480360031128,
        0.8606383204460144,
        0.8606277704238892,
        0.8606159687042236,
        0.860602617263794,
        0.8605875968933105,
        0.860569953918457,
        0.86054927110672,
        0.8605245351791382,
        0.8604940176010132,
        0.8604557514190674,
        0.8604068160057068,
        0.8603441119194031,
        0.8602648973464966,
        0.8601671457290649,
        0.8600493669509888,
        0.8599093556404114,
        0.8597444891929626,
        0.8595541715621948,
        0.8593415021896362,
        0.8591136336326599,
        0.858882486820221,
        0.858661949634552,
        0.8584643006324768,
        0.85829758644104,
        0.8581641316413879,
        0.8580615520477295,
        0.8579850196838379,
        0.8579289317131042,
        0.85788893699646,
        0.8578601479530334,
        0.8578383326530457,
        0.8578202128410339,
        0.8578024506568909,
        0.8577820658683777,
        0.8577547073364258,
        0.8577182292938232,
        0.8576770424842834,
        0.857636034488678,
        0.8575940132141113,
        0.8575499653816223,
        0.8575072288513184,
        0.8574697971343994,
        0.8574360013008118,
        0.8573949933052063,
        0.857354462146759,
        0.8573155999183655,
        0.8572755455970764,
        0.8572399020195007,
        0.8572138547897339,
        0.8571967482566833,
        0.8571832180023193,
        0.8571693897247314,
        0.8571532368659973,
        0.857132077217102,
        0.8571031093597412,
        0.8570666909217834,
        0.857032835483551,
        0.8570091128349304,
        0.8569931983947754,
        0.8569815754890442,
        0.8569729924201965,
        0.8569666147232056,
        0.8569618463516235,
        0.8569581508636475,
        0.8569554090499878,
        0.8569533228874207,
        0.8569514751434326,
        0.8569498658180237,
        0.8569484353065491,
        0.8569467067718506,
        0.8569438457489014,
        0.8569385409355164,
        0.8569275736808777,
        0.8569062352180481,
        0.8568708896636963,
        0.8568277359008789,
        0.856792688369751,
        0.8567732572555542,
        0.8567638397216797,
        0.8567591309547424,
        0.8567562699317932,
        0.8567540049552917,
        0.8567519783973694,
        0.8567496538162231,
        0.8567464351654053,
        0.8567424416542053,
        0.8567379117012024,
        0.8567339181900024,
        0.8567312955856323,
        0.8567298054695129,
        0.8567289113998413,
        0.8567283749580383,
        0.8567278385162354,
        0.8567274212837219,
        0.8567269444465637,
        0.8567264080047607,
        0.8567257523536682,
        0.8567250370979309,
        0.8567242622375488,
        0.8567231893539429,
        0.8567216992378235,
        0.8567200303077698,
        0.8567177653312683,
        0.8567149043083191,
        0.8567110896110535,
        0.8567062616348267,
        0.8567002415657043,
        0.8566928505897522,
        0.8566838502883911,
        0.8566733598709106,
        0.8566616177558899,
        0.8566489219665527,
        0.856636106967926,
        0.8566237688064575,
        0.8566126227378845,
        0.8566029071807861,
        0.8565948009490967,
        0.8565884232521057,
        0.8565834760665894,
        0.8565795421600342,
        0.8565765619277954,
        0.8565743565559387,
        0.8565725684165955,
        0.8565711975097656,
        0.8565701842308044,
        0.8565693497657776,
        0.8565685749053955,
        0.8565679788589478,
        0.8565676808357239,
        0.8565672636032104,
        0.8565670251846313,
        0.8565667271614075,
        0.8565664887428284,
        0.856566309928894,
        0.8565661311149597,
        0.8565658926963806,
        0.8565658330917358,
        0.8565657138824463,
        0.856565535068512,
        0.8565654158592224,
        0.8565652966499329,
        0.8565651178359985,
        0.856564998626709,
        0.8565648198127747,
        0.8565647006034851,
        0.8565644025802612,
        0.8565641641616821,
        0.8565638065338135,
        0.8565633893013,
        0.8565630316734314,
        0.8565623760223389,
        0.8565618395805359,
        0.856561005115509,
        0.8565601110458374,
        0.8565589785575867,
        0.8565572500228882,
        0.8565548062324524,
        0.8565511703491211,
        0.8565460443496704,
        0.8565389513969421,
        0.8565300703048706,
        0.8565196990966797,
        0.8565091490745544,
        0.8564995527267456,
        0.8564920425415039,
        0.8564867377281189,
        0.8564831614494324,
        0.8564808368682861,
        0.8564793467521667,
        0.8564782738685608,
        0.8564774990081787,
        0.856476902961731,
        0.856476366519928,
        0.8564760684967041,
        0.8564755916595459,
        0.8564752340316772,
        0.8564749360084534,
        0.8564745783805847,
        0.8564741611480713,
        0.8564738631248474,
        0.8564735651016235,
        0.8564732670783997,
        0.856472909450531,
        0.8564727306365967,
        0.8564724326133728,
        0.8564721345901489,
        0.856471836566925,
        0.8564715385437012,
        0.8564711809158325,
        0.8564708828926086,
        0.8564704656600952,
        0.8564700484275818,
        0.8564695119857788,
        0.8564690351486206,
        0.8564685583114624,
        0.8564680218696594,
        0.8564674258232117,
        0.8564670085906982,
        0.8564667701721191,
        0.8564664125442505,
        0.8564661741256714,
        0.8564659357070923,
        0.8564658164978027,
        0.8564656972885132,
        0.8564655780792236,
        0.8564653992652893,
        0.8564652800559998,
        0.8564651608467102,
        0.8564650416374207,
        0.8564649820327759,
