{
    "normalized_frobenius_error": 0.9042022824287415,
    "masked_rmse": 0.11862971633672714,
    "mean_nonzero_value": 1.3623639345169067,
    "relative_rmse": 0.08707638084888458,
    "explained_variance": 0.18241828680038452,
    "computation_time": 0.5604081153869629,
    "all_factors_non_negative": true,
    "factor_sparsity": [
        "44.89%",
        "37.10%",
        "21.53%"
    ],
    "device": "mps",
    "best_initialization": "random",
    "errors_history": [
        0.9757342338562012,
        0.9639104008674622,
        0.9502431750297546,
        0.9387191534042358,
        0.9306483268737793,
        0.9262465834617615,
        0.9236288070678711,
        0.9212058186531067,
        0.9183664321899414,
        0.9152097105979919,
        0.9121221303939819,
        0.9096383452415466,
        0.9079321026802063,
        0.9068925976753235,
        0.9062570333480835,
        0.9057862758636475,
        0.9054607152938843,
        0.9052037596702576,
        0.9049941897392273,
        0.9048247933387756,
        0.9046958088874817,
        0.9045996069908142,
        0.9045276641845703,
        0.9044734835624695,
        0.9044315218925476,
        0.9043981432914734,
        0.9043712019920349,
        0.9043495655059814,
        0.9043310284614563,
        0.904313325881958,
        0.9042949080467224,
        0.9042781591415405,
        0.9042659997940063,
        0.9042582511901855,
        0.9042525887489319,
        0.9042476415634155,
        0.9042421579360962,
        0.9042373299598694,
        0.9042340517044067,
        0.90423184633255,
        0.904229998588562,
        0.9042282104492188,
        0.9042266011238098,
        0.9042250514030457,
        0.9042235016822815,
        0.9042222499847412,
        0.9042211174964905,
        0.9042199850082397,
        0.9042187333106995,
        0.9042167067527771,
        0.9042147397994995,
        0.9042133688926697,
        0.9042122960090637,
        0.9042113423347473,
        0.9042105674743652,
        0.9042098522186279,
        0.9042091369628906,
        0.9042086601257324,
        0.9042080044746399,
        0.9042073488235474,
        0.9042064547538757,
        0.904205322265625,
        0.9042043685913086,
        0.9042037129402161,
        0.9042032957077026,
        0.9042030572891235,
        0.9042028188705444,
        0.9042027592658997,
        0.9042025804519653,
        0.9042024612426758,
        0.9042023420333862,
        0.9042022824287415,
        0.9042022824287415
    ],
    "l1_regularization": 0.0,
    "l2_regularization": 0.0,
    "random_state": 666549,
    "c1_unique_zones": 1,
    "c2_unique_od_pairs": 0,
    "c1_c2_approach": "percentage",
    "c1_c2_percentage": 0.2
}