{
    "normalized_frobenius_error": 0.8778299689292908,
    "masked_rmse": 0.19595862925052643,
    "mean_nonzero_value": 1.5989879369735718,
    "relative_rmse": 0.12255166471004486,
    "explained_variance": 0.22941458225250244,
    "computation_time": 1.3812758922576904,
    "all_factors_non_negative": true,
    "factor_sparsity": [
        "33.33%",
        "36.23%",
        "18.06%"
    ],
    "device": "mps",
    "best_initialization": "random",
    "errors_history": [
        0.9564462304115295,
        0.9388651251792908,
        0.9216343760490417,
        0.9114488363265991,
        0.905819833278656,
        0.9018712639808655,
        0.8987919688224792,
        0.8960680365562439,
        0.8932350277900696,
        0.8903933167457581,
        0.8881270885467529,
        0.8865647912025452,
        0.8854691982269287,
        0.8846460580825806,
        0.8840070962905884,
        0.8834598064422607,
        0.8830047845840454,
        0.8826305270195007,
        0.8822928071022034,
        0.8819683790206909,
        0.88165283203125,
        0.8813460469245911,
        0.881054162979126,
        0.8807829022407532,
        0.8805388808250427,
        0.8803231716156006,
        0.8801410794258118,
        0.8799919486045837,
        0.8798701763153076,
        0.879767656326294,
        0.8796775937080383,
        0.8795965909957886,
        0.8795239925384521,
        0.8794606924057007,
        0.879406213760376,
        0.8793603777885437,
        0.8793211579322815,
        0.8792858719825745,
        0.8792524337768555,
        0.8792188763618469,
        0.8791835904121399,
        0.8791455626487732,
        0.8791050314903259,
        0.8790633678436279,
        0.8790220022201538,
        0.8789809346199036,
        0.8789395093917847,
        0.8788972496986389,
        0.8788542747497559,
        0.8788114786148071,
        0.8787694573402405,
        0.8787280917167664,
        0.8786874413490295,
        0.87864750623703,
        0.878607988357544,
        0.8785686492919922,
        0.8785294890403748,
        0.8784912824630737,
        0.8784552812576294,
        0.8784217238426208,
        0.8783906698226929,
        0.8783619999885559,
        0.8783352971076965,
        0.8783103227615356,
        0.8782865405082703,
        0.8782640099525452,
        0.8782431483268738,
        0.8782243728637695,
        0.8782072067260742,
        0.8781912326812744,
        0.8781759142875671,
        0.8781611919403076,
        0.878145694732666,
        0.8781288266181946,
        0.8781093955039978,
        0.8780869841575623,
        0.8780633807182312,
        0.8780415654182434,
        0.8780227303504944,
        0.8780051469802856,
        0.8779898881912231,
        0.8779790997505188,
        0.8779699802398682,
        0.8779621124267578,
        0.8779551386833191,
        0.8779488205909729,
        0.8779429793357849,
        0.8779376149177551,
        0.8779326677322388,
        0.8779280185699463,
        0.8779236674308777,
        0.877919614315033,
        0.8779160976409912,
        0.8779128789901733,
        0.8779100179672241,
        0.8779075145721436,
        0.8779053688049316,
        0.8779032230377197,
        0.8779013156890869,
        0.8778994083404541,
        0.8778975009918213,
        0.8778956532478333,
        0.8778939247131348,
        0.8778923153877258,
        0.8778910040855408,
        0.8778899312019348,
        0.8778887987136841,
        0.8778876662254333,
        0.8778865933418274,
        0.8778853416442871,
        0.87788325548172,
        0.877879798412323,
        0.8778759241104126,
        0.8778738379478455,
        0.8778727054595947,
        0.8778719305992126,
        0.8778710961341858,
        0.8778702020645142,
        0.8778693079948425,
        0.8778683543205261,
        0.8778673410415649,
        0.8778663277626038,
        0.8778652548789978,
        0.8778641223907471,
        0.8778629899024963,
        0.8778617978096008,
        0.8778603672981262,
        0.8778588771820068,
        0.8778570294380188,
        0.8778548240661621,
        0.8778523802757263,
        0.8778499960899353,
        0.8778480291366577,
        0.8778463006019592,
        0.8778446912765503,
        0.877842903137207,
        0.8778412938117981,
        0.8778398633003235,
        0.877838671207428,
        0.8778375387191772,
        0.8778366446495056,
        0.8778359293937683,
        0.8778353333473206,
        0.8778347969055176,
        0.8778343200683594,
        0.877833902835846,
        0.8778336644172668,
        0.8778333067893982,
        0.8778330087661743,
        0.8778327703475952,
        0.8778324723243713,
        0.8778323531150818,
        0.8778320550918579,
        0.8778318762779236,
        0.877831757068634,
        0.8778315782546997,
        0.8778314590454102,
        0.8778312802314758,
        0.8778310418128967,
        0.877830982208252,
        0.8778308629989624,
        0.8778307437896729,
        0.8778305649757385,
        0.877830445766449,
        0.8778303265571594,
        0.8778302669525146,
        0.8778301477432251,
        0.8778299689292908,
        0.8778299689292908
    ],
    "l1_regularization": 0.0,
    "l2_regularization": 0.0,
    "random_state": 53341,
    "c1_unique_zones": 2,
    "c2_unique_od_pairs": 0,
    "c1_c2_approach": "percentage",
    "c1_c2_percentage": 0.2
}