{
    "normalized_frobenius_error": 0.8604379892349243,
    "masked_rmse": 0.21458423137664795,
    "mean_nonzero_value": 1.3371909856796265,
    "relative_rmse": 0.16047388315200806,
    "explained_variance": 0.259646475315094,
    "computation_time": 0.38435912132263184,
    "all_factors_non_negative": true,
    "factor_sparsity": [
        "19.05%",
        "12.89%",
        "2.86%"
    ],
    "device": "cpu",
    "best_initialization": "random",
    "errors_history": [
        0.9457561373710632,
        0.9413577914237976,
        0.9387860298156738,
        0.9353950619697571,
        0.9315280318260193,
        0.9278984665870667,
        0.9247986078262329,
        0.9221212267875671,
        0.9196372032165527,
        0.9170998334884644,
        0.9142428636550903,
        0.9107494950294495,
        0.9063562154769897,
        0.9013577699661255,
        0.8970349431037903,
        0.8941332101821899,
        0.8922631740570068,
        0.8909364938735962,
        0.8898903131484985,
        0.8890248537063599,
        0.8883047103881836,
        0.8877092003822327,
        0.8872167468070984,
        0.8868066668510437,
        0.8864619135856628,
        0.8861661553382874,
        0.885905921459198,
        0.8856725096702576,
        0.8854573369026184,
        0.8852545619010925,
        0.885059654712677,
        0.8848667740821838,
        0.8846735954284668,
        0.8844754099845886,
        0.8842676877975464,
        0.8840458989143372,
        0.8838036060333252,
        0.883538007736206,
        0.8832424283027649,
        0.8829119205474854,
        0.8825440406799316,
        0.8821359276771545,
        0.8816821575164795,
        0.8811790943145752,
        0.8806173801422119,
        0.8799887895584106,
        0.8792796730995178,
        0.8784821033477783,
        0.8776022791862488,
        0.8766708374023438,
        0.8757376074790955,
        0.8748551607131958,
        0.8740638494491577,
        0.8733811974525452,
        0.8728050589561462,
        0.8723232746124268,
        0.8719193339347839,
        0.8715761303901672,
        0.8712775707244873,
        0.8710106611251831,
        0.870766818523407,
        0.870541512966156,
        0.870330274105072,
        0.8701320886611938,
        0.8699435591697693,
        0.8697639107704163,
        0.8695919513702393,
        0.869426429271698,
        0.8692664504051208,
        0.8691107630729675,
        0.8689581155776978,
        0.8688059449195862,
        0.8686531186103821,
        0.8684970736503601,
        0.8683367967605591,
        0.8681697249412537,
        0.8679944276809692,
        0.8678075671195984,
        0.8676101565361023,
        0.8674001097679138,
        0.8671765923500061,
        0.8669390678405762,
        0.86668860912323,
        0.8664247989654541,
        0.8661505579948425,
        0.865868330001831,
        0.8655810952186584,
        0.865293562412262,
        0.8650082945823669,
        0.8647288084030151,
        0.8644586801528931,
        0.8642008304595947,
        0.8639554381370544,
        0.8637265563011169,
        0.8635136485099792,
        0.8633167743682861,
        0.8631361722946167,
        0.8629715442657471,
        0.8628223538398743,
        0.8626884818077087,
        0.8625683188438416,
        0.8624616861343384,
        0.862367570400238,
        0.8622828722000122,
        0.8622081279754639,
        0.8621411323547363,
        0.8620802760124207,
        0.8620254993438721,
        0.8619763255119324,
        0.8619303703308105,
        0.86188805103302,
        0.8618485331535339,
        0.8618109822273254,
        0.8617755174636841,
        0.861741840839386,
        0.8617082238197327,
        0.8616760969161987,
        0.861642599105835,
        0.8616089820861816,
        0.8615747094154358,
        0.8615392446517944,
        0.861504852771759,
        0.8614707589149475,
        0.8614377379417419,
        0.8614056706428528,
        0.8613747358322144,
        0.8613441586494446,
        0.8613141775131226,
        0.8612843155860901,
        0.8612555861473083,
        0.8612279891967773,
        0.8612009286880493,
        0.8611757755279541,
        0.8611510396003723,
        0.8611279129981995,
        0.8611060380935669,
        0.8610848188400269,
        0.8610653877258301,
        0.8610466122627258,
        0.8610295057296753,
        0.8610129952430725,
        0.8609973192214966,
        0.8609826564788818,
        0.8609685897827148,
        0.8609551787376404,
        0.8609428405761719,
        0.8609305620193481,
        0.8609191179275513,
        0.8609073758125305,
        0.8608967065811157,
        0.8608860969543457,
        0.8608762621879578,
        0.8608658909797668,
        0.8608558177947998,
        0.8608457446098328,
        0.8608361482620239,
        0.8608275651931763,
        0.8608185648918152,
        0.8608105182647705,
        0.8608027100563049,
        0.8607949614524841,
        0.8607881665229797,
        0.8607807755470276,
        0.8607746362686157,
        0.86076819896698,
        0.8607621192932129,
        0.8607562184333801,
        0.8607511520385742,
        0.8607452511787415,
        0.8607404232025146,
        0.8607349395751953,
        0.8607293963432312,
        0.8607247471809387,
        0.8607197403907776,
        0.8607147932052612,
        0.8607097864151001,
        0.8607050776481628,
        0.8607009053230286,
        0.8606962561607361,
        0.8606914281845093,
        0.8606874346733093,
        0.8606832027435303,
        0.8606789708137512,
        0.8606749773025513,
        0.8606709241867065,
        0.8606670498847961,
        0.8606629371643066,
        0.8606589436531067,
        0.8606550097465515,
        0.8606512546539307,
        0.8606474995613098,
        0.8606432676315308,
        0.8606401085853577,
        0.8606363534927368,
        0.860633373260498,
        0.860629677772522,
        0.8606269359588623,
        0.8606240153312683,
        0.8606211543083191,
        0.8606182336807251,
        0.8606157302856445,
        0.8606129884719849,
        0.8606107234954834,
        0.8606082797050476,
        0.8606052994728088,
        0.8606032133102417,
        0.8606005311012268,
        0.8605982661247253,
        0.8605960011482239,
        0.8605937957763672,
        0.8605913519859314,
        0.8605890870094299,
        0.8605862855911255,
        0.8605838418006897,
        0.8605819344520569,
        0.860579788684845,
        0.8605775833129883,
        0.8605755567550659,
        0.8605735301971436,
        0.8605720400810242,
        0.8605707287788391,
        0.860569179058075,
        0.8605679869651794,
        0.8605665564537048,
        0.8605652451515198,
        0.8605643510818481,
        0.8605631589889526,
        0.8605622053146362,
        0.8605613708496094,
        0.8605604767799377,
        0.8605595827102661,
        0.8605584502220154,
        0.8605577349662781,
        0.8605565428733826,
        0.8605554699897766,
        0.860554575920105,
        0.8605538010597229,
        0.8605526089668274,
        0.8605514168739319,
        0.8605508208274841,
        0.86054927110672,
        0.8605478405952454,
        0.8605465888977051,
        0.8605455160140991,
        0.8605442643165588,
        0.8605430126190186,
        0.8605412840843201,
        0.8605396747589111,
        0.860537588596344,
        0.8605355620384216,
        0.8605340123176575,
        0.8605321049690247,
        0.8605302572250366,
        0.8605290055274963,
        0.8605274558067322,
        0.8605254292488098,
        0.8605241775512695,
        0.8605227470397949,
        0.8605214953422546,
        0.8605204820632935,
        0.860519528388977,
        0.8605186939239502,
        0.860517680644989,
        0.8605169653892517,
        0.8605161309242249,
        0.8605154156684875,
        0.8605150580406189,
        0.8605141639709473,
        0.8605138659477234,
