{
  "total_core_entries": 36,
  "total_energy": 740.5039672851562,
  "num_entries_80pct": 3,
  "selected_indices": [
    [
      0,
      2,
      1
    ],
    [
      2,
      1,
      0
    ],
    [
      1,
      0,
      1
    ]
  ],
  "selected_energies": [
    327.35687255859375,
    235.85760498046875,
    55.34315872192383
  ]
}