{
    "normalized_frobenius_error": 0.8778280019760132,
    "masked_rmse": 0.195958212018013,
    "mean_nonzero_value": 1.5989879369735718,
    "relative_rmse": 0.12255140393972397,
    "explained_variance": 0.22941803932189941,
    "computation_time": 0.8921699523925781,
    "all_factors_non_negative": true,
    "factor_sparsity": [
        "22.71%",
        "24.40%",
        "13.19%"
    ],
    "device": "mps",
    "best_initialization": "random",
    "errors_history": [
        0.9537590146064758,
        0.935948371887207,
        0.9198365807533264,
        0.9070438146591187,
        0.8987491130828857,
        0.8927539587020874,
        0.8879572153091431,
        0.8844732046127319,
        0.8821908235549927,
        0.8807973265647888,
        0.8799641132354736,
        0.8794475793838501,
        0.8791052103042603,
        0.878860354423523,
        0.8786672949790955,
        0.878507673740387,
        0.8783801794052124,
        0.8782790899276733,
        0.8781970739364624,
        0.8781298398971558,
        0.878075122833252,
        0.8780314326286316,
        0.8779966831207275,
        0.8779692649841309,
        0.8779474496841431,
        0.8779301643371582,
        0.8779163956642151,
        0.8779050707817078,
        0.8778955936431885,
        0.8778873682022095,
        0.8778805732727051,
        0.877875030040741,
        0.8778706192970276,
        0.8778669238090515,
        0.8778638243675232,
        0.8778610825538635,
        0.8778586387634277,
        0.8778566122055054,
        0.8778547048568726,
        0.8778529763221741,
        0.8778514862060547,
        0.8778501749038696,
        0.8778489828109741,
        0.8778478503227234,
        0.8778467178344727,
        0.877845823764801,
        0.8778448104858398,
        0.877843976020813,
        0.8778432011604309,
        0.8778424859046936,
        0.8778417706489563,
        0.877841055393219,
        0.8778404593467712,
        0.8778396248817444,
        0.8778389692306519,
        0.8778380155563354,
        0.8778370022773743,
        0.8778359293937683,
        0.877834677696228,
        0.8778336644172668,
        0.8778327703475952,
        0.8778320550918579,
        0.8778314590454102,
        0.877830982208252,
        0.8778306841850281,
        0.8778302669525146,
        0.8778299689292908,
        0.8778296709060669,
        0.8778294324874878,
        0.8778291344642639,
        0.8778289556503296,
        0.87782883644104,
        0.8778286576271057,
        0.8778284192085266,
        0.8778283596038818,
        0.8778281211853027,
        0.8778280019760132,
        0.8778280019760132
    ],
    "l1_regularization": 0.0,
    "l2_regularization": 0.0,
    "random_state": 584895,
    "c1_unique_zones": 2,
    "c2_unique_od_pairs": 0,
    "c1_c2_approach": "percentage",
    "c1_c2_percentage": 0.2
}