{
    "normalized_frobenius_error": 0.9026700854301453,
    "masked_rmse": 0.11842869222164154,
    "mean_nonzero_value": 1.3623639345169067,
    "relative_rmse": 0.0869288221001625,
    "explained_variance": 0.1851867437362671,
    "computation_time": 1.9543168544769287,
    "all_factors_non_negative": true,
    "factor_sparsity": [
        "43.28%",
        "41.40%",
        "27.78%"
    ],
    "device": "mps",
    "best_initialization": "random",
    "errors_history": [
        0.9750449061393738,
        0.9587786793708801,
        0.9428533911705017,
        0.9341487884521484,
        0.9272416830062866,
        0.9206007122993469,
        0.9157450199127197,
        0.9127496480941772,
        0.9107845425605774,
        0.9094727039337158,
        0.9085586071014404,
        0.907848596572876,
        0.9072717428207397,
        0.9067803621292114,
        0.9063549041748047,
        0.9059846997261047,
        0.9056410193443298,
        0.905303418636322,
        0.9049666523933411,
        0.9046436548233032,
        0.9043539762496948,
        0.9040924906730652,
        0.9038351774215698,
        0.9035916924476624,
        0.9034309983253479,
        0.9033127427101135,
        0.9032217264175415,
        0.9031521677970886,
        0.9030964970588684,
        0.9030492305755615,
        0.9030092358589172,
        0.9029825925827026,
        0.9029658436775208,
        0.902950644493103,
        0.902935802936554,
        0.9029198288917542,
        0.90290766954422,
        0.9029008746147156,
        0.902895987033844,
        0.9028913974761963,
        0.9028849601745605,
        0.9028751254081726,
        0.9028630256652832,
        0.902854323387146,
        0.9028500318527222,
        0.9028472304344177,
        0.9028449654579163,
        0.9028429388999939,
        0.9028412103652954,
        0.9028394222259521,
        0.9028375744819641,
        0.9028356671333313,
        0.9028336405754089,
        0.9028308987617493,
        0.9028285145759583,
        0.9028268456459045,
        0.9028255343437195,
        0.902824342250824,
        0.9028233289718628,
        0.9028224349021912,
        0.9028216004371643,
        0.9028208255767822,
        0.9028201699256897,
        0.9028195142745972,
        0.9028189182281494,
        0.9028182625770569,
        0.9028176665306091,
        0.9028170108795166,
        0.9028164148330688,
        0.9028159379959106,
        0.9028154611587524,
        0.9028149843215942,
        0.9028143882751465,
        0.9028139114379883,
        0.9028134346008301,
        0.9028130769729614,
        0.9028126001358032,
        0.902812123298645,
        0.9028117060661316,
        0.9028112292289734,
        0.9028107523918152,
        0.9028102159500122,
        0.9028099179267883,
        0.9028094410896301,
        0.9028090834617615,
        0.902808666229248,
        0.9028083086013794,
        0.9028080105781555,
        0.9028075933456421,
        0.9028071165084839,
        0.9028068780899048,
        0.9028064608573914,
        0.9028061032295227,
        0.9028058052062988,
        0.9028053879737854,
        0.9028050303459167,
        0.9028046727180481,
        0.9028042554855347,
        0.902803897857666,
        0.9028034806251526,
        0.9028031229972839,
        0.9028027653694153,
        0.9028023481369019,
        0.9028019905090332,
        0.9028015732765198,
        0.9028012156486511,
        0.9028007984161377,
        0.902800440788269,
        0.9027999639511108,
        0.9027996063232422,
        0.9027990698814392,
        0.902798593044281,
        0.9027981162071228,
        0.9027974605560303,
        0.9027966856956482,
        0.9027957320213318,
        0.9027947783470154,
        0.9027940034866333,
        0.9027934670448303,
        0.902792751789093,
        0.9027922749519348,
        0.9027916193008423,
        0.9027909636497498,
        0.902790367603302,
        0.9027897119522095,
        0.9027891159057617,
        0.9027884006500244,
        0.9027876853942871,
        0.9027870297431946,
        0.902786374092102,
        0.9027857184410095,
        0.9027849435806274,
        0.9027842879295349,
        0.9027833938598633,
        0.9027827382087708,
        0.9027818441390991,
        0.9027810096740723,
        0.9027802348136902,
        0.9027794003486633,
        0.9027784466743469,
        0.902777373790741,
        0.9027762413024902,
        0.9027748703956604,
        0.9027730822563171,
        0.9027707576751709,
        0.9027677774429321,
        0.902764081954956,
        0.9027599692344666,
        0.902755856513977,
        0.9027522206306458,
        0.9027489423751831,
        0.9027459621429443,
        0.9027431011199951,
        0.9027402997016907,
        0.9027374386787415,
        0.9027346968650818,
        0.9027318954467773,
        0.9027292132377625,
        0.902726411819458,
        0.9027237892150879,
        0.902721107006073,
        0.9027186036109924,
        0.9027159810066223,
        0.9027137160301208,
        0.9027113914489746,
        0.9027091860771179,
        0.9027070999145508,
        0.9027050733566284,
        0.9027032852172852,
        0.9027015566825867,
        0.9026999473571777,
        0.9026983976364136,
        0.902696967124939,
        0.9026957154273987,
        0.9026944637298584,
        0.9026933908462524,
        0.9026923775672913,
        0.9026914238929749,
        0.9026905298233032,
        0.9026896953582764,
        0.9026888012886047,
        0.9026878476142883,
        0.9026867151260376,
        0.902685284614563,
        0.902683436870575,
        0.9026815295219421,
        0.9026800394058228,
        0.9026788473129272,
        0.9026778936386108,
        0.902677059173584,
        0.9026761651039124,
        0.9026753306388855,
        0.9026745557785034,
        0.9026739001274109,
        0.9026732444763184,
        0.9026726484298706,
        0.9026721715927124,
        0.9026716947555542,
        0.9026712775230408,
        0.9026710987091064,
        0.9026708006858826,
        0.9026706218719482,
        0.9026704430580139,
        0.9026702642440796,
        0.90267014503479,
        0.9026700854301453,
        0.9026700854301453
    ],
    "l1_regularization": 0.0,
    "l2_regularization": 0.0,
    "random_state": 644364,
    "c1_unique_zones": 2,
    "c2_unique_od_pairs": 0,
    "c1_c2_approach": "percentage",
    "c1_c2_percentage": 0.2
}