{
    "normalized_frobenius_error": 0.8628742098808289,
    "masked_rmse": 0.2250508964061737,
    "mean_nonzero_value": 1.345635175704956,
    "relative_rmse": 0.16724510490894318,
    "explained_variance": 0.2554481029510498,
    "computation_time": 0.8801000118255615,
    "all_factors_non_negative": true,
    "factor_sparsity": [
        "20.00%",
        "19.11%",
        "10.00%"
    ],
    "device": "mps",
    "best_initialization": "random",
    "errors_history": [
        0.9397932887077332,
        0.9235839247703552,
        0.9048660397529602,
        0.8924528956413269,
        0.8863795399665833,
        0.8822759389877319,
        0.8779975771903992,
        0.8736011385917664,
        0.8704373836517334,
        0.8686739802360535,
        0.8675702214241028,
        0.8667061924934387,
        0.8659477829933167,
        0.8652783036231995,
        0.8647214770317078,
        0.8642922639846802,
        0.8639776706695557,
        0.8637473583221436,
        0.8635743856430054,
        0.8634417057037354,
        0.8633379340171814,
        0.8632538914680481,
        0.8631843328475952,
        0.8631284236907959,
        0.8630858063697815,
        0.8630539774894714,
        0.8630295991897583,
        0.8630104064941406,
        0.8629949688911438,
        0.8629822134971619,
        0.8629716634750366,
        0.8629628419876099,
        0.8629553914070129,
        0.8629490733146667,
        0.8629438877105713,
        0.8629392981529236,
        0.8629352450370789,
        0.8629311919212341,
        0.8629269599914551,
        0.8629236817359924,
        0.862920880317688,
        0.8629182577133179,
        0.8629159331321716,
        0.8629137277603149,
        0.8629118204116821,
        0.8629100322723389,
        0.8629084825515747,
        0.8629069924354553,
        0.8629058003425598,
        0.8629046678543091,
        0.8629035949707031,
        0.8629025816917419,
        0.8629016876220703,
        0.8629007935523987,
        0.862899899482727,
        0.8628990650177002,
        0.8628981709480286,
        0.8628972768783569,
        0.8628962635993958,
        0.8628953695297241,
        0.8628943562507629,
        0.8628933429718018,
        0.8628922700881958,
        0.8628913164138794,
        0.862890362739563,
        0.8628894090652466,
        0.8628885746002197,
        0.8628876209259033,
        0.8628868460655212,
        0.8628860116004944,
        0.8628852367401123,
        0.8628845810890198,
        0.862883985042572,
        0.8628833293914795,
        0.8628827929496765,
        0.8628823161125183,
        0.8628817200660706,
        0.8628812432289124,
        0.8628807067871094,
        0.862880289554596,
        0.8628798127174377,
        0.8628792762756348,
        0.8628787994384766,
        0.8628783226013184,
        0.8628779053688049,
        0.8628774285316467,
        0.8628770112991333,
        0.8628765940666199,
        0.862876296043396,
        0.8628759384155273,
        0.8628756999969482,
        0.8628754019737244,
        0.8628751635551453,
        0.8628750443458557,
        0.8628748059272766,
        0.8628746867179871,
        0.8628745675086975,
        0.862874448299408,
        0.8628742098808289,
        0.8628742098808289
    ],
    "l1_regularization": 0.0,
    "l2_regularization": 0.0,
    "random_state": 689410,
    "c1_unique_zones": 2,
    "c2_unique_od_pairs": 0,
    "c1_c2_approach": "percentage",
    "c1_c2_percentage": 0.2
}