{
    "normalized_frobenius_error": 0.8878178596496582,
    "masked_rmse": 0.23155783116817474,
    "mean_nonzero_value": 1.345635175704956,
    "relative_rmse": 0.17208069562911987,
    "explained_variance": 0.21177947521209717,
    "computation_time": 0.5999360084533691,
    "all_factors_non_negative": true,
    "factor_sparsity": [
        "23.70%",
        "8.89%",
        "0.00%"
    ],
    "device": "cpu",
    "best_initialization": "random",
    "errors_history": [
        0.9477302432060242,
        0.9450041651725769,
        0.9442875981330872,
        0.9433804154396057,
        0.9418328404426575,
        0.9387099146842957,
        0.932884931564331,
        0.9256077408790588,
        0.9191361665725708,
        0.9141186475753784,
        0.9103045463562012,
        0.9071279764175415,
        0.9041884541511536,
        0.9014012813568115,
        0.8988749384880066,
        0.8968598246574402,
        0.8954160213470459,
        0.8943895697593689,
        0.8936241865158081,
        0.8930177092552185,
        0.892516553401947,
        0.8920876979827881,
        0.891714870929718,
        0.8913876414299011,
        0.8910969495773315,
        0.8908371329307556,
        0.8906047940254211,
        0.890394389629364,
        0.8902028203010559,
        0.8900278806686401,
        0.8898665904998779,
        0.8897166848182678,
        0.8895778059959412,
        0.8894494771957397,
        0.8893316388130188,
        0.8892250061035156,
        0.8891298174858093,
        0.8890447020530701,
        0.888970136642456,
        0.8889049291610718,
        0.8888460397720337,
        0.888795018196106,
        0.8887496590614319,
        0.8887091279029846,
        0.8886718153953552,
        0.8886387348175049,
        0.8886083960533142,
        0.8885810971260071,
        0.8885553479194641,
        0.8885320425033569,
        0.888511061668396,
        0.8884912133216858,
        0.8884732723236084,
        0.888455867767334,
        0.888439953327179,
        0.888424813747406,
        0.8884108662605286,
        0.8883976936340332,
        0.8883851766586304,
        0.8883727788925171,
        0.8883614540100098,
        0.8883504867553711,
        0.8883399963378906,
        0.8883304595947266,
        0.8883212804794312,
        0.8883123993873596,
        0.8883041739463806,
        0.8882963061332703,
        0.8882883191108704,
        0.8882813453674316,
        0.8882741332054138,
        0.8882677555084229,
        0.8882610201835632,
        0.88825523853302,
        0.8882490396499634,
        0.8882430195808411,
        0.888237476348877,
        0.8882322311401367,
        0.8882266879081726,
        0.8882215619087219,
        0.8882163166999817,
        0.8882110118865967,
        0.8882061839103699,
        0.8882014155387878,
        0.8881967067718506,
        0.8881914615631104,
        0.8881871104240417,
        0.8881826996803284,
        0.888177752494812,
        0.8881734013557434,
        0.8881691098213196,
        0.8881644606590271,
        0.8881598711013794,
        0.8881556391716003,
        0.8881516456604004,
        0.8881478309631348,
        0.8881434798240662,
        0.8881394863128662,
        0.8881353735923767,
        0.8881314396858215,
        0.888127863407135,
        0.8881238102912903,
        0.8881202936172485,
        0.8881161212921143,
        0.8881122469902039,
        0.8881084322929382,
        0.8881046175956726,
        0.8881009221076965,
        0.8880970478057861,
        0.8880933523178101,
        0.8880894780158997,
        0.8880857229232788,
        0.8880820274353027,
        0.8880783319473267,
        0.8880747556686401,
        0.8880714178085327,
        0.888067901134491,
        0.8880641460418701,
        0.8880607485771179,
        0.8880572319030762,
        0.8880537152290344,
        0.8880497813224792,
        0.8880463242530823,
        0.8880431652069092,
        0.8880395293235779,
        0.8880366683006287,
        0.8880331516265869,
        0.8880297541618347,
        0.888026773929596,
        0.8880234360694885,
        0.8880202770233154,
        0.8880172371864319,
        0.8880146145820618,
        0.8880118727684021,
        0.8880085349082947,
        0.8880056738853455,
        0.8880032300949097,
        0.8880007266998291,
        0.8879980444908142,
        0.8879953026771545,
        0.8879926204681396,
        0.887990415096283,
        0.8879881501197815,
        0.8879857659339905,
        0.8879833221435547,
        0.8879806399345398,
        0.8879786133766174,
        0.887976348400116,
        0.887973964214325,
        0.8879721164703369,
        0.8879697322845459,
        0.8879678845405579,
        0.8879659175872803,
        0.8879638910293579,
        0.8879620432853699,
        0.8879600167274475,
        0.8879585266113281,
        0.8879563212394714,
        0.887954592704773,
        0.8879526853561401,
        0.8879507780075073,
        0.8879491090774536,
        0.8879474401473999,
        0.8879457712173462,
        0.8879437446594238,
        0.8879424333572388,
        0.8879406452178955,
        0.8879389762878418,
        0.8879377245903015,
        0.8879362940788269,
        0.8879349231719971,
        0.8879334330558777,
        0.8879321217536926,
        0.8879304528236389,
        0.88792884349823,
        0.8879280686378479,
        0.8879263997077942,
        0.8879247307777405,
        0.8879240155220032,
        0.8879227638244629,
        0.8879213333129883,
        0.8879202008247375,
        0.8879187107086182,
        0.8879178762435913,
        0.8879164457321167,
        0.887915313243866,
        0.8879141211509705,
        0.887912929058075,
        0.8879116177558899,
        0.8879104256629944,
        0.8879090547561646,
        0.8879080414772034,
        0.8879067301750183,
        0.8879058361053467,
        0.8879047632217407,
        0.8879038095474243,
        0.8879027962684631,
        0.8879016041755676,
        0.8879004716873169,
        0.8878989815711975,
        0.887898325920105,
        0.8878971338272095,
        0.8878957629203796,
        0.8878946304321289,
        0.887893795967102,
        0.8878927826881409,
        0.8878917694091797,
        0.8878912329673767,
        0.887890100479126,
        0.8878887295722961,
        0.8878875374794006,
        0.8878867030143738,
        0.8878858089447021,
        0.8878850340843201,
        0.887884259223938,
        0.8878830671310425,
        0.8878822326660156,
        0.8878811001777649,
        0.8878803849220276,
        0.8878791928291321,
        0.88787841796875,
        0.8878775238990784,
        0.887876570224762,
        0.8878755569458008,
        0.887874960899353,
        0.8878740668296814,
        0.8878729343414307,
        0.8878716826438904,
        0.8878709673881531,
        0.8878702521324158,
        0.8878693580627441,
        0.887868344783783,
        0.8878672122955322,
        0.8878664374351501,
        0.8878655433654785,
        0.887864887714386,
        0.887864351272583,
        0.8878635168075562,
        0.8878624439239502,
        0.8878619074821472,
        0.8878609538078308,
        0.887860119342804,
        0.8878596425056458,
        0.8878587484359741,
        0.887857973575592,
        0.8878573179244995,
        0.8878565430641174,
        0.8878557085990906,
        0.8878546357154846,
        0.8878540992736816,
        0.8878533840179443,
        0.8878527283668518,
        0.8878519535064697,
        0.8878511190414429,
        0.887850284576416,
        0.8878498673439026,
        0.8878490924835205,
        0.8878486752510071,
        0.8878483176231384,
        0.8878477811813354,
        0.8878468871116638,
        0.8878463506698608,
        0.8878457546234131,
        0.8878450393676758,
        0.8878442645072937,
        0.8878437876701355,
        0.8878434896469116,
        0.8878428339958191,
        0.8878421187400818,
        0.8878418207168579,
