{
    "normalized_frobenius_error": 0.9046260714530945,
    "masked_rmse": 0.11868532001972198,
    "mean_nonzero_value": 1.3623639345169067,
    "relative_rmse": 0.08711719512939453,
    "explained_variance": 0.18165171146392822,
    "computation_time": 0.9047491550445557,
    "all_factors_non_negative": true,
    "factor_sparsity": [
        "52.42%",
        "50.54%",
        "32.64%"
    ],
    "device": "mps",
    "best_initialization": "random",
    "errors_history": [
        0.9746308922767639,
        0.9596163630485535,
        0.948466956615448,
        0.9385300278663635,
        0.9272280931472778,
        0.9168116450309753,
        0.9125120639801025,
        0.9104822278022766,
        0.9091307520866394,
        0.9082003831863403,
        0.9075844883918762,
        0.9071805477142334,
        0.9068921208381653,
        0.9066731929779053,
        0.9064978957176208,
        0.9063418507575989,
        0.9061884880065918,
        0.9060312509536743,
        0.9058797955513,
        0.90574711561203,
        0.9056326150894165,
        0.905530571937561,
        0.9054386019706726,
        0.9053582549095154,
        0.9052906036376953,
        0.905234694480896,
        0.905189573764801,
        0.9051549434661865,
        0.9051288366317749,
        0.9051095843315125,
        0.9050953984260559,
        0.9050846099853516,
        0.9050761461257935,
        0.9050694704055786,
        0.9050642848014832,
        0.9050601720809937,
        0.905056893825531,
        0.9050542116165161,
        0.9050524234771729,
        0.9050508141517639,
        0.9050494432449341,
        0.9050481915473938,
        0.9050470590591431,
        0.9050458073616028,
        0.9050442576408386,
        0.905042290687561,
        0.9050399661064148,
        0.9050375819206238,
        0.9050355553627014,
        0.9050342440605164,
        0.9050333499908447,
        0.9050328135490417,
        0.905032217502594,
        0.9050316214561462,
        0.9050310850143433,
        0.9050304293632507,
        0.9050296545028687,
        0.905028760433197,
        0.9050279259681702,
        0.9050272703170776,
        0.9050265550613403,
        0.9050260782241821,
        0.9050256013870239,
        0.9050252437591553,
        0.9050247669219971,
        0.9050243496894836,
        0.905023992061615,
        0.9050238132476807,
        0.9050235152244568,
        0.9050233364105225,
        0.9050230979919434,
        0.9050230383872986,
        0.9050228595733643,
        0.9050226211547852,
        0.9050225615501404,
        0.905022382736206,
        0.9050222635269165,
        0.9050220847129822,
        0.9050219655036926,
        0.9050217866897583,
        0.9050216674804688,
        0.905021607875824,
        0.9050214290618896,
        0.9050213098526001,
        0.9050211906433105,
        0.9050210118293762,
        0.9050209522247314,
        0.9050208330154419,
        0.9050206542015076,
        0.905020534992218,
        0.9050203561782837,
        0.9050202369689941,
        0.9050201773643494,
        0.9050199389457703,
        0.9050198793411255,
        0.9050197601318359,
        0.9050195813179016,
        0.9050194621086121,
        0.9050192832946777,
        0.905019223690033,
        0.9050191044807434,
        0.9050189852714539,
        0.9050188064575195,
        0.9050187468528748,
        0.9050185084342957,
        0.9050183296203613,
        0.9050182700157166,
        0.9050180315971375,
        0.9050179719924927,
        0.9050178527832031,
        0.9050175547599792,
        0.9050174951553345,
        0.9050172567367554,
        0.9050171971321106,
        0.9050170183181763,
        0.9050168991088867,
        0.9050166010856628,
        0.9050165414810181,
        0.905016303062439,
        0.9050161242485046,
        0.9050159454345703,
        0.905015766620636,
        0.9050156474113464,
        0.9050153493881226,
        0.9050152897834778,
        0.9050149917602539,
        0.9050148129463196,
        0.9050146341323853,
        0.9050143361091614,
        0.9050140976905823,
        0.9050138592720032,
        0.9050135612487793,
        0.905013382434845,
        0.9050130844116211,
        0.9050126671791077,
        0.9050124287605286,
        0.9050120115280151,
        0.9050118327140808,
        0.9050113558769226,
        0.9050109386444092,
        0.905010461807251,
        0.9050101041793823,
        0.9050096273422241,
        0.9050091505050659,
        0.9050085544586182,
        0.9050080180168152,
        0.9050074219703674,
        0.9050066471099854,
        0.9050058722496033,
        0.905005156993866,
        0.9050042629241943,
        0.9050033092498779,
        0.905002236366272,
        0.9050011038780212,
        0.904999852180481,
        0.9049983620643616,
        0.9049968123435974,
        0.9049952030181885,
        0.9049933552742004,
        0.9049912691116333,
        0.9049889445304871,
        0.904986560344696,
        0.9049837589263916,
        0.9049808382987976,
        0.9049776792526245,
        0.9049740433692932,
        0.904970109462738,
        0.9049657583236694,
        0.904961109161377,
        0.9049559235572815,
        0.9049502611160278,
        0.9049440622329712,
        0.9049372673034668,
        0.9049298167228699,
        0.9049217700958252,
        0.9049129486083984,
        0.9049035906791687,
        0.9048935174942017,
        0.9048826098442078,
        0.9048709869384766,
        0.9048588871955872,
        0.9048463106155396,
        0.9048333764076233,
        0.9048200845718384,
        0.9048067927360535,
        0.904793381690979,
        0.9047801494598389,
        0.9047671556472778,
        0.904754638671875,
        0.9047425389289856,
        0.9047311544418335,
        0.9047204256057739,
        0.9047104716300964,
        0.904701292514801,
        0.9046929478645325,
        0.9046854972839355,
        0.9046787023544312,
        0.9046717882156372,
        0.9046576619148254,
        0.9046487212181091,
        0.9046437740325928,
        0.9046399593353271,
        0.904636800289154,
        0.9046341776847839,
        0.9046320915222168,
        0.9046303629875183,
        0.904629111289978,
        0.9046280384063721,
        0.9046273827552795,
        0.9046267867088318,
        0.9046265482902527,
        0.9046263098716736,
        0.9046261310577393,
        0.9046260714530945,
        0.9046260714530945
    ],
    "l1_regularization": 0.0,
    "l2_regularization": 0.0,
    "random_state": 352835,
    "c1_unique_zones": 2,
    "c2_unique_od_pairs": 0,
    "c1_c2_approach": "percentage",
    "c1_c2_percentage": 0.2
}