{
    "normalized_frobenius_error": 0.8749626278877258,
    "masked_rmse": 0.1953185796737671,
    "mean_nonzero_value": 1.5989879369735718,
    "relative_rmse": 0.12215137481689453,
    "explained_variance": 0.23444050550460815,
    "computation_time": 1.0576472282409668,
    "all_factors_non_negative": true,
    "factor_sparsity": [
        "29.95%",
        "35.51%",
        "17.36%"
    ],
    "device": "mps",
    "best_initialization": "random",
    "errors_history": [
        0.9559836387634277,
        0.9413140416145325,
        0.9273738861083984,
        0.915348470211029,
        0.9087376594543457,
        0.9050557613372803,
        0.9025112986564636,
        0.9004561901092529,
        0.8985082507133484,
        0.8962790369987488,
        0.8936747312545776,
        0.8911494016647339,
        0.8891800045967102,
        0.8877480626106262,
        0.8865222334861755,
        0.8852675557136536,
        0.8839655518531799,
        0.8828046321868896,
        0.881871223449707,
        0.8811967372894287,
        0.8807453513145447,
        0.8804340362548828,
        0.8802135586738586,
        0.8800544142723083,
        0.8799359202384949,
        0.8798444271087646,
        0.8797708749771118,
        0.8797084093093872,
        0.8796547055244446,
        0.8796072006225586,
        0.8795595765113831,
        0.879501223564148,
        0.8794147968292236,
        0.8792999386787415,
        0.8791807293891907,
        0.879067599773407,
        0.8789668679237366,
        0.8788803219795227,
        0.8788058161735535,
        0.8787417411804199,
        0.8786842226982117,
        0.878629207611084,
        0.8785768151283264,
        0.878528892993927,
        0.8784857392311096,
        0.8784464001655579,
        0.8784112334251404,
        0.878382682800293,
        0.8783609867095947,
        0.8783433437347412,
        0.8783270716667175,
        0.8783097863197327,
        0.8782886862754822,
        0.8782601356506348,
        0.8782206177711487,
        0.8781744241714478,
        0.8781266808509827,
        0.8780801892280579,
        0.8780394196510315,
        0.8780069947242737,
        0.8779829144477844,
        0.8779652118682861,
        0.8779500722885132,
        0.8779376149177551,
        0.8779289126396179,
        0.8779216408729553,
        0.8779149651527405,
        0.8779088258743286,
        0.8779027462005615,
        0.8778963685035706,
        0.8778895735740662,
        0.8778820037841797,
        0.8778730034828186,
        0.8778620958328247,
        0.8778482675552368,
        0.8778298497200012,
        0.8778044581413269,
        0.8777692914009094,
        0.8777220845222473,
        0.8776611089706421,
        0.8775829672813416,
        0.877482533454895,
        0.877354621887207,
        0.8771974444389343,
        0.877012312412262,
        0.8767974376678467,
        0.8765601515769958,
        0.8763741850852966,
        0.8762492537498474,
        0.8761613965034485,
        0.8760953545570374,
        0.8760328888893127,
        0.8759340047836304,
        0.8758506774902344,
        0.8757867813110352,
        0.875705897808075,
        0.8755556344985962,
        0.8753068447113037,
        0.8751547336578369,
        0.8751051425933838,
        0.8750824928283691,
        0.8750642538070679,
        0.875040590763092,
        0.875013530254364,
        0.8749964237213135,
        0.8749894499778748,
        0.8749861121177673,
        0.8749839067459106,
        0.8749821782112122,
        0.8749809265136719,
        0.8749797344207764,
        0.8749787211418152,
        0.8749778270721436,
        0.8749769926071167,
        0.8749762773513794,
        0.8749755024909973,
        0.8749749064445496,
        0.8749743103981018,
        0.8749736547470093,
        0.874972939491272,
        0.8749720454216003,
        0.8749708533287048,
        0.8749699592590332,
        0.8749694228172302,
        0.874968945980072,
        0.8749686479568481,
        0.8749682307243347,
        0.8749676942825317,
        0.8749672174453735,
        0.8749668002128601,
        0.8749662041664124,
        0.8749656677246094,
        0.8749651908874512,
        0.8749647736549377,
        0.8749644756317139,
        0.87496417760849,
        0.8749638795852661,
        0.8749637603759766,
        0.8749634623527527,
        0.8749633431434631,
        0.8749632835388184,
        0.8749630451202393,
        0.8749629855155945,
        0.8749628663063049,
        0.8749627470970154,
        0.8749626278877258,
        0.8749626278877258
    ],
    "l1_regularization": 0.0,
    "l2_regularization": 0.0,
    "random_state": 29359,
    "c1_unique_zones": 2,
    "c2_unique_od_pairs": 0,
    "c1_c2_approach": "percentage",
    "c1_c2_percentage": 0.2
}