{
    "normalized_frobenius_error": 0.8681362271308899,
    "masked_rmse": 0.22642332315444946,
    "mean_nonzero_value": 1.345635175704956,
    "relative_rmse": 0.16826501488685608,
    "explained_variance": 0.2463395595550537,
    "computation_time": 0.5883800983428955,
    "all_factors_non_negative": true,
    "factor_sparsity": [
        "16.89%",
        "15.56%",
        "8.33%"
    ],
    "device": "mps",
    "best_initialization": "random",
    "errors_history": [
        0.9398501515388489,
        0.9246968030929565,
        0.9075832366943359,
        0.8903583288192749,
        0.8802757859230042,
        0.8757855892181396,
        0.8736913204193115,
        0.8724165558815002,
        0.8714966177940369,
        0.8708000779151917,
        0.8702688217163086,
        0.8698607087135315,
        0.8695422410964966,
        0.8692852258682251,
        0.8690675497055054,
        0.868877649307251,
        0.8687174916267395,
        0.8685920834541321,
        0.8684977293014526,
        0.8684253692626953,
        0.8683691024780273,
        0.8683258891105652,
        0.8682937622070312,
        0.8682696223258972,
        0.8682510256767273,
        0.8682360649108887,
        0.8682234883308411,
        0.8682126402854919,
        0.8682030439376831,
        0.8681946396827698,
        0.8681873679161072,
        0.868181049823761,
        0.8681756854057312,
        0.8681710362434387,
        0.8681671619415283,
        0.8681639432907104,
        0.868161141872406,
        0.8681588172912598,
        0.8681568503379822,
        0.8681549429893494,
        0.8681533932685852,
        0.8681520223617554,
        0.8681507706642151,
        0.8681496381759644,
        0.868148684501648,
        0.8681477308273315,
        0.8681469559669495,
        0.8681461215019226,
        0.8681454658508301,
        0.8681448101997375,
        0.868144154548645,
        0.8681436777114868,
        0.8681431412696838,
        0.8681427836418152,
        0.868142306804657,
        0.8681418299674988,
        0.8681414127349854,
        0.8681411147117615,
        0.868140697479248,
        0.8681403398513794,
        0.8681401014328003,
        0.8681397438049316,
        0.8681395053863525,
        0.8681391477584839,
        0.8681389689445496,
        0.8681387901306152,
        0.8681384921073914,
        0.8681383728981018,
        0.8681381344795227,
        0.8681378960609436,
        0.8681378364562988,
        0.8681375980377197,
        0.8681374192237854,
        0.8681373596191406,
        0.8681371808052063,
        0.8681370615959167,
        0.8681369423866272,
        0.8681368231773376,
        0.8681367039680481,
        0.8681366443634033,
        0.8681365847587585,
        0.868136465549469,
        0.8681364059448242,
        0.8681363463401794,
        0.8681363463401794
    ],
    "l1_regularization": 0.0,
    "l2_regularization": 0.0,
    "random_state": 235512,
    "c1_unique_zones": 3,
    "c2_unique_od_pairs": 0,
    "c1_c2_approach": "percentage",
    "c1_c2_percentage": 0.2
}