{
    "normalized_frobenius_error": 0.907651424407959,
    "masked_rmse": 0.1190822422504425,
    "mean_nonzero_value": 1.3623639345169067,
    "relative_rmse": 0.08740854263305664,
    "explained_variance": 0.17616891860961914,
    "computation_time": 0.4661569595336914,
    "all_factors_non_negative": true,
    "factor_sparsity": [
        "43.01%",
        "39.52%",
        "27.08%"
    ],
    "device": "mps",
    "best_initialization": "random",
    "errors_history": [
        0.971311628818512,
        0.9529447555541992,
        0.9417072534561157,
        0.9338992834091187,
        0.9274601340293884,
        0.9227688312530518,
        0.9195466637611389,
        0.9171783328056335,
        0.9150853753089905,
        0.9132393002510071,
        0.9118735194206238,
        0.9109449982643127,
        0.9102723002433777,
        0.9097355008125305,
        0.90931636095047,
        0.9089981913566589,
        0.9087570309638977,
        0.9085614085197449,
        0.9083987474441528,
        0.9082528352737427,
        0.9081267714500427,
        0.9080181121826172,
        0.9079272747039795,
        0.907855212688446,
        0.9078008532524109,
        0.9077618718147278,
        0.9077348113059998,
        0.9077144861221313,
        0.9076988101005554,
        0.9076891541481018,
        0.9076828956604004,
        0.9076783061027527,
        0.9076747894287109,
        0.9076718091964722,
        0.9076693058013916,
        0.9076672792434692,
        0.907666027545929,
        0.9076650738716125,
        0.9076642394065857,
        0.9076632857322693,
        0.9076623320579529,
        0.9076615571975708,
        0.907660961151123,
        0.9076604843139648,
        0.9076601266860962,
        0.9076597094535828,
        0.9076594710350037,
        0.9076590538024902,
        0.9076587557792664,
        0.907658576965332,
        0.9076582789421082,
        0.907658040523529,
        0.90765780210495,
        0.9076576232910156,
        0.9076573252677917,
        0.9076569676399231,
        0.9076565504074097,
        0.9076558351516724,
        0.907654881477356,
        0.90765380859375,
        0.9076528549194336,
        0.9076523780822754,
        0.9076520800590515,
        0.9076517820358276,
        0.9076517224311829,
        0.9076516032218933,
        0.907651424407959,
        0.907651424407959
    ],
    "l1_regularization": 0.0,
    "l2_regularization": 0.0,
    "random_state": 668899,
    "c1_unique_zones": 1,
    "c2_unique_od_pairs": 0,
    "c1_c2_approach": "percentage",
    "c1_c2_percentage": 0.2
}