{
    "normalized_frobenius_error": 0.8661514520645142,
    "masked_rmse": 0.11770132184028625,
    "mean_nonzero_value": 1.1494661569595337,
    "relative_rmse": 0.10239651054143906,
    "explained_variance": 0.24978166818618774,
    "computation_time": 0.5939760208129883,
    "all_factors_non_negative": true,
    "factor_sparsity": [
        "26.36%",
        "26.89%",
        "10.83%"
    ],
    "device": "cpu",
    "best_initialization": "svd",
    "errors_history": [
        0.9277260303497314,
        0.9136214852333069,
        0.9020233750343323,
        0.891929030418396,
        0.8848745226860046,
        0.8802658915519714,
        0.8769986033439636,
        0.8745312690734863,
        0.8727856278419495,
        0.8716399073600769,
        0.8708834052085876,
        0.870354175567627,
        0.8699465394020081,
        0.869612991809845,
        0.8693381547927856,
        0.8691100478172302,
        0.8689171075820923,
        0.8687516450881958,
        0.8686082363128662,
        0.868482232093811,
        0.8683710694313049,
        0.8682718276977539,
        0.8681838512420654,
        0.8681055307388306,
        0.8680353164672852,
        0.8679730892181396,
        0.8679178357124329,
        0.8678685426712036,
        0.867824137210846,
        0.8677842020988464,
        0.8677481412887573,
        0.8677152395248413,
        0.8676849603652954,
        0.8676571249961853,
        0.8676310181617737,
        0.8676068782806396,
        0.8675836324691772,
        0.8675617575645447,
        0.8675403594970703,
        0.8675194382667542,
        0.867499053478241,
        0.8674784302711487,
        0.8674589395523071,
        0.867439866065979,
        0.8674222826957703,
        0.8674054741859436,
        0.8673901557922363,
        0.8673762679100037,
        0.8673633337020874,
        0.8673512935638428,
        0.8673399686813354,
        0.8673295378684998,
        0.8673192858695984,
        0.8673095703125,
        0.8673000335693359,
        0.8672909736633301,
        0.8672822713851929,
        0.8672736287117004,
        0.8672651648521423,
        0.8672569394111633,
        0.8672488331794739,
        0.8672409653663635,
        0.867233157157898,
        0.8672253489494324,
        0.8672177195549011,
        0.8672100901603699,
        0.8672027587890625,
        0.8671950101852417,
        0.8671875596046448,
        0.8671801090240479,
        0.8671726584434509,
        0.8671653270721436,
        0.8671585917472839,
        0.8671514391899109,
        0.8671445250511169,
        0.8671377301216125,
        0.8671310544013977,
        0.8671245574951172,
        0.8671177625656128,
        0.8671112656593323,
        0.8671049475669861,
        0.8670988082885742,
        0.8670926690101624,
        0.8670864105224609,
        0.8670802712440491,
        0.8670744299888611,
        0.867068350315094,
        0.8670624494552612,
        0.8670567274093628,
        0.8670507073402405,
        0.8670449256896973,
        0.8670390844345093,
        0.8670332431793213,
        0.8670274615287781,
        0.8670217394828796,
        0.8670160174369812,
        0.867010235786438,
        0.8670046329498291,
        0.866999089717865,
        0.8669934272766113,
        0.8669878244400024,
        0.8669822812080383,
        0.8669765591621399,
        0.8669708371162415,
        0.8669652342796326,
        0.866959810256958,
        0.8669542074203491,
        0.8669487833976746,
        0.8669435977935791,
        0.8669384121894836,
        0.8669330477714539,
        0.8669278621673584,
        0.8669226169586182,
        0.866917610168457,
        0.8669127225875854,
        0.8669079542160034,
        0.8669026494026184,
        0.8668978214263916,
        0.8668931126594543,
        0.8668882250785828,
        0.8668835759162903,
        0.8668793439865112,
        0.8668748140335083,
        0.8668704628944397,
        0.8668661713600159,
        0.8668616414070129,
        0.8668575286865234,
        0.8668534159660339,
        0.8668493032455444,
        0.8668455481529236,
        0.8668416738510132,
        0.8668380975723267,
        0.8668340444564819,
        0.8668307065963745,
        0.8668272495269775,
        0.8668238520622253,
        0.8668206930160522,
        0.8668174743652344,
        0.8668143153190613,
        0.8668113350868225,
        0.8668084144592285,
        0.8668051958084106,
        0.8668026924133301,
        0.8667998909950256,
        0.8667973875999451,
        0.8667949438095093,
        0.8667925000190735,
        0.8667901754379272,
        0.8667879104614258,
        0.8667857050895691,
        0.8667834401130676,
        0.8667813539505005,
        0.8667793273925781,
        0.8667773604393005,
        0.866775393486023,
        0.8667736053466797,
        0.8667720556259155,
        0.8667699694633484,
        0.8667683601379395,
        0.8667668104171753,
        0.8667651414871216,
        0.8667635321617126,
        0.866762101650238,
        0.866760790348053,
        0.8667593002319336,
        0.8667581677436829,
        0.866756796836853,
        0.8667554259300232,
        0.8667541146278381,
        0.8667528629302979,
        0.8667519092559814,
        0.8667506575584412,
        0.8667497634887695,
        0.866748571395874,
        0.8667475581169128,
        0.8667466640472412,
        0.8667457103729248,
        0.8667448163032532,
        0.8667437434196472,
        0.8667429685592651,
        0.8667421340942383,
        0.8667412400245667,
        0.8667402863502502,
        0.8667393326759338,
        0.8667387962341309,
        0.8667379021644592,
        0.8667372465133667,
        0.8667364716529846,
        0.8667359352111816,
        0.8667352199554443,
        0.8667344450950623,
        0.8667339086532593,
        0.8667330741882324,
        0.8667323589324951,
        0.866731584072113,
        0.8667309284210205,
        0.8667302131652832,
        0.8667294383049011,
        0.8667286038398743,
        0.8667280673980713,
        0.8667275905609131,
        0.8667269349098206,
        0.866726279258728,
        0.8667256236076355,
        0.8667248487472534,
        0.8667243719100952,
        0.8667238354682922,
        0.8667230010032654,
        0.8667222857475281,
        0.866721510887146,
        0.8667208552360535,
        0.8667201995849609,
        0.8667194843292236,
        0.8667188882827759,
        0.8667182922363281,
        0.8667173981666565,
        0.8667168021202087,
        0.8667162656784058,
        0.8667156100273132,
        0.8667150139808655,
        0.8667142391204834,
        0.8667134046554565,
        0.8667125105857849,
        0.8667120337486267,
        0.8667110800743103,
        0.8667103052139282,
        0.8667096495628357,
        0.8667088747024536,
        0.8667080998420715,
        0.8667070269584656,
        0.8667061924934387,
        0.8667054772377014,
        0.8667047023773193,
        0.8667036890983582,
        0.8667027950286865,
        0.8667019605636597,
        0.8667007684707642,
        0.8667001724243164,
        0.8666993975639343,
        0.8666983842849731,
        0.8666976094245911,
        0.866696298122406,
        0.8666955828666687,
        0.8666945099830627,
        0.8666937351226807,
        0.866692841053009,
        0.8666918873786926,
        0.8666908740997314,
        0.866689920425415,
        0.8666886687278748,
        0.8666877150535583,
        0.8666865229606628,
        0.8666857481002808,
        0.8666843175888062,
        0.8666831851005554,
        0.8666819334030151,
        0.8666806817054749,
        0.8666797280311584,
        0.8666780591011047,
        0.8666767477989197,
        0.8666754961013794,
        0.8666744232177734,
        0.8666729927062988,
        0.8666713833808899,
        0.8666699528694153,
        0.8666684627532959,
        0.8666669130325317,
        0.8666651844978333,
        0.8666638731956482,
