{
    "normalized_frobenius_error": 0.8812825679779053,
    "masked_rmse": 0.11975689232349396,
    "mean_nonzero_value": 1.1494661569595337,
    "relative_rmse": 0.10418479144573212,
    "explained_variance": 0.22334104776382446,
    "computation_time": 0.6169490814208984,
    "all_factors_non_negative": true,
    "factor_sparsity": [
        "32.73%",
        "27.73%",
        "18.33%"
    ],
    "device": "mps",
    "best_initialization": "random",
    "errors_history": [
        0.9559332132339478,
        0.9326445460319519,
        0.9171294569969177,
        0.9085385203361511,
        0.9037376046180725,
        0.9006072878837585,
        0.8984082937240601,
        0.8969611525535583,
        0.8960469365119934,
        0.8954471945762634,
        0.8950081467628479,
        0.8946210145950317,
        0.8941919207572937,
        0.8936036825180054,
        0.8926891684532166,
        0.8912843465805054,
        0.8894648551940918,
        0.8876371383666992,
        0.8860501646995544,
        0.8847008943557739,
        0.8836230635643005,
        0.882815420627594,
        0.8822990655899048,
        0.8820114135742188,
        0.8818604350090027,
        0.8817653059959412,
        0.8816338777542114,
        0.8814685940742493,
        0.8814020156860352,
        0.8813783526420593,
        0.8813610076904297,
        0.8813485503196716,
        0.8813385963439941,
        0.8813310861587524,
        0.8813262581825256,
        0.8813230991363525,
        0.8813208341598511,
        0.8813191056251526,
        0.8813173770904541,
        0.8813158869743347,
        0.8813148140907288,
        0.8813138008117676,
        0.881312906742096,
        0.8813120722770691,
        0.8813111782073975,
        0.881310224533081,
        0.881309449672699,
        0.8813084959983826,
        0.8813074827194214,
        0.881306529045105,
        0.881305456161499,
        0.8813046813011169,
        0.8813037276268005,
        0.8813028931617737,
        0.8813022375106812,
        0.8813014626502991,
        0.8813009262084961,
        0.8813003301620483,
        0.8812997341156006,
        0.8812991976737976,
        0.8812987208366394,
        0.8812980651855469,
        0.8812975287437439,
        0.8812968730926514,
        0.8812962174415588,
        0.8812955021858215,
        0.8812947273254395,
        0.8812939524650574,
        0.8812930583953857,
        0.8812921643257141,
        0.8812912702560425,
        0.8812903761863708,
        0.881289541721344,
        0.8812885284423828,
        0.8812877535820007,
        0.8812869787216187,
        0.8812863230705261,
        0.8812856078147888,
        0.8812850713729858,
        0.8812846541404724,
        0.881284236907959,
        0.8812839388847351,
        0.8812835216522217,
        0.8812833428382874,
        0.8812832236289978,
        0.8812830448150635,
        0.8812828660011292,
        0.8812827467918396,
        0.8812826871871948,
        0.8812825679779053,
        0.8812825679779053
    ],
    "l1_regularization": 0.0,
    "l2_regularization": 0.0,
    "random_state": 749162,
    "c1_unique_zones": 1,
    "c2_unique_od_pairs": 0,
    "c1_c2_approach": "percentage",
    "c1_c2_percentage": 0.2
}