{
    "normalized_frobenius_error": 0.8564661741256714,
    "masked_rmse": 0.22337958216667175,
    "mean_nonzero_value": 1.345635175704956,
    "relative_rmse": 0.16600307822227478,
    "explained_variance": 0.2664657235145569,
    "computation_time": 1.3106749057769775,
    "all_factors_non_negative": true,
    "factor_sparsity": [
        "29.33%",
        "27.11%",
        "14.17%"
    ],
    "device": "mps",
    "best_initialization": "random",
    "errors_history": [
        0.9421499371528625,
        0.9302797317504883,
        0.9181659817695618,
        0.9065579175949097,
        0.8978443145751953,
        0.8921605944633484,
        0.8883944153785706,
        0.8854462504386902,
        0.8826074600219727,
        0.8795357346534729,
        0.8763436079025269,
        0.8734789490699768,
        0.8712176084518433,
        0.8694986701011658,
        0.8681513667106628,
        0.8670366406440735,
        0.866068422794342,
        0.8652353286743164,
        0.8645521402359009,
        0.8640157580375671,
        0.8636066913604736,
        0.8632941842079163,
        0.8630479574203491,
        0.8628517389297485,
        0.8626999855041504,
        0.862576961517334,
        0.8624703884124756,
        0.8623731136322021,
        0.8622798919677734,
        0.8621872067451477,
        0.8620927333831787,
        0.8619986176490784,
        0.861908495426178,
        0.8618223071098328,
        0.8617368936538696,
        0.861649751663208,
        0.8615599870681763,
        0.8614660501480103,
        0.8613660335540771,
        0.8612578511238098,
        0.8611397743225098,
        0.8610096573829651,
        0.8608660101890564,
        0.8607081174850464,
        0.8605372309684753,
        0.8603563904762268,
        0.8601714372634888,
        0.8599900603294373,
        0.8598198294639587,
        0.8596661686897278,
        0.8595291376113892,
        0.859400749206543,
        0.8592653274536133,
        0.8591129779815674,
        0.8589649796485901,
        0.8588451147079468,
        0.8587493300437927,
        0.858668863773346,
        0.8585895895957947,
        0.8584825396537781,
        0.8583652377128601,
        0.8582993149757385,
        0.8582600355148315,
        0.8582257628440857,
        0.8581834435462952,
        0.8581191897392273,
        0.8580151796340942,
        0.8578585386276245,
        0.8576610088348389,
        0.8574647903442383,
        0.857306718826294,
        0.8571913838386536,
        0.8571041822433472,
        0.8570312857627869,
        0.8569667339324951,
        0.856910228729248,
        0.8568623661994934,
        0.8568212985992432,
        0.8567848205566406,
        0.8567517995834351,
        0.8567216992378235,
        0.8566941022872925,
        0.8566689491271973,
        0.8566466569900513,
        0.8566285967826843,
        0.8566154837608337,
        0.8566067814826965,
        0.8566011190414429,
        0.8565971255302429,
        0.8565940856933594,
        0.8565918207168579,
        0.8565901517868042,
        0.8565887808799744,
        0.8565877676010132,
        0.8565868139266968,
        0.8565861582756042,
        0.8565855622291565,
        0.8565850257873535,
        0.8565847277641296,
        0.8565843105316162,
        0.8565838932991028,
        0.8565834760665894,
        0.8565829992294312,
        0.8565822839736938,
        0.856581449508667,
        0.8565807938575745,
        0.8565802574157715,
        0.8565800189971924,
        0.8565797805786133,
        0.8565795421600342,
        0.8565793633460999,
        0.8565791845321655,
        0.856579065322876,
        0.8565788269042969,
        0.8565785884857178,
        0.8565783500671387,
        0.8565781712532043,
        0.8565779328346252,
        0.8565776944160461,
        0.8565773963928223,
        0.8565770983695984,
        0.856576681137085,
        0.8565762042999268,
        0.856575608253479,
        0.8565748929977417,
        0.856573760509491,
        0.856572151184082,
        0.8565699458122253,
        0.856566846370697,
        0.8565627932548523,
        0.8565577864646912,
        0.8565518856048584,
        0.8565456867218018,
        0.8565400242805481,
        0.8565351366996765,
        0.85653156042099,
        0.8565291166305542,
        0.8565273880958557,
        0.8565263748168945,
        0.856525719165802,
        0.8565251231193542,
        0.8565248847007751,
        0.8565245270729065,
        0.8565243482589722,
        0.8565241694450378,
        0.856523871421814,
        0.8565236330032349,
        0.8565232753753662,
        0.8565230965614319,
        0.8565226793289185,
        0.8565222024917603,
        0.8565216660499573,
        0.8565210103988647,
        0.8565202355384827,
        0.8565194606781006,
        0.8565185070037842,
        0.856517493724823,
        0.8565163612365723,
        0.8565150499343872,
        0.8565137386322021,
        0.8565121293067932,
        0.85651034116745,
        0.8565085530281067,
        0.8565062880516052,
        0.8565037846565247,
        0.8565009236335754,
        0.8564980626106262,
        0.8564950823783875,
        0.8564920425415039,
        0.8564890623092651,
        0.8564862012863159,
        0.8564835786819458,
        0.8564814329147339,
        0.8564795851707458,
        0.8564780354499817,
        0.856476902961731,
        0.8564757704734802,
        0.856474757194519,
        0.8564735651016235,
        0.8564721345901489,
        0.85647052526474,
        0.8564690351486206,
        0.8564678430557251,
        0.8564671277999878,
        0.8564667701721191,
        0.8564664125442505,
        0.8564663529396057,
        0.8564662933349609,
        0.8564662337303162,
        0.8564661145210266,
        0.8564661145210266
    ],
    "l1_regularization": 0.0,
    "l2_regularization": 0.0,
    "random_state": 109257,
    "c1_unique_zones": 2,
    "c2_unique_od_pairs": 0,
    "c1_c2_approach": "percentage",
    "c1_c2_percentage": 0.2
}