{
    "normalized_frobenius_error": 0.9082304835319519,
    "masked_rmse": 0.11915820837020874,
    "mean_nonzero_value": 1.3623639345169067,
    "relative_rmse": 0.08746430277824402,
    "explained_variance": 0.17511743307113647,
    "computation_time": 1.0056428909301758,
    "all_factors_non_negative": true,
    "factor_sparsity": [
        "47.04%",
        "45.16%",
        "30.56%"
    ],
    "device": "mps",
    "best_initialization": "random",
    "errors_history": [
        0.9741948246955872,
        0.9581859111785889,
        0.9372449517250061,
        0.9234509468078613,
        0.9164981245994568,
        0.9134730696678162,
        0.9121841788291931,
        0.9115073680877686,
        0.9110412001609802,
        0.9106791615486145,
        0.9103993773460388,
        0.9101819396018982,
        0.9100040793418884,
        0.9098488092422485,
        0.9097063541412354,
        0.9095722436904907,
        0.9094467759132385,
        0.9093319773674011,
        0.9092290997505188,
        0.9091354608535767,
        0.9090427756309509,
        0.9089645743370056,
        0.9089090824127197,
        0.9088648557662964,
        0.9088283777236938,
        0.9088021516799927,
        0.9087838530540466,
        0.9087669849395752,
        0.9087511897087097,
        0.9087404012680054,
        0.90873122215271,
        0.9087228775024414,
        0.908714771270752,
        0.9087061285972595,
        0.9086960554122925,
        0.9086833596229553,
        0.908668041229248,
        0.908652126789093,
        0.908638060092926,
        0.9086253643035889,
        0.9086134433746338,
        0.9086019992828369,
        0.9085909724235535,
        0.9085804224014282,
        0.908570408821106,
        0.9085605144500732,
        0.908551037311554,
        0.9085418581962585,
        0.908532977104187,
        0.9085243344306946,
        0.9085159301757812,
        0.9085077047348022,
        0.908499538898468,
        0.9084914326667786,
        0.9084832072257996,
        0.9084750413894653,
        0.9084666967391968,
        0.9084581732749939,
        0.9084494709968567,
        0.9084405899047852,
        0.9084314107894897,
        0.9084219932556152,
        0.9084123373031616,
        0.9084025025367737,
        0.9083923101425171,
        0.9083821177482605,
        0.9083717465400696,
        0.9083614349365234,
        0.9083510637283325,
        0.9083409309387207,
        0.9083310961723328,
        0.9083216190338135,
        0.9083126187324524,
        0.90830397605896,
        0.9082958698272705,
        0.9082883596420288,
        0.9082813858985901,
        0.9082750678062439,
        0.9082692265510559,
        0.90826416015625,
        0.9082595705986023,
        0.9082553386688232,
        0.9082516431808472,
        0.9082481861114502,
        0.9082453846931458,
        0.9082431197166443,
        0.9082410931587219,
        0.9082392454147339,
        0.9082375168800354,
        0.9082363247871399,
        0.9082351326942444,
        0.9082342982292175,
        0.9082335233688354,
        0.9082329273223877,
        0.9082323908805847,
        0.9082319736480713,
        0.9082316160202026,
        0.9082311987876892,
        0.9082310199737549,
        0.9082309603691101,
        0.908230721950531,
        0.9082306623458862,
        0.9082305431365967,
        0.9082304835319519,
        0.9082304835319519
    ],
    "l1_regularization": 0.0,
    "l2_regularization": 0.0,
    "random_state": 395001,
    "c1_unique_zones": 2,
    "c2_unique_od_pairs": 0,
    "c1_c2_approach": "percentage",
    "c1_c2_percentage": 0.2
}