{
    "normalized_frobenius_error": 0.9057231545448303,
    "masked_rmse": 0.11882925778627396,
    "mean_nonzero_value": 1.3623639345169067,
    "relative_rmse": 0.08722284436225891,
    "explained_variance": 0.17966562509536743,
    "computation_time": 0.9366118907928467,
    "all_factors_non_negative": true,
    "factor_sparsity": [
        "37.37%",
        "38.17%",
        "25.00%"
    ],
    "device": "mps",
    "best_initialization": "random",
    "errors_history": [
        0.9693899154663086,
        0.9516149163246155,
        0.9416593909263611,
        0.933735728263855,
        0.9267332553863525,
        0.9228530526161194,
        0.9203080534934998,
        0.9166622161865234,
        0.9126465320587158,
        0.9103422164916992,
        0.9089671969413757,
        0.9079505801200867,
        0.9072121977806091,
        0.9067291617393494,
        0.9064236283302307,
        0.9062134027481079,
        0.9060625433921814,
        0.9059728384017944,
        0.9059087038040161,
        0.9058685898780823,
        0.905845046043396,
        0.9058306813240051,
        0.9058213233947754,
        0.9058147072792053,
        0.905809223651886,
        0.9058051109313965,
        0.9058015942573547,
        0.9057987928390503,
        0.9057945609092712,
        0.9057883620262146,
        0.905780017375946,
        0.9057729840278625,
        0.9057677984237671,
        0.9057640433311462,
        0.9057617783546448,
        0.9057602286338806,
        0.905758798122406,
        0.9057573676109314,
        0.9057537913322449,
        0.9057515263557434,
        0.9057500958442688,
        0.9057488441467285,
        0.9057477116584778,
        0.9057465195655823,
        0.9057455062866211,
        0.9057444334030151,
        0.9057433605194092,
        0.9057425856590271,
        0.9057418704032898,
        0.9057410955429077,
        0.9057406187057495,
        0.9057401418685913,
        0.9057396650314331,
        0.9057391881942749,
        0.9057387113571167,
        0.905738115310669,
        0.9057376384735107,
        0.905737042427063,
        0.9057363867759705,
        0.9057357907295227,
        0.9057351350784302,
        0.9057343602180481,
        0.905733585357666,
        0.9057329297065735,
        0.905732274055481,
        0.9057316184043884,
        0.9057309031486511,
        0.9057302474975586,
        0.9057297110557556,
        0.9057291150093079,
        0.9057286381721497,
        0.9057281613349915,
        0.9057276844978333,
        0.9057273864746094,
        0.9057270884513855,
        0.9057267308235168,
        0.9057265520095825,
        0.9057261347770691,
        0.9057259559631348,
        0.9057256579399109,
        0.905725359916687,
        0.9057251811027527,
        0.9057248830795288,
        0.9057245850563049,
        0.9057244062423706,
        0.9057242274284363,
        0.905724048614502,
        0.9057238698005676,
        0.9057236313819885,
        0.9057235717773438,
        0.9057233929634094,
        0.9057232737541199,
        0.9057231545448303,
        0.9057231545448303
    ],
    "l1_regularization": 0.0,
    "l2_regularization": 0.0,
    "random_state": 494307,
    "c1_unique_zones": 2,
    "c2_unique_od_pairs": 0,
    "c1_c2_approach": "percentage",
    "c1_c2_percentage": 0.2
}