{
    "normalized_frobenius_error": 0.8827285170555115,
    "masked_rmse": 0.11995338648557663,
    "mean_nonzero_value": 1.1494661569595337,
    "relative_rmse": 0.10435573756694794,
    "explained_variance": 0.22079044580459595,
    "computation_time": 1.106482982635498,
    "all_factors_non_negative": true,
    "factor_sparsity": [
        "38.18%",
        "33.18%",
        "21.67%"
    ],
    "device": "mps",
    "best_initialization": "random",
    "errors_history": [
        0.9547486305236816,
        0.9311380982398987,
        0.9170032143592834,
        0.9099668860435486,
        0.9059653878211975,
        0.9031877517700195,
        0.9005324244499207,
        0.8965061902999878,
        0.8913252949714661,
        0.8884590864181519,
        0.8873549103736877,
        0.8868582248687744,
        0.8865675926208496,
        0.8863678574562073,
        0.8862076997756958,
        0.8860700726509094,
        0.8859509825706482,
        0.8858455419540405,
        0.8857501745223999,
        0.8856629729270935,
        0.8855889439582825,
        0.8855303525924683,
        0.885482668876648,
        0.8854413032531738,
        0.8854041695594788,
        0.8853697180747986,
        0.8853397369384766,
        0.8853147029876709,
        0.8852941989898682,
        0.8852778673171997,
        0.8852646946907043,
        0.8852542042732239,
        0.8852454423904419,
        0.8852382302284241,
        0.8852319121360779,
        0.8852264285087585,
        0.885221540927887,
        0.8852172493934631,
        0.885213315486908,
        0.8852096796035767,
        0.885206401348114,
        0.8852034211158752,
        0.8852007389068604,
        0.8851982355117798,
        0.8851959109306335,
        0.8851935863494873,
        0.8851913809776306,
        0.8851892948150635,
        0.8851870894432068,
        0.8851848244667053,
        0.8851825594902039,
        0.8851800560951233,
        0.8851776719093323,
        0.8851750493049622,
        0.8851722478866577,
        0.8851692080497742,
        0.8851658701896667,
        0.885162353515625,
        0.885158360004425,
        0.8851538896560669,
        0.8851489424705505,
        0.8851432204246521,
        0.8851366639137268,
        0.8851291537284851,
        0.8851203918457031,
        0.8851101994514465,
        0.8850982189178467,
        0.8850842118263245,
        0.8850677609443665,
        0.8850483298301697,
        0.8850255608558655,
        0.8849990963935852,
        0.8849682211875916,
        0.8849325776100159,
        0.8848918080329895,
        0.8848455548286438,
        0.8847940564155579,
        0.8847373127937317,
        0.8846760988235474,
        0.8846110105514526,
        0.8845431804656982,
        0.884473979473114,
        0.8844046592712402,
        0.8843368887901306,
        0.8842721581459045,
        0.88421231508255,
        0.8841587901115417,
        0.8841114044189453,
        0.8840692043304443,
        0.8840301632881165,
        0.8839910626411438,
        0.8839476108551025,
        0.8838970065116882,
        0.8838395476341248,
        0.8837918639183044,
        0.8837566375732422,
        0.8837298154830933,
        0.8837048411369324,
        0.883666455745697,
        0.8835848569869995,
        0.8834888935089111,
        0.8834180235862732,
        0.8832724094390869,
        0.883046567440033,
        0.8829419016838074,
        0.8829023838043213,
        0.8828806281089783,
        0.882866621017456,
        0.8828568458557129,
        0.8828496932983398,
        0.8828437328338623,
        0.8828376531600952,
        0.8828299045562744,
        0.8828192949295044,
        0.8828069567680359,
        0.882796585559845,
        0.8827899694442749,
        0.8827861547470093,
        0.8827834725379944,
        0.8827818632125854,
        0.8827806711196899,
        0.8827796578407288,
        0.8827789425849915,
        0.8827781081199646,
        0.8827775716781616,
        0.8827769160270691,
        0.8827763795852661,
        0.8827757239341736,
        0.8827749490737915,
        0.882773220539093,
        0.8827691078186035,
        0.8827601671218872,
        0.8827518224716187,
        0.8827487826347351,
        0.8827478289604187,
        0.8827472925186157,
        0.8827467560768127,
        0.882746160030365,
        0.8827454447746277,
        0.8827446699142456,
        0.882743775844574,
        0.8827425837516785,
        0.8827412724494934,
        0.8827397227287292,
        0.8827381134033203,
        0.8827365636825562,
        0.8827353119850159,
        0.8827341794967651,
        0.8827333450317383,
        0.8827325701713562,
        0.8827319741249084,
        0.8827313184738159,
        0.8827308416366577,
        0.8827304244041443,
        0.8827299475669861,
        0.8827296495437622,
        0.8827292919158936,
        0.8827291131019592,
        0.8827290534973145,
        0.8827287554740906,
        0.882728636264801,
        0.8827285766601562,
        0.8827285766601562
    ],
    "l1_regularization": 0.0,
    "l2_regularization": 0.0,
    "random_state": 702288,
    "c1_unique_zones": 1,
    "c2_unique_od_pairs": 0,
    "c1_c2_approach": "percentage",
    "c1_c2_percentage": 0.2
}