{
    "normalized_frobenius_error": 0.8749575018882751,
    "masked_rmse": 0.19531741738319397,
    "mean_nonzero_value": 1.5989879369735718,
    "relative_rmse": 0.12215065211057663,
    "explained_variance": 0.2344493865966797,
    "computation_time": 0.6431267261505127,
    "all_factors_non_negative": true,
    "factor_sparsity": [
        "20.05%",
        "27.78%",
        "13.89%"
    ],
    "device": "mps",
    "best_initialization": "random",
    "errors_history": [
        0.9551030993461609,
        0.9370951652526855,
        0.921128511428833,
        0.9110406041145325,
        0.9052503705024719,
        0.900883138179779,
        0.8970566391944885,
        0.8937938213348389,
        0.891005277633667,
        0.8883885741233826,
        0.8858862519264221,
        0.8837441802024841,
        0.8821890950202942,
        0.8811947703361511,
        0.8805763125419617,
        0.8801617622375488,
        0.8798454403877258,
        0.8795743584632874,
        0.8793312907218933,
        0.8791071176528931,
        0.8788959980010986,
        0.8786854147911072,
        0.8784646987915039,
        0.8782411217689514,
        0.8780205249786377,
        0.8778061866760254,
        0.8776017427444458,
        0.8774061799049377,
        0.8771819472312927,
        0.8768491148948669,
        0.8765223026275635,
        0.8762267231941223,
        0.8759157657623291,
        0.8756717443466187,
        0.8755216002464294,
        0.8754284381866455,
        0.8753613233566284,
        0.8753180503845215,
        0.8752922415733337,
        0.8752731680870056,
        0.8752558827400208,
        0.8752389550209045,
        0.8752210736274719,
        0.875202476978302,
        0.8751817345619202,
        0.8751587867736816,
        0.8751378655433655,
        0.8751214146614075,
        0.8751038908958435,
        0.8750776052474976,
        0.8750500082969666,
        0.8750318288803101,
        0.8750192523002625,
        0.8750101923942566,
        0.8750032782554626,
        0.8749978542327881,
        0.874993085861206,
        0.8749887347221375,
        0.8749848008155823,
        0.8749814629554749,
        0.8749785423278809,
        0.8749760985374451,
        0.8749738931655884,
        0.8749719262123108,
        0.8749704360961914,
        0.8749691247940063,
        0.8749681115150452,
        0.874967098236084,
        0.8749662041664124,
        0.874965488910675,
        0.8749647736549377,
        0.87496417760849,
        0.874963641166687,
        0.8749630451202393,
        0.8749626278877258,
        0.8749621510505676,
        0.8749616146087646,
        0.8749610185623169,
        0.8749605417251587,
        0.8749601244926453,
        0.8749598264694214,
        0.8749595284461975,
        0.8749592304229736,
        0.8749589920043945,
        0.8749588131904602,
        0.8749586939811707,
        0.8749585151672363,
        0.8749583959579468,
        0.8749582767486572,
        0.8749580979347229,
        0.8749579191207886,
        0.8749576210975647,
        0.8749575018882751,
        0.8749575018882751
    ],
    "l1_regularization": 0.0,
    "l2_regularization": 0.0,
    "random_state": 843962,
    "c1_unique_zones": 2,
    "c2_unique_od_pairs": 0,
    "c1_c2_approach": "percentage",
    "c1_c2_percentage": 0.2
}