{
    "normalized_frobenius_error": 0.9091752171516418,
    "masked_rmse": 0.11928215622901917,
    "mean_nonzero_value": 1.3623639345169067,
    "relative_rmse": 0.08755528181791306,
    "explained_variance": 0.17340046167373657,
    "computation_time": 0.6630547046661377,
    "all_factors_non_negative": true,
    "factor_sparsity": [
        "32.26%",
        "31.18%",
        "20.14%"
    ],
    "device": "mps",
    "best_initialization": "random",
    "errors_history": [
        0.9713424444198608,
        0.9530025124549866,
        0.9370508193969727,
        0.9267409443855286,
        0.9198599457740784,
        0.9154526591300964,
        0.9132287502288818,
        0.9121197462081909,
        0.9114094376564026,
        0.9108412265777588,
        0.9103845357894897,
        0.9100329279899597,
        0.9097757935523987,
        0.9095956087112427,
        0.9094712734222412,
        0.9093870520591736,
        0.909329891204834,
        0.909290075302124,
        0.9092630743980408,
        0.9092442989349365,
        0.9092310070991516,
        0.909221351146698,
        0.9092141389846802,
        0.9092087149620056,
        0.909204363822937,
        0.9092009663581848,
        0.9091978073120117,
        0.909195601940155,
        0.9091938734054565,
        0.9091926217079163,
        0.9091914892196655,
        0.9091905951499939,
        0.9091898202896118,
        0.9091891646385193,
        0.9091886878013611,
        0.9091880917549133,
        0.9091876149177551,
        0.9091872572898865,
        0.9091867804527283,
        0.9091863632202148,
        0.9091858863830566,
        0.909185528755188,
        0.9091850519180298,
        0.909184455871582,
        0.909183919429779,
        0.9091832041740417,
        0.9091825485229492,
        0.9091817736625671,
        0.9091810584068298,
        0.9091802835464478,
        0.9091793894767761,
        0.9091787338256836,
        0.9091780781745911,
        0.9091776013374329,
        0.9091770052909851,
        0.9091766476631165,
        0.9091763496398926,
        0.9091760516166687,
        0.9091758728027344,
        0.9091757535934448,
        0.9091755747795105,
        0.909175455570221,
        0.9091753959655762,
        0.9091752767562866,
        0.9091752171516418,
        0.9091752171516418
    ],
    "l1_regularization": 0.0,
    "l2_regularization": 0.0,
    "random_state": 328473,
    "c1_unique_zones": 2,
    "c2_unique_od_pairs": 0,
    "c1_c2_approach": "percentage",
    "c1_c2_percentage": 0.2
}