{
    "normalized_frobenius_error": 0.8826821446418762,
    "masked_rmse": 0.11994708329439163,
    "mean_nonzero_value": 1.1494661569595337,
    "relative_rmse": 0.1043502539396286,
    "explained_variance": 0.22087228298187256,
    "computation_time": 0.5761840343475342,
    "all_factors_non_negative": true,
    "factor_sparsity": [
        "27.73%",
        "20.45%",
        "17.50%"
    ],
    "device": "mps",
    "best_initialization": "random",
    "errors_history": [
        0.952250063419342,
        0.932361364364624,
        0.9224082827568054,
        0.9143591523170471,
        0.9077379107475281,
        0.9020134210586548,
        0.8969975113868713,
        0.8936758041381836,
        0.8917769193649292,
        0.8906503915786743,
        0.889901340007782,
        0.8893089294433594,
        0.8887652158737183,
        0.8882436752319336,
        0.8877514004707336,
        0.8872883915901184,
        0.8868606090545654,
        0.8864808082580566,
        0.8861589431762695,
        0.8858920931816101,
        0.8856698870658875,
        0.8854802250862122,
        0.8853129148483276,
        0.885162353515625,
        0.8850245475769043,
        0.884894847869873,
        0.8847694396972656,
        0.8846418261528015,
        0.8844985365867615,
        0.8843252658843994,
        0.8841392397880554,
        0.8839731216430664,
        0.8838323354721069,
        0.8837141990661621,
        0.8836145997047424,
        0.883529007434845,
        0.8834522366523743,
        0.8833796977996826,
        0.883311927318573,
        0.8832516074180603,
        0.8831947445869446,
        0.8831387162208557,
        0.8830872178077698,
        0.8830443024635315,
        0.8830087184906006,
        0.8829777240753174,
        0.8829496502876282,
        0.8829224705696106,
        0.8828912973403931,
        0.882850170135498,
        0.8828045725822449,
        0.88277667760849,
        0.8827610611915588,
        0.8827502727508545,
        0.8827418088912964,
        0.8827351927757263,
        0.8827298879623413,
        0.8827256560325623,
        0.8827221393585205,
        0.8827193975448608,
        0.8827170133590698,
        0.8827150464057922,
        0.8827133178710938,
        0.8827117681503296,
        0.8827102184295654,
        0.8827083706855774,
        0.8827047944068909,
        0.8826984763145447,
        0.8826926946640015,
        0.8826901316642761,
        0.8826891183853149,
        0.8826882243156433,
        0.8826872706413269,
        0.8826863169670105,
        0.8826851844787598,
        0.8826843500137329,
        0.8826836347579956,
        0.8826830983161926,
        0.8826829195022583,
        0.8826826810836792,
        0.8826823830604553,
        0.8826823234558105,
        0.8826821446418762,
        0.8826821446418762
    ],
    "l1_regularization": 0.0,
    "l2_regularization": 0.0,
    "random_state": 983836,
    "c1_unique_zones": 1,
    "c2_unique_od_pairs": 0,
    "c1_c2_approach": "percentage",
    "c1_c2_percentage": 0.2
}