{
    "normalized_frobenius_error": 0.8607788681983948,
    "masked_rmse": 0.22450441122055054,
    "mean_nonzero_value": 1.345635175704956,
    "relative_rmse": 0.16683898866176605,
    "explained_variance": 0.2590597867965698,
    "computation_time": 0.8890039920806885,
    "all_factors_non_negative": true,
    "factor_sparsity": [
        "28.00%",
        "22.22%",
        "12.50%"
    ],
    "device": "mps",
    "best_initialization": "random",
    "errors_history": [
        0.9440330862998962,
        0.9272283315658569,
        0.9058870077133179,
        0.8905660510063171,
        0.8824552893638611,
        0.8769196271896362,
        0.8726293444633484,
        0.8692178726196289,
        0.8666207790374756,
        0.8647758960723877,
        0.8635146617889404,
        0.8626697063446045,
        0.862124502658844,
        0.8617754578590393,
        0.8615450859069824,
        0.8613870143890381,
        0.8612748980522156,
        0.8611932396888733,
        0.8611320853233337,
        0.8610845804214478,
        0.8610461354255676,
        0.861013650894165,
        0.8609848022460938,
        0.8609586358070374,
        0.8609351515769958,
        0.860914945602417,
        0.8608980178833008,
        0.8608841896057129,
        0.8608732223510742,
        0.8608642816543579,
        0.8608569502830505,
        0.8608506321907043,
        0.8608450889587402,
        0.8608401417732239,
        0.8608357310295105,
        0.8608317375183105,
        0.8608281016349792,
        0.8608247637748718,
        0.8608217835426331,
        0.8608190417289734,
        0.8608165979385376,
        0.8608144521713257,
        0.8608124256134033,
        0.8608105778694153,
        0.8608089089393616,
        0.8608072996139526,
        0.860805869102478,
        0.8608044981956482,
        0.8608032464981079,
        0.8608022332191467,
        0.8608011603355408,
        0.8608002066612244,
        0.8607993125915527,
        0.8607984185218811,
        0.860797643661499,
        0.8607968091964722,
        0.8607960939407349,
        0.8607954978942871,
        0.8607949018478394,
        0.8607943058013916,
        0.8607937097549438,
        0.8607932329177856,
        0.8607926964759827,
        0.8607922792434692,
        0.860791802406311,
        0.8607913851737976,
        0.8607910871505737,
        0.8607906103134155,
        0.8607903122901917,
        0.860789954662323,
        0.8607895970344543,
        0.8607893586158752,
        0.8607890009880066,
        0.8607887625694275,
        0.8607884645462036,
        0.8607881665229797,
        0.8607878684997559,
        0.8607876896858215,
        0.8607873916625977,
        0.8607872128486633,
        0.8607868552207947,
        0.8607866764068604,
        0.860786497592926,
        0.8607861995697021,
        0.860785961151123,
        0.8607858419418335,
        0.8607855439186096,
        0.8607853651046753,
        0.8607851266860962,
        0.8607848286628723,
        0.860784649848938,
        0.8607844114303589,
        0.8607842326164246,
        0.8607840538024902,
        0.8607836961746216,
        0.860783576965332,
        0.8607833385467529,
        0.8607831597328186,
        0.8607829809188843,
        0.8607827425003052,
        0.8607825636863708,
        0.8607824444770813,
        0.8607823252677917,
        0.8607820868492126,
        0.8607819080352783,
        0.8607817888259888,
        0.8607816100120544,
        0.8607814311981201,
        0.8607813119888306,
        0.860781192779541,
        0.8607811331748962,
        0.8607809543609619,
        0.8607808351516724,
        0.8607807159423828,
        0.8607805967330933,
        0.8607804179191589,
        0.8607803583145142,
        0.8607802987098694,
        0.8607801198959351,
        0.8607800006866455,
        0.8607798218727112,
        0.8607797622680664,
        0.8607797026634216,
        0.8607795238494873,
        0.8607794642448425,
        0.8607794046401978,
        0.8607791662216187,
        0.8607791066169739,
        0.8607789278030396,
        0.8607789278030396
    ],
    "l1_regularization": 0.0,
    "l2_regularization": 0.0,
    "random_state": 122363,
    "c1_unique_zones": 2,
    "c2_unique_od_pairs": 0,
    "c1_c2_approach": "percentage",
    "c1_c2_percentage": 0.2
}