{
    "normalized_frobenius_error": 0.8564385771751404,
    "masked_rmse": 0.22337238490581512,
    "mean_nonzero_value": 1.345635175704956,
    "relative_rmse": 0.1659977287054062,
    "explained_variance": 0.26651298999786377,
    "computation_time": 0.6815502643585205,
    "all_factors_non_negative": true,
    "factor_sparsity": [
        "20.00%",
        "18.67%",
        "11.67%"
    ],
    "device": "mps",
    "best_initialization": "random",
    "errors_history": [
        0.9394147992134094,
        0.9193271994590759,
        0.8994486927986145,
        0.8890076875686646,
        0.8830782175064087,
        0.8772557973861694,
        0.8709766268730164,
        0.8658344149589539,
        0.8623747229576111,
        0.8599985241889954,
        0.8585488200187683,
        0.8578273057937622,
        0.8574300408363342,
        0.8571866750717163,
        0.8570228815078735,
        0.8568985462188721,
        0.8567905426025391,
        0.8566932678222656,
        0.8566197156906128,
        0.8565725684165955,
        0.8565406799316406,
        0.8565185070037842,
        0.8565031290054321,
        0.8564919233322144,
        0.8564837574958801,
        0.8564774990081787,
        0.8564727306365967,
        0.856468915939331,
        0.8564659357070923,
        0.8564635515213013,
        0.8564615845680237,
        0.85645991563797,
        0.8564584851264954,
        0.8564570546150208,
        0.8564559817314148,
        0.8564550876617432,
        0.8564542531967163,
        0.8564536571502686,
        0.8564531803131104,
        0.856452465057373,
        0.8564518690109253,
        0.8564514517784119,
        0.8564509153366089,
        0.8564504384994507,
        0.8564500212669373,
        0.8564497828483582,
        0.8564494252204895,
        0.8564491868019104,
        0.8564489483833313,
        0.8564488291740417,
        0.8564485907554626,
        0.8564482927322388,
        0.8564481139183044,
        0.8564479947090149,
        0.8564478158950806,
        0.8564476370811462,
        0.8564475178718567,
        0.8564473390579224,
        0.8564472198486328,
        0.8564469814300537,
        0.8564468622207642,
        0.8564467430114746,
        0.8564465045928955,
        0.856446385383606,
        0.8564462065696716,
        0.8564459681510925,
        0.856445848941803,
        0.8564457297325134,
        0.8564455509185791,
        0.8564452528953552,
        0.8564450740814209,
        0.856444776058197,
        0.8564446568489075,
        0.8564444184303284,
        0.8564441800117493,
        0.8564438819885254,
        0.8564436435699463,
        0.8564434051513672,
        0.8564430475234985,
        0.8564427495002747,
        0.8564424514770508,
        0.8564421534538269,
        0.8564419150352478,
        0.8564416170120239,
        0.8564413189888,
        0.8564410209655762,
        0.8564407229423523,
        0.8564404845237732,
        0.8564401865005493,
        0.8564399480819702,
        0.8564398288726807,
        0.8564395904541016,
        0.8564393520355225,
        0.8564392328262329,
        0.8564391136169434,
        0.856438934803009,
        0.8564388155937195,
        0.8564386963844299,
        0.8564386367797852,
        0.8564386367797852
    ],
    "l1_regularization": 0.0,
    "l2_regularization": 0.0,
    "random_state": 32041,
    "c1_unique_zones": 2,
    "c2_unique_od_pairs": 0,
    "c1_c2_approach": "percentage",
    "c1_c2_percentage": 0.2
}