{
    "normalized_frobenius_error": 0.9227505326271057,
    "masked_rmse": 0.12106440216302872,
    "mean_nonzero_value": 1.3623639345169067,
    "relative_rmse": 0.08886348456144333,
    "explained_variance": 0.14853143692016602,
    "computation_time": 0.2116239070892334,
    "all_factors_non_negative": true,
    "factor_sparsity": [
        "12.90%",
        "7.26%",
        "10.42%"
    ],
    "device": "cpu",
    "best_initialization": "svd",
    "errors_history": [
        0.9690071940422058,
        0.9601843953132629,
        0.9543023109436035,
        0.9509077072143555,
        0.9479575157165527,
        0.9436094760894775,
        0.9400002956390381,
        0.9381974339485168,
        0.9371512532234192,
        0.9363246560096741,
        0.9356930255889893,
        0.9352532625198364,
        0.9349510669708252,
        0.9347134828567505,
        0.9344987273216248,
        0.934296727180481,
        0.9341006278991699,
        0.9338526725769043,
        0.9334399104118347,
        0.9326562881469727,
        0.9312364459037781,
        0.9293298721313477,
        0.927740216255188,
        0.9267262816429138,
        0.9260518550872803,
        0.9255446195602417,
        0.9250882863998413,
        0.924794614315033,
        0.9245457053184509,
        0.9240881204605103,
        0.9238587617874146,
        0.9237529039382935,
        0.9236564040184021,
        0.9235700368881226,
        0.9235167503356934,
        0.9234821796417236,
        0.923452615737915,
        0.9234263896942139,
        0.9234036803245544,
        0.9233834743499756,
        0.9233652949333191,
        0.9233512282371521,
        0.9233378171920776,
        0.923325777053833,
        0.9233148694038391,
        0.9233047962188721,
        0.923294723033905,
        0.9232855439186096,
        0.9232764840126038,
        0.923267662525177,
        0.9232593178749084,
        0.9232506155967712,
        0.9232398867607117,
        0.9232228398323059,
        0.9231924414634705,
        0.9231377243995667,
        0.9230614304542542,
        0.9229909181594849,
        0.9229468703269958,
        0.9229230284690857,
        0.9229089617729187,
        0.9228991866111755,
        0.9228916168212891,
        0.9228851199150085,
        0.9228794574737549,
        0.9228746294975281,
        0.9228700995445251,
        0.9228661060333252,
        0.9228614568710327,
        0.9228561520576477,
        0.9228491187095642,
        0.922839343547821,
        0.9228285551071167,
        0.9228188991546631,
        0.9228119254112244,
        0.9228070378303528,
        0.9228031635284424,
        0.922799825668335,
        0.922796368598938,
        0.9227936863899231,
        0.9227908253669739,
        0.9227883219718933,
        0.9227859377861023,
        0.9227839708328247,
        0.9227819442749023,
        0.9227802157402039,
        0.922778308391571,
        0.9227769374847412,
        0.9227755069732666,
        0.9227742552757263,
        0.9227730631828308,
        0.9227720499038696,
        0.9227710366249084,
        0.922770082950592,
        0.9227691292762756,
        0.9227681756019592,
        0.9227671027183533,
        0.9227656722068787,
        0.9227641224861145,
        0.9227628111839294,
        0.9227619171142578,
        0.922761082649231,
        0.9227603077888489,
        0.9227596521377563,
        0.9227590560913086,
        0.9227584004402161,
        0.9227577447891235,
        0.9227571487426758,
        0.9227566719055176,
        0.9227563738822937,
        0.922756016254425,
        0.9227555394172668,
        0.922755241394043,
        0.9227549433708191,
        0.9227546453475952,
        0.9227542877197266,
        0.9227538704872131,
        0.9227536916732788,
        0.9227533936500549,
        0.922753095626831,
        0.9227529168128967,
        0.9227525591850281,
        0.9227524399757385,
        0.9227522611618042,
        0.9227519631385803,
        0.9227519035339355,
        0.922751784324646,
        0.9227514863014221,
        0.9227511882781982,
        0.9227511286735535,
        0.9227510094642639,
        0.9227508306503296,
        0.9227506518363953,
        0.9227505326271057,
        0.9227505326271057
    ],
    "ranks": {
        "origin": 3,
        "destination": 4,
        "time": 4
    }
}