{
    "normalized_frobenius_error": 0.8781642913818359,
    "masked_rmse": 0.1960332840681076,
    "mean_nonzero_value": 1.5989879369735718,
    "relative_rmse": 0.12259835004806519,
    "explained_variance": 0.22882747650146484,
    "computation_time": 1.4055812358856201,
    "all_factors_non_negative": true,
    "factor_sparsity": [
        "28.26%",
        "35.02%",
        "18.06%"
    ],
    "device": "mps",
    "best_initialization": "random",
    "errors_history": [
        0.9563397765159607,
        0.9433578252792358,
        0.9301882982254028,
        0.9168115854263306,
        0.908257782459259,
        0.9027339220046997,
        0.8980481028556824,
        0.8936657309532166,
        0.8896578550338745,
        0.8861958384513855,
        0.8834831714630127,
        0.8816927671432495,
        0.8806120157241821,
        0.879941999912262,
        0.8795386552810669,
        0.879281759262085,
        0.8791037797927856,
        0.8789715766906738,
        0.8788684010505676,
        0.8787831664085388,
        0.87871253490448,
        0.878653883934021,
        0.8786046504974365,
        0.8785626888275146,
        0.8785260915756226,
        0.8784937262535095,
        0.8784658908843994,
        0.8784421682357788,
        0.8784219026565552,
        0.8784048557281494,
        0.8783906102180481,
        0.8783784508705139,
        0.8783684372901917,
        0.8783599734306335,
        0.8783527612686157,
        0.8783465027809143,
        0.878341019153595,
        0.8783363103866577,
        0.8783320188522339,
        0.8783282041549683,
        0.8783247470855713,
        0.878321647644043,
        0.8783187866210938,
        0.8783162832260132,
        0.8783138394355774,
        0.8783116936683655,
        0.8783096075057983,
        0.8783077001571655,
        0.8783057332038879,
        0.8783040642738342,
        0.8783023357391357,
        0.8783007264137268,
        0.8782990574836731,
        0.8782976865768433,
        0.8782960772514343,
        0.8782946467399597,
        0.8782930970191956,
        0.8782917261123657,
        0.878290057182312,
        0.8782884478569031,
        0.8782867789268494,
        0.8782848119735718,
        0.8782827258110046,
        0.8782806992530823,
        0.8782784342765808,
        0.878276526927948,
        0.8782747983932495,
        0.8782731294631958,
        0.8782715797424316,
        0.8782700896263123,
        0.8782685399055481,
        0.8782670497894287,
        0.8782657384872437,
        0.878264307975769,
        0.878262996673584,
        0.8782618045806885,
        0.8782605528831482,
        0.8782592415809631,
        0.8782579302787781,
        0.878256618976593,
        0.8782551288604736,
        0.8782534599304199,
        0.878251850605011,
        0.8782499432563782,
        0.8782480359077454,
        0.8782458901405334,
        0.8782436847686768,
        0.878241240978241,
        0.8782387971878052,
        0.8782361745834351,
        0.878233790397644,
        0.8782313466072083,
        0.878229022026062,
        0.8782265782356262,
        0.8782243728637695,
        0.8782221674919128,
        0.8782199025154114,
        0.878217875957489,
        0.8782157897949219,
        0.8782137632369995,
        0.8782118558883667,
        0.8782098889350891,
        0.8782081007957458,
        0.8782063722610474,
        0.8782046437263489,
        0.8782031536102295,
        0.8782015442848206,
        0.878200113773346,
        0.8781985640525818,
        0.8781973719596863,
        0.8781959414482117,
        0.8781947493553162,
        0.8781935572624207,
        0.8781924247741699,
        0.8781914114952087,
        0.878190279006958,
        0.8781893849372864,
        0.8781883716583252,
        0.8781874775886536,
        0.8781865239143372,
        0.8781857490539551,
        0.8781848549842834,
        0.8781841397285461,
        0.8781834244728088,
        0.878182590007782,
        0.8781816959381104,
        0.8781806826591492,
        0.8781794905662537,
        0.8781782388687134,
        0.8781773447990417,
        0.8781766295433044,
        0.8781760334968567,
        0.8781755566596985,
        0.8781750202178955,
        0.8781746029853821,
        0.8781741261482239,
        0.8781737089157104,
        0.878173291683197,
        0.8781728744506836,
        0.8781725764274597,
        0.8781722784042358,
        0.8781719207763672,
        0.8781715631484985,
        0.8781712651252747,
        0.8781709671020508,
        0.8781706690788269,
        0.878170371055603,
        0.8781699538230896,
        0.8781697750091553,
        0.878169596195221,
        0.8781692385673523,
        0.8781689405441284,
        0.8781687617301941,
        0.8781684637069702,
        0.8781682252883911,
        0.8781680464744568,
        0.8781679272651672,
        0.8781677484512329,
        0.8781676292419434,
        0.878167450428009,
        0.8781673312187195,
        0.8781671524047852,
        0.8781670331954956,
        0.878166913986206,
        0.8781667351722717,
        0.8781665563583374,
        0.8781662583351135,
        0.8781658411026001,
        0.8781655430793762,
        0.8781651258468628,
        0.8781648874282837,
        0.8781648278236389,
        0.8781647086143494,
        0.8781645894050598,
        0.878164529800415,
        0.8781644105911255,
        0.8781642913818359,
        0.8781642913818359
    ],
    "l1_regularization": 0.0,
    "l2_regularization": 0.0,
    "random_state": 156727,
    "c1_unique_zones": 2,
    "c2_unique_od_pairs": 0,
    "c1_c2_approach": "percentage",
    "c1_c2_percentage": 0.2
}