{
    "normalized_frobenius_error": 0.8491779565811157,
    "masked_rmse": 0.04705357551574707,
    "mean_nonzero_value": 0.37728050351142883,
    "relative_rmse": 0.12471774965524673,
    "explained_variance": 0.2788968086242676,
    "computation_time": 2.386033058166504,
    "all_factors_non_negative": true,
    "factor_sparsity": [
        "41.74%",
        "42.71%",
        "25.90%"
    ],
    "device": "mps",
    "best_initialization": "random",
    "errors_history": [
        0.964849054813385,
        0.9442129731178284,
        0.9230432510375977,
        0.9066311120986938,
        0.8948920369148254,
        0.8862446546554565,
        0.8799253106117249,
        0.8740810751914978,
        0.8678199648857117,
        0.863334596157074,
        0.8606555461883545,
        0.8588163256645203,
        0.8575152158737183,
        0.8565965890884399,
        0.8559014201164246,
        0.8553541302680969,
        0.8549289107322693,
        0.85459303855896,
        0.8543252348899841,
        0.8541072010993958,
        0.8539283871650696,
        0.853780210018158,
        0.8536533117294312,
        0.8535395860671997,
        0.85343337059021,
        0.853333055973053,
        0.8532353043556213,
        0.8531365990638733,
        0.8530341386795044,
        0.8529300689697266,
        0.8528279662132263,
        0.852726399898529,
        0.852623462677002,
        0.8525181412696838,
        0.8524101376533508,
        0.8522982001304626,
        0.852173924446106,
        0.8520187735557556,
        0.8518348336219788,
        0.8516497611999512,
        0.851479709148407,
        0.8513280749320984,
        0.851186215877533,
        0.8510552644729614,
        0.8509390950202942,
        0.8508368134498596,
        0.8507461547851562,
        0.8506650328636169,
        0.8505908250808716,
        0.8505217432975769,
        0.8504566550254822,
        0.8503947854042053,
        0.850334644317627,
        0.8502768874168396,
        0.8502241969108582,
        0.850176215171814,
        0.850131094455719,
        0.8500862121582031,
        0.8500392436981201,
        0.849984347820282,
        0.8499143123626709,
        0.8498436808586121,
        0.8497905731201172,
        0.8497464060783386,
        0.849706768989563,
        0.8496707677841187,
        0.8496384024620056,
        0.8496101498603821,
        0.8495864868164062,
        0.8495666980743408,
        0.8495500683784485,
        0.8495354056358337,
        0.8495205640792847,
        0.849506139755249,
        0.849490225315094,
        0.8494771718978882,
        0.8494673371315002,
        0.8494593501091003,
        0.8494492173194885,
        0.8494340777397156,
        0.84941565990448,
        0.849401593208313,
        0.8493887782096863,
        0.8493702411651611,
        0.8493464589118958,
        0.8493282198905945,
        0.8493180274963379,
        0.8493123054504395,
        0.8493078947067261,
        0.849303662776947,
        0.8492991328239441,
        0.8492948412895203,
        0.8492913842201233,
        0.8492885231971741,
        0.8492859601974487,
        0.8492834568023682,
        0.8492812514305115,
        0.8492791652679443,
        0.8492773175239563,
        0.8492757678031921,
        0.8492741584777832,
        0.8492726683616638,
        0.849271297454834,
        0.8492700457572937,
        0.8492687940597534,
        0.8492676615715027,
        0.8492666482925415,
        0.8492657542228699,
        0.849264919757843,
        0.8492640852928162,
        0.8492631912231445,
        0.8492624759674072,
        0.8492616415023804,
        0.849260687828064,
        0.8492597341537476,
        0.8492588996887207,
        0.8492578864097595,
        0.8492568135261536,
        0.8492554426193237,
        0.8492535352706909,
        0.8492515087127686,
        0.8492497205734253,
        0.8492483496665955,
        0.8492473363876343,
        0.8492465019226074,
        0.8492454290390015,
        0.8492435812950134,
        0.8492401838302612,
        0.8492340445518494,
        0.8492251634597778,
        0.8492171168327332,
        0.8492122888565063,
        0.8492098450660706,
        0.8492082953453064,
        0.8492070436477661,
        0.8492057919502258,
        0.8492043018341064,
        0.8492027521133423,
        0.8492009043693542,
        0.8491984605789185,
        0.8491952419281006,
        0.8491913080215454,
        0.8491876721382141,
        0.8491848707199097,
        0.8491830825805664,
        0.8491819500923157,
        0.8491811752319336,
        0.8491806387901306,
        0.8491802215576172,
        0.8491799235343933,
        0.8491796255111694,
        0.8491793870925903,
        0.8491793274879456,
        0.8491790890693665,
        0.8491789102554321,
        0.8491787910461426,
        0.8491786122322083,
        0.8491785526275635,
        0.8491784930229187,
        0.8491783738136292,
        0.8491781949996948,
        0.84917813539505,
        0.8491780757904053,
        0.8491780757904053
    ],
    "l1_regularization": 0.0,
    "l2_regularization": 0.0,
    "c1_unique_zones": 27,
    "c2_unique_od_pairs": 58,
    "c1_c2_approach": "top_n",
    "c1_c2_top_n": 2
}