{
    "normalized_frobenius_error": 0.9050345420837402,
    "masked_rmse": 0.11873890459537506,
    "mean_nonzero_value": 1.3623639345169067,
    "relative_rmse": 0.08715652674436569,
    "explained_variance": 0.1809125542640686,
    "computation_time": 0.5661380290985107,
    "all_factors_non_negative": true,
    "factor_sparsity": [
        "38.17%",
        "38.71%",
        "20.14%"
    ],
    "device": "mps",
    "best_initialization": "random",
    "errors_history": [
        0.9731123447418213,
        0.9585415720939636,
        0.946186363697052,
        0.936060905456543,
        0.9285364747047424,
        0.9232077598571777,
        0.9199315905570984,
        0.9178052544593811,
        0.9162421226501465,
        0.9149673581123352,
        0.9138128757476807,
        0.9126588702201843,
        0.9115163683891296,
        0.9105461835861206,
        0.9098775386810303,
        0.9094769358634949,
        0.9092026948928833,
        0.9089768528938293,
        0.9087960124015808,
        0.9086416959762573,
        0.908499002456665,
        0.9083648920059204,
        0.9082382321357727,
        0.9081243872642517,
        0.9080114364624023,
        0.9078983068466187,
        0.9077976942062378,
        0.9076958298683167,
        0.9075881242752075,
        0.9074704051017761,
        0.9073434472084045,
        0.9072108864784241,
        0.9070702791213989,
        0.9069120287895203,
        0.9067240953445435,
        0.9065018892288208,
        0.9062594175338745,
        0.9060462713241577,
        0.9058923125267029,
        0.9057875275611877,
        0.9057201147079468,
        0.9056738018989563,
        0.9056348204612732,
        0.9056066870689392,
        0.9054903984069824,
        0.9053855538368225,
        0.9053678512573242,
        0.9053592085838318,
        0.9053525924682617,
        0.9053483009338379,
        0.9053454399108887,
        0.9053415060043335,
        0.9053198099136353,
        0.9052568078041077,
        0.9052348732948303,
        0.9052110314369202,
        0.9051436185836792,
        0.9051018953323364,
        0.9050936698913574,
        0.9050688147544861,
        0.9050593972206116,
        0.9050582647323608,
        0.9050574898719788,
        0.9050570130348206,
        0.9050566554069519,
        0.905056357383728,
        0.9050558805465698,
        0.9050536751747131,
        0.9050447344779968,
        0.905040442943573,
        0.9050397872924805,
        0.905039370059967,
        0.9050387144088745,
        0.905038058757782,
        0.9050374031066895,
        0.9050367474555969,
        0.9050359725952148,
        0.9050352573394775,
        0.9050350189208984,
        0.9050348997116089,
        0.9050347208976746,
        0.9050345420837402,
        0.9050345420837402
    ],
    "l1_regularization": 0.0,
    "l2_regularization": 0.0,
    "random_state": 198088,
    "c1_unique_zones": 3,
    "c2_unique_od_pairs": 0,
    "c1_c2_approach": "percentage",
    "c1_c2_percentage": 0.2
}