{
    "normalized_frobenius_error": 0.8749381899833679,
    "masked_rmse": 0.19531309604644775,
    "mean_nonzero_value": 1.5989879369735718,
    "relative_rmse": 0.12214794754981995,
    "explained_variance": 0.2344832420349121,
    "computation_time": 0.7419829368591309,
    "all_factors_non_negative": true,
    "factor_sparsity": [
        "21.01%",
        "29.71%",
        "14.58%"
    ],
    "device": "mps",
    "best_initialization": "random",
    "errors_history": [
        0.9546698927879333,
        0.9325282573699951,
        0.9189101457595825,
        0.9096711874008179,
        0.9009233117103577,
        0.8930074572563171,
        0.8870168328285217,
        0.88313889503479,
        0.8806513547897339,
        0.8789246082305908,
        0.8777571320533752,
        0.8769674897193909,
        0.8764389157295227,
        0.8760587573051453,
        0.8757843375205994,
        0.8755931854248047,
        0.8754541277885437,
        0.8753458261489868,
        0.8752613067626953,
        0.8752002716064453,
        0.8751581907272339,
        0.8751295804977417,
        0.8751097917556763,
        0.8750947117805481,
        0.8750826716423035,
        0.8750724792480469,
        0.8750638365745544,
        0.8750565052032471,
        0.875049889087677,
        0.8750439286231995,
        0.875038206577301,
        0.8750325441360474,
        0.8750268816947937,
        0.87502121925354,
        0.8750154376029968,
        0.8750097751617432,
        0.875004231929779,
        0.8749987483024597,
        0.8749939203262329,
        0.8749895691871643,
        0.8749856948852539,
        0.8749821782112122,
        0.8749790191650391,
        0.8749762773513794,
        0.8749736547470093,
        0.874971330165863,
        0.8749692440032959,
        0.8749672770500183,
        0.874965488910675,
        0.8749637603759766,
        0.8749622702598572,
        0.874960720539093,
        0.874959409236908,
        0.8749580979347229,
        0.8749569654464722,
        0.8749557733535767,
        0.8749546408653259,
        0.8749537467956543,
        0.8749527335166931,
        0.874951958656311,
        0.8749510049819946,
        0.8749502301216125,
        0.8749493956565857,
        0.8749487996101379,
        0.8749480843544006,
        0.8749474883079529,
        0.8749468922615051,
        0.8749462962150574,
        0.8749457597732544,
        0.8749452829360962,
        0.8749447464942932,
        0.8749443292617798,
        0.8749439716339111,
        0.8749434351921082,
        0.8749431371688843,
        0.8749428391456604,
        0.874942421913147,
        0.8749421238899231,
        0.8749418258666992,
        0.8749415278434753,
        0.874941349029541,
        0.8749409914016724,
        0.874940812587738,
        0.8749405145645142,
        0.8749403953552246,
        0.8749402165412903,
        0.8749399781227112,
        0.8749399185180664,
        0.8749396800994873,
        0.874939501285553,
        0.8749393820762634,
        0.8749393224716187,
        0.8749390840530396,
        0.87493896484375,
        0.8749387860298157,
        0.8749386668205261,
        0.8749386072158813,
        0.8749384880065918,
        0.8749383091926575,
        0.8749381899833679,
        0.8749381899833679
    ],
    "l1_regularization": 0.0,
    "l2_regularization": 0.0,
    "random_state": 52059,
    "c1_unique_zones": 2,
    "c2_unique_od_pairs": 0,
    "c1_c2_approach": "percentage",
    "c1_c2_percentage": 0.2
}