{
  "total_core_entries": 144,
  "total_energy": 1005.6953735351562,
  "num_entries_80pct": 8,
  "selected_indices": [
    [
      0,
      2,
      1
    ],
    [
      2,
      4,
      0
    ],
    [
      5,
      0,
      2
    ],
    [
      3,
      1,
      0
    ],
    [
      1,
      0,
      1
    ],
    [
      4,
      3,
      3
    ],
    [
      3,
      5,
      3
    ],
    [
      4,
      3,
      1
    ]
  ],
  "selected_energies": [
    316.0865173339844,
    114.81464385986328,
    104.01496124267578,
    66.24238586425781,
    63.63473892211914,
    60.238155364990234,
    50.65194320678711,
    47.06978988647461
  ]
}