{
    "normalized_frobenius_error": 0.9325076937675476,
    "masked_rmse": 0.12234333902597427,
    "mean_nonzero_value": 1.3623639345169067,
    "relative_rmse": 0.08980224281549454,
    "explained_variance": 0.1304294466972351,
    "computation_time": 0.5060951709747314,
    "all_factors_non_negative": true,
    "factor_sparsity": [
        "42.34%",
        "41.94%",
        "28.12%"
    ],
    "device": "mps",
    "best_initialization": "random",
    "errors_history": [
        0.9741211533546448,
        0.9611512422561646,
        0.9534358382225037,
        0.9487704038619995,
        0.9456472992897034,
        0.9431687593460083,
        0.9411099553108215,
        0.9394286870956421,
        0.9382612109184265,
        0.9376229047775269,
        0.9372215270996094,
        0.9368728399276733,
        0.9366019368171692,
        0.9363864660263062,
        0.9361799955368042,
        0.9359580278396606,
        0.9357021450996399,
        0.935400664806366,
        0.9350566267967224,
        0.9346906542778015,
        0.9343265295028687,
        0.9339739680290222,
        0.9336515665054321,
        0.9333862066268921,
        0.9331785440444946,
        0.9330281615257263,
        0.9329208731651306,
        0.9327640533447266,
        0.9326795339584351,
        0.932637631893158,
        0.9326115846633911,
        0.9325940608978271,
        0.9325813055038452,
        0.9325715899467468,
        0.9325637817382812,
        0.9325574636459351,
        0.9325523376464844,
        0.9325481057167053,
        0.9325442910194397,
        0.9325406551361084,
        0.9325370192527771,
        0.9325336813926697,
        0.9325308799743652,
        0.9325287938117981,
        0.9325270652770996,
        0.9325256943702698,
        0.932524561882019,
        0.9325237274169922,
        0.9325228333473206,
        0.9325219988822937,
        0.9325212836265564,
        0.9325207471847534,
        0.9325201511383057,
        0.9325196743011475,
        0.9325191974639893,
        0.9325188398361206,
        0.9325183629989624,
        0.932517945766449,
        0.9325175881385803,
        0.9325171709060669,
        0.9325168132781982,
        0.9325163960456848,
        0.9325159192085266,
        0.9325153827667236,
        0.9325149059295654,
        0.9325142502784729,
        0.9325135350227356,
        0.9325128793716431,
        0.932512104511261,
        0.9325113296508789,
        0.9325106739997864,
        0.9325100779533386,
        0.9325095415115356,
        0.9325090646743774,
        0.932508647441864,
        0.9325084090232849,
        0.9325081706047058,
        0.9325079321861267,
        0.9325076937675476,
        0.9325076937675476
    ],
    "l1_regularization": 0.0,
    "l2_regularization": 0.0,
    "random_state": 192525,
    "c1_unique_zones": 3,
    "c2_unique_od_pairs": 1,
    "c1_c2_approach": "percentage",
    "c1_c2_percentage": 0.2
}