{
    "normalized_frobenius_error": 0.8749375939369202,
    "masked_rmse": 0.195312961935997,
    "mean_nonzero_value": 1.5989879369735718,
    "relative_rmse": 0.12214786559343338,
    "explained_variance": 0.2344842553138733,
    "computation_time": 0.5834600925445557,
    "all_factors_non_negative": true,
    "factor_sparsity": [
        "17.39%",
        "23.91%",
        "13.19%"
    ],
    "device": "mps",
    "best_initialization": "random",
    "errors_history": [
        0.9561517834663391,
        0.9418724775314331,
        0.9287781715393066,
        0.9139242768287659,
        0.9016515612602234,
        0.8933055996894836,
        0.8878869414329529,
        0.8840769529342651,
        0.8811177611351013,
        0.878775417804718,
        0.8772020936012268,
        0.8763130307197571,
        0.8758373260498047,
        0.8755722045898438,
        0.8754113912582397,
        0.8753055334091187,
        0.875230073928833,
        0.8751745820045471,
        0.8751351237297058,
        0.8751093745231628,
        0.8750928044319153,
        0.8750811219215393,
        0.8750722408294678,
        0.8750649690628052,
        0.8750585317611694,
        0.8750528693199158,
        0.875047504901886,
        0.8750424385070801,
        0.8750377893447876,
        0.8750331401824951,
        0.8750284910202026,
        0.8750238418579102,
        0.8750191926956177,
        0.8750142455101013,
        0.8750091791152954,
        0.8750038146972656,
        0.8749983310699463,
        0.8749927878379822,
        0.8749873042106628,
        0.8749817609786987,
        0.874976634979248,
        0.874971866607666,
        0.8749676942825317,
        0.8749639391899109,
        0.874960720539093,
        0.8749579191207886,
        0.8749554753303528,
        0.8749533295631409,
        0.8749515414237976,
        0.8749499917030334,
        0.8749486207962036,
        0.8749473690986633,
        0.8749462962150574,
        0.874945342540741,
        0.8749445676803589,
        0.8749438524246216,
        0.8749432563781738,
        0.8749426603317261,
        0.8749421238899231,
        0.8749416470527649,
        0.8749411106109619,
        0.8749406933784485,
        0.8749403357505798,
        0.8749399185180664,
        0.8749396800994873,
        0.8749393224716187,
        0.8749390840530396,
        0.8749387860298157,
        0.8749386072158813,
        0.8749383687973022,
        0.8749383091926575,
        0.8749380707740784,
        0.874937891960144,
        0.8749377727508545,
        0.8749375939369202,
        0.8749375939369202
    ],
    "l1_regularization": 0.0,
    "l2_regularization": 0.0,
    "random_state": 220787,
    "c1_unique_zones": 2,
    "c2_unique_od_pairs": 0,
    "c1_c2_approach": "percentage",
    "c1_c2_percentage": 0.2
}