{
    "normalized_frobenius_error": 0.8941428661346436,
    "masked_rmse": 0.19960282742977142,
    "mean_nonzero_value": 1.5989879369735718,
    "relative_rmse": 0.12483073025941849,
    "explained_variance": 0.20050853490829468,
    "computation_time": 0.35009098052978516,
    "all_factors_non_negative": true,
    "factor_sparsity": [
        "22.32%",
        "24.64%",
        "4.17%"
    ],
    "device": "cpu",
    "best_initialization": "svd",
    "errors_history": [
        0.9438377022743225,
        0.9347577691078186,
        0.9275139570236206,
        0.9216682314872742,
        0.9169139862060547,
        0.9127115607261658,
        0.908927321434021,
        0.9055638313293457,
        0.9028509855270386,
        0.9009490609169006,
        0.8997292518615723,
        0.8989489674568176,
        0.8984067440032959,
        0.8979957699775696,
        0.8976625204086304,
        0.8973827362060547,
        0.8971406817436218,
        0.8969287872314453,
        0.896740198135376,
        0.8965697288513184,
        0.8964139223098755,
        0.8962695598602295,
        0.8961338400840759,
        0.8960044384002686,
        0.8958814740180969,
        0.895763099193573,
        0.8956509828567505,
        0.8955457210540771,
        0.895447850227356,
        0.8953585624694824,
        0.8952782154083252,
        0.8952057957649231,
        0.8951411843299866,
        0.8950840830802917,
        0.8950321078300476,
        0.8949859738349915,
        0.8949452638626099,
        0.8949079513549805,
        0.8948741555213928,
        0.8948434591293335,
        0.89481520652771,
        0.8947887420654297,
        0.8947643637657166,
        0.8947412967681885,
        0.8947191834449768,
        0.8946986198425293,
        0.894677996635437,
        0.8946589231491089,
        0.8946406841278076,
        0.8946231007575989,
        0.8946062326431274,
        0.8945896625518799,
        0.8945744037628174,
        0.8945595026016235,
        0.8945453763008118,
        0.8945321440696716,
        0.8945195078849792,
        0.894507646560669,
        0.894496738910675,
        0.8944864273071289,
        0.8944768309593201,
        0.8944674134254456,
        0.8944584131240845,
        0.8944504261016846,
        0.8944424390792847,
        0.894434928894043,
        0.8944277763366699,
        0.8944206237792969,
        0.8944142460823059,
        0.8944075703620911,
        0.8944016098976135,
        0.8943960070610046,
        0.8943905830383301,
        0.8943853378295898,
        0.8943805694580078,
        0.8943756818771362,
        0.8943710327148438,
        0.8943668007850647,
        0.8943629860877991,
        0.8943594098091125,
        0.8943557143211365,
        0.89435213804245,
        0.8943487405776978,
        0.8943452835083008,
        0.8943423628807068,
        0.8943393230438232,
        0.894336462020874,
        0.8943338394165039,
        0.8943313360214233,
        0.894328773021698,
        0.8943261504173279,
        0.8943238258361816,
        0.8943214416503906,
        0.8943192958831787,
        0.8943168520927429,
        0.8943146467208862,
        0.8943125009536743,
        0.8943097591400146,
        0.8943074345588684,
        0.8943053483963013,
        0.8943027257919312,
        0.8943006992340088,
        0.8942975401878357,
        0.8942943215370178,
        0.8942911624908447,
        0.894287645816803,
        0.8942843079566956,
        0.8942807912826538,
        0.8942771553993225,
        0.8942732810974121,
        0.8942695260047913,
        0.8942655920982361,
        0.8942621946334839,
        0.8942589163780212,
        0.894255518913269,
        0.894252359867096,
        0.8942491412162781,
        0.8942462205886841,
        0.894243061542511,
        0.8942403197288513,
        0.8942375183105469,
        0.8942348957061768,
        0.8942321538925171,
        0.8942294120788574,
        0.8942269086837769,
        0.894224226474762,
        0.8942219018936157,
        0.8942193984985352,
        0.8942169547080994,
        0.8942145705223083,
        0.8942123055458069,
        0.8942096829414368,
        0.8942078948020935,
        0.8942057490348816,
        0.8942035436630249,
        0.8942015767097473,
        0.894199788570404,
        0.894197940826416,
        0.8941962718963623,
        0.8941945433616638,
        0.8941929936408997,
        0.8941913843154907,
        0.8941899538040161,
        0.8941885828971863,
        0.8941870331764221,
        0.8941859602928162,
        0.8941845297813416,
        0.8941833972930908,
        0.8941817879676819,
        0.8941807746887207,
        0.8941798806190491,
        0.894178569316864,
        0.8941773176193237,
        0.8941764235496521,
        0.8941754102706909,
        0.8941745162010193,
        0.8941733837127686,
        0.894172191619873,
        0.8941714763641357,
        0.8941704630851746,
        0.8941696286201477,
        0.8941685557365417,
        0.894167959690094,
        0.8941671252250671,
        0.8941664099693298,
        0.8941656351089478,
        0.8941646814346313,
        0.894163966178894,
        0.8941636681556702,
        0.8941628932952881,
        0.8941622972488403,
        0.8941617608070374,
        0.8941611647605896,
        0.8941604495048523,
        0.8941599726676941,
        0.8941594362258911,
        0.8941587209701538,
        0.8941580057144165,
        0.8941572904586792,
        0.8941566944122314,
        0.894156277179718,
        0.8941558003425598,
        0.8941556811332703,
        0.8941553831100464,
        0.8941550850868225,
        0.8941543698310852,
        0.894153892993927,
        0.8941536545753479,
        0.8941532969474792,
        0.8941528797149658,
        0.8941524624824524,
        0.8941517472267151,
        0.8941515684127808,
        0.8941510319709778,
        0.8941507339477539,
        0.8941505551338196,
        0.8941501379013062,
        0.8941497206687927,
        0.8941494226455688,
        0.8941492438316345,
        0.8941485285758972,
        0.8941481113433838,
        0.8941479325294495,
        0.8941476941108704,
        0.8941473960876465,
        0.8941470980644226,
        0.8941466212272644,
        0.8941463232040405,
        0.8941459059715271,
        0.8941457867622375,
        0.8941454887390137,
        0.8941451907157898,
        0.8941450715065002,
        0.8941446542739868,
        0.8941442966461182,
        0.8941440582275391,
        0.8941436409950256,
        0.8941434621810913,
        0.8941431641578674,
        0.8941428661346436,
        0.8941428661346436
    ],
    "ranks": {
        "origin": 5,
        "destination": 5,
        "time": 2
    }
}