{
    "normalized_frobenius_error": 0.9337507486343384,
    "masked_rmse": 0.12250768393278122,
    "mean_nonzero_value": 1.3623639345169067,
    "relative_rmse": 0.08992287516593933,
    "explained_variance": 0.12810951471328735,
    "computation_time": 0.26477789878845215,
    "all_factors_non_negative": true,
    "factor_sparsity": [
        "23.23%",
        "27.82%",
        "8.33%"
    ],
    "device": "cpu",
    "best_initialization": "svd",
    "errors_history": [
        0.9611606597900391,
        0.9526082277297974,
        0.9472854137420654,
        0.9434448480606079,
        0.940642237663269,
        0.9387795329093933,
        0.9374886751174927,
        0.9365193247795105,
        0.9358528256416321,
        0.9353904128074646,
        0.9350512623786926,
        0.9347994923591614,
        0.9346066117286682,
        0.9344561696052551,
        0.9343459606170654,
        0.9342671632766724,
        0.9342102408409119,
        0.9341678023338318,
        0.9341352581977844,
        0.9341096878051758,
        0.9340894222259521,
        0.9340732097625732,
        0.9340603947639465,
        0.9340493679046631,
        0.934039831161499,
        0.9340314269065857,
        0.9340236186981201,
        0.9340163469314575,
        0.9340088963508606,
        0.9340017437934875,
        0.9339945316314697,
        0.9339874386787415,
        0.9339806437492371,
        0.933973491191864,
        0.9339662194252014,
        0.9339588284492493,
        0.9339512586593628,
        0.9339436888694763,
        0.9339358806610107,
        0.9339278340339661,
        0.9339196681976318,
        0.9339117407798767,
        0.933903694152832,
        0.9338961243629456,
        0.9338884949684143,
        0.9338809847831726,
        0.9338738322257996,
        0.9338672161102295,
        0.9338611960411072,
        0.9338553547859192,
        0.9338499307632446,
        0.933844804763794,
        0.9338398575782776,
        0.9338357448577881,
        0.933831512928009,
        0.9338279962539673,
        0.9338245391845703,
        0.9338216781616211,
        0.9338185787200928,
        0.9338158369064331,
        0.9338131546974182,
        0.9338106513023376,
        0.9338085651397705,
        0.9338067173957825,
        0.9338051080703735,
        0.9338034987449646,
        0.9338018298149109,
        0.9338006973266602,
        0.9337993860244751,
        0.9337980151176453,
        0.9337968826293945,
        0.9337959885597229,
        0.9337948560714722,
        0.9337939023971558,
        0.9337930679321289,
        0.9337920546531677,
        0.9337912201881409,
        0.9337904453277588,
        0.9337897896766663,
        0.9337888360023499,
        0.9337883591651917,
        0.9337877035140991,
        0.9337869882583618,
        0.9337864518165588,
        0.9337859749794006,
        0.9337855577468872,
        0.9337850213050842,
        0.933784544467926,
        0.9337841272354126,
        0.9337836503982544,
        0.9337832927703857,
        0.9337828159332275,
        0.9337823390960693,
        0.9337819218635559,
        0.9337815642356873,
        0.933781087398529,
        0.9337806701660156,
        0.933780312538147,
        0.9337801337242126,
        0.9337797164916992,
        0.9337794184684753,
        0.9337789416313171,
        0.9337785840034485,
        0.9337782263755798,
        0.933777928352356,
        0.9337775111198425,
        0.9337773323059082,
        0.9337771534919739,
        0.9337765574455261,
        0.9337762594223022,
        0.9337760210037231,
        0.9337755441665649,
        0.9337751269340515,
        0.9337747693061829,
        0.9337745904922485,
        0.9337741732597351,
        0.9337736964225769,
        0.9337733387947083,
        0.9337730407714844,
        0.9337727427482605,
        0.9337723851203918,
        0.9337717890739441,
        0.9337714910507202,
        0.9337711930274963,
        0.9337707161903381,
        0.9337702393531799,
        0.9337698817253113,
        0.9337692856788635,
        0.9337689280509949,
        0.9337684512138367,
        0.9337682723999023,
        0.9337677955627441,
        0.9337674975395203,
        0.9337670803070068,
        0.9337665438652039,
        0.9337660670280457,
        0.9337658286094666,
        0.933765172958374,
        0.933764636516571,
        0.9337642192840576,
        0.9337639212608337,
        0.9337635636329651,
        0.9337630867958069,
        0.9337626695632935,
        0.9337624311447144,
        0.9337619543075562,
        0.9337616562843323,
        0.9337613582611084,
        0.9337607026100159,
        0.933760404586792,
        0.9337601065635681,
        0.9337596297264099,
        0.933759331703186,
        0.9337589740753174,
        0.9337586760520935,
        0.9337583780288696,
        0.9337579011917114,
        0.9337578415870667,
        0.9337572455406189,
        0.9337568283081055,
        0.9337565898895264,
        0.9337561130523682,
        0.9337558150291443,
        0.9337553977966309,
        0.9337551593780518,
        0.9337549209594727,
        0.9337544441223145,
        0.9337541460990906,
        0.9337537884712219,
        0.933753490447998,
        0.9337533116340637,
        0.9337529540061951,
        0.933752715587616,
        0.9337524771690369,
        0.933752179145813,
        0.9337520003318787,
        0.9337515830993652,
        0.9337515234947205,
        0.933751106262207,
        0.9337509870529175,
        0.9337507486343384,
        0.9337507486343384
    ],
    "ranks": {
        "origin": 5,
        "destination": 4,
        "time": 2
    }
}