{
    "normalized_frobenius_error": 0.8845802545547485,
    "masked_rmse": 0.2307133972644806,
    "mean_nonzero_value": 1.345635175704956,
    "relative_rmse": 0.17145316302776337,
    "explained_variance": 0.21751779317855835,
    "computation_time": 0.33707284927368164,
    "all_factors_non_negative": true,
    "factor_sparsity": [
        "17.22%",
        "14.07%",
        "5.56%"
    ],
    "device": "cpu",
    "best_initialization": "svd",
    "errors_history": [
        0.9217009544372559,
        0.9139525294303894,
        0.91099613904953,
        0.9094429612159729,
        0.908064067363739,
        0.9065247774124146,
        0.9047919511795044,
        0.9030030369758606,
        0.9013656377792358,
        0.9000265002250671,
        0.8990023136138916,
        0.8982280492782593,
        0.8976231217384338,
        0.8971281051635742,
        0.8967041969299316,
        0.8963274955749512,
        0.8959829807281494,
        0.8956629037857056,
        0.8953597545623779,
        0.8950706720352173,
        0.8947921395301819,
        0.8945220708847046,
        0.8942591547966003,
        0.8940003514289856,
        0.8937432765960693,
        0.8934852480888367,
        0.8932257890701294,
        0.8929614424705505,
        0.8926963806152344,
        0.8924309611320496,
        0.8921699523925781,
        0.8919184803962708,
        0.8916787505149841,
        0.891455352306366,
        0.891249418258667,
        0.8910607099533081,
        0.8908888101577759,
        0.8907320499420166,
        0.8905884623527527,
        0.8904561400413513,
        0.8903329372406006,
        0.8902163505554199,
        0.890104353427887,
        0.8899953365325928,
        0.8898884057998657,
        0.8897819519042969,
        0.8896769285202026,
        0.889572024345398,
        0.8894689083099365,
        0.889366865158081,
        0.8892657160758972,
        0.8891659379005432,
        0.8890686631202698,
        0.8889732360839844,
        0.8888798952102661,
        0.888788640499115,
        0.8886989951133728,
        0.8886103630065918,
        0.8885225057601929,
        0.8884357810020447,
        0.8883492946624756,
        0.8882629871368408,
        0.8881765604019165,
        0.8880906105041504,
        0.8880043029785156,
        0.8879178166389465,
        0.8878304362297058,
        0.8877437710762024,
        0.887657105922699,
        0.8875713348388672,
        0.8874863386154175,
        0.8874031901359558,
        0.8873220086097717,
        0.88724285364151,
        0.8871657848358154,
        0.8870917558670044,
        0.8870205879211426,
        0.8869522213935852,
        0.8868874311447144,
        0.8868253827095032,
        0.8867665529251099,
        0.8867102861404419,
        0.8866562843322754,
        0.8866050839424133,
        0.8865550756454468,
        0.8865069150924683,
        0.8864603042602539,
        0.8864150047302246,
        0.886370837688446,
        0.8863273859024048,
        0.886285662651062,
        0.886244535446167,
        0.8862044215202332,
        0.8861658573150635,
        0.8861284852027893,
        0.8860924243927002,
        0.8860571384429932,
        0.886023759841919,
        0.8859920501708984,
        0.8859618306159973,
        0.8859325051307678,
        0.8859045505523682,
        0.8858776688575745,
        0.8858510255813599,
        0.8858261704444885,
        0.8858014941215515,
        0.8857774138450623,
        0.8857541680335999,
        0.8857311010360718,
        0.885708212852478,
        0.8856858611106873,
        0.8856636881828308,
        0.885641872882843,
        0.8856210708618164,
        0.8856014609336853,
        0.8855825662612915,
        0.885564923286438,
        0.88554847240448,
        0.8855327367782593,
        0.8855182528495789,
        0.8855046629905701,
        0.8854917883872986,
        0.8854793906211853,
        0.8854679465293884,
        0.8854570984840393,
        0.8854465484619141,
        0.8854373693466187,
        0.8854276537895203,
        0.8854189515113831,
        0.8854105472564697,
        0.8854019641876221,
        0.885394275188446,
        0.88538658618927,
        0.8853789567947388,
        0.8853716254234314,
        0.8853647708892822,
        0.8853581547737122,
        0.8853511214256287,
        0.8853440880775452,
        0.8853372931480408,
        0.8853299617767334,
        0.8853229880332947,
        0.8853164315223694,
        0.8853094577789307,
        0.8853021860122681,
        0.8852947950363159,
        0.885287344455719,
        0.8852794170379639,
        0.8852716684341431,
        0.8852629065513611,
        0.8852541446685791,
        0.8852452039718628,
        0.8852358460426331,
        0.885225772857666,
        0.8852155208587646,
        0.8852044343948364,
        0.8851929306983948,
        0.8851803541183472,
        0.8851679563522339,
        0.8851550221443176,
        0.8851415514945984,
        0.8851271867752075,
        0.8851123452186584,
        0.885097086429596,
        0.885080873966217,
        0.8850646018981934,
        0.8850480914115906,
        0.8850317001342773,
        0.885014533996582,
        0.8849980235099792,
        0.8849819302558899,
        0.8849656581878662,
        0.884949803352356,
        0.8849342465400696,
        0.8849193453788757,
        0.8849051594734192,
        0.8848915696144104,
        0.8848788142204285,
        0.8848668336868286,
        0.8848551511764526,
        0.8848442435264587,
        0.8848342299461365,
        0.8848250508308411,
        0.8848158121109009,
        0.8848071098327637,
        0.8847995400428772,
        0.8847922086715698,
        0.8847855925559998,
        0.884779155254364,
        0.8847729563713074,
        0.8847672343254089,
        0.8847625255584717,
        0.8847572207450867,
        0.884752631187439,
        0.8847476243972778,
        0.8847436308860779,
        0.8847390413284302,
        0.8847353458404541,
        0.8847315907478333,
        0.8847277164459229,
        0.8847245573997498,
        0.884720504283905,
        0.8847171664237976,
        0.8847138285636902,
        0.8847105503082275,
        0.8847074508666992,
        0.8847039341926575,
        0.8847004771232605,
        0.8846977353096008,
        0.8846948146820068,
        0.8846921324729919,
        0.8846892714500427,
        0.8846866488456726,
        0.8846838474273682,
        0.8846813440322876,
        0.8846790194511414,
        0.8846768736839294,
        0.8846744894981384,
        0.8846721053123474,
        0.8846696615219116,
        0.8846673369407654,
        0.8846651315689087,
        0.8846632838249207,
        0.8846610188484192,
        0.8846588134765625,
        0.8846564292907715,
        0.8846545815467834,
        0.8846526741981506,
        0.8846504092216492,
        0.884648323059082,
        0.8846465349197388,
        0.8846445083618164,
        0.884642481803894,
        0.8846408128738403,
        0.884638786315918,
        0.8846368789672852,
        0.8846350908279419,
        0.8846328854560852,
        0.8846312761306763,
        0.8846294283866882,
        0.8846275806427002,
        0.8846258521080017,
        0.8846242427825928,
        0.8846227526664734,
        0.8846215009689331,
        0.884619951248169,
        0.8846182823181152,
        0.8846166133880615,
        0.8846153616905212,
        0.8846139311790466,
        0.8846127390861511,
        0.8846116065979004,
        0.8846104741096497,
        0.8846093416213989,
        0.8846083879470825,
        0.8846077919006348,
        0.8846068382263184,
        0.8846055269241333,
        0.8846046328544617,
        0.8846038579940796,
        0.8846027255058289,
        0.8846021294593811,
        0.8846012949943542,
        0.8846005201339722,
        0.8845998644828796,
        0.8845990300178528,
        0.8845983147621155,
        0.8845978379249573,
        0.8845971822738647,
        0.8845964074134827,
