{
    "normalized_frobenius_error": 0.8564387559890747,
    "masked_rmse": 0.2233724445104599,
    "mean_nonzero_value": 1.345635175704956,
    "relative_rmse": 0.16599777340888977,
    "explained_variance": 0.2665126919746399,
    "computation_time": 0.9742000102996826,
    "all_factors_non_negative": true,
    "factor_sparsity": [
        "21.78%",
        "19.56%",
        "11.67%"
    ],
    "device": "mps",
    "best_initialization": "random",
    "errors_history": [
        0.9400636553764343,
        0.9232823252677917,
        0.9046440720558167,
        0.8850982189178467,
        0.8708340525627136,
        0.8637669682502747,
        0.8607243895530701,
        0.8591989874839783,
        0.8583906292915344,
        0.857891321182251,
        0.8575552105903625,
        0.8573111295700073,
        0.8571276664733887,
        0.8569921255111694,
        0.856891930103302,
        0.856815755367279,
        0.8567559123039246,
        0.8567066788673401,
        0.8566654324531555,
        0.8566309809684753,
        0.8566023111343384,
        0.8565783500671387,
        0.8565582633018494,
        0.8565413951873779,
        0.8565274477005005,
        0.8565160632133484,
        0.8565067052841187,
        0.8564991354942322,
        0.8564928770065308,
        0.8564879298210144,
        0.8564837574958801,
        0.8564803004264832,
        0.8564774394035339,
        0.8564749956130981,
        0.856472909450531,
        0.8564711213111877,
        0.8564695119857788,
        0.8564682602882385,
        0.8564670085906982,
        0.8564661145210266,
        0.8564651012420654,
        0.8564642071723938,
        0.8564634323120117,
        0.8564626574516296,
        0.8564620018005371,
        0.8564614057540894,
        0.8564608097076416,
        0.8564602136611938,
        0.8564596176147461,
        0.8564591407775879,
        0.8564585447311401,
        0.8564580082893372,
        0.8564574718475342,
        0.8564569354057312,
        0.8564563989639282,
        0.8564558029174805,
        0.8564553260803223,
        0.8564547896385193,
        0.8564543724060059,
        0.8564538359642029,
        0.8564532995223999,
        0.8564527630805969,
        0.856452226638794,
        0.856451690196991,
        0.856451153755188,
        0.8564506769180298,
        0.8564502596855164,
        0.8564497232437134,
        0.8564492464065552,
        0.856448769569397,
        0.856448233127594,
        0.8564479351043701,
        0.8564474582672119,
        0.8564471006393433,
        0.8564467430114746,
        0.8564463257789612,
        0.8564459681510925,
        0.8564456701278687,
        0.8564452528953552,
        0.8564450144767761,
        0.8564446568489075,
        0.8564444184303284,
        0.8564441204071045,
        0.8564438223838806,
        0.8564435243606567,
        0.8564432859420776,
        0.8564429879188538,
        0.8564427495002747,
        0.8564425110816956,
        0.8564422726631165,
        0.8564421534538269,
        0.856441855430603,
        0.8564416766166687,
        0.8564414381980896,
        0.8564412593841553,
        0.8564410209655762,
        0.8564407229423523,
        0.856440544128418,
        0.8564404249191284,
        0.8564401865005493,
        0.8564400672912598,
        0.8564398288726807,
        0.8564397096633911,
        0.856439471244812,
        0.8564393520355225,
        0.8564392328262329,
        0.8564391732215881,
        0.8564389944076538,
        0.856438934803009,
        0.8564388155937195,
        0.8564388155937195
    ],
    "l1_regularization": 0.0,
    "l2_regularization": 0.0,
    "random_state": 437203,
    "c1_unique_zones": 2,
    "c2_unique_od_pairs": 0,
    "c1_c2_approach": "percentage",
    "c1_c2_percentage": 0.2
}