{
  "total_core_entries": 30,
  "total_energy": 733.6722412109375,
  "num_entries_80pct": 3,
  "selected_indices": [
    [
      0,
      2,
      1
    ],
    [
      2,
      4,
      0
    ],
    [
      1,
      3,
      0
    ]
  ],
  "selected_energies": [
    329.5436706542969,
    205.2674560546875,
    64.70370483398438
  ]
}