{
    "normalized_frobenius_error": 0.9071800708770752,
    "masked_rmse": 0.08964502066373825,
    "mean_nonzero_value": 1.1348214149475098,
    "relative_rmse": 0.07899482548236847,
    "explained_variance": 0.17702436447143555,
    "computation_time": 2.551927089691162,
    "all_factors_non_negative": true,
    "factor_sparsity": [
        "41.11%",
        "37.22%",
        "34.87%"
    ],
    "device": "mps",
    "best_initialization": "random",
    "errors_history": [
        0.9792529940605164,
        0.9669977426528931,
        0.9515221118927002,
        0.9367182850837708,
        0.9289092421531677,
        0.9237509369850159,
        0.9202840328216553,
        0.918109118938446,
        0.9165889024734497,
        0.9154157638549805,
        0.9144601225852966,
        0.9136573076248169,
        0.9129525423049927,
        0.9122915863990784,
        0.9116418957710266,
        0.9110086560249329,
        0.9104323983192444,
        0.9099383354187012,
        0.9095166921615601,
        0.9091572761535645,
        0.9088601469993591,
        0.9086172580718994,
        0.9084222912788391,
        0.908265233039856,
        0.9081326723098755,
        0.9080172181129456,
        0.9079227447509766,
        0.9078481793403625,
        0.9077848196029663,
        0.9077333807945251,
        0.9076917767524719,
        0.9076577425003052,
        0.9076303243637085,
        0.907608151435852,
        0.9075879454612732,
        0.9075672030448914,
        0.9075474739074707,
        0.907528281211853,
        0.9075101613998413,
        0.9074932336807251,
        0.907477080821991,
        0.907461404800415,
        0.907446026802063,
        0.9074311852455139,
        0.9074167609214783,
        0.9074028730392456,
        0.907390296459198,
        0.9073789119720459,
        0.9073686003684998,
        0.9073585271835327,
        0.9073489904403687,
        0.9073401689529419,
        0.907332181930542,
        0.9073250889778137,
        0.9073189496994019,
        0.9073136448860168,
        0.9073091149330139,
        0.9073050618171692,
        0.907301664352417,
        0.9072986245155334,
        0.9072957038879395,
        0.9072929620742798,
        0.9072902798652649,
        0.9072883129119873,
        0.9072865843772888,
        0.907285213470459,
        0.9072837829589844,
        0.9072826504707336,
        0.9072813987731934,
        0.9072802662849426,
        0.9072790741920471,
        0.9072780609130859,
        0.9072770476341248,
        0.9072760343551636,
        0.9072750210762024,
        0.9072740077972412,
        0.9072728753089905,
        0.9072718024253845,
        0.9072707891464233,
        0.9072697758674622,
        0.9072687029838562,
        0.9072676301002502,
        0.9072666168212891,
        0.9072656035423279,
        0.907264769077301,
        0.9072638154029846,
        0.9072630405426025,
        0.9072622060775757,
        0.9072614908218384,
        0.9072608947753906,
        0.9072602987289429,
        0.9072597026824951,
        0.9072591662406921,
        0.9072586297988892,
        0.9072582125663757,
        0.9072577357292175,
        0.9072571992874146,
        0.9072567224502563,
        0.9072562456130981,
        0.9072557687759399,
        0.907255232334137,
        0.9072546362876892,
        0.9072539806365967,
        0.9072531461715698,
        0.907252311706543,
        0.907251238822937,
        0.9072502255439758,
        0.9072492718696594,
        0.907248318195343,
        0.9072475433349609,
        0.9072468280792236,
        0.9072461724281311,
        0.9072454571723938,
        0.907244861125946,
        0.907244086265564,
        0.9072433710098267,
        0.907242476940155,
        0.9072415232658386,
        0.9072405099868774,
        0.9072394371032715,
        0.9072384238243103,
        0.9072375297546387,
        0.9072367548942566,
        0.9072360396385193,
        0.9072352647781372,
        0.9072344899177551,
        0.9072338342666626,
        0.9072331786155701,
        0.9072326421737671,
        0.9072322249412537,
        0.907231867313385,
        0.9072313904762268,
        0.9072309732437134,
        0.9072306156158447,
        0.9072301983833313,
        0.9072297811508179,
        0.907229483127594,
        0.9072290062904358,
        0.9072286486625671,
        0.9072282314300537,
        0.9072278141975403,
        0.9072273373603821,
        0.9072268009185791,
        0.9072262644767761,
        0.9072258472442627,
        0.9072252511978149,
        0.9072246551513672,
        0.9072238802909851,
        0.9072232842445374,
        0.9072225689888,
        0.9072218537330627,
        0.9072211384773254,
        0.9072202444076538,
        0.9072193503379822,
        0.907218337059021,
        0.9072170853614807,
        0.9072157740592957,
        0.9072142839431763,
        0.9072127342224121,
        0.9072110056877136,
        0.9072091579437256,
        0.9072073698043823,
        0.9072055816650391,
        0.9072038531303406,
        0.9072023034095764,
        0.9072008728981018,
        0.9071995615959167,
        0.9071983695030212,
        0.9071972966194153,
        0.9071962833404541,
        0.9071953892707825,
        0.9071944952011108,
        0.9071937203407288,
        0.9071929454803467,
        0.9071922898292542,
        0.9071916937828064,
        0.9071909189224243,
        0.9071903228759766,
        0.9071897268295288,
        0.9071893095970154,
        0.9071887731552124,
        0.9071881771087646,
        0.9071877002716064,
        0.9071871638298035,
        0.9071866273880005,
        0.9071862697601318,
        0.9071858525276184,
        0.9071854948997498,
        0.9071851372718811,
        0.9071848392486572,
        0.9071846008300781,
        0.9071842432022095,
        0.9071840643882751,
        0.907183825969696,
        0.9071835279464722,
        0.9071834087371826,
        0.9071832299232483,
        0.9071829915046692,
        0.9071828126907349,
        0.9071826934814453,
        0.9071824550628662,
        0.9071823358535767,
        0.9071822762489319,
        0.9071820974349976,
        0.9071820378303528,
        0.9071819186210632,
        0.9071817398071289,
        0.9071816802024841,
        0.9071816205978394,
        0.9071815013885498,
        0.9071813225746155,
        0.9071812629699707,
        0.9071812033653259,
        0.9071811437606812,
        0.9071810245513916,
        0.9071809649467468,
        0.9071808457374573,
        0.9071807265281677,
        0.907180666923523,
        0.9071805477142334,
        0.9071803689002991,
        0.9071803092956543,
        0.90718013048172,
        0.90718013048172
    ],
    "l1_regularization": 0.0,
    "l2_regularization": 0.0,
    "c1_unique_zones": 20,
    "c2_unique_od_pairs": 47,
    "c1_c2_approach": "top_n",
    "c1_c2_top_n": 2
}