{
    "normalized_frobenius_error": 0.8652635812759399,
    "masked_rmse": 0.2256740927696228,
    "mean_nonzero_value": 1.345635175704956,
    "relative_rmse": 0.16770823299884796,
    "explained_variance": 0.2513189911842346,
    "computation_time": 0.7914009094238281,
    "all_factors_non_negative": true,
    "factor_sparsity": [
        "20.44%",
        "17.78%",
        "10.00%"
    ],
    "device": "mps",
    "best_initialization": "random",
    "errors_history": [
        0.9426087141036987,
        0.9304828643798828,
        0.9167693257331848,
        0.9044535160064697,
        0.8955467343330383,
        0.8872175812721252,
        0.8812258243560791,
        0.8771411180496216,
        0.8742822408676147,
        0.8722487688064575,
        0.8706740140914917,
        0.8694144487380981,
        0.8684353232383728,
        0.8676996231079102,
        0.8671658039093018,
        0.8667864799499512,
        0.8665154576301575,
        0.8663153648376465,
        0.8661601543426514,
        0.8660346269607544,
        0.8659302592277527,
        0.8658421635627747,
        0.8657675385475159,
        0.8657047152519226,
        0.8656519055366516,
        0.865606963634491,
        0.8655678629875183,
        0.865532398223877,
        0.8654999136924744,
        0.8654702305793762,
        0.865443766117096,
        0.8654208183288574,
        0.8654014468193054,
        0.8653855323791504,
        0.865372359752655,
        0.8653616309165955,
        0.8653526902198792,
        0.8653451800346375,
        0.8653388023376465,
        0.8653331995010376,
        0.8653282523155212,
        0.8653239607810974,
        0.865320086479187,
        0.8653165698051453,
        0.8653134107589722,
        0.865310549736023,
        0.8653079271316528,
        0.865305483341217,
        0.8653031587600708,
        0.8653011322021484,
        0.8652990460395813,
        0.865297257900238,
        0.8652956485748291,
        0.8652939796447754,
        0.8652924299240112,
        0.8652909994125366,
        0.8652896285057068,
        0.8652881979942322,
        0.8652870059013367,
        0.8652856945991516,
        0.8652843832969666,
        0.865283191204071,
        0.8652821183204651,
        0.8652809858322144,
        0.8652798533439636,
        0.8652787804603577,
        0.8652777671813965,
        0.8652768731117249,
        0.8652758598327637,
        0.8652749061584473,
        0.86527419090271,
        0.8652735352516174,
        0.8652728199958801,
        0.8652722835540771,
        0.8652716875076294,
        0.865271270275116,
        0.865270733833313,
        0.8652704358100891,
        0.8652700185775757,
        0.865269660949707,
        0.8652693033218384,
        0.8652689456939697,
        0.8652686476707458,
        0.865268349647522,
        0.8652681112289429,
        0.8652678728103638,
        0.8652676343917847,
        0.8652673363685608,
        0.8652671575546265,
        0.8652669191360474,
        0.865266740322113,
        0.8652665019035339,
        0.8652663230895996,
        0.8652662038803101,
        0.8652660846710205,
        0.8652659058570862,
        0.8652657270431519,
        0.8652655482292175,
        0.8652653694152832,
        0.8652652502059937,
        0.8652651309967041,
        0.8652649521827698,
        0.865264892578125,
        0.8652647137641907,
        0.8652646541595459,
        0.8652645349502563,
        0.865264356136322,
        0.8652642965316772,
        0.8652641773223877,
        0.8652641177177429,
        0.8652639985084534,
        0.8652639389038086,
        0.8652637600898743,
        0.8652637004852295,
        0.8652635812759399,
        0.8652635812759399
    ],
    "l1_regularization": 0.0,
    "l2_regularization": 0.0,
    "random_state": 717848,
    "c1_unique_zones": 3,
    "c2_unique_od_pairs": 0,
    "c1_c2_approach": "percentage",
    "c1_c2_percentage": 0.2
}