{
    "normalized_frobenius_error": 0.8577893972396851,
    "masked_rmse": 0.22372472286224365,
    "mean_nonzero_value": 1.345635175704956,
    "relative_rmse": 0.16625957190990448,
    "explained_variance": 0.2641974091529846,
    "computation_time": 1.3077528476715088,
    "all_factors_non_negative": true,
    "factor_sparsity": [
        "29.78%",
        "31.11%",
        "13.33%"
    ],
    "device": "mps",
    "best_initialization": "random",
    "errors_history": [
        0.9461023211479187,
        0.9348763227462769,
        0.9204552173614502,
        0.8998284339904785,
        0.8814432621002197,
        0.8720479607582092,
        0.8679133057594299,
        0.865785539150238,
        0.8645561337471008,
        0.8638070821762085,
        0.8633257150650024,
        0.8629936575889587,
        0.8627541661262512,
        0.8625867366790771,
        0.8624719381332397,
        0.8623905777931213,
        0.8623303771018982,
        0.8622837066650391,
        0.8622462749481201,
        0.8622153401374817,
        0.8621891736984253,
        0.8621665835380554,
        0.8621469140052795,
        0.8621294498443604,
        0.862113893032074,
        0.8621000051498413,
        0.8620874285697937,
        0.8620761632919312,
        0.8620656728744507,
        0.8620563745498657,
        0.8620476722717285,
        0.8620396852493286,
        0.8620322346687317,
        0.8620252013206482,
        0.8620185852050781,
        0.8620117902755737,
        0.8620051145553589,
        0.8619984984397888,
        0.8619921803474426,
        0.8619861602783203,
        0.8619803786277771,
        0.8619748950004578,
        0.8619698286056519,
        0.8619652986526489,
        0.8619610071182251,
        0.8619571328163147,
        0.8619534969329834,
        0.8619499802589417,
        0.861946702003479,
        0.8619434833526611,
        0.8619403839111328,
        0.8619372844696045,
        0.8619344234466553,
        0.8619316816329956,
        0.8619290590286255,
        0.8619265556335449,
        0.8619240522384644,
        0.8619216680526733,
        0.8619193434715271,
        0.8619170784950256,
        0.861914873123169,
        0.861912727355957,
        0.8619105815887451,
        0.861908495426178,
        0.8619062304496765,
        0.8619042038917542,
        0.8619019985198975,
        0.8618999123573303,
        0.8618976473808289,
        0.8618953824043274,
        0.8618930578231812,
        0.8618906736373901,
        0.8618882894515991,
        0.8618858456611633,
        0.861883282661438,
        0.8618807196617126,
        0.8618780374526978,
        0.8618754148483276,
        0.8618727326393127,
        0.8618699908256531,
        0.8618668913841248,
        0.861863911151886,
        0.8618606925010681,
        0.861856997013092,
        0.8618531823158264,
        0.8618486523628235,
        0.8618437051773071,
        0.8618380427360535,
        0.8618314862251282,
        0.8618239760398865,
        0.8618154525756836,
        0.8618058562278748,
        0.8617953062057495,
        0.8617841005325317,
        0.8617719411849976,
        0.861758828163147,
        0.8617444634437561,
        0.861728310585022,
        0.8617101311683655,
        0.8616892099380493,
        0.8616648316383362,
        0.8616361021995544,
        0.8616021871566772,
        0.8615626692771912,
        0.8615174889564514,
        0.8614664673805237,
        0.861409604549408,
        0.8613467216491699,
        0.8612772822380066,
        0.8612004518508911,
        0.8611153364181519,
        0.8610207438468933,
        0.8609159588813782,
        0.8608008623123169,
        0.8606753349304199,
        0.8605402112007141,
        0.8603975772857666,
        0.8602496981620789,
        0.8600998520851135,
        0.8599502444267273,
        0.8598029613494873,
        0.8596605658531189,
        0.8595304489135742,
        0.859422504901886,
        0.8593414425849915,
        0.8592838048934937,
        0.8592433333396912,
        0.8592119216918945,
        0.8591808676719666,
        0.8591452240943909,
        0.8591139316558838,
        0.8590958118438721,
        0.8590865731239319,
        0.8590807318687439,
        0.8590752482414246,
        0.8590677976608276,
        0.8590566515922546,
        0.8590434789657593,
        0.8590238094329834,
        0.8589904308319092,
        0.8589338064193726,
        0.8588425517082214,
        0.8587103486061096,
        0.8585472106933594,
        0.8583810925483704,
        0.8582376837730408,
        0.8581239581108093,
        0.8580380082130432,
        0.8579773902893066,
        0.8579384684562683,
        0.8579140901565552,
        0.8578982949256897,
        0.8578876852989197,
        0.8578801155090332,
        0.8578745722770691,
        0.8578703999519348,
        0.8578671216964722,
        0.857864499092102,
        0.8578620553016663,
        0.8578591346740723,
        0.8578537702560425,
        0.8578413724899292,
        0.8578199148178101,
        0.8578048944473267,
        0.8577998280525208,
        0.8577982187271118,
        0.857797384262085,
        0.8577967882156372,
        0.857796311378479,
        0.8577960729598999,
        0.8577955961227417,
        0.857795238494873,
        0.8577949404716492,
        0.857794463634491,
        0.857793927192688,
        0.8577934503555298,
        0.8577929139137268,
        0.8577923774719238,
        0.8577920198440552,
        0.8577916622161865,
        0.8577914237976074,
        0.8577912449836731,
        0.8577911257743835,
        0.8577909469604492,
        0.8577908873558044,
        0.8577907085418701,
        0.8577906489372253,
        0.8577905297279358,
        0.8577903509140015,
        0.8577902913093567,
        0.8577901124954224,
        0.8577899932861328,
        0.8577897548675537,
        0.8577895164489746,
        0.8577895164489746
    ],
    "l1_regularization": 0.0,
    "l2_regularization": 0.0,
    "random_state": 912905,
    "c1_unique_zones": 2,
    "c2_unique_od_pairs": 0,
    "c1_c2_approach": "percentage",
    "c1_c2_percentage": 0.2
}