{
    "normalized_frobenius_error": 0.9307936429977417,
    "masked_rmse": 0.12211845815181732,
    "mean_nonzero_value": 1.3623639345169067,
    "relative_rmse": 0.08963717520236969,
    "explained_variance": 0.1336231827735901,
    "computation_time": 0.5091118812561035,
    "all_factors_non_negative": true,
    "factor_sparsity": [
        "27.82%",
        "24.60%",
        "13.54%"
    ],
    "device": "mps",
    "best_initialization": "random",
    "errors_history": [
        0.970912754535675,
        0.9584237337112427,
        0.9472987651824951,
        0.9397136569023132,
        0.9359427690505981,
        0.933639407157898,
        0.9322378635406494,
        0.9315115809440613,
        0.9311642050743103,
        0.930998682975769,
        0.9309181571006775,
        0.9308754801750183,
        0.9308512806892395,
        0.9308369755744934,
        0.9308279752731323,
        0.9308220744132996,
        0.930817723274231,
        0.9308146834373474,
        0.9308121800422668,
        0.9308103919029236,
        0.9308088421821594,
        0.9308075904846191,
        0.9308065176010132,
        0.9308056831359863,
        0.9308050274848938,
        0.9308043718338013,
        0.9308037757873535,
        0.9308031797409058,
        0.9308027029037476,
        0.9308021664619446,
        0.9308016896247864,
        0.9308012127876282,
        0.93080073595047,
        0.930800199508667,
        0.9307997226715088,
        0.9307991862297058,
        0.9307987093925476,
        0.9307982921600342,
        0.930797815322876,
        0.9307974576950073,
        0.9307970404624939,
        0.9307966828346252,
        0.9307963252067566,
        0.9307960271835327,
        0.9307956099510193,
        0.9307953715324402,
        0.9307951331138611,
        0.930794894695282,
        0.9307946562767029,
        0.9307944774627686,
        0.9307944178581238,
        0.9307941794395447,
        0.9307941198348999,
        0.9307940006256104,
        0.9307938814163208,
        0.930793821811676,
        0.9307937026023865,
        0.9307936429977417,
        0.9307936429977417
    ],
    "l1_regularization": 0.0,
    "l2_regularization": 0.0,
    "random_state": 164017,
    "c1_unique_zones": 2,
    "c2_unique_od_pairs": 0,
    "c1_c2_approach": "percentage",
    "c1_c2_percentage": 0.2
}