{
    "normalized_frobenius_error": 0.8652647733688354,
    "masked_rmse": 0.22567440569400787,
    "mean_nonzero_value": 1.345635175704956,
    "relative_rmse": 0.16770845651626587,
    "explained_variance": 0.25131696462631226,
    "computation_time": 0.895967960357666,
    "all_factors_non_negative": true,
    "factor_sparsity": [
        "22.67%",
        "18.22%",
        "10.00%"
    ],
    "device": "mps",
    "best_initialization": "random",
    "errors_history": [
        0.9423089027404785,
        0.9300278425216675,
        0.9169471263885498,
        0.9017816781997681,
        0.8892372846603394,
        0.8830299377441406,
        0.8799803256988525,
        0.878081202507019,
        0.8766916394233704,
        0.8755828142166138,
        0.8746197819709778,
        0.8737061619758606,
        0.8727695941925049,
        0.8717697262763977,
        0.8707247972488403,
        0.869714081287384,
        0.8688292503356934,
        0.8681083917617798,
        0.8675358891487122,
        0.867099404335022,
        0.8667812943458557,
        0.8665470480918884,
        0.8663719296455383,
        0.8662370443344116,
        0.8661273121833801,
        0.8660361766815186,
        0.865959644317627,
        0.8658952713012695,
        0.8658403754234314,
        0.8657927513122559,
        0.8657500743865967,
        0.8657107949256897,
        0.8656741380691528,
        0.8656396269798279,
        0.8656074404716492,
        0.8655778765678406,
        0.8655508756637573,
        0.8655272722244263,
        0.8655070662498474,
        0.8654901385307312,
        0.8654758930206299,
        0.86546391248703,
        0.8654536604881287,
        0.865444540977478,
        0.8654362559318542,
        0.8654285073280334,
        0.865420937538147,
        0.8654131293296814,
        0.8654049038887024,
        0.8653960824012756,
        0.8653869032859802,
        0.8653784990310669,
        0.8653709292411804,
        0.8653640747070312,
        0.8653578758239746,
        0.8653518557548523,
        0.865346372127533,
        0.865341305732727,
        0.8653367161750793,
        0.8653326630592346,
        0.865328848361969,
        0.8653252720832825,
        0.8653222322463989,
        0.8653193116188049,
        0.8653165102005005,
        0.8653140664100647,
        0.8653116226196289,
        0.865309476852417,
        0.8653075098991394,
        0.8653056025505066,
        0.8653037548065186,
        0.8653021454811096,
        0.8653005361557007,
        0.8652989864349365,
        0.8652975559234619,
        0.8652960658073425,
        0.8652946949005127,
        0.8652933239936829,
        0.8652918934822083,
        0.8652904033660889,
        0.8652888536453247,
        0.8652871251106262,
        0.8652856349945068,
        0.8652839660644531,
        0.865282416343689,
        0.8652810454368591,
        0.8652799129486084,
        0.8652788400650024,
        0.865277886390686,
        0.8652771711349487,
        0.8652765154838562,
        0.8652758598327637,
        0.8652752637863159,
        0.8652747273445129,
        0.8652742505073547,
        0.8652738332748413,
        0.8652733564376831,
        0.8652728796005249,
        0.8652724623680115,
        0.865272045135498,
        0.8652716875076294,
        0.8652713298797607,
        0.8652710318565369,
        0.8652706146240234,
        0.8652702569961548,
        0.8652700185775757,
        0.865269660949707,
        0.8652694225311279,
        0.865269124507904,
        0.8652688264846802,
        0.8652686476707458,
        0.865268349647522,
        0.8652681112289429,
        0.8652678728103638,
        0.8652676939964294,
        0.8652674555778503,
        0.865267276763916,
        0.8652670383453369,
        0.8652669191360474,
        0.8652666807174683,
        0.8652665615081787,
        0.8652663826942444,
        0.8652662038803101,
        0.865265965461731,
        0.8652658462524414,
        0.8652657270431519,
        0.8652655482292175,
        0.8652654886245728,
        0.8652653098106384,
        0.8652652502059937,
        0.8652651309967041,
        0.865264892578125,
        0.865264892578125
    ],
    "l1_regularization": 0.0,
    "l2_regularization": 0.0,
    "random_state": 369154,
    "c1_unique_zones": 3,
    "c2_unique_od_pairs": 0,
    "c1_c2_approach": "percentage",
    "c1_c2_percentage": 0.2
}