{
    "normalized_frobenius_error": 0.9084702730178833,
    "masked_rmse": 0.11918967217206955,
    "mean_nonzero_value": 1.3623639345169067,
    "relative_rmse": 0.08748739212751389,
    "explained_variance": 0.17468184232711792,
    "computation_time": 0.9554920196533203,
    "all_factors_non_negative": true,
    "factor_sparsity": [
        "38.44%",
        "41.94%",
        "25.00%"
    ],
    "device": "mps",
    "best_initialization": "random",
    "errors_history": [
        0.9739128351211548,
        0.9577363133430481,
        0.9441264867782593,
        0.9344534873962402,
        0.9274303317070007,
        0.922950029373169,
        0.920365035533905,
        0.9183999300003052,
        0.916910707950592,
        0.9158094525337219,
        0.9149800539016724,
        0.9143737554550171,
        0.9139458537101746,
        0.9136470556259155,
        0.9134263396263123,
        0.9132527709007263,
        0.9131121635437012,
        0.9129830002784729,
        0.9128521680831909,
        0.9127131700515747,
        0.912564218044281,
        0.9124071598052979,
        0.9122481346130371,
        0.9120954275131226,
        0.9119552969932556,
        0.9118288159370422,
        0.9117143750190735,
        0.9116103053092957,
        0.9115148782730103,
        0.9114229679107666,
        0.9113309383392334,
        0.9112381935119629,
        0.9111334085464478,
        0.9110082983970642,
        0.9108595252037048,
        0.9106847047805786,
        0.9104852080345154,
        0.9102714657783508,
        0.9100624918937683,
        0.9098733067512512,
        0.9097251296043396,
        0.9096190929412842,
        0.9095275402069092,
        0.9094287753105164,
        0.9093469977378845,
        0.9092973470687866,
        0.9092586636543274,
        0.9092158675193787,
        0.9091604351997375,
        0.9090332388877869,
        0.9088793992996216,
        0.9087317585945129,
        0.9086402654647827,
        0.9085864424705505,
        0.9085573554039001,
        0.9085412621498108,
        0.9085316061973572,
        0.908525288105011,
        0.9085208773612976,
        0.9085176587104797,
        0.9085145592689514,
        0.9085114002227783,
        0.9085082411766052,
        0.9085047245025635,
        0.9085007905960083,
        0.9084969758987427,
        0.9084936380386353,
        0.9084908366203308,
        0.9084887504577637,
        0.9084870219230652,
        0.9084857702255249,
        0.9084845185279846,
        0.9084835648536682,
        0.9084826111793518,
        0.9084815382957458,
        0.9084805846214294,
        0.9084795713424683,
        0.9084786772727966,
        0.9084777235984802,
        0.9084768891334534,
        0.9084759950637817,
        0.9084751605987549,
        0.9084742665290833,
        0.9084734320640564,
        0.9084725379943848,
        0.9084718823432922,
        0.9084712862968445,
        0.9084708094596863,
        0.908470630645752,
        0.9084704518318176,
        0.9084702730178833,
        0.9084702730178833
    ],
    "l1_regularization": 0.0,
    "l2_regularization": 0.0,
    "random_state": 277217,
    "c1_unique_zones": 3,
    "c2_unique_od_pairs": 0,
    "c1_c2_approach": "percentage",
    "c1_c2_percentage": 0.2
}