{
    "normalized_frobenius_error": 0.8749446272850037,
    "masked_rmse": 0.19531454145908356,
    "mean_nonzero_value": 1.5989879369735718,
    "relative_rmse": 0.12214884907007217,
    "explained_variance": 0.23447191715240479,
    "computation_time": 1.1167521476745605,
    "all_factors_non_negative": true,
    "factor_sparsity": [
        "26.57%",
        "34.54%",
        "16.67%"
    ],
    "device": "mps",
    "best_initialization": "random",
    "errors_history": [
        0.9571963548660278,
        0.9410009384155273,
        0.9246026873588562,
        0.9139025211334229,
        0.9062772989273071,
        0.8981058597564697,
        0.8912714123725891,
        0.8872763514518738,
        0.8848180770874023,
        0.8830128908157349,
        0.8816999197006226,
        0.880782961845398,
        0.8800945281982422,
        0.8795027732849121,
        0.8789427280426025,
        0.8783918023109436,
        0.8778592944145203,
        0.8773737549781799,
        0.8769524693489075,
        0.876599907875061,
        0.8763166666030884,
        0.8761032223701477,
        0.8759467005729675,
        0.875828206539154,
        0.8757323622703552,
        0.8756557703018188,
        0.8755984902381897,
        0.8755545616149902,
        0.8755176067352295,
        0.8754844665527344,
        0.8754539489746094,
        0.8754252195358276,
        0.8753977417945862,
        0.8753709197044373,
        0.8753445148468018,
        0.8753179311752319,
        0.8752909302711487,
        0.8752641677856445,
        0.8752365708351135,
        0.8752095699310303,
        0.8751837015151978,
        0.8751598000526428,
        0.8751389980316162,
        0.8751214146614075,
        0.8751067519187927,
        0.8750945925712585,
        0.8750845789909363,
        0.8750762939453125,
        0.8750692009925842,
        0.8750630617141724,
        0.8750575184822083,
        0.8750524520874023,
        0.8750478029251099,
        0.875043511390686,
        0.875039279460907,
        0.8750353455543518,
        0.875031590461731,
        0.8750278949737549,
        0.8750244379043579,
        0.8750208616256714,
        0.8750175833702087,
        0.8750145435333252,
        0.8750115633010864,
        0.875008761882782,
        0.8750060200691223,
        0.8750035762786865,
        0.875001072883606,
        0.8749990463256836,
        0.8749970197677612,
        0.874995231628418,
        0.8749935626983643,
        0.8749918937683105,
        0.8749903440475464,
        0.8749887347221375,
        0.8749873042106628,
        0.874985933303833,
        0.8749845027923584,
        0.8749832510948181,
        0.8749819397926331,
        0.874980628490448,
        0.8749791383743286,
        0.8749775886535645,
        0.8749762177467346,
        0.8749750852584839,
        0.8749740719795227,
        0.8749731779098511,
        0.8749721646308899,
        0.874971330165863,
        0.8749704360961914,
        0.8749695420265198,
        0.8749686479568481,
        0.8749676942825317,
        0.8749668002128601,
        0.8749659061431885,
        0.8749650716781616,
        0.87496417760849,
        0.8749634623527527,
        0.8749626278877258,
        0.8749619722366333,
        0.8749611377716064,
        0.8749604225158691,
        0.8749597072601318,
        0.8749589920043945,
        0.8749583959579468,
        0.874957799911499,
        0.8749570846557617,
        0.8749566078186035,
        0.874955952167511,
        0.8749555945396423,
        0.8749550580978394,
        0.8749545812606812,
        0.8749541640281677,
        0.8749537467956543,
        0.8749533295631409,
        0.874953031539917,
        0.8749526143074036,
        0.8749524354934692,
        0.8749521374702454,
        0.8749518394470215,
        0.8749515414237976,
        0.8749511241912842,
        0.8749508261680603,
        0.8749502301216125,
        0.8749496340751648,
        0.8749489188194275,
        0.8749480843544006,
        0.8749474883079529,
        0.874947190284729,
        0.8749467730522156,
        0.8749465942382812,
        0.8749463558197021,
        0.8749462962150574,
        0.8749461770057678,
        0.8749460577964783,
        0.874945878982544,
        0.8749457597732544,
        0.8749456405639648,
        0.8749455809593201,
        0.8749454617500305,
        0.874945342540741,
        0.8749452829360962,
        0.8749451637268066,
        0.8749450445175171,
        0.8749449849128723,
        0.8749448657035828,
        0.8749447464942932,
        0.8749446272850037,
        0.8749446272850037
    ],
    "l1_regularization": 0.0,
    "l2_regularization": 0.0,
    "random_state": 46428,
    "c1_unique_zones": 2,
    "c2_unique_od_pairs": 0,
    "c1_c2_approach": "percentage",
    "c1_c2_percentage": 0.2
}