{
    "normalized_frobenius_error": 0.8418033123016357,
    "masked_rmse": 0.05108331888914108,
    "mean_nonzero_value": 0.30729177594184875,
    "relative_rmse": 0.16623717546463013,
    "explained_variance": 0.29136723279953003,
    "computation_time": 2.6957507133483887,
    "all_factors_non_negative": true,
    "factor_sparsity": [
        "34.32%",
        "33.33%",
        "18.41%"
    ],
    "device": "mps",
    "best_initialization": "random",
    "errors_history": [
        0.9463496208190918,
        0.9277278780937195,
        0.911058783531189,
        0.8949282765388489,
        0.882335901260376,
        0.8743839859962463,
        0.8694486021995544,
        0.866081953048706,
        0.8635551929473877,
        0.8614885807037354,
        0.8595350384712219,
        0.8574144244194031,
        0.8551298975944519,
        0.8529672026634216,
        0.8510318398475647,
        0.8492830395698547,
        0.8478283882141113,
        0.8467884659767151,
        0.846125602722168,
        0.8457011580467224,
        0.845402717590332,
        0.845171332359314,
        0.8449794054031372,
        0.8448151350021362,
        0.8446729183197021,
        0.8445478081703186,
        0.8444344997406006,
        0.8443276286125183,
        0.844223141670227,
        0.8441194891929626,
        0.8440179228782654,
        0.8439216017723083,
        0.8438335061073303,
        0.8437538743019104,
        0.8436814546585083,
        0.8436147570610046,
        0.8435530662536621,
        0.8434950113296509,
        0.8434394001960754,
        0.8433846235275269,
        0.843329668045044,
        0.843274712562561,
        0.8432220816612244,
        0.8431745171546936,
        0.8431326150894165,
        0.8430949449539185,
        0.8430584669113159,
        0.8430200219154358,
        0.8429780006408691,
        0.8429354429244995,
        0.8428959250450134,
        0.842859148979187,
        0.8428249359130859,
        0.8427940607070923,
        0.8427669405937195,
        0.8427433371543884,
        0.842722475528717,
        0.8427033424377441,
        0.8426852822303772,
        0.8426674604415894,
        0.8426492810249329,
        0.842630922794342,
        0.8426139950752258,
        0.8425994515419006,
        0.84258633852005,
        0.8425735831260681,
        0.8425610065460205,
        0.8425480723381042,
        0.8425349593162537,
        0.842521607875824,
        0.8425084352493286,
        0.8424957394599915,
        0.8424841165542603,
        0.8424734473228455,
        0.8424635529518127,
        0.8424540162086487,
        0.8424447178840637,
        0.8424354195594788,
        0.842426061630249,
        0.842416524887085,
        0.8424067497253418,
        0.8423967361450195,
        0.8423864245414734,
        0.8423759341239929,
        0.8423652648925781,
        0.8423542976379395,
        0.842343270778656,
        0.842332124710083,
        0.8423207402229309,
        0.8423093557357788,
        0.8422976732254028,
        0.8422860503196716,
        0.8422741293907166,
        0.842261552810669,
        0.8422484397888184,
        0.8422350883483887,
        0.8422220945358276,
        0.8422102332115173,
        0.8421991467475891,
        0.8421885371208191,
        0.842178225517273,
        0.8421680331230164,
        0.8421580195426941,
        0.8421480059623718,
        0.8421380519866943,
        0.8421280980110168,
        0.8421181440353394,
        0.8421083688735962,
        0.842098593711853,
        0.842089056968689,
        0.8420795798301697,
        0.8420703411102295,
        0.8420610427856445,
        0.8420518636703491,
        0.8420423865318298,
        0.842032790184021,
        0.842022716999054,
        0.8420126438140869,
        0.8420030474662781,
        0.8419942855834961,
        0.8419867157936096,
        0.8419800400733948,
        0.841974139213562,
        0.8419687747955322,
        0.8419638276100159,
        0.8419592380523682,
        0.8419548869132996,
        0.8419508337974548,
        0.8419470191001892,
        0.8419434428215027,
        0.8419400453567505,
        0.8419368267059326,
        0.8419337868690491,
        0.8419308066368103,
        0.8419280052185059,
        0.8419253826141357,
        0.8419226408004761,
        0.8419200778007507,
        0.8419173955917358,
        0.8419147729873657,
        0.8419120907783508,
        0.8419092297554016,
        0.8419064879417419,
        0.8419036865234375,
        0.8419008851051331,
        0.8418982028961182,
        0.8418956995010376,
        0.841893196105957,
        0.8418907523155212,
        0.8418883681297302,
        0.8418859243392944,
        0.8418834805488586,
        0.841881275177002,
        0.8418791890144348,
        0.8418775200843811,
        0.8418760895729065,
        0.8418748378753662,
        0.841873824596405,
        0.8418729901313782,
        0.8418721556663513,
        0.841871440410614,
        0.8418708443641663,
        0.8418702483177185,
        0.8418696522712708,
        0.8418688178062439,
        0.8418676853179932,
        0.8418660163879395,
        0.8418643474578857,
        0.8418633937835693,
        0.841862678527832,
        0.8418620228767395,
        0.8418613076210022,
        0.8418605923652649,
        0.8418595194816589,
        0.8418583273887634,
        0.8418571352958679,
        0.8418557047843933,
        0.8418543934822083,
        0.8418529629707336,
        0.8418516516685486,
        0.841850221157074,
        0.841848611831665,
        0.8418471813201904,
        0.8418459892272949,
        0.8418449759483337,
        0.8418442606925964,
        0.8418433666229248,
        0.8418425917625427,
        0.8418416380882263,
        0.8418406844139099,
        0.841839611530304,
        0.8418386578559875,
        0.8418375849723816,
        0.84183669090271,
        0.8418359160423279,
        0.8418353796005249,
        0.8418347835540771,
        0.8418344259262085,
        0.8418340682983398,
        0.8418338894844055,
        0.8418335318565369,
        0.8418332934379578,
        0.8418328762054443,
        0.8418325781822205,
        0.8418320417404175,
        0.841831386089325,
        0.8418304920196533,
        0.8418292999267578,
        0.8418276906013489,
        0.8418258428573608,
        0.8418237566947937,
        0.8418218493461609,
        0.8418201804161072,
        0.8418187499046326,
        0.8418176770210266,
        0.8418167233467102,
        0.841815710067749,
        0.8418147563934326,
        0.841813862323761,
        0.8418129682540894,
        0.841812014579773,
        0.8418111801147461,
        0.8418103456497192,
        0.8418096303939819,
        0.8418089151382446,
        0.8418083190917969,
        0.8418077230453491,
        0.8418073058128357,
        0.8418068289756775,
        0.8418065309524536,
        0.841806173324585,
        0.8418058753013611,
        0.8418055772781372,
        0.8418053388595581,
        0.841805100440979,
        0.8418049216270447,
        0.8418047428131104,
        0.8418045043945312,
        0.8418043851852417,
        0.8418043255805969,
        0.8418040871620178,
        0.8418039679527283,
        0.8418038487434387,
        0.8418037295341492,
        0.8418036699295044,
        0.8418035507202148,
        0.8418034315109253,
        0.8418033719062805,
        0.8418033719062805
    ],
    "l1_regularization": 0.0,
    "l2_regularization": 0.0,
    "c1_unique_zones": 19,
    "c2_unique_od_pairs": 34,
    "c1_c2_approach": "top_n",
    "c1_c2_top_n": 2
}