{
    "normalized_frobenius_error": 0.8945006728172302,
    "masked_rmse": 0.1215536817908287,
    "mean_nonzero_value": 1.1494661569595337,
    "relative_rmse": 0.10574794560670853,
    "explained_variance": 0.1998685598373413,
    "computation_time": 0.45964622497558594,
    "all_factors_non_negative": true,
    "factor_sparsity": [
        "28.98%",
        "28.18%",
        "6.94%"
    ],
    "device": "cpu",
    "best_initialization": "svd",
    "errors_history": [
        0.9302476048469543,
        0.9203909635543823,
        0.9147410988807678,
        0.9103000164031982,
        0.9067121148109436,
        0.9041022062301636,
        0.9023271203041077,
        0.9010773301124573,
        0.9001643657684326,
        0.8995019197463989,
        0.8990089893341064,
        0.8986361026763916,
        0.8983516693115234,
        0.8981301784515381,
        0.8979507088661194,
        0.89780193567276,
        0.897675633430481,
        0.8975698351860046,
        0.8974825739860535,
        0.8974094390869141,
        0.8973480463027954,
        0.8972951173782349,
        0.8972487449645996,
        0.8972075581550598,
        0.8971691727638245,
        0.8971344232559204,
        0.8971004486083984,
        0.8970665335655212,
        0.897032618522644,
        0.8969978094100952,
        0.8969618678092957,
        0.8969241976737976,
        0.8968844413757324,
        0.8968434929847717,
        0.8968013525009155,
        0.8967582583427429,
        0.8967151045799255,
        0.8966718316078186,
        0.896629810333252,
        0.8965880274772644,
        0.896548330783844,
        0.8965094685554504,
        0.8964718580245972,
        0.8964359164237976,
        0.8964014053344727,
        0.8963686227798462,
        0.8963367342948914,
        0.8963058590888977,
        0.8962765336036682,
        0.8962479829788208,
        0.8962200284004211,
        0.8961930274963379,
        0.8961671590805054,
        0.8961420655250549,
        0.8961170315742493,
        0.8960934281349182,
        0.8960699439048767,
        0.8960471153259277,
        0.8960248231887817,
        0.8960027098655701,
        0.895980715751648,
        0.8959599733352661,
        0.8959392309188843,
        0.8959189057350159,
        0.8958983421325684,
        0.8958780765533447,
        0.8958583474159241,
        0.8958386182785034,
        0.8958191871643066,
        0.8957997560501099,
        0.8957803845405579,
        0.8957608342170715,
        0.8957417607307434,
        0.8957230448722839,
        0.8957041501998901,
        0.8956853151321411,
        0.8956664800643921,
        0.8956483006477356,
        0.8956301808357239,
        0.8956124782562256,
        0.8955948352813721,
        0.8955779075622559,
        0.895561158657074,
        0.8955450057983398,
        0.8955290913581848,
        0.8955134749412537,
        0.8954987525939941,
        0.895484209060669,
        0.8954699635505676,
        0.8954563736915588,
        0.8954434394836426,
        0.8954307436943054,
        0.8954185247421265,
        0.8954064249992371,
        0.8953952193260193,
        0.8953840732574463,
        0.8953731656074524,
        0.8953627347946167,
        0.8953526020050049,
        0.8953428268432617,
        0.8953335285186768,
        0.8953248262405396,
        0.8953157067298889,
        0.8953071236610413,
        0.8952991366386414,
        0.8952910304069519,
        0.8952831625938416,
        0.8952756524085999,
        0.895268440246582,
        0.8952614665031433,
        0.8952544927597046,
        0.8952479362487793,
        0.8952416181564331,
        0.8952353596687317,
        0.8952293992042542,
        0.8952234387397766,
        0.8952175974845886,
        0.8952120542526245,
        0.89520663022995,
        0.8952012658119202,
        0.8951963782310486,
        0.8951910734176636,
        0.8951862454414368,
        0.8951812982559204,
        0.895176351070404,
        0.8951718807220459,
        0.89516681432724,
        0.8951619863510132,
        0.8951571583747864,
        0.8951525688171387,
        0.8951478600502014,
        0.8951429724693298,
        0.8951383233070374,
        0.8951335549354553,
        0.8951287269592285,
        0.895124077796936,
        0.8951191306114197,
        0.8951143622398376,
        0.8951098918914795,
        0.8951050043106079,
        0.8951001167297363,
        0.8950955867767334,
        0.8950910568237305,
        0.8950866460800171,
        0.8950821757316589,
        0.8950778841972351,
        0.8950737118721008,
        0.8950695991516113,
        0.8950656056404114,
        0.8950620293617249,
        0.8950586915016174,
        0.8950551748275757,
        0.895051896572113,
        0.8950488567352295,
        0.8950458765029907,
        0.8950430154800415,
        0.8950403332710266,
        0.8950378894805908,
        0.8950352668762207,
        0.8950331807136536,
        0.8950309157371521,
        0.8950291872024536,
        0.8950272798538208,
        0.8950253129005432,
        0.8950237035751343,
        0.895021915435791,
        0.8950201272964478,
        0.8950186371803284,
        0.8950172066688538,
        0.8950157761573792,
        0.8950145244598389,
        0.8950133919715881,
        0.8950122594833374,
        0.8950110673904419,
        0.8950098156929016,
        0.8950089812278748,
        0.895007848739624,
        0.8950066566467285,
        0.8950055241584778,
        0.8950048089027405,
        0.8950039744377136,
        0.8950033783912659,
        0.8950023651123047,
        0.8950018286705017,
        0.8950009942054749,
        0.8950000405311584,
        0.8949992656707764,
        0.8949986100196838,
        0.894997775554657,
        0.8949971199035645,
        0.8949962258338928,
        0.894995391368866,
        0.8949944972991943,
        0.8949934840202332,
        0.8949927091598511,
        0.8949915766716003,
        0.8949906229972839,
        0.8949896693229675,
        0.8949885964393616,
        0.8949873447418213,
        0.894986093044281,
        0.8949844241142273,
        0.894982635974884,
        0.8949810266494751,
        0.8949795365333557,
        0.8949774503707886,
        0.8949754238128662,
        0.89497309923172,
        0.8949708342552185,
        0.8949682116508484,
        0.894965410232544,
        0.8949625492095947,
        0.8949591517448425,
        0.8949555158615112,
        0.8949516415596008,
        0.8949472904205322,
        0.8949427604675293,
        0.8949376344680786,
        0.8949321508407593,
        0.8949258923530579,
        0.8949192762374878,
        0.8949118852615356,
        0.8949039578437805,
        0.8948952555656433,
        0.8948863744735718,
        0.8948765993118286,
        0.8948667049407959,
        0.8948565721511841,
        0.8948462605476379,
        0.8948357701301575,
        0.8948253393173218,
        0.89481520652771,
        0.8948051333427429,
        0.8947953581809998,
        0.8947867155075073,
        0.8947780728340149,
        0.8947698473930359,
        0.8947620391845703,
        0.8947547674179077,
        0.8947482705116272,
        0.8947417140007019,
        0.8947358727455139,
        0.8947300910949707,
        0.8947248458862305,
        0.894719660282135,
        0.8947147727012634,
        0.8947104811668396,
        0.8947062492370605,
        0.8947020173072815,
        0.8946983814239502,
        0.8946946263313293,
        0.8946911096572876,
        0.8946879506111145,
        0.8946849703788757,
        0.8946818709373474,
        0.8946788907051086,
        0.8946765661239624,
        0.8946739435195923,
        0.8946710824966431,
        0.8946683406829834,
        0.8946663737297058,
        0.8946641683578491,
        0.8946621417999268,
        0.8946601748466492,
        0.8946583867073059,
        0.894656777381897,
        0.8946548104286194,
        0.8946533203125,
        0.8946516513824463,
