{
    "normalized_frobenius_error": 0.9061470627784729,
    "masked_rmse": 0.11888487637042999,
    "mean_nonzero_value": 1.3623639345169067,
    "relative_rmse": 0.08726366609334946,
    "explained_variance": 0.17889755964279175,
    "computation_time": 0.8834209442138672,
    "all_factors_non_negative": true,
    "factor_sparsity": [
        "43.55%",
        "43.82%",
        "27.78%"
    ],
    "device": "mps",
    "best_initialization": "random",
    "errors_history": [
        0.9745571613311768,
        0.9555099010467529,
        0.942355751991272,
        0.9333715438842773,
        0.9262328743934631,
        0.9220934510231018,
        0.9196419715881348,
        0.9175984859466553,
        0.9158010482788086,
        0.9142920970916748,
        0.9129970669746399,
        0.9118720293045044,
        0.9110084772109985,
        0.9104346632957458,
        0.9100907444953918,
        0.9098871946334839,
        0.9097110629081726,
        0.9095333814620972,
        0.9094458818435669,
        0.9093948602676392,
        0.9093533158302307,
        0.9093093276023865,
        0.9092727303504944,
        0.9092469215393066,
        0.9092152118682861,
        0.9091874361038208,
        0.9091668725013733,
        0.9091475009918213,
        0.9091287851333618,
        0.9091106653213501,
        0.9090929627418518,
        0.9090755581855774,
        0.9090583920478821,
        0.9090411067008972,
        0.9090195298194885,
        0.9089898467063904,
        0.9089643955230713,
        0.9089364409446716,
        0.908905029296875,
        0.9088691473007202,
        0.9088276028633118,
        0.9087786674499512,
        0.9087194204330444,
        0.908646285533905,
        0.9085548520088196,
        0.9084404110908508,
        0.9082929491996765,
        0.9080829620361328,
        0.9078655242919922,
        0.9076488018035889,
        0.9074528813362122,
        0.9072985649108887,
        0.907189130783081,
        0.907116174697876,
        0.9070663452148438,
        0.9070238471031189,
        0.9069685935974121,
        0.906880795955658,
        0.9067781567573547,
        0.9066945314407349,
        0.906600832939148,
        0.906467080116272,
        0.9063998460769653,
        0.9063770771026611,
        0.906359851360321,
        0.9063050150871277,
        0.9062593579292297,
        0.9062451720237732,
        0.9062333106994629,
        0.9062197804450989,
        0.9062110185623169,
        0.9062069654464722,
        0.9062047600746155,
        0.9062032699584961,
        0.9062010645866394,
        0.9061896800994873,
        0.9061652421951294,
        0.9061580896377563,
        0.9061559438705444,
        0.9061551690101624,
        0.9061546325683594,
        0.9061543345451355,
        0.9061540365219116,
        0.9061537384986877,
        0.9061535596847534,
        0.9061533808708191,
        0.9061532020568848,
        0.9061529636383057,
        0.9061529040336609,
        0.9061527252197266,
        0.906152606010437,
        0.9061524868011475,
        0.9061524271965027,
        0.9061522483825684,
        0.9061521291732788,
        0.9061520099639893,
        0.9061519503593445,
        0.9061518311500549,
        0.9061517715454102,
        0.9061516523361206,
        0.906151533126831,
        0.9061513543128967,
        0.9061511754989624,
        0.9061508774757385,
        0.9061504006385803,
        0.9061498045921326,
        0.90614914894104,
        0.906148374080658,
        0.906147837638855,
        0.9061474204063416,
        0.9061473608016968,
        0.9061471819877625,
        0.9061470627784729,
        0.9061470627784729
    ],
    "l1_regularization": 0.0,
    "l2_regularization": 0.0,
    "random_state": 392053,
    "c1_unique_zones": 2,
    "c2_unique_od_pairs": 0,
    "c1_c2_approach": "percentage",
    "c1_c2_percentage": 0.2
}