{
    "normalized_frobenius_error": 0.8749417066574097,
    "masked_rmse": 0.19531388580799103,
    "mean_nonzero_value": 1.5989879369735718,
    "relative_rmse": 0.12214843928813934,
    "explained_variance": 0.23447704315185547,
    "computation_time": 0.9251017570495605,
    "all_factors_non_negative": true,
    "factor_sparsity": [
        "22.95%",
        "29.47%",
        "15.28%"
    ],
    "device": "mps",
    "best_initialization": "random",
    "errors_history": [
        0.9570339322090149,
        0.9424194693565369,
        0.9323082566261292,
        0.9210264086723328,
        0.9083595275878906,
        0.8988737463951111,
        0.893061637878418,
        0.8893394470214844,
        0.8868579864501953,
        0.8851994276046753,
        0.8840607404708862,
        0.8832186460494995,
        0.8825168609619141,
        0.8818638920783997,
        0.8812236785888672,
        0.8805944323539734,
        0.8799924254417419,
        0.8794512748718262,
        0.8790067434310913,
        0.8786618709564209,
        0.8783945441246033,
        0.8781858682632446,
        0.8780180811882019,
        0.8778744339942932,
        0.8777437210083008,
        0.8776170015335083,
        0.877484142780304,
        0.8773356080055237,
        0.8771644830703735,
        0.8769680261611938,
        0.8767486214637756,
        0.8765151500701904,
        0.8762809634208679,
        0.8760545253753662,
        0.8758267164230347,
        0.8756364583969116,
        0.8754873871803284,
        0.8753624558448792,
        0.8752667903900146,
        0.8752004504203796,
        0.875153660774231,
        0.8751188516616821,
        0.875091552734375,
        0.8750691413879395,
        0.8750498294830322,
        0.8750328421592712,
        0.8750177621841431,
        0.8750045299530029,
        0.8749935626983643,
        0.8749849200248718,
        0.874978244304657,
        0.8749730587005615,
        0.8749688267707825,
        0.8749656677246094,
        0.8749630451202393,
        0.8749610185623169,
        0.8749592304229736,
        0.874957799911499,
        0.8749566674232483,
        0.8749556541442871,
        0.8749547600746155,
        0.8749539852142334,
        0.8749532699584961,
        0.8749527335166931,
        0.8749522566795349,
        0.8749517202377319,
        0.8749512434005737,
        0.874950647354126,
        0.8749499320983887,
        0.8749493360519409,
        0.8749487996101379,
        0.8749483823776245,
        0.8749482035636902,
        0.8749479055404663,
        0.8749476671218872,
        0.8749474883079529,
        0.874947190284729,
        0.8749470114707947,
        0.874946653842926,
        0.8749464750289917,
        0.8749462962150574,
        0.8749459981918335,
        0.8749455809593201,
        0.874945342540741,
        0.8749450445175171,
        0.8749447464942932,
        0.8749444484710693,
        0.8749441504478455,
        0.8749439716339111,
        0.874943733215332,
        0.8749435544013977,
        0.8749434351921082,
        0.8749432563781738,
        0.8749430179595947,
        0.87494295835495,
        0.8749428391456604,
        0.8749427199363708,
        0.8749425411224365,
        0.874942421913147,
        0.8749422430992126,
        0.8749421238899231,
        0.8749420046806335,
        0.8749419450759888,
        0.8749418258666992,
        0.8749417066574097,
        0.8749417066574097
    ],
    "l1_regularization": 0.0,
    "l2_regularization": 0.0,
    "random_state": 441576,
    "c1_unique_zones": 2,
    "c2_unique_od_pairs": 0,
    "c1_c2_approach": "percentage",
    "c1_c2_percentage": 0.2
}