{
  "total_core_entries": 60,
  "total_energy": 142.41604614257812,
  "num_entries_80pct": 3,
  "selected_indices": [
    [
      0,
      1,
      2
    ],
    [
      1,
      0,
      0
    ],
    [
      2,
      2,
      3
    ]
  ],
  "selected_energies": [
    47.53260803222656,
    44.7920036315918,
    23.101016998291016
  ]
}