{
    "normalized_frobenius_error": 0.8578768968582153,
    "masked_rmse": 0.22374753654003143,
    "mean_nonzero_value": 1.345635175704956,
    "relative_rmse": 0.16627651453018188,
    "explained_variance": 0.2640472650527954,
    "computation_time": 2.516893148422241,
    "all_factors_non_negative": true,
    "factor_sparsity": [
        "33.78%",
        "36.00%",
        "14.17%"
    ],
    "device": "mps",
    "best_initialization": "random",
    "errors_history": [
        0.9434198141098022,
        0.9265075922012329,
        0.9067604541778564,
        0.8924159407615662,
        0.8845893740653992,
        0.8788407444953918,
        0.8741592764854431,
        0.8709469437599182,
        0.868939995765686,
        0.8677089810371399,
        0.8669122457504272,
        0.8663567304611206,
        0.8659561276435852,
        0.8656669855117798,
        0.8654505610466003,
        0.8652817010879517,
        0.8651460409164429,
        0.8650344014167786,
        0.8649397492408752,
        0.8648563027381897,
        0.8647790551185608,
        0.8647038340568542,
        0.864626407623291,
        0.8645426034927368,
        0.864448070526123,
        0.8643389344215393,
        0.8642122745513916,
        0.8640667796134949,
        0.8639034628868103,
        0.8637264370918274,
        0.8635427355766296,
        0.8633617758750916,
        0.8631920218467712,
        0.8630393743515015,
        0.8629052639007568,
        0.8627876043319702,
        0.8626832962036133,
        0.8625914454460144,
        0.8625118136405945,
        0.8624421954154968,
        0.8623782396316528,
        0.8623201847076416,
        0.8622713685035706,
        0.8622324466705322,
        0.8622012734413147,
        0.8621756434440613,
        0.862153947353363,
        0.8621354103088379,
        0.862119197845459,
        0.8621048331260681,
        0.8620920181274414,
        0.8620805144309998,
        0.8620699048042297,
        0.8620602488517761,
        0.8620514273643494,
        0.8620432019233704,
        0.8620355129241943,
        0.8620282411575317,
        0.8620215654373169,
        0.8620152473449707,
        0.8620092868804932,
        0.8620038032531738,
        0.8619985580444336,
        0.8619935512542725,
        0.8619890809059143,
        0.8619847297668457,
        0.8619806170463562,
        0.8619769811630249,
        0.8619735240936279,
        0.8619703054428101,
        0.8619672656059265,
        0.8619645237922668,
        0.861961841583252,
        0.8619594573974609,
        0.8619570732116699,
        0.8619547486305237,
        0.8619523644447327,
        0.8619498610496521,
        0.8619471192359924,
        0.8619446158409119,
        0.8619422912597656,
        0.8619402050971985,
        0.8619381785392761,
        0.8619362115859985,
        0.8619341850280762,
        0.861932098865509,
        0.8619301915168762,
        0.8619279861450195,
        0.8619260787963867,
        0.8619241714477539,
        0.8619223237037659,
        0.8619205355644226,
        0.8619188666343689,
        0.8619173765182495,
        0.8619160652160645,
        0.8619147539138794,
        0.8619136214256287,
        0.8619124293327332,
        0.8619112968444824,
        0.8619101643562317,
        0.8619090914726257,
        0.861907958984375,
        0.8619068264961243,
        0.8619056344032288,
        0.8619043827056885,
        0.8619030714035034,
        0.8619017004966736,
        0.8619002103805542,
        0.8618984222412109,
        0.8618965148925781,
        0.8618941903114319,
        0.8618915677070618,
        0.8618889451026917,
        0.8618862628936768,
        0.8618838787078857,
        0.8618814945220947,
        0.8618790507316589,
        0.8618766069412231,
        0.8618739247322083,
        0.8618712425231934,
        0.8618683815002441,
        0.861865222454071,
        0.8618621826171875,
        0.8618588447570801,
        0.8618554472923279,
        0.8618516325950623,
        0.8618477582931519,
        0.8618437051773071,
        0.8618394732475281,
        0.8618348240852356,
        0.8618299961090088,
        0.8618249893188477,
        0.8618196845054626,
        0.8618141412734985,
        0.8618083000183105,
        0.861802339553833,
        0.8617963194847107,
        0.8617900013923645,
        0.8617837429046631,
        0.8617773652076721,
        0.8617709279060364,
        0.8617645502090454,
        0.8617581129074097,
        0.8617517352104187,
        0.8617454767227173,
        0.8617392182350159,
        0.861733078956604,
        0.8617271184921265,
        0.8617211580276489,
        0.8617153763771057,
        0.8617095947265625,
        0.8617038726806641,
        0.861697793006897,
        0.8616912364959717,
        0.8616836667060852,
        0.8616746664047241,
        0.861664891242981,
        0.8616559505462646,
        0.8616486191749573,
        0.8616430163383484,
        0.8616381287574768,
        0.8616335988044739,
        0.8616284728050232,
        0.8616220951080322,
        0.8616131544113159,
        0.8615999817848206,
        0.8615817427635193,
        0.8615597486495972,
        0.8615365624427795,
        0.8615134358406067,
        0.8614877462387085,
        0.8614549040794373,
        0.8614112138748169,
        0.8613573312759399,
        0.8612975478172302,
        0.8612343668937683,
        0.8611674904823303,
        0.8610970973968506,
        0.8610254526138306,
        0.8609497547149658,
        0.8608523607254028,
        0.8607140779495239,
        0.8605716824531555,
        0.8604422807693481,
        0.8603161573410034,
        0.8601928353309631,
        0.8600755333900452,
        0.8599669933319092,
        0.8598685264587402,
        0.8597795367240906,
        0.8596988320350647,
        0.8596256971359253,
        0.8595612645149231,
        0.8595073223114014,
        0.8594653010368347,
        0.8594346046447754,
        0.8594133257865906,
        0.8593987226486206,
        0.8593885898590088,
        0.8593814373016357,
        0.859376072883606,
        0.859372079372406,
        0.8593687415122986,
        0.8593659400939941,
        0.8593632578849792,
        0.8593602180480957,
        0.8593561053276062,
        0.8593488931655884,
        0.8593340516090393,
        0.8593062162399292,
        0.8592702746391296,
        0.8592380285263062,
        0.8592038750648499,
        0.8591538667678833,
        0.8590752482414246,
        0.8589595556259155,
        0.8588120937347412,
        0.8586573600769043,
        0.8585232496261597,
        0.8584206104278564,
        0.8583425879478455,
        0.8582764267921448,
        0.8582168221473694,
        0.858170747756958,
        0.858142077922821,
        0.8581224083900452,
        0.8581000566482544,
        0.8580739498138428,
        0.8580580949783325,
        0.8580496907234192,
        0.8580410480499268,
        0.8580279350280762,
        0.8580068945884705,
        0.8579792380332947,
        0.8579529523849487,
        0.8579358458518982,
        0.8579267859458923,
        0.8579213619232178,
        0.8579167127609253,
        0.8579118251800537,
        0.8579062819480896,
        0.8579007983207703,
        0.8578957319259644,
        0.8578914999961853,
        0.8578883409500122,
        0.8578860759735107,
        0.8578845858573914,
        0.8578836917877197,
        0.8578829765319824,
        0.8578824400901794,
        0.857882022857666,
        0.8578816652297974,
        0.857881486415863,
        0.8578813076019287,
        0.8578810691833496,
        0.8578809499740601,
        0.8578808307647705,
        0.857880711555481,
        0.8578806519508362,
        0.8578804731369019,
        0.8578804135322571,
        0.8578802943229675,
        0.8578801155090332,
        0.8578798770904541,
        0.857879638671875,
        0.8578794002532959,
        0.8578789234161377,
        0.8578785061836243,
        0.8578780889511108,
