{
    "normalized_frobenius_error": 0.8564682602882385,
    "masked_rmse": 0.22338014841079712,
    "mean_nonzero_value": 1.345635175704956,
    "relative_rmse": 0.1660034954547882,
    "explained_variance": 0.26646214723587036,
    "computation_time": 1.051849126815796,
    "all_factors_non_negative": true,
    "factor_sparsity": [
        "25.78%",
        "22.67%",
        "11.67%"
    ],
    "device": "mps",
    "best_initialization": "random",
    "errors_history": [
        0.9430442452430725,
        0.9296682476997375,
        0.9147774577140808,
        0.9019463658332825,
        0.8918204307556152,
        0.8844798803329468,
        0.8786579966545105,
        0.8734962344169617,
        0.8693267703056335,
        0.8665314316749573,
        0.8647812008857727,
        0.8636249303817749,
        0.8628461360931396,
        0.8623414039611816,
        0.8620203733444214,
        0.8618083000183105,
        0.8616585731506348,
        0.861544132232666,
        0.8614497780799866,
        0.8613666892051697,
        0.8612872958183289,
        0.8612061738967896,
        0.8611204624176025,
        0.8610274195671082,
        0.8609280586242676,
        0.8608247637748718,
        0.8607181906700134,
        0.8606076836585999,
        0.8604909777641296,
        0.8603657484054565,
        0.8602293133735657,
        0.8600786328315735,
        0.8599100112915039,
        0.8597176671028137,
        0.8594944477081299,
        0.8592355847358704,
        0.8589490652084351,
        0.8586583137512207,
        0.8583859205245972,
        0.8581405282020569,
        0.8579218983650208,
        0.8577319979667664,
        0.8575758934020996,
        0.857451319694519,
        0.8573493957519531,
        0.8572622537612915,
        0.8571861386299133,
        0.8571199178695679,
        0.8570617437362671,
        0.8570070862770081,
        0.8569498062133789,
        0.8568874001502991,
        0.8568243980407715,
        0.8567702174186707,
        0.8567299842834473,
        0.8567022085189819,
        0.8566829562187195,
        0.8566688895225525,
        0.8566576242446899,
        0.856647789478302,
        0.8566380143165588,
        0.8566266298294067,
        0.856613039970398,
        0.8565981388092041,
        0.8565847873687744,
        0.8565751910209656,
        0.8565685749053955,
        0.8565633893013,
        0.8565584421157837,
        0.856553852558136,
        0.8565500378608704,
        0.8565468788146973,
        0.8565438389778137,
        0.8565409779548645,
        0.8565382361412048,
        0.8565357327461243,
        0.856533944606781,
        0.856532633304596,
        0.8565316200256348,
        0.8565304279327393,
        0.8565287590026855,
        0.8565263748168945,
        0.8565242290496826,
        0.8565230965614319,
        0.856522262096405,
        0.856521725654602,
        0.8565211296081543,
        0.8565207123756409,
        0.8565201163291931,
        0.8565195798873901,
        0.8565189242362976,
        0.8565182089805603,
        0.856517493724823,
        0.8565167784690857,
        0.8565159440040588,
        0.8565148115158081,
        0.856513500213623,
        0.8565120697021484,
        0.8565102219581604,
        0.8565080165863037,
        0.8565055727958679,
        0.8565027117729187,
        0.8564996719360352,
        0.8564967513084412,
        0.8564939498901367,
        0.8564915060997009,
        0.8564895987510681,
        0.8564879894256592,
        0.8564869165420532,
        0.8564862012863159,
        0.8564855456352234,
        0.85648512840271,
        0.8564847707748413,
        0.8564845323562622,
        0.8564844131469727,
        0.8564841747283936,
        0.856484055519104,
        0.8564839959144592,
        0.8564838767051697,
        0.8564838171005249,
        0.8564836978912354,
        0.856483519077301,
        0.8564833998680115,
        0.8564833402633667,
        0.8564832806587219,
        0.8564831018447876,
        0.8564829230308533,
        0.8564826846122742,
        0.8564822673797607,
        0.8564819097518921,
        0.8564813733100891,
        0.8564805388450623,
        0.8564796447753906,
        0.8564784526824951,
        0.8564769625663757,
        0.8564754724502563,
        0.8564739227294922,
        0.8564725518226624,
        0.8564712405204773,
        0.8564704060554504,
        0.8564696907997131,
        0.8564692139625549,
        0.856468915939331,
        0.856468677520752,
        0.8564685583114624,
        0.8564684391021729,
        0.8564683198928833,
        0.8564683198928833
    ],
    "l1_regularization": 0.0,
    "l2_regularization": 0.0,
    "random_state": 837467,
    "c1_unique_zones": 2,
    "c2_unique_od_pairs": 0,
    "c1_c2_approach": "percentage",
    "c1_c2_percentage": 0.2
}