{
    "normalized_frobenius_error": 0.9058473110198975,
    "masked_rmse": 0.11884554475545883,
    "mean_nonzero_value": 1.3623639345169067,
    "relative_rmse": 0.08723480254411697,
    "explained_variance": 0.17944073677062988,
    "computation_time": 0.8750078678131104,
    "all_factors_non_negative": true,
    "factor_sparsity": [
        "45.43%",
        "42.74%",
        "26.39%"
    ],
    "device": "mps",
    "best_initialization": "random",
    "errors_history": [
        0.9760720729827881,
        0.9647950530052185,
        0.9527546763420105,
        0.9419891834259033,
        0.9327297806739807,
        0.9250919222831726,
        0.9200899004936218,
        0.917548656463623,
        0.9158381819725037,
        0.9141782522201538,
        0.9126172661781311,
        0.9114654660224915,
        0.9106816649436951,
        0.9100741744041443,
        0.9095165729522705,
        0.9089276194572449,
        0.9082754254341125,
        0.9077068567276001,
        0.9072477221488953,
        0.9069028496742249,
        0.9066773653030396,
        0.9065372347831726,
        0.9064348936080933,
        0.906380832195282,
        0.9063315391540527,
        0.9062636494636536,
        0.9062101244926453,
        0.9061812162399292,
        0.9061634540557861,
        0.9061496257781982,
        0.9061374068260193,
        0.9061260223388672,
        0.9061153531074524,
        0.9061058759689331,
        0.9060980677604675,
        0.9060917496681213,
        0.906086266040802,
        0.9060813188552856,
        0.9060757160186768,
        0.9060683846473694,
        0.9060583114624023,
        0.9060488343238831,
        0.9060431122779846,
        0.9060393571853638,
        0.9060363173484802,
        0.906033456325531,
        0.9060307741165161,
        0.9060283303260803,
        0.9060259461402893,
        0.9060236811637878,
        0.9060215353965759,
        0.9060195684432983,
        0.9060176610946655,
        0.9060158133506775,
        0.9060142040252686,
        0.9060125350952148,
        0.9060110449790955,
        0.9060096740722656,
        0.9060083627700806,
        0.9060071706771851,
        0.9060059785842896,
        0.906004786491394,
        0.9060036540031433,
        0.9060027003288269,
        0.906001627445221,
        0.9060006737709045,
        0.9059997200965881,
        0.9059987664222717,
        0.9059979319572449,
        0.9059969782829285,
        0.9059960842132568,
        0.90599524974823,
        0.9059943556785583,
        0.9059935808181763,
        0.9059927463531494,
        0.9059919714927673,
        0.9059911370277405,
        0.9059902429580688,
        0.9059894680976868,
        0.9059886336326599,
        0.9059877395629883,
        0.905987024307251,
        0.9059861302375793,
        0.9059852957725525,
        0.9059844017028809,
        0.905983567237854,
        0.9059826135635376,
        0.905981719493866,
        0.9059808850288391,
        0.9059799313545227,
        0.9059789776802063,
        0.9059780836105347,
        0.9059770703315735,
        0.9059761166572571,
        0.9059750437736511,
        0.9059740900993347,
        0.9059730172157288,
        0.9059720635414124,
        0.9059709906578064,
        0.9059699773788452,
        0.9059687852859497,
        0.9059677720069885,
        0.9059666395187378,
        0.9059654474258423,
        0.9059643149375916,
        0.9059631824493408,
        0.9059619903564453,
        0.9059608578681946,
        0.9059597253799438,
        0.905958354473114,
        0.9059572219848633,
        0.905955970287323,
        0.9059547185897827,
        0.9059534072875977,
        0.9059521555900574,
        0.9059508442878723,
        0.9059494733810425,
        0.9059481620788574,
        0.9059467911720276,
        0.9059455394744873,
        0.9059442281723022,
        0.905942976474762,
        0.9059418439865112,
        0.905940592288971,
        0.9059394001960754,
        0.9059382677078247,
        0.905937135219574,
        0.905936062335968,
        0.9059350490570068,
        0.9059339761734009,
        0.9059330224990845,
        0.9059321284294128,
        0.9059311747550964,
        0.9059303402900696,
        0.9059295654296875,
        0.9059287905693054,
        0.9059280157089233,
        0.9059273600578308,
        0.9059267044067383,
        0.9059261083602905,
        0.9059252738952637,
        0.905924379825592,
        0.905923068523407,
        0.9059204459190369,
        0.9059156179428101,
        0.9059070944786072,
        0.9058964252471924,
        0.9058875441551208,
        0.9058818221092224,
        0.9058781862258911,
        0.9058753848075867,
        0.9058730006217957,
        0.9058709144592285,
        0.9058689475059509,
        0.9058672189712524,
        0.9058657288551331,
        0.9058642983436584,
        0.9058630466461182,
        0.9058619141578674,
        0.9058608412742615,
        0.9058599472045898,
        0.905859112739563,
        0.9058584570884705,
        0.9058577418327332,
        0.9058572053909302,
        0.905856728553772,
        0.9058563113212585,
        0.9058559536933899,
        0.9058555960655212,
        0.9058551788330078,
        0.9058550000190735,
        0.9058548212051392,
        0.9058545231819153,
        0.9058544039726257,
        0.9058542251586914,
        0.9058540463447571,
        0.9058538675308228,
        0.9058536291122437,
        0.9058534502983093,
        0.905853271484375,
        0.9058531522750854,
        0.9058529734611511,
        0.9058526754379272,
        0.9058523178100586,
        0.905851423740387,
        0.9058502316474915,
        0.9058488607406616,
        0.9058479070663452,
        0.9058473110198975,
        0.9058473110198975
    ],
    "l1_regularization": 0.0,
    "l2_regularization": 0.0,
    "random_state": 758378,
    "c1_unique_zones": 2,
    "c2_unique_od_pairs": 0,
    "c1_c2_approach": "percentage",
    "c1_c2_percentage": 0.2
}