{
    "normalized_frobenius_error": 0.8812628984451294,
    "masked_rmse": 0.11975421756505966,
    "mean_nonzero_value": 1.1494661569595337,
    "relative_rmse": 0.10418246686458588,
    "explained_variance": 0.22337573766708374,
    "computation_time": 0.6738507747650146,
    "all_factors_non_negative": true,
    "factor_sparsity": [
        "31.82%",
        "27.73%",
        "19.17%"
    ],
    "device": "mps",
    "best_initialization": "random",
    "errors_history": [
        0.9490613341331482,
        0.9272045493125916,
        0.9185336232185364,
        0.9120520949363708,
        0.9056558012962341,
        0.8990604281425476,
        0.8935820460319519,
        0.8903287053108215,
        0.8886340260505676,
        0.8876598477363586,
        0.8869962692260742,
        0.8864645957946777,
        0.8859559893608093,
        0.8854165077209473,
        0.8848093748092651,
        0.8841575980186462,
        0.883493959903717,
        0.8828422427177429,
        0.8823093771934509,
        0.8819771409034729,
        0.881788432598114,
        0.8816757202148438,
        0.8815935254096985,
        0.8815228939056396,
        0.8814678192138672,
        0.8814283609390259,
        0.8813909292221069,
        0.881354808807373,
        0.8813357949256897,
        0.8813279867172241,
        0.8813236355781555,
        0.8813206553459167,
        0.881318211555481,
        0.8813164234161377,
        0.8813148140907288,
        0.8813134431838989,
        0.8813121318817139,
        0.8813111186027527,
        0.8813101053237915,
        0.8813090920448303,
        0.8813080787658691,
        0.8813068270683289,
        0.8813057541847229,
        0.8813046216964722,
        0.8813034296035767,
        0.8813022375106812,
        0.8813008069992065,
        0.8812993764877319,
        0.8812977075576782,
        0.8812961578369141,
        0.8812944889068604,
        0.8812927007675171,
        0.8812912702560425,
        0.8812899589538574,
        0.8812888860702515,
        0.8812878131866455,
        0.8812867403030396,
        0.8812856674194336,
        0.8812845945358276,
        0.8812834620475769,
        0.8812823295593262,
        0.8812811970710754,
        0.8812799453735352,
        0.8812786936759949,
        0.8812775015830994,
        0.8812761902809143,
        0.8812749981880188,
        0.8812737464904785,
        0.8812726736068726,
        0.8812716007232666,
        0.8812705874443054,
        0.8812695741653442,
        0.8812687993049622,
        0.8812680244445801,
        0.8812673091888428,
        0.881266713142395,
        0.8812662363052368,
        0.8812656998634338,
        0.8812652826309204,
        0.8812649250030518,
        0.8812645673751831,
        0.881264328956604,
        0.8812640309333801,
        0.8812638521194458,
        0.8812636733055115,
        0.8812635540962219,
        0.8812634348869324,
        0.8812633156776428,
        0.8812631964683533,
        0.8812631368637085,
        0.8812630772590637,
        0.881263017654419,
        0.8812628984451294,
        0.8812628984451294
    ],
    "l1_regularization": 0.0,
    "l2_regularization": 0.0,
    "random_state": 998357,
    "c1_unique_zones": 1,
    "c2_unique_od_pairs": 0,
    "c1_c2_approach": "percentage",
    "c1_c2_percentage": 0.2
}