{
    "normalized_frobenius_error": 0.8853458166122437,
    "masked_rmse": 0.12030904740095139,
    "mean_nonzero_value": 1.1494661569595337,
    "relative_rmse": 0.10466515272855759,
    "explained_variance": 0.21616286039352417,
    "computation_time": 1.2329471111297607,
    "all_factors_non_negative": true,
    "factor_sparsity": [
        "37.73%",
        "30.91%",
        "22.50%"
    ],
    "device": "mps",
    "best_initialization": "random",
    "errors_history": [
        0.9585620760917664,
        0.9435177445411682,
        0.9299150109291077,
        0.9181183576583862,
        0.9097198843955994,
        0.9033685922622681,
        0.8989101648330688,
        0.8957878947257996,
        0.8936538100242615,
        0.8920105695724487,
        0.8905583620071411,
        0.8893951177597046,
        0.8885371685028076,
        0.8879054188728333,
        0.8874616026878357,
        0.8871196508407593,
        0.886842668056488,
        0.8865969777107239,
        0.8863657712936401,
        0.8861619830131531,
        0.8859941363334656,
        0.8858607411384583,
        0.8857579827308655,
        0.8856816291809082,
        0.8856269121170044,
        0.8855886459350586,
        0.885562539100647,
        0.8855443000793457,
        0.8855311870574951,
        0.8855196237564087,
        0.8855075240135193,
        0.8854995369911194,
        0.8854953050613403,
        0.8854913115501404,
        0.8854867815971375,
        0.8854835033416748,
        0.885481059551239,
        0.8854787945747375,
        0.8854764699935913,
        0.8854750990867615,
        0.8854742050170898,
        0.8854731917381287,
        0.8854718804359436,
        0.8854694366455078,
        0.885465145111084,
        0.8854601383209229,
        0.8854569792747498,
        0.8854555487632751,
        0.8854546546936035,
        0.8854537606239319,
        0.8854528665542603,
        0.8854518532752991,
        0.8854508399963379,
        0.8854498863220215,
        0.8854489922523499,
        0.8854482769966125,
        0.8854474425315857,
        0.8854468464851379,
        0.8854461312294006,
        0.8854454755783081,
        0.8854448199272156,
        0.8854441046714783,
        0.885443389415741,
        0.8854426145553589,
        0.8854418396949768,
        0.8854408860206604,
        0.8854399919509888,
        0.8854390382766724,
        0.8854379653930664,
        0.8854368925094604,
        0.8854357600212097,
        0.8854347467422485,
        0.8854336142539978,
        0.8854324221611023,
        0.8854312896728516,
        0.8854301571846008,
        0.8854290843009949,
        0.8854277729988098,
        0.8854264616966248,
        0.8854250907897949,
        0.8854238390922546,
        0.8854224681854248,
        0.885421097278595,
        0.8854195475578308,
        0.8854181170463562,
        0.8854166865348816,
        0.8854151964187622,
        0.8854137063026428,
        0.8854122161865234,
        0.8854106068611145,
        0.8854090571403503,
        0.8854075074195862,
        0.8854060769081116,
        0.8854044675827026,
        0.8854029774665833,
        0.8854013681411743,
        0.8853999376296997,
        0.8853984475135803,
        0.8853968381881714,
        0.8853954076766968,
        0.8853939175605774,
        0.885392427444458,
        0.8853909969329834,
        0.885389506816864,
        0.8853880763053894,
        0.8853867650032043,
        0.8853854537010193,
        0.8853840827941895,
        0.8853827118873596,
        0.8853814005851746,
        0.8853800892829895,
        0.8853788375854492,
        0.8853777050971985,
        0.885376513004303,
        0.8853753209114075,
        0.8853741884231567,
        0.885373055934906,
        0.8853718638420105,
        0.8853709101676941,
        0.8853698968887329,
        0.8853688836097717,
        0.8853679299354553,
        0.8853669166564941,
        0.8853660821914673,
        0.8853651881217957,
        0.885364294052124,
        0.8853635191917419,
        0.8853626251220703,
        0.8853618502616882,
        0.8853611350059509,
        0.8853604197502136,
        0.8853597044944763,
        0.885358989238739,
        0.8853583931922913,
        0.8853577375411987,
        0.8853572010993958,
        0.885356605052948,
        0.885356068611145,
        0.8853554725646973,
        0.8853549957275391,
        0.8853545188903809,
        0.8853541016578674,
        0.8853535652160645,
        0.885353147983551,
        0.8853527307510376,
        0.8853524327278137,
        0.8853520750999451,
        0.8853517174720764,
        0.8853513598442078,
        0.8853510618209839,
        0.8853507041931152,
        0.8853504657745361,
        0.8853501677513123,
        0.8853498697280884,
        0.885349690914154,
        0.8853495121002197,
        0.8853491544723511,
        0.8853490352630615,
        0.8853488564491272,
        0.8853485584259033,
        0.8853483200073242,
        0.8853482604026794,
        0.8853480815887451,
        0.885347843170166,
        0.8853477239608765,
        0.8853476047515869,
        0.8853474259376526,
        0.8853472471237183,
        0.8853471279144287,
        0.8853470087051392,
        0.8853469491004944,
        0.8853467702865601,
        0.8853466510772705,
        0.885346531867981,
        0.8853464126586914,
        0.8853463530540466,
        0.8853462934494019,
        0.8853461742401123,
        0.8853461146354675,
        0.885345995426178,
        0.8853458166122437,
        0.8853458166122437
    ],
    "l1_regularization": 0.0,
    "l2_regularization": 0.0,
    "random_state": 435339,
    "c1_unique_zones": 1,
    "c2_unique_od_pairs": 0,
    "c1_c2_approach": "percentage",
    "c1_c2_percentage": 0.2
}