{
    "normalized_frobenius_error": 0.8748791813850403,
    "masked_rmse": 0.2281831055879593,
    "mean_nonzero_value": 1.345635175704956,
    "relative_rmse": 0.16957278549671173,
    "explained_variance": 0.2345864176750183,
    "computation_time": 0.2710850238800049,
    "all_factors_non_negative": true,
    "factor_sparsity": [
        "17.22%",
        "21.78%",
        "6.25%"
    ],
    "device": "cpu",
    "best_initialization": "random",
    "errors_history": [
        0.9473437666893005,
        0.9457062482833862,
        0.9455193281173706,
        0.9453737735748291,
        0.945216178894043,
        0.9450241327285767,
        0.9447694420814514,
        0.944408655166626,
        0.9438554644584656,
        0.9429402351379395,
        0.9413127303123474,
        0.9382848739624023,
        0.9329141974449158,
        0.9253175258636475,
        0.9176536202430725,
        0.9116780757904053,
        0.9076287746429443,
        0.9048590660095215,
        0.9026052951812744,
        0.9004680514335632,
        0.8983777761459351,
        0.8963821530342102,
        0.8945206999778748,
        0.8928130269050598,
        0.8912758827209473,
        0.8899067044258118,
        0.8886932134628296,
        0.8876180052757263,
        0.8866654634475708,
        0.88581782579422,
        0.8850589394569397,
        0.8843761086463928,
        0.8837553262710571,
        0.8831709027290344,
        0.8825916051864624,
        0.8819923400878906,
        0.8813828825950623,
        0.8808109760284424,
        0.8803085088729858,
        0.8798670172691345,
        0.8794701099395752,
        0.8791043758392334,
        0.8787630796432495,
        0.8784425258636475,
        0.8781419992446899,
        0.877862811088562,
        0.8776063323020935,
        0.8773728609085083,
        0.877163827419281,
        0.8769793510437012,
        0.8768182992935181,
        0.8766787648200989,
        0.876558244228363,
        0.8764543533325195,
        0.8763640522956848,
        0.8762862682342529,
        0.8762186169624329,
        0.8761593103408813,
        0.8761074542999268,
        0.8760622143745422,
        0.8760223388671875,
        0.8759865164756775,
        0.8759550452232361,
        0.8759269118309021,
        0.8759011626243591,
        0.8758783340454102,
        0.8758571743965149,
        0.8758385181427002,
        0.8758204579353333,
        0.8758044838905334,
        0.87578946352005,
        0.8757753968238831,
        0.8757622241973877,
        0.8757501840591431,
        0.8757380843162537,
        0.8757268786430359,
        0.8757166266441345,
        0.8757066130638123,
        0.87569659948349,
        0.8756870031356812,
        0.8756780028343201,
        0.8756688237190247,
        0.8756600022315979,
        0.8756512999534607,
        0.8756425380706787,
        0.8756340146064758,
        0.8756257891654968,
        0.8756181597709656,
        0.8756102919578552,
        0.8756029009819031,
        0.8755956292152405,
        0.8755890727043152,
        0.8755825161933899,
        0.875575602054596,
        0.8755696415901184,
        0.8755630254745483,
        0.8755568265914917,
        0.8755510449409485,
        0.8755448460578918,
        0.8755391836166382,
        0.8755332231521606,
        0.8755275011062622,
        0.8755218386650085,
        0.8755163550376892,
        0.8755106925964355,
        0.8755054473876953,
        0.8755004405975342,
        0.8754945993423462,
        0.875489354133606,
        0.8754843473434448,
        0.8754793405532837,
        0.8754740357398987,
        0.875469446182251,
        0.875463604927063,
        0.875458836555481,
        0.8754535913467407,
        0.8754484057426453,
        0.8754434585571289,
        0.8754391074180603,
        0.8754334449768066,
        0.8754284381866455,
        0.8754233717918396,
        0.8754184246063232,
        0.8754131197929382,
        0.8754079937934875,
        0.8754029870033264,
        0.8753979206085205,
        0.875392496585846,
        0.8753875494003296,
        0.8753828406333923,
        0.8753777742385864,
        0.8753722906112671,
        0.8753675222396851,
        0.8753622174263,
        0.8753573894500732,
        0.8753525018692017,
        0.8753475546836853,
        0.8753429055213928,
        0.875338077545166,
        0.8753332495689392,
        0.875328779220581,
        0.8753241300582886,
        0.875319242477417,
        0.8753145337104797,
        0.8753098845481873,
        0.8753052353858948,
        0.8753005862236023,
        0.8752962350845337,
        0.8752917051315308,
        0.8752874732017517,
        0.8752831816673279,
        0.8752789497375488,
        0.8752748966217041,
        0.8752710819244385,
        0.8752667307853699,
        0.8752623796463013,
        0.875258207321167,
        0.87525475025177,
        0.8752508759498596,
        0.8752471804618835,
        0.8752432465553284,
        0.8752390742301941,
        0.8752355575561523,
        0.8752321004867554,
        0.8752288222312927,
        0.8752251863479614,
        0.875221312046051,
        0.8752180337905884,
        0.8752149343490601,
        0.8752114772796631,
        0.87520831823349,
        0.8752050399780273,
        0.8752020001411438,
        0.875199019908905,
        0.8751956820487976,
        0.8751929998397827,
        0.875190258026123,
        0.8751872181892395,
        0.8751844167709351,
        0.8751817941665649,
        0.8751791715621948,
        0.8751768469810486,
        0.8751742243766785,
        0.8751716017723083,
        0.8751684427261353,
        0.8751659989356995,
        0.875163197517395,
        0.8751608729362488,
        0.875158429145813,
        0.8751563429832458,
        0.8751534819602966,
        0.8751515746116638,
        0.8751491904258728,
        0.8751468658447266,
        0.8751444220542908,
        0.8751420378684998,
        0.8751397728919983,
        0.8751376271247864,
        0.8751352429389954,
        0.8751330971717834,
        0.8751307725906372,
        0.8751287460327148,
        0.8751263618469238,
        0.875123918056488,
        0.8751217126846313,
        0.8751197457313538,
        0.8751176595687866,
        0.8751150965690613,
        0.8751128911972046,
        0.8751106262207031,
        0.8751082420349121,
        0.8751063942909241,
        0.8751043677330017,
        0.8751022219657898,
        0.8750999569892883,
        0.8750978708267212,
        0.8750956654548645,
        0.8750930428504944,
        0.8750913143157959,
        0.8750888109207153,
        0.8750861287117004,
        0.8750835657119751,
        0.8750812411308289,
        0.8750790953636169,
        0.8750762939453125,
        0.8750733733177185,
        0.8750704526901245,
        0.8750675916671753,
        0.8750646710395813,
        0.8750610947608948,
        0.8750578165054321,
        0.8750542402267456,
        0.875050961971283,
        0.8750472664833069,
        0.8750433921813965,
        0.8750393986701965,
        0.8750360608100891,
        0.8750319480895996,
        0.8750280737876892,
        0.8750246167182922,
        0.875020444393158,
        0.875016987323761,
        0.8750134110450745,
        0.8750093579292297,
        0.8750057816505432,
        0.8750023245811462,
        0.8749992251396179,
        0.8749956488609314,
        0.8749927282333374,
        0.8749895691871643,
        0.8749867677688599,
        0.8749843239784241,
        0.8749814033508301,
        0.8749791383743286,
        0.8749766945838928,
        0.8749748468399048,
        0.8749719262123108,
        0.8749697804450989,
        0.8749675154685974,
        0.8749659061431885,
        0.8749638199806213,
        0.8749620914459229,
        0.8749606013298035,
        0.8749584555625916,
        0.8749568462371826,
        0.8749549984931946,
        0.8749533295631409,
        0.8749518990516663,
        0.8749500513076782,
        0.8749487400054932,
