{
    "normalized_frobenius_error": 0.8813002705574036,
    "masked_rmse": 0.11975929886102676,
    "mean_nonzero_value": 1.1494661569595337,
    "relative_rmse": 0.10418688505887985,
    "explained_variance": 0.22330987453460693,
    "computation_time": 1.2019298076629639,
    "all_factors_non_negative": true,
    "factor_sparsity": [
        "36.82%",
        "34.55%",
        "23.33%"
    ],
    "device": "mps",
    "best_initialization": "random",
    "errors_history": [
        0.9602406024932861,
        0.9422155618667603,
        0.9199898838996887,
        0.906578540802002,
        0.9005473256111145,
        0.8975427150726318,
        0.8958457112312317,
        0.8947495222091675,
        0.8939849734306335,
        0.8934364914894104,
        0.8930352330207825,
        0.8927280902862549,
        0.8924738168716431,
        0.8922496438026428,
        0.8920471668243408,
        0.8918644785881042,
        0.8917001485824585,
        0.8915553092956543,
        0.8914322257041931,
        0.8913289308547974,
        0.8912405371665955,
        0.8911613821983337,
        0.8910860419273376,
        0.8910094499588013,
        0.890927791595459,
        0.8908382058143616,
        0.8907387852668762,
        0.8906257748603821,
        0.8904943466186523,
        0.8903388381004333,
        0.890151858329773,
        0.8899242281913757,
        0.8896448016166687,
        0.8893009424209595,
        0.8888800144195557,
        0.8883733749389648,
        0.8877833485603333,
        0.8871349096298218,
        0.8864727020263672,
        0.8858400583267212,
        0.8852624297142029,
        0.88474041223526,
        0.8842436671257019,
        0.8836726546287537,
        0.8831555247306824,
        0.8827862739562988,
        0.8824883103370667,
        0.8822822570800781,
        0.8821588158607483,
        0.8820797204971313,
        0.8820213675498962,
        0.8819713592529297,
        0.8819245100021362,
        0.881889283657074,
        0.8818590044975281,
        0.8818296194076538,
        0.8818038105964661,
        0.8817822933197021,
        0.8817600607872009,
        0.8817278146743774,
        0.8816801905632019,
        0.8816335797309875,
        0.8815862536430359,
        0.881547212600708,
        0.8815262913703918,
        0.8815118670463562,
        0.8814969062805176,
        0.8814796209335327,
        0.8814623951911926,
        0.881449818611145,
        0.8814416527748108,
        0.8814355731010437,
        0.8814325928688049,
        0.8814305067062378,
        0.8814284205436707,
        0.8814264535903931,
        0.8814243674278259,
        0.8814221024513245,
        0.8814195394515991,
        0.8814162611961365,
        0.8814114928245544,
        0.8814029097557068,
        0.8813902735710144,
        0.8813803195953369,
        0.8813726902008057,
        0.8813649415969849,
        0.8813575506210327,
        0.8813514709472656,
        0.8813469409942627,
        0.8813440203666687,
        0.8813418745994568,
        0.8813404440879822,
        0.8813393115997314,
        0.8813384175300598,
        0.8813377022743225,
        0.88133704662323,
        0.8813364505767822,
        0.881335973739624,
        0.881335437297821,
        0.8813350200653076,
        0.881334662437439,
        0.8813342452049255,
        0.8813338279724121,
        0.8813332915306091,
        0.8813326358795166,
        0.8813318014144897,
        0.8813308477401733,
        0.8813297748565674,
        0.8813289999961853,
        0.8813285231590271,
        0.8813282251358032,
        0.8813278675079346,
        0.8813276886940002,
        0.8813273906707764,
        0.8813271522521973,
        0.8813268542289734,
        0.8813264966011047,
        0.8813260197639465,
        0.8813257217407227,
        0.8813253045082092,
        0.881324827671051,
        0.8813243508338928,
        0.8813238143920898,
        0.8813232779502869,
        0.8813226222991943,
        0.8813217878341675,
        0.8813210725784302,
        0.8813202381134033,
        0.8813192844390869,
        0.881318211555481,
        0.881317138671875,
        0.8813159465789795,
        0.8813148140907288,
        0.8813135623931885,
        0.8813122510910034,
        0.8813110589981079,
        0.8813099265098572,
        0.8813087344169617,
        0.8813076615333557,
        0.8813066482543945,
        0.8813056945800781,
        0.8813049793243408,
        0.8813042640686035,
        0.881303608417511,
        0.881303071975708,
        0.8813025951385498,
        0.8813020586967468,
        0.8813018202781677,
        0.8813014626502991,
        0.8813012838363647,
        0.8813009858131409,
        0.8813008666038513,
        0.8813006281852722,
        0.8813004493713379,
        0.8813003301620483,
        0.8813003301620483
    ],
    "l1_regularization": 0.0,
    "l2_regularization": 0.0,
    "random_state": 637400,
    "c1_unique_zones": 1,
    "c2_unique_od_pairs": 0,
    "c1_c2_approach": "percentage",
    "c1_c2_percentage": 0.2
}