{
    "normalized_frobenius_error": 0.8756454586982727,
    "masked_rmse": 0.19547352194786072,
    "mean_nonzero_value": 1.5989879369735718,
    "relative_rmse": 0.12224827706813812,
    "explained_variance": 0.23324501514434814,
    "computation_time": 0.8485620021820068,
    "all_factors_non_negative": true,
    "factor_sparsity": [
        "12.32%",
        "16.23%",
        "8.33%"
    ],
    "device": "cpu",
    "best_initialization": "random",
    "errors_history": [
        0.9600900411605835,
        0.955130398273468,
        0.9539927840232849,
        0.9530882835388184,
        0.951897144317627,
        0.9499823451042175,
        0.9467163681983948,
        0.9415681958198547,
        0.9351962804794312,
        0.9293493628501892,
        0.924662709236145,
        0.9205814599990845,
        0.9166228175163269,
        0.9126704335212708,
        0.9088351130485535,
        0.9053293466567993,
        0.9023067355155945,
        0.8997671604156494,
        0.8976190090179443,
        0.8957628011703491,
        0.8941536545753479,
        0.8927921652793884,
        0.8916650414466858,
        0.8907313942909241,
        0.8899440765380859,
        0.8892632126808167,
        0.8886585831642151,
        0.8881012201309204,
        0.8875705003738403,
        0.887054443359375,
        0.8865522742271423,
        0.8860656023025513,
        0.8855949640274048,
        0.8851397037506104,
        0.8846985697746277,
        0.8842694759368896,
        0.8838523030281067,
        0.8834527134895325,
        0.8830769062042236,
        0.8827268481254578,
        0.882403552532196,
        0.8821095824241638,
        0.8818475604057312,
        0.881613552570343,
        0.8814082145690918,
        0.8812293410301208,
        0.8810746669769287,
        0.880940318107605,
        0.8808225989341736,
        0.880719006061554,
        0.8806271553039551,
        0.8805462718009949,
        0.8804730772972107,
        0.8804072737693787,
        0.8803468346595764,
        0.8802918195724487,
        0.8802407383918762,
        0.8801933526992798,
        0.880149245262146,
        0.8801074028015137,
        0.8800678253173828,
        0.8800301551818848,
        0.8799939155578613,
        0.879958987236023,
        0.8799247741699219,
        0.8798916935920715,
        0.8798589706420898,
        0.8798267245292664,
        0.879795253276825,
        0.8797640204429626,
        0.8797332644462585,
        0.8797034621238708,
        0.8796735405921936,
        0.8796439170837402,
        0.8796147108078003,
        0.8795859813690186,
        0.8795568346977234,
        0.879527747631073,
        0.8794991374015808,
        0.879470705986023,
        0.8794420957565308,
        0.8794136643409729,
        0.8793847560882568,
        0.8793562650680542,
        0.8793277740478516,
        0.8792983293533325,
        0.8792694211006165,
        0.8792399764060974,
        0.8792101740837097,
        0.8791803121566772,
        0.8791508078575134,
        0.8791207671165466,
        0.879090428352356,
        0.8790604472160339,
        0.879030168056488,
        0.8790000677108765,
        0.8789694309234619,
        0.8789382576942444,
        0.8789072632789612,
        0.8788750767707825,
        0.8788424134254456,
        0.8788078427314758,
        0.8787716627120972,
        0.8787317276000977,
        0.8786871433258057,
        0.8786360621452332,
        0.8785755038261414,
        0.8785024285316467,
        0.8784144520759583,
        0.878308892250061,
        0.8781856298446655,
        0.8780454993247986,
        0.8778915405273438,
        0.8777292370796204,
        0.8775646686553955,
        0.8774048089981079,
        0.8772549629211426,
        0.8771176338195801,
        0.8769940137863159,
        0.8768842220306396,
        0.8767887353897095,
        0.876707136631012,
        0.876637876033783,
        0.8765791654586792,
        0.876528799533844,
        0.8764854073524475,
        0.8764480352401733,
        0.8764154314994812,
        0.8763865232467651,
        0.8763616681098938,
        0.8763391971588135,
        0.8763195276260376,
        0.8763015270233154,
        0.8762853145599365,
        0.8762707710266113,
        0.8762580156326294,
        0.87624591588974,
        0.8762350678443909,
        0.8762246966362,
        0.876215398311615,
        0.8762059807777405,
        0.8761974573135376,
        0.8761891722679138,
        0.8761813044548035,
        0.8761734962463379,
        0.8761661052703857,
        0.876159131526947,
        0.8761521577835083,
        0.8761458992958069,
        0.876139760017395,
        0.8761338591575623,
        0.8761281371116638,
        0.8761224746704102,
        0.8761172890663147,
        0.8761128187179565,
        0.8761081695556641,
        0.8761042356491089,
        0.8761001229286194,
        0.8760959506034851,
        0.8760921359062195,
        0.8760883808135986,
        0.8760849237442017,
        0.8760815858840942,
        0.8760782480239868,
        0.8760747313499451,
        0.8760712742805481,
        0.8760681748390198,
        0.8760648965835571,
        0.8760619163513184,
        0.8760588765144348,
        0.8760562539100647,
        0.8760535717010498,
        0.876050591468811,
        0.8760480284690857,
        0.8760455846786499,
        0.8760432004928589,
        0.8760409355163574,
        0.8760386109352112,
        0.8760365843772888,
        0.8760339617729187,
        0.8760306239128113,
        0.8760251998901367,
        0.8760156631469727,
        0.8759993314743042,
        0.875972330570221,
        0.8759390711784363,
        0.8759095072746277,
        0.8758884072303772,
        0.8758756518363953,
        0.8758679628372192,
        0.8758631348609924,
        0.8758590817451477,
        0.8758551478385925,
        0.8758516907691956,
        0.8758475184440613,
        0.8758431077003479,
        0.8758399486541748,
        0.8758372068405151,
        0.8758348822593689,
        0.8758329749107361,
        0.8758313655853271,
        0.8758297562599182,
        0.875828206539154,
        0.8758265972137451,
        0.8758251070976257,
        0.8758235573768616,
        0.8758216500282288,
        0.8758199214935303,
        0.8758178353309631,
        0.8758153915405273,
        0.8758129477500916,
        0.8758096098899841,
        0.8758054971694946,
        0.875801146030426,
        0.8757954835891724,
        0.8757889866828918,
        0.875781238079071,
        0.8757727146148682,
        0.8757634162902832,
        0.8757531046867371,
        0.8757429718971252,
        0.8757327795028687,
        0.8757238984107971,
        0.8757156133651733,
        0.8757085204124451,
        0.8757028579711914,
        0.8756977915763855,
        0.8756939768791199,
        0.8756909370422363,
        0.875688374042511,
        0.8756865859031677,
        0.8756850361824036,
        0.8756836652755737,
        0.8756821155548096,
        0.8756812214851379,
        0.8756797909736633,
        0.8756785988807678,
        0.8756775856018066,
        0.8756767511367798,
        0.8756758570671082,
        0.87567538022995,
        0.8756743669509888,
        0.8756733536720276,
        0.8756723999977112,
        0.8756713271141052,
        0.8756707310676575,
        0.8756695985794067,
        0.8756688833236694,
        0.8756680488586426,
        0.8756674528121948,
        0.8756667375564575,
        0.8756659626960754,
        0.8756652474403381,
        0.8756646513938904,
        0.875664234161377,
        0.8756635189056396,
        0.8756630420684814,
        0.875662624835968,
        0.8756617903709412,
        0.8756611943244934,
        0.8756604194641113,
        0.8756600022315979,
        0.8756595849990845,
        0.875659167766571,
        0.8756589889526367,
        0.8756586909294128,
        0.8756582736968994,
        0.875657856464386,
        0.8756575584411621,
        0.8756571412086487,
