{
    "normalized_frobenius_error": 0.8815202713012695,
    "masked_rmse": 0.11978920549154282,
    "mean_nonzero_value": 1.1494661569595337,
    "relative_rmse": 0.10421290248632431,
    "explained_variance": 0.22292202711105347,
    "computation_time": 1.1220481395721436,
    "all_factors_non_negative": true,
    "factor_sparsity": [
        "37.27%",
        "30.00%",
        "17.50%"
    ],
    "device": "mps",
    "best_initialization": "random",
    "errors_history": [
        0.9597841501235962,
        0.9368792772293091,
        0.9174694418907166,
        0.9066658616065979,
        0.9017284512519836,
        0.8992644548416138,
        0.8974065184593201,
        0.8954924941062927,
        0.8933454751968384,
        0.8911364674568176,
        0.88917076587677,
        0.887561559677124,
        0.8864400386810303,
        0.8857766389846802,
        0.8854303359985352,
        0.8852315545082092,
        0.8850581049919128,
        0.8849459886550903,
        0.8848852515220642,
        0.8848400712013245,
        0.8848029375076294,
        0.8847708702087402,
        0.8847428560256958,
        0.8847173452377319,
        0.88469398021698,
        0.8846725225448608,
        0.8846520185470581,
        0.8846319913864136,
        0.8846117854118347,
        0.8845909833908081,
        0.8845693469047546,
        0.8845465183258057,
        0.884522557258606,
        0.8844971656799316,
        0.8844699263572693,
        0.8844403028488159,
        0.8844077587127686,
        0.884371817111969,
        0.8843318819999695,
        0.8842874765396118,
        0.884238064289093,
        0.8841832876205444,
        0.8841227889060974,
        0.8840564489364624,
        0.8839847445487976,
        0.883908748626709,
        0.8838297128677368,
        0.8837499022483826,
        0.8836715817451477,
        0.8835971355438232,
        0.8835287690162659,
        0.883467972278595,
        0.8834154009819031,
        0.8833709955215454,
        0.8833343386650085,
        0.8833048939704895,
        0.8832816481590271,
        0.8832635283470154,
        0.8832492828369141,
        0.8832381367683411,
        0.8832291960716248,
        0.8832219839096069,
        0.8832158446311951,
        0.8832094669342041,
        0.8831978440284729,
        0.8831624388694763,
        0.8830391764640808,
        0.8827316164970398,
        0.8823912739753723,
        0.8822066783905029,
        0.8820996284484863,
        0.8820244073867798,
        0.8819685578346252,
        0.8819250464439392,
        0.8818749189376831,
        0.8817777633666992,
        0.881729781627655,
        0.8817094564437866,
        0.8816946744918823,
        0.8816830515861511,
        0.8816733956336975,
        0.8816640377044678,
        0.8816527128219604,
        0.881635308265686,
        0.8816102743148804,
        0.8815879821777344,
        0.8815754652023315,
        0.8815682530403137,
        0.8815636038780212,
        0.8815599679946899,
        0.8815571069717407,
        0.8815546631813049,
        0.8815526962280273,
        0.8815510869026184,
        0.8815496563911438,
        0.8815485239028931,
        0.8815475106239319,
        0.881546676158905,
        0.881545901298523,
        0.8815451860427856,
        0.8815444111824036,
        0.8815433382987976,
        0.8815414309501648,
        0.8815390467643738,
        0.8815374374389648,
        0.8815365433692932,
        0.881536066532135,
        0.8815356492996216,
        0.8815352916717529,
        0.881534993648529,
        0.8815346360206604,
        0.8815343379974365,
        0.8815341591835022,
        0.8815338611602783,
        0.8815336227416992,
        0.8815333843231201,
        0.8815332055091858,
        0.8815329670906067,
        0.8815328478813171,
        0.881532609462738,
        0.8815324902534485,
        0.8815321922302246,
        0.8815320134162903,
        0.881531834602356,
        0.8815315365791321,
        0.8815314173698425,
        0.8815311193466187,
        0.8815308809280396,
        0.8815307021141052,
        0.8815304636955261,
        0.8815301656723022,
        0.8815299272537231,
        0.881529688835144,
        0.8815293312072754,
        0.8815290927886963,
        0.8815287351608276,
        0.8815283179283142,
        0.8815279603004456,
        0.8815276622772217,
        0.8815271854400635,
        0.8815267086029053,
        0.8815262913703918,
        0.8815257549285889,
        0.8815252184867859,
        0.8815248608589172,
        0.8815242648124695,
        0.8815237879753113,
        0.8815233707427979,
        0.8815228343009949,
        0.8815224766731262,
        0.8815221786499023,
        0.8815218806266785,
        0.8815215229988098,
        0.8815213441848755,
        0.8815211653709412,
        0.8815209865570068,
        0.8815208673477173,
        0.881520688533783,
        0.8815205693244934,
        0.8815205097198486,
        0.8815203309059143,
        0.8815203309059143
    ],
    "l1_regularization": 0.0,
    "l2_regularization": 0.0,
    "random_state": 109045,
    "c1_unique_zones": 0,
    "c2_unique_od_pairs": 0,
    "c1_c2_approach": "percentage",
    "c1_c2_percentage": 0.2
}