{
    "normalized_frobenius_error": 0.8853377103805542,
    "masked_rmse": 0.12030794471502304,
    "mean_nonzero_value": 1.1494661569595337,
    "relative_rmse": 0.10466419160366058,
    "explained_variance": 0.21617716550827026,
    "computation_time": 1.023442268371582,
    "all_factors_non_negative": true,
    "factor_sparsity": [
        "35.00%",
        "28.64%",
        "20.83%"
    ],
    "device": "mps",
    "best_initialization": "random",
    "errors_history": [
        0.9567282795906067,
        0.93548983335495,
        0.9230782389640808,
        0.9158987402915955,
        0.9116596579551697,
        0.9087582230567932,
        0.9062594771385193,
        0.9038470387458801,
        0.9014738202095032,
        0.8989854454994202,
        0.8961210250854492,
        0.8930689096450806,
        0.890683114528656,
        0.8891196846961975,
        0.8881582021713257,
        0.8875351548194885,
        0.8870695233345032,
        0.8867072463035583,
        0.886415958404541,
        0.8861892819404602,
        0.8860170841217041,
        0.8858790993690491,
        0.8857701420783997,
        0.88569575548172,
        0.8856396079063416,
        0.8855953216552734,
        0.8855597376823425,
        0.8855311870574951,
        0.8855087757110596,
        0.8854915499687195,
        0.8854783177375793,
        0.8854678273200989,
        0.8854593634605408,
        0.8854522705078125,
        0.885445237159729,
        0.8854355216026306,
        0.8854217529296875,
        0.8854109644889832,
        0.8854032158851624,
        0.8853961825370789,
        0.8853910565376282,
        0.8853871822357178,
        0.8853839635848999,
        0.8853813409805298,
        0.8853791952133179,
        0.8853772878646851,
        0.8853753805160522,
        0.8853734731674194,
        0.8853714466094971,
        0.8853696584701538,
        0.8853679895401001,
        0.8853665590286255,
        0.8853653073310852,
        0.885364294052124,
        0.8853633999824524,
        0.8853626251220703,
        0.8853619694709778,
        0.8853614926338196,
        0.885360836982727,
        0.8853603601455688,
        0.8853598833084106,
        0.885359525680542,
        0.8853591084480286,
        0.8853586912155151,
        0.8853583335876465,
        0.8853580355644226,
        0.8853576183319092,
        0.8853573799133301,
        0.8853570222854614,
        0.8853568434715271,
        0.8853565454483032,
        0.8853562474250793,
        0.8853559494018555,
        0.8853557705879211,
        0.8853554725646973,
        0.8853551745414734,
        0.8853549361228943,
        0.8853546380996704,
        0.8853543996810913,
        0.8853541016578674,
        0.8853539228439331,
        0.8853537440299988,
        0.8853534460067749,
        0.8853532671928406,
        0.8853530883789062,
        0.8853528499603271,
        0.8853526711463928,
        0.8853524327278137,
        0.8853522539138794,
        0.8853520154953003,
        0.8853517770767212,
        0.8853515982627869,
        0.8853512406349182,
        0.8853510022163391,
        0.8853507041931152,
        0.8853504061698914,
        0.8853501677513123,
        0.8853498101234436,
        0.8853493332862854,
        0.8853489756584167,
        0.8853485584259033,
        0.8853480219841003,
        0.8853474855422974,
        0.8853470683097839,
        0.8853467702865601,
        0.8853463530540466,
        0.8853461742401123,
        0.8853458166122437,
        0.8853456377983093,
        0.885345458984375,
        0.8853452205657959,
        0.8853448629379272,
        0.8853445053100586,
        0.8853440284729004,
        0.8853434324264526,
        0.8853426575660706,
        0.885342001914978,
        0.885341227054596,
        0.885340690612793,
        0.88534015417099,
        0.8853399753570557,
        0.8853396773338318,
        0.8853394389152527,
        0.8853393197059631,
        0.8853391408920288,
        0.8853390216827393,
        0.8853389024734497,
        0.8853386640548706,
        0.8853386044502258,
        0.8853384256362915,
        0.885338306427002,
        0.8853381872177124,
        0.8853380680084229,
        0.8853379487991333,
        0.885337769985199,
        0.885337769985199
    ],
    "l1_regularization": 0.0,
    "l2_regularization": 0.0,
    "random_state": 192766,
    "c1_unique_zones": 1,
    "c2_unique_od_pairs": 0,
    "c1_c2_approach": "percentage",
    "c1_c2_percentage": 0.2
}