{
    "normalized_frobenius_error": 0.874946653842926,
    "masked_rmse": 0.19531500339508057,
    "mean_nonzero_value": 1.5989879369735718,
    "relative_rmse": 0.12214913964271545,
    "explained_variance": 0.23446840047836304,
    "computation_time": 1.2623610496520996,
    "all_factors_non_negative": true,
    "factor_sparsity": [
        "28.02%",
        "34.54%",
        "15.97%"
    ],
    "device": "mps",
    "best_initialization": "random",
    "errors_history": [
        0.9561810493469238,
        0.9395394325256348,
        0.923605740070343,
        0.9091396331787109,
        0.8968004584312439,
        0.8887882232666016,
        0.8849422335624695,
        0.8830927610397339,
        0.8820651173591614,
        0.8814115524291992,
        0.8809704184532166,
        0.8806648850440979,
        0.8804455995559692,
        0.8802832961082458,
        0.8801591396331787,
        0.8800625801086426,
        0.8799858689308167,
        0.8799224495887756,
        0.879867672920227,
        0.8798168301582336,
        0.8797657489776611,
        0.87971031665802,
        0.8796464204788208,
        0.8795701861381531,
        0.8794763684272766,
        0.8793591856956482,
        0.8792130947113037,
        0.8790344595909119,
        0.8788228034973145,
        0.8785823583602905,
        0.8783221244812012,
        0.8780519962310791,
        0.8777791857719421,
        0.8775066137313843,
        0.87723708152771,
        0.8769779205322266,
        0.8767409324645996,
        0.8765355944633484,
        0.8763654232025146,
        0.8762283325195312,
        0.8761165142059326,
        0.8760269284248352,
        0.8759552240371704,
        0.8758956789970398,
        0.8758419752120972,
        0.8757851719856262,
        0.8757288455963135,
        0.8756816387176514,
        0.875635027885437,
        0.8755807280540466,
        0.875522792339325,
        0.8754699230194092,
        0.8754270672798157,
        0.8753925561904907,
        0.8753648400306702,
        0.8753420114517212,
        0.8753219842910767,
        0.8753038048744202,
        0.8752865195274353,
        0.8752695918083191,
        0.8752520084381104,
        0.8752357363700867,
        0.8752216100692749,
        0.87520831823349,
        0.8751950263977051,
        0.8751829862594604,
        0.875171959400177,
        0.8751611113548279,
        0.8751503229141235,
        0.875139594078064,
        0.8751291036605835,
        0.8751187920570374,
        0.8751078248023987,
        0.8750970363616943,
        0.8750883340835571,
        0.8750789165496826,
        0.8750696182250977,
        0.8750633597373962,
        0.8750582933425903,
        0.8750479817390442,
        0.875022828578949,
        0.8750078678131104,
        0.8750032782554626,
        0.8749999403953552,
        0.8749972581863403,
        0.8749949932098389,
        0.874993085861206,
        0.8749913573265076,
        0.8749897480010986,
        0.8749882578849792,
        0.8749871253967285,
        0.8749859929084778,
        0.8749849796295166,
        0.8749842047691345,
        0.8749832510948181,
        0.874982476234436,
        0.8749815821647644,
        0.8749807476997375,
        0.8749797344207764,
        0.8749787211418152,
        0.8749778270721436,
        0.8749769330024719,
        0.8749762177467346,
        0.8749755024909973,
        0.8749750852584839,
        0.8749746084213257,
        0.8749739527702332,
        0.8749735951423645,
        0.8749730587005615,
        0.8749725818634033,
        0.8749720454216003,
        0.8749716281890869,
        0.8749710321426392,
        0.8749703168869019,
        0.8749695420265198,
        0.8749686479568481,
        0.8749672174453735,
        0.8749657869338989,
        0.8749645948410034,
        0.8749635815620422,
        0.8749626278877258,
        0.8749619722366333,
        0.8749611377716064,
        0.8749603033065796,
        0.8749596476554871,
        0.8749589920043945,
        0.8749582171440125,
        0.8749575018882751,
        0.8749569058418274,
        0.8749561905860901,
        0.8749555945396423,
        0.8749549984931946,
        0.8749542832374573,
        0.8749537467956543,
        0.8749531507492065,
        0.8749526143074036,
        0.8749522566795349,
        0.8749517202377319,
        0.8749513030052185,
        0.8749509453773499,
        0.8749505281448364,
        0.8749502301216125,
        0.8749499320983887,
        0.8749496340751648,
        0.8749493956565857,
        0.8749490976333618,
        0.8749489188194275,
        0.8749486804008484,
        0.8749485015869141,
        0.8749483227729797,
        0.8749482035636902,
        0.8749479651451111,
        0.8749479055404663,
        0.8749477863311768,
        0.8749474883079529,
        0.8749473690986633,
        0.8749473094940186,
        0.8749470710754395,
        0.8749470114707947,
        0.8749468922615051,
        0.8749467730522156,
        0.874946653842926,
        0.874946653842926
    ],
    "l1_regularization": 0.0,
    "l2_regularization": 0.0,
    "random_state": 666450,
    "c1_unique_zones": 2,
    "c2_unique_od_pairs": 0,
    "c1_c2_approach": "percentage",
    "c1_c2_percentage": 0.2
}