{
    "normalized_frobenius_error": 0.905842661857605,
    "masked_rmse": 0.11884493380784988,
    "mean_nonzero_value": 1.3623639345169067,
    "relative_rmse": 0.08723434805870056,
    "explained_variance": 0.1794491410255432,
    "computation_time": 0.8650732040405273,
    "all_factors_non_negative": true,
    "factor_sparsity": [
        "34.41%",
        "33.60%",
        "21.53%"
    ],
    "device": "mps",
    "best_initialization": "random",
    "errors_history": [
        0.9753807187080383,
        0.9593986868858337,
        0.9441260099411011,
        0.9325961470603943,
        0.9258905649185181,
        0.9209150671958923,
        0.9171583652496338,
        0.9145529270172119,
        0.9123284220695496,
        0.910224437713623,
        0.9084873199462891,
        0.9074038863182068,
        0.9068338871002197,
        0.9065620303153992,
        0.9064271450042725,
        0.9063485860824585,
        0.9062906503677368,
        0.906233012676239,
        0.9061881303787231,
        0.9061527252197266,
        0.9061192274093628,
        0.9060860872268677,
        0.9060535430908203,
        0.9060224890708923,
        0.9059938788414001,
        0.9059681296348572,
        0.9059458374977112,
        0.9059268832206726,
        0.9059112668037415,
        0.9058988094329834,
        0.9058889746665955,
        0.9058815240859985,
        0.9058757424354553,
        0.9058712720870972,
        0.9058676362037659,
        0.905864953994751,
        0.9058627486228943,
        0.9058610200881958,
        0.9058594703674316,
        0.9058581590652466,
        0.9058570265769958,
        0.9058559536933899,
        0.9058550000190735,
        0.9058540463447571,
        0.9058531522750854,
        0.905852198600769,
        0.9058516621589661,
        0.9058510661125183,
        0.9058505892753601,
        0.9058502316474915,
        0.905849814414978,
        0.9058494567871094,
        0.9058491587638855,
        0.9058488011360168,
        0.9058485627174377,
        0.9058482646942139,
        0.9058480858802795,
        0.9058477878570557,
        0.905847430229187,
        0.9058470726013184,
        0.9058465957641602,
        0.905846118927002,
        0.9058454036712646,
        0.9058448672294617,
        0.9058442711830139,
        0.9058437943458557,
        0.9058434367179871,
        0.905843198299408,
        0.9058430194854736,
        0.9058429598808289,
        0.9058428406715393,
        0.905842661857605,
        0.905842661857605
    ],
    "l1_regularization": 0.0,
    "l2_regularization": 0.0,
    "random_state": 925206,
    "c1_unique_zones": 2,
    "c2_unique_od_pairs": 0,
    "c1_c2_approach": "percentage",
    "c1_c2_percentage": 0.2
}