{
    "normalized_frobenius_error": 0.874470055103302,
    "masked_rmse": 0.19521118700504303,
    "mean_nonzero_value": 1.5989879369735718,
    "relative_rmse": 0.12208421528339386,
    "explained_variance": 0.2353021502494812,
    "computation_time": 0.39603590965270996,
    "all_factors_non_negative": true,
    "factor_sparsity": [
        "13.29%",
        "18.84%",
        "6.25%"
    ],
    "device": "cpu",
    "best_initialization": "svd",
    "errors_history": [
        0.9439990520477295,
        0.9333256483078003,
        0.9237239360809326,
        0.9143797159194946,
        0.9053573608398438,
        0.8979378938674927,
        0.8921620845794678,
        0.8879468441009521,
        0.8850044012069702,
        0.8829585909843445,
        0.8815233707427979,
        0.8804967403411865,
        0.8797378540039062,
        0.8791559934616089,
        0.8786960244178772,
        0.8783243894577026,
        0.8780171871185303,
        0.87776118516922,
        0.8775465488433838,
        0.8773635625839233,
        0.8772056102752686,
        0.8770656585693359,
        0.8769401907920837,
        0.8768245577812195,
        0.8767164349555969,
        0.8766140341758728,
        0.8765153288841248,
        0.8764185905456543,
        0.876323938369751,
        0.8762309551239014,
        0.8761398196220398,
        0.8760502338409424,
        0.8759636282920837,
        0.8758794665336609,
        0.8757995367050171,
        0.8757234811782837,
        0.8756524920463562,
        0.875585675239563,
        0.8755249977111816,
        0.8754695057868958,
        0.8754185438156128,
        0.8753722310066223,
        0.8753306865692139,
        0.8752927780151367,
        0.8752585649490356,
        0.8752273321151733,
        0.8751986622810364,
        0.8751720190048218,
        0.8751471638679504,
        0.8751237392425537,
        0.8751021027565002,
        0.8750807642936707,
        0.8750601410865784,
        0.8750402927398682,
        0.8750203847885132,
        0.8750016093254089,
        0.8749827742576599,
        0.8749643564224243,
        0.8749457597732544,
        0.8749282956123352,
        0.874910295009613,
        0.8748931884765625,
        0.8748762011528015,
        0.8748598098754883,
        0.8748434782028198,
        0.8748278021812439,
        0.8748127222061157,
        0.8747985363006592,
        0.8747848868370056,
        0.8747720718383789,
        0.8747600317001343,
        0.8747490048408508,
        0.8747383952140808,
        0.874728798866272,
        0.8747199177742004,
        0.874711811542511,
        0.8747045397758484,
        0.8746972680091858,
        0.8746906518936157,
        0.8746846318244934,
        0.8746792674064636,
        0.8746737837791443,
        0.8746690154075623,
        0.8746640086174011,
        0.8746599555015564,
        0.8746556639671326,
        0.8746517300605774,
        0.8746480345726013,
        0.8746444582939148,
        0.8746410608291626,
        0.8746379017829895,
        0.8746344447135925,
        0.8746315240859985,
        0.874628484249115,
        0.874625563621521,
        0.8746227025985718,
        0.8746200799942017,
        0.8746176958084106,
        0.8746147155761719,
        0.8746123909950256,
        0.8746097087860107,
        0.8746071457862854,
        0.8746047616004944,
        0.874602198600769,
        0.8745995759963989,
        0.8745973706245422,
        0.874595046043396,
        0.8745924234390259,
        0.8745900988578796,
        0.8745876550674438,
        0.8745852112770081,
        0.8745831251144409,
        0.8745808005332947,
        0.8745785355567932,
        0.8745760917663574,
        0.8745738863945007,
        0.874571681022644,
        0.8745692372322083,
        0.8745672106742859,
        0.8745653033256531,
        0.8745630979537964,
        0.874561071395874,
        0.8745593428611755,
        0.874557614326477,
        0.8745558261871338,
        0.8745539784431458,
        0.8745522499084473,
        0.8745505213737488,
        0.8745493292808533,
        0.8745478987693787,
        0.8745467066764832,
        0.8745455145835876,
        0.8745442628860474,
        0.8745429515838623,
        0.8745418190956116,
        0.8745409250259399,
        0.874539852142334,
        0.8745388984680176,
        0.8745381236076355,
        0.8745372891426086,
        0.874536395072937,
        0.8745353817939758,
        0.874534547328949,
        0.8745339512825012,
        0.874533474445343,
        0.8745327591896057,
        0.874532163143158,
        0.8745314478874207,
        0.8745308518409729,
        0.8745301961898804,
        0.8745297193527222,
        0.8745290040969849,
        0.874528706073761,
        0.874528169631958,
        0.8745273947715759,
        0.8745267987251282,
        0.8745262026786804,
        0.8745255470275879,
        0.8745248317718506,
        0.8745241761207581,
        0.8745235204696655,
        0.8745229244232178,
        0.87452232837677,
        0.8745217323303223,
        0.8745211958885193,
        0.8745205402374268,
        0.8745198845863342,
        0.8745195269584656,
        0.8745185732841492,
        0.8745175004005432,
        0.8745169639587402,
        0.874515950679779,
        0.8745153546333313,
        0.8745142221450806,
        0.8745130300521851,
        0.8745121359825134,
        0.8745105862617493,
        0.8745096921920776,
        0.8745085000991821,
        0.8745072484016418,
        0.8745059370994568,
        0.8745044469833374,
        0.8745031356811523,
        0.8745018839836121,
        0.8745002746582031,
        0.8744992017745972,
        0.8744977712631226,
        0.8744966387748718,
        0.8744954466819763,
        0.8744940161705017,
        0.874492883682251,
        0.8744916915893555,
        0.8744907975196838,
        0.8744895458221436,
        0.874488890171051,
        0.8744882345199585,
        0.8744872212409973,
        0.8744863271713257,
        0.874485433101654,
        0.8744847178459167,
        0.8744838237762451,
        0.8744826912879944,
        0.874482274055481,
        0.8744815587997437,
        0.8744810819625854,
        0.8744803667068481,
        0.8744798898696899,
        0.8744792342185974,
        0.8744785785675049,
        0.8744784593582153,
        0.8744781613349915,
        0.874477744102478,
        0.8744772672653198,
        0.8744769096374512,
        0.8744762539863586,
        0.8744760155677795,
        0.8744758367538452,
        0.8744753003120422,
        0.8744750022888184,
        0.8744747042655945,
        0.8744744062423706,
        0.8744739890098572,
        0.8744736909866333,
        0.8744733929634094,
        0.8744732141494751,
        0.8744730949401855,
        0.8744726777076721,
        0.8744724988937378,
        0.8744722008705139,
        0.87447190284729,
        0.8744716048240662,
        0.8744714856147766,
        0.8744713664054871,
        0.8744709491729736,
        0.8744708895683289,
        0.8744704723358154,
        0.8744703531265259,
        0.874470055103302,
        0.874470055103302
    ],
    "ranks": {
        "origin": 6,
        "destination": 6,
        "time": 4
    }
}