{
    "normalized_frobenius_error": 0.8749380111694336,
    "masked_rmse": 0.19531305134296417,
    "mean_nonzero_value": 1.5989879369735718,
    "relative_rmse": 0.12214791774749756,
    "explained_variance": 0.234483540058136,
    "computation_time": 0.9438431262969971,
    "all_factors_non_negative": true,
    "factor_sparsity": [
        "19.32%",
        "26.81%",
        "14.58%"
    ],
    "device": "mps",
    "best_initialization": "random",
    "errors_history": [
        0.9551270604133606,
        0.932314932346344,
        0.9102795124053955,
        0.8953103423118591,
        0.8874965906143188,
        0.8835824131965637,
        0.8813812136650085,
        0.8797531127929688,
        0.8783600330352783,
        0.8772528171539307,
        0.8764814734458923,
        0.875993549823761,
        0.8756970763206482,
        0.8755126595497131,
        0.8753864765167236,
        0.8752971291542053,
        0.875237762928009,
        0.8751971125602722,
        0.8751673102378845,
        0.8751435279846191,
        0.8751235008239746,
        0.8751064538955688,
        0.8750907778739929,
        0.8750753998756409,
        0.8750602006912231,
        0.8750454783439636,
        0.8750320076942444,
        0.8750202655792236,
        0.8750105500221252,
        0.8750025033950806,
        0.8749960064888,
        0.8749906420707703,
        0.8749861121177673,
        0.8749822974205017,
        0.8749788403511047,
        0.8749759197235107,
        0.8749732971191406,
        0.8749710321426392,
        0.874968945980072,
        0.874967098236084,
        0.8749653697013855,
        0.8749637603759766,
        0.8749622702598572,
        0.8749609589576721,
        0.8749596476554871,
        0.8749586343765259,
        0.8749573826789856,
        0.8749563097953796,
        0.8749552965164185,
        0.8749542832374573,
        0.8749533295631409,
        0.8749524354934692,
        0.8749516606330872,
        0.8749508261680603,
        0.874950110912323,
        0.8749493360519409,
        0.8749486207962036,
        0.8749479055404663,
        0.8749473094940186,
        0.8749465942382812,
        0.8749461770057678,
        0.8749454617500305,
        0.8749449849128723,
        0.8749444484710693,
        0.8749438524246216,
        0.8749434351921082,
        0.8749430179595947,
        0.8749426603317261,
        0.8749422430992126,
        0.8749419450759888,
        0.8749416470527649,
        0.874941349029541,
        0.8749409914016724,
        0.8749406933784485,
        0.8749405145645142,
        0.8749402165412903,
        0.8749399781227112,
        0.8749397993087769,
        0.8749396204948425,
        0.8749393820762634,
        0.8749393224716187,
        0.8749390840530396,
        0.8749389052391052,
        0.8749386668205261,
        0.8749386072158813,
        0.8749384880065918,
        0.8749383687973022,
        0.8749383091926575,
        0.8749380707740784,
        0.8749380111694336,
        0.8749380111694336
    ],
    "l1_regularization": 0.0,
    "l2_regularization": 0.0,
    "random_state": 640314,
    "c1_unique_zones": 2,
    "c2_unique_od_pairs": 0,
    "c1_c2_approach": "percentage",
    "c1_c2_percentage": 0.2
}