{
    "normalized_frobenius_error": 0.8781768679618835,
    "masked_rmse": 0.19603607058525085,
    "mean_nonzero_value": 1.5989879369735718,
    "relative_rmse": 0.12260009348392487,
    "explained_variance": 0.22880542278289795,
    "computation_time": 0.9063730239868164,
    "all_factors_non_negative": true,
    "factor_sparsity": [
        "31.88%",
        "38.65%",
        "20.14%"
    ],
    "device": "mps",
    "best_initialization": "random",
    "errors_history": [
        0.9513503313064575,
        0.9291834235191345,
        0.9196628928184509,
        0.9120336771011353,
        0.9036539196968079,
        0.8952986001968384,
        0.8889598846435547,
        0.8851433396339417,
        0.8831037878990173,
        0.8820422887802124,
        0.8814177513122559,
        0.8808919787406921,
        0.880460262298584,
        0.8800789713859558,
        0.879752516746521,
        0.8795013427734375,
        0.8793244957923889,
        0.8792024850845337,
        0.879113495349884,
        0.879043459892273,
        0.8789870142936707,
        0.8789414167404175,
        0.8789063096046448,
        0.8788793087005615,
        0.8788574934005737,
        0.8788391947746277,
        0.8788231015205383,
        0.8788086771965027,
        0.8787954449653625,
        0.8787829875946045,
        0.8787707686424255,
        0.8787581324577332,
        0.8787447810173035,
        0.878731906414032,
        0.8787205219268799,
        0.8787103891372681,
        0.8787009716033936,
        0.8786922097206116,
        0.8786839842796326,
        0.8786762356758118,
        0.8786686062812805,
        0.8786611557006836,
        0.8786535859107971,
        0.878646194934845,
        0.878639280796051,
        0.878632664680481,
        0.8786261677742004,
        0.8786196708679199,
        0.8786135315895081,
        0.8786072731018066,
        0.8786011934280396,
        0.878595232963562,
        0.8785891532897949,
        0.8785833120346069,
        0.8785772323608398,
        0.8785713911056519,
        0.8785653710365295,
        0.8785595297813416,
        0.878553569316864,
        0.878547728061676,
        0.8785417675971985,
        0.8785357475280762,
        0.8785297274589539,
        0.8785237669944763,
        0.8785176873207092,
        0.8785116076469421,
        0.8785053491592407,
        0.8784992694854736,
        0.8784931302070618,
        0.8784869313240051,
        0.8784809708595276,
        0.87847501039505,
        0.8784692287445068,
        0.8784633874893188,
        0.8784575462341309,
        0.8784515261650085,
        0.8784456849098206,
        0.8784394264221191,
        0.8784329295158386,
        0.8784260749816895,
        0.8784189820289612,
        0.878411591053009,
        0.8784043192863464,
        0.8783972859382629,
        0.8783904910087585,
        0.8783842921257019,
        0.8783784508705139,
        0.8783730864524841,
        0.8783678412437439,
        0.8783630132675171,
        0.8783581256866455,
        0.8783535957336426,
        0.8783491253852844,
        0.8783446550369263,
        0.8783404231071472,
        0.8783361911773682,
        0.8783320188522339,
        0.8783280253410339,
        0.8783239722251892,
        0.8783200979232788,
        0.8783164024353027,
        0.8783126473426819,
        0.8783090710639954,
        0.8783056735992432,
        0.8783023357391357,
        0.8782990574836731,
        0.8782960772514343,
        0.8782930374145508,
        0.8782901763916016,
        0.8782875537872314,
        0.8782848119735718,
        0.8782820701599121,
        0.8782793879508972,
        0.8782766461372375,
        0.8782740235328674,
        0.8782715797424316,
        0.8782692551612854,
        0.8782671093940735,
        0.8782650828361511,
        0.8782632946968079,
        0.878261387348175,
        0.8782596588134766,
        0.8782581090927124,
        0.8782564997673035,
        0.8782550096511841,
        0.8782534599304199,
        0.8782520890235901,
        0.878250777721405,
        0.8782493472099304,
        0.8782480359077454,
        0.8782467246055603,
        0.87824547290802,
        0.878244161605835,
        0.878243088722229,
        0.8782418370246887,
        0.8782407641410828,
        0.8782397508621216,
        0.8782386183738708,
        0.8782376050949097,
        0.878236711025238,
        0.8782355785369873,
        0.8782345652580261,
        0.8782335519790649,
        0.8782322406768799,
        0.8782307505607605,
        0.8782288432121277,
        0.8782261610031128,
        0.8782230615615845,
        0.8782198429107666,
        0.8782169818878174,
        0.8782147765159607,
        0.8782130479812622,
        0.8782116174697876,
        0.8782104849815369,
        0.8782094120979309,
        0.8782083988189697,
        0.8782073855400085,
        0.8782065510749817,
        0.8782056570053101,
        0.878204882144928,
        0.8782041668891907,
        0.8782034516334534,
        0.8782027363777161,
        0.8782019019126892,
        0.8782013058662415,
        0.8782007098197937,
        0.878200113773346,
        0.878199577331543,
        0.8781989812850952,
        0.878198504447937,
        0.878197968006134,
        0.8781975507736206,
        0.8781970739364624,
        0.878196656703949,
        0.8781962394714355,
        0.8781959414482117,
        0.8781955242156982,
        0.8781951665878296,
        0.8781948685646057,
        0.8781944513320923,
        0.8781940340995789,
        0.8781935572624207,
        0.8781927227973938,
        0.8781908750534058,
        0.8781885504722595,
        0.8781871795654297,
        0.8781865239143372,
        0.878186047077179,
        0.8781855702400208,
        0.8781850337982178,
        0.8781846165657043,
        0.8781841993331909,
        0.878183901309967,
        0.8781835436820984,
        0.878183126449585,
        0.8781827092170715,
        0.8781824111938477,
        0.8781818747520447,
        0.8781815767288208,
        0.8781812191009521,
        0.878180980682373,
        0.8781806826591492,
        0.8781805038452148,
        0.878180205821991,
        0.8781800866127014,
        0.8781799077987671,
        0.878179669380188,
        0.8781794905662537,
        0.8781792521476746,
        0.8781790733337402,
        0.8781788945198059,
        0.8781787753105164,
        0.8781785368919373,
        0.8781784772872925,
        0.8781783580780029,
        0.8781782388687134,
        0.878178060054779,
        0.8781779408454895,
        0.8781778812408447,
        0.8781776428222656,
        0.8781775832176208,
        0.8781774640083313,
        0.8781773447990417,
        0.8781772255897522,
        0.8781771659851074,
        0.8781770467758179,
        0.8781769275665283,
        0.8781768679618835,
        0.8781768679618835
    ],
    "l1_regularization": 0.0,
    "l2_regularization": 0.0,
    "random_state": 859799,
    "c1_unique_zones": 2,
    "c2_unique_od_pairs": 0,
    "c1_c2_approach": "percentage",
    "c1_c2_percentage": 0.2
}