{
    "normalized_frobenius_error": 0.9040443897247314,
    "masked_rmse": 0.11860901117324829,
    "mean_nonzero_value": 1.3623639345169067,
    "relative_rmse": 0.08706118166446686,
    "explained_variance": 0.18270379304885864,
    "computation_time": 0.87322998046875,
    "all_factors_non_negative": true,
    "factor_sparsity": [
        "50.81%",
        "49.19%",
        "36.11%"
    ],
    "device": "mps",
    "best_initialization": "random",
    "errors_history": [
        0.9724439978599548,
        0.9567546844482422,
        0.9414337873458862,
        0.9311874508857727,
        0.9249668121337891,
        0.9199839234352112,
        0.9159220457077026,
        0.9122117757797241,
        0.9094812273979187,
        0.9081847071647644,
        0.9076108336448669,
        0.9072739481925964,
        0.907024085521698,
        0.9068095088005066,
        0.9066122174263,
        0.9064221978187561,
        0.9062142372131348,
        0.9059849977493286,
        0.9057493209838867,
        0.9055296182632446,
        0.905345618724823,
        0.9052031636238098,
        0.9050944447517395,
        0.9049897193908691,
        0.9048841595649719,
        0.9048153162002563,
        0.9047607183456421,
        0.9047144055366516,
        0.9046742916107178,
        0.9046377539634705,
        0.9046024084091187,
        0.9045684337615967,
        0.904538094997406,
        0.9045125246047974,
        0.9044913649559021,
        0.9044737219810486,
        0.9044586420059204,
        0.9044455289840698,
        0.9044341444969177,
        0.9044244289398193,
        0.9044161438941956,
        0.9044090509414673,
        0.9044027924537659,
        0.904397189617157,
        0.904391884803772,
        0.9043869376182556,
        0.9043817520141602,
        0.9043757319450378,
        0.90436851978302,
        0.904362142086029,
        0.9043578505516052,
        0.9043548703193665,
        0.9043525457382202,
        0.9043505191802979,
        0.9043487310409546,
        0.9043470025062561,
        0.9043453931808472,
        0.9043435454368591,
        0.9043415784835815,
        0.9043393731117249,
        0.9043367505073547,
        0.9043342471122742,
        0.904332160949707,
        0.9043305516242981,
        0.9043292999267578,
        0.9043282270431519,
        0.904327392578125,
        0.9043264985084534,
        0.9043258428573608,
        0.9043251872062683,
        0.9043245315551758,
        0.904323935508728,
        0.9043233394622803,
        0.9043228030204773,
        0.9043222069740295,
        0.9043217301368713,
        0.9043212532997131,
        0.9043207764625549,
        0.9043204188346863,
        0.9043200016021729,
        0.9043196439743042,
        0.9043193459510803,
        0.9043190479278564,
        0.9043186902999878,
        0.9043182730674744,
        0.9043176174163818,
        0.9043160080909729,
        0.9043120741844177,
        0.9043028950691223,
        0.9042882323265076,
        0.9042752981185913,
        0.9042683839797974,
        0.9042645692825317,
        0.9042618274688721,
        0.9042593240737915,
        0.9042569398880005,
        0.9042545557022095,
        0.9042521119117737,
        0.9042497277259827,
        0.9042473435401917,
        0.9042450785636902,
        0.9042428731918335,
        0.9042405486106873,
        0.9042383432388306,
        0.9042362570762634,
        0.9042339324951172,
        0.90423184633255,
        0.9042296409606934,
        0.9042273759841919,
        0.9042251706123352,
        0.9042226672172546,
        0.9042195081710815,
        0.9042140245437622,
        0.9042056202888489,
        0.9041983485221863,
        0.9041940569877625,
        0.9041907787322998,
        0.9041877388954163,
        0.9041845798492432,
        0.9041815996170044,
        0.9041785001754761,
        0.9041756391525269,
        0.9041726589202881,
        0.9041699171066284,
        0.904167115688324,
        0.9041645526885986,
        0.9041619896888733,
        0.9041595458984375,
        0.9041571021080017,
        0.904154896736145,
        0.9041528701782227,
        0.9041507840156555,
        0.9041489362716675,
        0.9041471481323242,
        0.9041454792022705,
        0.9041439890861511,
        0.9041425585746765,
        0.9041413068771362,
        0.904140055179596,
        0.90413898229599,
        0.9041380286216736,
        0.9041370749473572,
        0.9041362404823303,
        0.9041354656219482,
        0.9041347503662109,
        0.904134213924408,
        0.9041336178779602,
        0.904133141040802,
        0.9041326642036438,
        0.9041323065757751,
        0.9041318893432617,
        0.9041315317153931,
        0.9041312336921692,
        0.9041308760643005,
        0.9041305780410767,
        0.9041301608085632,
        0.9041299223899841,
        0.9041289687156677,
        0.9041266441345215,
        0.9041206240653992,
        0.904107391834259,
        0.9040898084640503,
        0.9040778279304504,
        0.904072105884552,
        0.9040688276290894,
        0.9040665030479431,
        0.9040647149085999,
        0.9040631651878357,
        0.9040619134902954,
        0.9040609002113342,
        0.9040599465370178,
        0.9040591716766357,
        0.9040584564208984,
        0.9040578007698059,
        0.9040573239326477,
        0.9040567874908447,
        0.9040558934211731,
        0.9040546417236328,
        0.9040522575378418,
        0.9040494561195374,
        0.9040477871894836,
        0.9040468335151672,
        0.904045820236206,
        0.9040452837944031,
        0.9040449857711792,
        0.9040448665618896,
        0.9040446877479553,
        0.9040446281433105,
        0.9040443897247314,
        0.9040443897247314
    ],
    "l1_regularization": 0.0,
    "l2_regularization": 0.0,
    "random_state": 310643,
    "c1_unique_zones": 2,
    "c2_unique_od_pairs": 0,
    "c1_c2_approach": "percentage",
    "c1_c2_percentage": 0.2
}