{
    "normalized_frobenius_error": 0.8937637209892273,
    "masked_rmse": 0.11726019531488419,
    "mean_nonzero_value": 1.3623639345169067,
    "relative_rmse": 0.08607112616300583,
    "explained_variance": 0.2011864185333252,
    "computation_time": 0.7334690093994141,
    "all_factors_non_negative": true,
    "factor_sparsity": [
        "32.26%",
        "29.49%",
        "19.64%"
    ],
    "device": "mps",
    "best_initialization": "random",
    "errors_history": [
        0.9734202027320862,
        0.9544509649276733,
        0.9275549054145813,
        0.9090213775634766,
        0.8997994065284729,
        0.8967355489730835,
        0.8954738974571228,
        0.8947716355323792,
        0.894391655921936,
        0.8941699862480164,
        0.8940280079841614,
        0.8939359188079834,
        0.8938815593719482,
        0.8938481211662292,
        0.8938260078430176,
        0.8938106894493103,
        0.8938008546829224,
        0.8937936425209045,
        0.8937879204750061,
        0.8937839865684509,
        0.8937811255455017,
        0.8937786221504211,
        0.8937766551971436,
        0.8937749266624451,
        0.8937733769416809,
        0.8937720060348511,
        0.8937709927558899,
        0.8937700390815735,
        0.8937692642211914,
        0.8937686085700989,
        0.8937681317329407,
        0.8937676548957825,
        0.8937671780586243,
        0.8937667608261108,
        0.8937664031982422,
        0.8937661051750183,
        0.893765926361084,
        0.8937655091285706,
        0.8937654495239258,
        0.8937651515007019,
        0.8937650322914124,
        0.893764853477478,
        0.8937646746635437,
        0.8937644958496094,
        0.8937643766403198,
        0.8937641978263855,
        0.893764078617096,
        0.8937640190124512,
        0.8937638998031616,
        0.8937637805938721,
        0.8937637209892273,
        0.8937637209892273
    ],
    "l1_regularization": 0.0,
    "l2_regularization": 0.0,
    "random_state": 358910,
    "c1_unique_zones": 2,
    "c2_unique_od_pairs": 0,
    "c1_c2_approach": "percentage",
    "c1_c2_percentage": 0.2
}