{
    "normalized_frobenius_error": 0.9451575875282288,
    "masked_rmse": 0.12400297820568085,
    "mean_nonzero_value": 1.3623639345169067,
    "relative_rmse": 0.09102044999599457,
    "explained_variance": 0.10667717456817627,
    "computation_time": 1.1995131969451904,
    "all_factors_non_negative": true,
    "factor_sparsity": [
        "36.02%",
        "38.17%",
        "16.67%"
    ],
    "device": "mps",
    "best_initialization": "random",
    "errors_history": [
        0.9776937961578369,
        0.970697820186615,
        0.9672120213508606,
        0.9625310897827148,
        0.9566887617111206,
        0.9521472454071045,
        0.9494105577468872,
        0.94785475730896,
        0.9469382166862488,
        0.946444034576416,
        0.9461758136749268,
        0.9460073113441467,
        0.9458886384963989,
        0.9458017945289612,
        0.945734977722168,
        0.9456769824028015,
        0.9456408023834229,
        0.9456144571304321,
        0.9455951452255249,
        0.9455806016921997,
        0.9455682635307312,
        0.9455604553222656,
        0.9455550312995911,
        0.9455512762069702,
        0.9455485939979553,
        0.9455466866493225,
        0.9455453753471375,
        0.945544421672821,
        0.945543646812439,
        0.9455430507659912,
        0.945542573928833,
        0.9455420970916748,
        0.9455417394638062,
        0.9455413222312927,
        0.9455410242080688,
        0.9455407857894897,
        0.9455404877662659,
        0.945540189743042,
        0.9455400109291077,
        0.9455397129058838,
        0.9455394148826599,
        0.945539116859436,
        0.9455388784408569,
        0.9455384612083435,
        0.9455381631851196,
        0.9455378651618958,
        0.9455376863479614,
        0.9455375075340271,
        0.9455373287200928,
        0.9455372095108032,
        0.9455370306968689,
        0.9455368518829346,
        0.945536732673645,
        0.9455365538597107,
        0.9455364346504211,
        0.9455362558364868,
        0.945536196231842,
        0.9455360770225525,
        0.9455358982086182,
        0.9455357789993286,
        0.9455357193946838,
        0.9455356001853943,
        0.94553542137146,
        0.9455353021621704,
        0.9455351829528809,
        0.9455351233482361,
        0.9455349445343018,
        0.9455347061157227,
        0.9455346465110779,
        0.9455345273017883,
        0.9455344676971436,
        0.9455342292785645,
        0.9455341696739197,
        0.9455340504646301,
        0.9455339908599854,
        0.9455338716506958,
        0.9455336928367615,
        0.9455335140228271,
        0.9455333948135376,
        0.945533275604248,
        0.9455332159996033,
        0.945533037185669,
        0.9455329179763794,
        0.9455327391624451,
        0.9455326199531555,
        0.9455324411392212,
        0.9455322623252869,
        0.9455321431159973,
        0.945531964302063,
        0.9455317854881287,
        0.9455314874649048,
        0.9455313086509705,
        0.9455310702323914,
        0.945530891418457,
        0.9455307126045227,
        0.9455305337905884,
        0.9455302357673645,
        0.9455300569534302,
        0.9455298781394958,
        0.9455296397209167,
        0.9455294013023376,
        0.9455291628837585,
        0.9455288648605347,
        0.9455286264419556,
        0.9455283284187317,
        0.9455280303955078,
        0.9455277323722839,
        0.9455274343490601,
        0.945527195930481,
        0.9455267786979675,
        0.9455264210700989,
        0.9455260038375854,
        0.9455256462097168,
        0.9455251693725586,
        0.9455247521400452,
        0.945524275302887,
        0.9455237984657288,
        0.9455232620239258,
        0.945522665977478,
        0.9455220699310303,
        0.945521354675293,
        0.9455206394195557,
        0.9455199837684631,
        0.9455191493034363,
        0.9455182552337646,
        0.9455174207687378,
        0.9455164670944214,
        0.9455153942108154,
        0.9455143213272095,
        0.9455130696296692,
        0.9455118775367737,
        0.9455104470252991,
        0.9455088973045349,
        0.945507287979126,
        0.9455054402351379,
        0.9455035924911499,
        0.9455016255378723,
        0.9454993009567261,
        0.9454967975616455,
        0.9454941153526306,
        0.945491373538971,
        0.9454882144927979,
        0.9454847574234009,
        0.94548100233078,
        0.9454770088195801,
        0.9454727172851562,
        0.9454678893089294,
        0.9454628229141235,
        0.9454572796821594,
        0.9454512596130371,
        0.9454448223114014,
        0.9454379677772522,
        0.9454305768013,
        0.9454226493835449,
        0.9454140067100525,
        0.9454044699668884,
        0.9453931450843811,
        0.9453800320625305,
        0.9453664422035217,
        0.9453538060188293,
        0.9453417658805847,
        0.9453296065330505,
        0.9453174471855164,
        0.945305347442627,
        0.9452936053276062,
        0.9452822208404541,
        0.9452711939811707,
        0.9452608823776245,
        0.9452511668205261,
        0.9452419281005859,
        0.9452307820320129,
        0.9452131986618042,
        0.9452031254768372,
        0.9451959729194641,
        0.9451900124549866,
        0.9451847672462463,
        0.945180356502533,
        0.9451765418052673,
        0.9451732635498047,
        0.9451697468757629,
        0.94516521692276,
        0.9451630115509033,
        0.9451617002487183,
        0.9451606273651123,
        0.9451597929000854,
        0.9451591968536377,
        0.945158839225769,
        0.9451585412025452,
        0.9451582431793213,
        0.945158064365387,
        0.9451578855514526,
        0.9451576471328735,
        0.9451575875282288,
        0.9451575875282288
    ],
    "l1_regularization": 0.0,
    "l2_regularization": 0.0,
    "random_state": 145016,
    "c1_unique_zones": 3,
    "c2_unique_od_pairs": 1,
    "c1_c2_approach": "percentage",
    "c1_c2_percentage": 0.2
}