{
    "normalized_frobenius_error": 0.9307119846343994,
    "masked_rmse": 0.12210772931575775,
    "mean_nonzero_value": 1.3623639345169067,
    "relative_rmse": 0.08962929993867874,
    "explained_variance": 0.1337752342224121,
    "computation_time": 0.5356059074401855,
    "all_factors_non_negative": true,
    "factor_sparsity": [
        "38.71%",
        "37.50%",
        "19.79%"
    ],
    "device": "mps",
    "best_initialization": "random",
    "errors_history": [
        0.9711803793907166,
        0.9575388431549072,
        0.9481253027915955,
        0.9426397681236267,
        0.938580334186554,
        0.9355876445770264,
        0.9341243505477905,
        0.9335157871246338,
        0.9331525564193726,
        0.9328510761260986,
        0.9326002597808838,
        0.9323735237121582,
        0.9321575164794922,
        0.931952953338623,
        0.9317629337310791,
        0.9315894842147827,
        0.9314233064651489,
        0.9312735795974731,
        0.9311654567718506,
        0.9310798645019531,
        0.9310075044631958,
        0.9309560060501099,
        0.9309201836585999,
        0.9308927059173584,
        0.9308704137802124,
        0.9308515191078186,
        0.9308348894119263,
        0.9308199286460876,
        0.9308061599731445,
        0.9307934045791626,
        0.9307817816734314,
        0.9307711124420166,
        0.9307615756988525,
        0.9307529330253601,
        0.9307454824447632,
        0.9307390451431274,
        0.9307337999343872,
        0.9307295083999634,
        0.9307261109352112,
        0.9307235479354858,
        0.9307215213775635,
        0.9307202100753784,
        0.9307191371917725,
        0.9307184815406799,
        0.9307178854942322,
        0.9307173490524292,
        0.9307170510292053,
        0.9307166337966919,
        0.9307162761688232,
        0.9307159781455994,
        0.9307156801223755,
        0.9307154417037964,
        0.9307151436805725,
        0.9307149648666382,
        0.9307146668434143,
        0.9307143688201904,
        0.9307141900062561,
        0.930713951587677,
        0.9307137727737427,
        0.9307134747505188,
        0.9307131171226501,
        0.9307128190994263,
        0.9307125210762024,
        0.9307122826576233,
        0.9307120442390442,
        0.9307119846343994,
        0.9307118654251099,
        0.9307118654251099
    ],
    "l1_regularization": 0.0,
    "l2_regularization": 0.0,
    "random_state": 197122,
    "c1_unique_zones": 3,
    "c2_unique_od_pairs": 1,
    "c1_c2_approach": "percentage",
    "c1_c2_percentage": 0.2
}