{
    "normalized_frobenius_error": 0.92759770154953,
    "masked_rmse": 0.12170031666755676,
    "mean_nonzero_value": 1.3623639345169067,
    "relative_rmse": 0.08933025598526001,
    "explained_variance": 0.1395624876022339,
    "computation_time": 0.20320391654968262,
    "all_factors_non_negative": true,
    "factor_sparsity": [
        "19.35%",
        "16.53%",
        "12.50%"
    ],
    "device": "cpu",
    "best_initialization": "random",
    "errors_history": [
        0.9789875149726868,
        0.9757227301597595,
        0.9751163125038147,
        0.9747490882873535,
        0.9743468761444092,
        0.9738132953643799,
        0.9730344414710999,
        0.9717931747436523,
        0.9696667790412903,
        0.9661721587181091,
        0.9616724252700806,
        0.9574167728424072,
        0.953974723815918,
        0.9513220191001892,
        0.9492794871330261,
        0.947643518447876,
        0.946302056312561,
        0.9451855421066284,
        0.9442575573921204,
        0.9434646368026733,
        0.9427470564842224,
        0.9420443177223206,
        0.9412845373153687,
        0.9403938055038452,
        0.939325213432312,
        0.9380960464477539,
        0.9368022084236145,
        0.9355719089508057,
        0.9345404505729675,
        0.9337902665138245,
        0.9332762956619263,
        0.9329034686088562,
        0.9326034188270569,
        0.9323272705078125,
        0.9320401549339294,
        0.9317257404327393,
        0.9314016103744507,
        0.9310966730117798,
        0.9308022260665894,
        0.9305078983306885,
        0.9302128553390503,
        0.9299216270446777,
        0.9296475052833557,
        0.9294065237045288,
        0.9292043447494507,
        0.9290398955345154,
        0.9289071559906006,
        0.9287972450256348,
        0.9287023544311523,
        0.9286245703697205,
        0.9285609126091003,
        0.9285069704055786,
        0.9284605383872986,
        0.9284194111824036,
        0.928382158279419,
        0.9283472895622253,
        0.9283130764961243,
        0.9282785654067993,
        0.9282440543174744,
        0.9282095432281494,
        0.928176760673523,
        0.9281470775604248,
        0.9281213879585266,
        0.9280987977981567,
        0.92807936668396,
        0.9280615448951721,
        0.9280439615249634,
        0.9280272126197815,
        0.9280112385749817,
        0.9279963970184326,
        0.9279834628105164,
        0.9279727339744568,
        0.9279632568359375,
        0.9279556274414062,
        0.9279488921165466,
        0.9279427528381348,
        0.9279373288154602,
        0.9279320240020752,
        0.9279258251190186,
        0.9279175996780396,
        0.9279056191444397,
        0.9278918504714966,
        0.9278815984725952,
        0.9278749823570251,
        0.9278699159622192,
        0.9278656244277954,
        0.9278613924980164,
        0.9278572797775269,
        0.9278528690338135,
        0.9278477430343628,
        0.9278396964073181,
        0.9278265833854675,
        0.927807629108429,
        0.9277887344360352,
        0.9277757406234741,
        0.9277666211128235,
        0.9277595281600952,
        0.9277531504631042,
        0.9277470111846924,
        0.9277408123016357,
        0.9277350306510925,
        0.9277294874191284,
        0.9277239441871643,
        0.9277189373970032,
        0.9277138710021973,
        0.9277098774909973,
        0.9277060627937317,
        0.9277023077011108,
        0.9276989698410034,
        0.9276959896087646,
        0.9276931881904602,
        0.9276908040046692,
        0.9276882410049438,
        0.9276858568191528,
        0.9276838302612305,
        0.9276819229125977,
        0.9276798963546753,
        0.9276782870292664,
        0.9276768565177917,
        0.9276753067970276,
        0.9276736974716187,
        0.9276723265647888,
        0.9276710748672485,
        0.9276695847511292,
        0.9276682138442993,
        0.9276667237281799,
        0.9276652336120605,
        0.9276638031005859,
        0.927662193775177,
        0.9276609420776367,
        0.9276595115661621,
        0.9276582598686218,
        0.9276569485664368,
        0.9276561737060547,
        0.9276552200317383,
        0.9276541471481323,
        0.9276533722877502,
        0.9276524186134338,
        0.9276517629623413,
        0.9276509284973145,
        0.9276502132415771,
        0.9276496767997742,
        0.927649199962616,
        0.9276486039161682,
        0.9276478290557861,
        0.9276472926139832,
        0.9276466965675354,
        0.927646279335022,
        0.927645742893219,
        0.9276450872421265,
        0.927644670009613,
        0.9276441335678101,
        0.9276435375213623,
        0.9276431202888489,
        0.9276428818702698,
        0.927642285823822,
        0.9276416301727295,
        0.9276414513587952,
        0.9276406764984131,
        0.9276401996612549,
        0.9276397824287415,
        0.9276394844055176,
        0.9276390075683594,
        0.9276386499404907,
        0.927638053894043,
        0.92763751745224,
        0.9276370406150818,
        0.9276367425918579,
        0.927636444568634,
        0.9276359677314758,
        0.9276357889175415,
        0.9276353716850281,
        0.9276350140571594,
        0.9276347160339355,
        0.9276344180107117,
        0.9276339411735535,
        0.9276336431503296,
        0.9276334643363953,
        0.9276331067085266,
        0.9276328086853027,
        0.9276326298713684,
        0.927632212638855,
        0.9276317358016968,
        0.9276313781738281,
        0.9276310801506042,
        0.9276304841041565,
        0.9276302456855774,
        0.9276299476623535,
        0.9276297688484192,
        0.9276293516159058,
        0.9276291728019714,
        0.9276288151741028,
        0.9276285767555237,
        0.9276283979415894,
        0.9276280999183655,
        0.9276278614997864,
        0.9276275634765625,
        0.9276273250579834,
        0.9276270866394043,
        0.9276268482208252,
        0.9276266694068909,
        0.927626371383667,
        0.9276260137557983,
        0.9276257157325745,
        0.9276253581047058,
        0.9276252388954163,
        0.9276249408721924,
        0.9276247620582581,
        0.9276247024536133,
        0.9276244044303894,
        0.9276241660118103,
        0.927623987197876,
        0.9276239275932312,
        0.9276235103607178,
        0.9276232123374939,
        0.9276228547096252,
        0.9276225566864014,
        0.9276221990585327,
        0.9276219010353088,
        0.9276217818260193,
        0.9276215434074402,
        0.9276211261749268,
        0.9276209473609924,
        0.927620530128479,
        0.9276203513145447,
        0.9276200532913208,
        0.9276198148727417,
        0.9276193976402283,
        0.9276190400123596,
        0.9276188611984253,
        0.9276184439659119,
        0.927618145942688,
        0.9276178479194641,
        0.9276174902915955,
        0.9276171326637268,
        0.9276167154312134,
        0.9276163578033447,
        0.9276159405708313,
        0.9276157021522522,
        0.9276154041290283,
        0.9276151061058044,
        0.9276146292686462,
        0.9276143312454224,
        0.9276138544082642,
        0.9276135563850403,
        0.9276132583618164,
        0.9276127219200134,
        0.9276125431060791,
        0.9276121258735657,
        0.927611768245697,
        0.9276112914085388,
        0.9276109933853149,
        0.9276105761528015,
        0.9276103377342224,
        0.9276098608970642,
        0.9276095628738403,
        0.9276092648506165,
        0.9276087880134583,
        0.9276084899902344,
        0.9276081919670105,
        0.9276077151298523,
        0.9276074171066284,
        0.9276070594787598,
        0.9276067614555359,
        0.9276064038276672,
        0.9276059865951538,
        0.9276057481765747,
        0.9276053309440613,
        0.9276049733161926,
