{
    "normalized_frobenius_error": 0.9053602814674377,
    "masked_rmse": 0.11878164857625961,
    "mean_nonzero_value": 1.3623639345169067,
    "relative_rmse": 0.08718790113925934,
    "explained_variance": 0.1803228259086609,
    "computation_time": 1.678508996963501,
    "all_factors_non_negative": true,
    "factor_sparsity": [
        "40.59%",
        "40.32%",
        "28.47%"
    ],
    "device": "mps",
    "best_initialization": "random",
    "errors_history": [
        0.9734861850738525,
        0.9570943713188171,
        0.9398359060287476,
        0.9250191450119019,
        0.9153148531913757,
        0.91059809923172,
        0.9083318114280701,
        0.9071760177612305,
        0.9064913988113403,
        0.9060876369476318,
        0.9058480262756348,
        0.9056984782218933,
        0.9056065678596497,
        0.9055529832839966,
        0.9055193662643433,
        0.9054953455924988,
        0.9054766893386841,
        0.9054631590843201,
        0.9054544568061829,
        0.905448317527771,
        0.9054438471794128,
        0.9054405689239502,
        0.9054380059242249,
        0.905436098575592,
        0.9054344892501831,
        0.9054330587387085,
        0.9054315686225891,
        0.9054300785064697,
        0.9054285287857056,
        0.9054269194602966,
        0.9054255485534668,
        0.9054245352745056,
        0.9054235816001892,
        0.9054228067398071,
        0.9054220914840698,
        0.9054213762283325,
        0.9054206609725952,
        0.9054200053215027,
        0.9054193496704102,
        0.9054186940193176,
        0.9054179191589355,
        0.905417263507843,
        0.9054165482521057,
        0.9054157733917236,
        0.9054150581359863,
        0.905414342880249,
        0.9054136872291565,
        0.905413031578064,
        0.9054124355316162,
        0.905411958694458,
        0.905411422252655,
        0.9054110050201416,
        0.905410647392273,
        0.9054102301597595,
        0.9054099321365356,
        0.9054097533226013,
        0.9054094552993774,
        0.9054092764854431,
        0.9054090976715088,
        0.9054089188575745,
        0.9054087996482849,
        0.9054086208343506,
        0.9054084420204163,
        0.9054083228111267,
        0.9054081439971924,
        0.9054080247879028,
        0.9054078459739685,
        0.9054077863693237,
        0.9054076671600342,
        0.9054075479507446,
        0.9054073691368103,
        0.905407190322876,
        0.9054070711135864,
        0.9054068922996521,
        0.9054067730903625,
        0.9054067134857178,
        0.9054065346717834,
        0.9054064154624939,
        0.9054062366485596,
        0.9054060578346252,
        0.9054059386253357,
        0.9054058194160461,
        0.9054056406021118,
        0.9054054617881775,
        0.9054053425788879,
        0.9054051637649536,
        0.9054049849510193,
        0.905404806137085,
        0.9054046273231506,
        0.9054045081138611,
        0.9054043292999268,
        0.9054040908813477,
        0.9054039120674133,
        0.905403733253479,
        0.9054035544395447,
        0.9054032564163208,
        0.9054030776023865,
        0.9054029583930969,
        0.905402660369873,
        0.9054024815559387,
        0.9054023027420044,
        0.9054020047187805,
        0.9054018259048462,
        0.9054015278816223,
        0.9054012298583984,
        0.9054010510444641,
        0.9054007530212402,
        0.9054005742073059,
        0.905400276184082,
        0.9053999781608582,
        0.905399739742279,
        0.9053994417190552,
        0.9053991436958313,
        0.905398964881897,
        0.9053985476493835,
        0.9053983092308044,
        0.9053980112075806,
        0.9053975939750671,
        0.9053974151611328,
        0.9053970575332642,
        0.9053966403007507,
        0.9053963422775269,
        0.9053959846496582,
        0.9053956270217896,
        0.9053953886032104,
        0.9053950309753418,
        0.9053946137428284,
        0.9053942561149597,
        0.9053938984870911,
        0.9053936004638672,
        0.9053931832313538,
        0.9053927063941956,
        0.9053924679756165,
        0.905392050743103,
        0.9053915739059448,
        0.9053912162780762,
        0.905390739440918,
        0.9053903222084045,
        0.9053898453712463,
        0.9053893685340881,
        0.9053890109062195,
        0.9053884148597717,
        0.9053880572319031,
        0.9053874611854553,
        0.9053869843482971,
        0.9053865075111389,
        0.9053860306739807,
        0.9053855538368225,
        0.9053850769996643,
        0.9053846001625061,
        0.9053841233253479,
        0.9053836464881897,
        0.9053832292556763,
        0.9053827524185181,
        0.9053822755813599,
        0.9053819179534912,
        0.905381441116333,
        0.9053809642791748,
        0.9053805470466614,
        0.9053801894187927,
        0.9053797125816345,
        0.9053793549537659,
        0.9053789377212524,
        0.9053784608840942,
        0.9053781032562256,
        0.9053776860237122,
        0.9053773283958435,
        0.9053768515586853,
        0.9053765535354614,
        0.9053760766983032,
        0.9053756594657898,
        0.9053753018379211,
        0.9053749442100525,
        0.9053745269775391,
        0.9053741693496704,
        0.905373752117157,
        0.9053732752799988,
        0.9053730368614197,
        0.9053726196289062,
        0.9053722620010376,
        0.9053719639778137,
        0.9053715467453003,
        0.9053713083267212,
        0.9053708910942078,
        0.9053705930709839,
        0.9053702354431152,
        0.9053699374198914,
        0.9053696393966675,
        0.9053693413734436,
        0.9053691029548645,
        0.9053688049316406,
        0.9053685069084167,
        0.9053681492805481,
        0.905367910861969,
        0.9053675532341003,
        0.9053672552108765,
        0.9053669571876526,
        0.9053667187690735,
        0.9053663015365601,
        0.9053661227226257,
        0.9053658246994019,
        0.905365526676178,
        0.9053653478622437,
        0.9053651690483093,
        0.9053648710250854,
        0.9053646922111511,
        0.9053645133972168,
        0.9053642749786377,
        0.9053640365600586,
        0.905363917350769,
        0.9053636193275452,
        0.9053635597229004,
        0.9053633213043213,
        0.905363142490387,
        0.9053629636764526,
        0.9053628444671631,
        0.9053626656532288,
        0.9053624868392944,
        0.9053623676300049,
        0.9053621888160706,
        0.905362069606781,
        0.9053618907928467,
        0.9053618311882019,
        0.9053617119789124,
        0.905361533164978,
        0.9053614139556885,
        0.9053613543510437,
        0.9053612351417542,
        0.9053611159324646,
        0.9053610563278198,
        0.9053609371185303,
        0.9053608775138855,
        0.905360758304596,
        0.9053606390953064,
        0.9053605794906616,
        0.9053604602813721,
        0.9053604006767273,
        0.9053602814674377,
        0.9053602814674377
    ],
    "l1_regularization": 0.0,
    "l2_regularization": 0.0,
    "random_state": 889592,
    "c1_unique_zones": 1,
    "c2_unique_od_pairs": 0,
    "c1_c2_approach": "percentage",
    "c1_c2_percentage": 0.2
}