{
    "normalized_frobenius_error": 0.8812636137008667,
    "masked_rmse": 0.11975432187318802,
    "mean_nonzero_value": 1.1494661569595337,
    "relative_rmse": 0.10418255627155304,
    "explained_variance": 0.22337448596954346,
    "computation_time": 0.5813572406768799,
    "all_factors_non_negative": true,
    "factor_sparsity": [
        "28.18%",
        "27.27%",
        "18.33%"
    ],
    "device": "mps",
    "best_initialization": "random",
    "errors_history": [
        0.9595858454704285,
        0.9400847554206848,
        0.9225754737854004,
        0.9054749011993408,
        0.8948335647583008,
        0.8903817534446716,
        0.8882659673690796,
        0.8869143128395081,
        0.8858954310417175,
        0.8851097822189331,
        0.8845152258872986,
        0.8840596675872803,
        0.8836842179298401,
        0.883338987827301,
        0.8830071687698364,
        0.8826783299446106,
        0.8823612332344055,
        0.8820773363113403,
        0.8818456530570984,
        0.881668210029602,
        0.881544291973114,
        0.8814623355865479,
        0.8814083933830261,
        0.881372332572937,
        0.8813477158546448,
        0.8813306093215942,
        0.8813186883926392,
        0.8813101649284363,
        0.8813039064407349,
        0.8812990188598633,
        0.8812950253486633,
        0.881291925907135,
        0.8812893033027649,
        0.8812869191169739,
        0.8812847137451172,
        0.8812832236289978,
        0.8812819123268127,
        0.881280779838562,
        0.881279706954956,
        0.8812787532806396,
        0.881277859210968,
        0.8812770843505859,
        0.8812761902809143,
        0.8812755346298218,
        0.8812748193740845,
        0.8812742829322815,
        0.881273627281189,
        0.8812730312347412,
        0.8812724351882935,
        0.88127201795578,
        0.8812715411186218,
        0.8812710642814636,
        0.8812706470489502,
        0.881270170211792,
        0.8812698125839233,
        0.8812693953514099,
        0.881269097328186,
        0.8812686204910278,
        0.8812682628631592,
        0.8812680244445801,
        0.8812677264213562,
        0.8812673687934875,
        0.8812670707702637,
        0.881266713142395,
        0.8812665343284607,
        0.8812662959098816,
        0.8812659978866577,
        0.8812658190727234,
        0.8812656402587891,
        0.88126540184021,
        0.8812652230262756,
        0.8812650442123413,
        0.8812649250030518,
        0.8812647461891174,
        0.8812645673751831,
        0.8812643885612488,
        0.8812642693519592,
        0.8812641501426697,
        0.8812640309333801,
        0.8812639713287354,
        0.8812638521194458,
        0.8812637329101562,
        0.8812636733055115,
        0.8812636733055115
    ],
    "l1_regularization": 0.0,
    "l2_regularization": 0.0,
    "random_state": 291095,
    "c1_unique_zones": 1,
    "c2_unique_od_pairs": 0,
    "c1_c2_approach": "percentage",
    "c1_c2_percentage": 0.2
}