{
    "normalized_frobenius_error": 0.7967566251754761,
    "masked_rmse": 0.04834974557161331,
    "mean_nonzero_value": 0.30729177594184875,
    "relative_rmse": 0.15734149515628815,
    "explained_variance": 0.3651788830757141,
    "computation_time": 2.5057411193847656,
    "all_factors_non_negative": true,
    "factor_sparsity": [
        "45.33%",
        "44.89%",
        "28.19%"
    ],
    "device": "mps",
    "best_initialization": "random",
    "errors_history": [
        0.94724440574646,
        0.9262032508850098,
        0.8943233489990234,
        0.8676292300224304,
        0.8498733639717102,
        0.8391391634941101,
        0.8324754238128662,
        0.8277949094772339,
        0.8241097331047058,
        0.8210700750350952,
        0.8185437321662903,
        0.8164597153663635,
        0.8147575855255127,
        0.8133544921875,
        0.8121792674064636,
        0.8111709952354431,
        0.8102750182151794,
        0.8094544410705566,
        0.8086958527565002,
        0.8079981803894043,
        0.8073535561561584,
        0.8067665696144104,
        0.8062288165092468,
        0.8057196736335754,
        0.8052343726158142,
        0.8047836422920227,
        0.8043822050094604,
        0.8040356636047363,
        0.8037411570549011,
        0.8034895658493042,
        0.8032696843147278,
        0.803071141242981,
        0.8028876781463623,
        0.8027195334434509,
        0.8025672435760498,
        0.8024289011955261,
        0.8023033738136292,
        0.8021897673606873,
        0.8020879030227661,
        0.8019970059394836,
        0.8019160032272339,
        0.8018423318862915,
        0.8017726540565491,
        0.801705002784729,
        0.801641583442688,
        0.8015827536582947,
        0.8015265464782715,
        0.8014723062515259,
        0.8014196753501892,
        0.8013685941696167,
        0.8013182282447815,
        0.8012660145759583,
        0.801209568977356,
        0.8011528849601746,
        0.80110102891922,
        0.8010510206222534,
        0.800998866558075,
        0.8009428977966309,
        0.8008816838264465,
        0.8008143901824951,
        0.8007389903068542,
        0.8006532788276672,
        0.8005548119544983,
        0.8004406094551086,
        0.8003069758415222,
        0.800150990486145,
        0.7999716401100159,
        0.7997705936431885,
        0.7995522022247314,
        0.7993250489234924,
        0.7990996241569519,
        0.7988869547843933,
        0.7986962199211121,
        0.7985329031944275,
        0.7983980178833008,
        0.7982891201972961,
        0.7982009649276733,
        0.7981264591217041,
        0.7980569005012512,
        0.7979843020439148,
        0.7979082465171814,
        0.7978408336639404,
        0.7977914810180664,
        0.7977578043937683,
        0.7977343797683716,
        0.7977167963981628,
        0.7977028489112854,
        0.7976909875869751,
        0.797680675983429,
        0.7976715564727783,
        0.7976632118225098,
        0.7976555228233337,
        0.7976480722427368,
        0.7976411581039429,
        0.7976343035697937,
        0.797627329826355,
        0.7976197004318237,
        0.797610342502594,
        0.7975978851318359,
        0.797581672668457,
        0.7975623607635498,
        0.7975401282310486,
        0.7975153923034668,
        0.7974936366081238,
        0.7974787354469299,
        0.7974653244018555,
        0.7974477410316467,
        0.7974328994750977,
        0.797421395778656,
        0.7974098324775696,
        0.797398030757904,
        0.7973865270614624,
        0.7973758578300476,
        0.7973663210868835,
        0.7973583340644836,
        0.7973517179489136,
        0.7973460555076599,
        0.7973410487174988,
        0.7973363995552063,
        0.7973319292068481,
        0.79732745885849,
        0.7973230481147766,
        0.797318696975708,
        0.7973147034645081,
        0.7973108887672424,
        0.7973071932792664,
        0.7973035573959351,
        0.7973001599311829,
        0.7972970008850098,
        0.7972939610481262,
        0.7972911596298218,
        0.7972883582115173,
        0.7972853779792786,
        0.7972821593284607,
        0.7972788214683533,
        0.7972754836082458,
        0.7972723245620728,
        0.7972691655158997,
        0.7972660064697266,
        0.797262966632843,
        0.7972599267959595,
        0.7972568869590759,
        0.7972540259361267,
        0.7972511053085327,
        0.797248363494873,
        0.7972456216812134,
        0.797243058681488,
        0.7972405552864075,
        0.7972381711006165,
        0.797235906124115,
        0.7972336411476135,
        0.7972316741943359,
        0.7972297072410583,
        0.7972278594970703,
        0.7972263097763062,
        0.7972249388694763,
        0.7972235679626465,
        0.7972222566604614,
        0.7972211241722107,
        0.7972198724746704,
        0.7972188591957092,
        0.7972176671028137,
        0.7972164750099182,
        0.7972152233123779,
        0.7972137928009033,
        0.7972122430801392,
        0.7972106337547302,
        0.7972091436386108,
        0.7972075939178467,
        0.797205924987793,
        0.797204315662384,
        0.7972025275230408,
        0.7972008585929871,
        0.7971993088722229,
        0.7971977591514587,
        0.7971963882446289,
        0.7971953749656677,
        0.7971943020820618,
        0.7971933484077454,
        0.797192394733429,
        0.7971915006637573,
        0.7971905469894409,
        0.797189474105835,
        0.7971884608268738,
        0.797187328338623,
        0.7971861362457275,
        0.7971848249435425,
        0.7971833944320679,
        0.7971817255020142,
        0.7971799969673157,
        0.7971777319908142,
        0.7971752285957336,
        0.7971723079681396,
        0.797169029712677,
        0.7971651554107666,
        0.7971608638763428,
        0.7971559166908264,
        0.7971504926681519,
        0.7971442937850952,
        0.7971372604370117,
        0.79712975025177,
        0.7971214652061462,
        0.7971125841140747,
        0.7971033453941345,
        0.7970936298370361,
        0.7970840334892273,
        0.7970744371414185,
        0.797065258026123,
        0.7970565557479858,
        0.7970484495162964,
        0.797041118144989,
        0.7970345616340637,
        0.797028660774231,
        0.7970234751701355,
        0.7970190644264221,
        0.7970150113105774,
        0.7970114946365356,
        0.7970084547996521,
        0.7970057725906372,
        0.7970033884048462,
        0.797001302242279,
        0.7969995141029358,
        0.7969979643821716,
        0.7969965934753418,
        0.796995222568512,
        0.796994149684906,
        0.7969931960105896,
        0.7969922423362732,
        0.7969912886619568,
        0.7969904541969299,
        0.7969896197319031,
        0.796988844871521,
        0.7969880104064941,
        0.7969870567321777,
        0.7969862818717957,
        0.796985387802124,
        0.7969843745231628,
        0.7969833016395569,
        0.7969821691513062,
        0.7969807982444763,
        0.7969794273376465,
        0.7969778180122375,
        0.7969761490821838,
        0.7969740629196167,
        0.7969717979431152,
        0.7969692945480347,
        0.796966552734375,
        0.7969633340835571,
        0.7969600558280945,
        0.7969562411308289,
        0.7969521880149841,
        0.7969478368759155,
        0.7969432473182678,
        0.7969383001327515,
        0.7969332933425903,
        0.7969281077384949,
        0.7969228625297546,
        0.7969176769256592,
        0.7969122529029846,
        0.7969070076942444,
        0.7969019412994385,
        0.7968969941139221,
        0.7968923449516296,
        0.7968878149986267,
        0.7968834638595581,
        0.7968792915344238,
        0.7968754768371582,
        0.7968719005584717,
        0.7968685030937195,
        0.7968652844429016,
