{
    "normalized_frobenius_error": 0.8853464126586914,
    "masked_rmse": 0.12030913680791855,
    "mean_nonzero_value": 1.1494661569595337,
    "relative_rmse": 0.10466522723436356,
    "explained_variance": 0.2161617875099182,
    "computation_time": 1.483137845993042,
    "all_factors_non_negative": true,
    "factor_sparsity": [
        "38.64%",
        "32.27%",
        "22.50%"
    ],
    "device": "mps",
    "best_initialization": "random",
    "errors_history": [
        0.9613261818885803,
        0.9485113620758057,
        0.9336554408073425,
        0.9146369695663452,
        0.9014028310775757,
        0.8951226472854614,
        0.8922041654586792,
        0.8907697200775146,
        0.8898862600326538,
        0.8892579078674316,
        0.8887323141098022,
        0.8882887959480286,
        0.8879072666168213,
        0.8875718712806702,
        0.8872743248939514,
        0.8870092630386353,
        0.8867694139480591,
        0.8865473866462708,
        0.8863418698310852,
        0.8861563205718994,
        0.885995626449585,
        0.8858619928359985,
        0.8857556581497192,
        0.8856752514839172,
        0.8856168389320374,
        0.885575532913208,
        0.885546088218689,
        0.885525643825531,
        0.8855122923851013,
        0.8855037689208984,
        0.8854978084564209,
        0.8854936361312866,
        0.8854906558990479,
        0.8854883313179016,
        0.8854864835739136,
        0.8854848742485046,
        0.8854830861091614,
        0.8854802250862122,
        0.8854755759239197,
        0.8854702711105347,
        0.8854663372039795,
        0.885464072227478,
        0.8854631781578064,
        0.8854626417160034,
        0.8854623436927795,
        0.8854619264602661,
        0.8854616284370422,
        0.8854612708091736,
        0.8854608535766602,
        0.8854604363441467,
        0.8854600787162781,
        0.8854597806930542,
        0.8854595422744751,
        0.8854594230651855,
        0.8854591846466064,
        0.8854590654373169,
        0.8854589462280273,
        0.885458767414093,
        0.8854585886001587,
        0.8854583501815796,
        0.88545823097229,
        0.8854581117630005,
        0.8854579329490662,
        0.8854577541351318,
        0.8854576349258423,
        0.885457456111908,
        0.8854573369026184,
        0.8854570388793945,
        0.885456919670105,
        0.8854568004608154,
        0.8854565620422363,
        0.8854565024375916,
        0.8854562640190125,
        0.8854560852050781,
        0.885455846786499,
        0.8854556083679199,
        0.8854554295539856,
        0.8854551315307617,
        0.8854548335075378,
        0.8854544758796692,
        0.8854541182518005,
        0.8854538798332214,
        0.8854535222053528,
        0.8854532241821289,
        0.8854530453681946,
        0.8854526877403259,
        0.8854524493217468,
        0.8854520916938782,
        0.8854517936706543,
        0.8854514360427856,
        0.8854510188102722,
        0.8854506611824036,
        0.8854503035545349,
        0.8854498267173767,
        0.8854494690895081,
        0.8854488730430603,
        0.8854482769966125,
        0.8854476809501648,
        0.8854470252990723,
        0.885446310043335,
        0.8854456543922424,
        0.8854449391365051,
        0.8854442834854126,
        0.8854436874389648,
        0.8854430913925171,
        0.8854424357414246,
        0.8854417204856873,
        0.88544100522995,
        0.8854401707649231,
        0.885439395904541,
        0.8854386806488037,
        0.8854379057884216,
        0.88543701171875,
        0.8854361176490784,
        0.885435163974762,
        0.8854342103004456,
        0.8854332566261292,
        0.8854321241378784,
        0.8854310512542725,
        0.8854299187660217,
        0.8854287266731262,
        0.8854275345802307,
        0.8854263424873352,
        0.8854250907897949,
        0.8854237198829651,
        0.8854224681854248,
        0.885421097278595,
        0.8854196667671204,
        0.8854182958602905,
        0.8854168653488159,
        0.8854153752326965,
        0.8854139447212219,
        0.8854123950004578,
        0.8854109048843384,
        0.885409414768219,
        0.8854079246520996,
        0.8854063153266907,
        0.8854048252105713,
        0.8854032754898071,
        0.8854017853736877,
        0.8854002952575684,
        0.885398805141449,
        0.8853972554206848,
        0.8853957056999207,
        0.8853943347930908,
        0.8853927850723267,
        0.885391354560852,
        0.8853899240493774,
        0.8853884935379028,
        0.8853871822357178,
        0.8853858113288879,
        0.8853844404220581,
        0.8853830695152283,
        0.8853817582130432,
        0.8853805661201477,
        0.8853793144226074,
        0.8853780031204224,
        0.8853768110275269,
        0.8853756785392761,
        0.8853744268417358,
        0.8853734731674194,
        0.8853722810745239,
        0.8853712677955627,
        0.8853702545166016,
        0.885369062423706,
        0.8853681683540344,
        0.885367214679718,
        0.8853662610054016,
        0.8853654265403748,
        0.8853644728660583,
        0.8853636980056763,
        0.8853628635406494,
        0.8853620290756226,
        0.8853613138198853,
        0.8853605389595032,
        0.8853598833084106,
        0.8853591680526733,
        0.8853585124015808,
        0.8853579163551331,
        0.8853572607040405,
        0.8853566646575928,
        0.8853561282157898,
        0.8853555917739868,
        0.8853549957275391,
        0.8853545784950256,
        0.8853541016578674,
        0.8853535652160645,
        0.885353147983551,
        0.8853527903556824,
        0.885352373123169,
        0.8853520154953003,
        0.8853517174720764,
        0.885351300239563,
        0.8853510022163391,
        0.8853506445884705,
        0.8853504061698914,
        0.8853500485420227,
        0.8853498101234436,
        0.8853496313095093,
        0.8853493332862854,
        0.8853490948677063,
        0.885348916053772,
        0.8853486180305481,
        0.8853484392166138,
        0.8853482604026794,
        0.8853480815887451,
        0.8853479027748108,
        0.8853477239608765,
        0.8853475451469421,
        0.8853474259376526,
        0.8853472471237183,
        0.8853471279144287,
        0.8853469491004944,
        0.8853468894958496,
        0.8853467106819153,
        0.885346531867981,
        0.885346531867981
    ],
    "l1_regularization": 0.0,
    "l2_regularization": 0.0,
    "random_state": 572573,
    "c1_unique_zones": 1,
    "c2_unique_od_pairs": 0,
    "c1_c2_approach": "percentage",
    "c1_c2_percentage": 0.2
}