{
    "normalized_frobenius_error": 0.8784456849098206,
    "masked_rmse": 0.19609606266021729,
    "mean_nonzero_value": 1.5989879369735718,
    "relative_rmse": 0.12263761460781097,
    "explained_variance": 0.2283332347869873,
    "computation_time": 1.2635319232940674,
    "all_factors_non_negative": true,
    "factor_sparsity": [
        "33.33%",
        "34.78%",
        "19.44%"
    ],
    "device": "mps",
    "best_initialization": "random",
    "errors_history": [
        0.9555625319480896,
        0.9377371668815613,
        0.9221447706222534,
        0.9109572768211365,
        0.9043653011322021,
        0.8999274969100952,
        0.896543025970459,
        0.8933607935905457,
        0.8902892470359802,
        0.8878111243247986,
        0.8863298296928406,
        0.8853967785835266,
        0.8846776485443115,
        0.884143054485321,
        0.8837416768074036,
        0.8834232091903687,
        0.8831547498703003,
        0.8829292058944702,
        0.882746696472168,
        0.8826003670692444,
        0.8824822902679443,
        0.8823866248130798,
        0.8823089599609375,
        0.8822463154792786,
        0.882195770740509,
        0.8821545839309692,
        0.8821204304695129,
        0.8820915222167969,
        0.8820661306381226,
        0.8820430636405945,
        0.882021427154541,
        0.8820003867149353,
        0.8819797039031982,
        0.8819589614868164,
        0.8819385170936584,
        0.8819189071655273,
        0.881900429725647,
        0.8818828463554382,
        0.881865918636322,
        0.8818493485450745,
        0.8818331956863403,
        0.8818172812461853,
        0.8818017244338989,
        0.8817862868309021,
        0.8817710280418396,
        0.8817559480667114,
        0.8817409873008728,
        0.881726086139679,
        0.8817113637924194,
        0.8816964626312256,
        0.881681501865387,
        0.8816665410995483,
        0.8816514015197754,
        0.8816361427307129,
        0.8816207647323608,
        0.8816052079200745,
        0.8815895915031433,
        0.8815738558769226,
        0.8815579414367676,
        0.8815420866012573,
        0.8815261125564575,
        0.8815102577209473,
        0.8814943432807922,
        0.8814783692359924,
        0.8814625144004822,
        0.8814466595649719,
        0.8814306855201721,
        0.8814144730567932,
        0.8813980221748352,
        0.8813811540603638,
        0.8813637495040894,
        0.8813461661338806,
        0.8813282251358032,
        0.8813103437423706,
        0.8812921643257141,
        0.881273627281189,
        0.8812548518180847,
        0.8812358379364014,
        0.8812166452407837,
        0.881196916103363,
        0.8811767101287842,
        0.8811553716659546,
        0.8811327815055847,
        0.8811086416244507,
        0.8810826539993286,
        0.8810548782348633,
        0.8810248374938965,
        0.880992591381073,
        0.8809580206871033,
        0.8809208869934082,
        0.8808809518814087,
        0.8808375597000122,
        0.8807901740074158,
        0.8807377815246582,
        0.8806793689727783,
        0.8806130290031433,
        0.8805346488952637,
        0.8804342746734619,
        0.8803002238273621,
        0.8801438808441162,
        0.8799914121627808,
        0.8798499703407288,
        0.8797236680984497,
        0.8796141743659973,
        0.879520833492279,
        0.8794436454772949,
        0.8793802261352539,
        0.8793275356292725,
        0.8792791366577148,
        0.879223108291626,
        0.8791480660438538,
        0.8790720701217651,
        0.8790217041969299,
        0.8789944052696228,
        0.8789778351783752,
        0.8789656758308411,
        0.8789556622505188,
        0.8789462447166443,
        0.8789362907409668,
        0.8789246082305908,
        0.8789119720458984,
        0.878896951675415,
        0.8788779973983765,
        0.8788544535636902,
        0.8788265585899353,
        0.8787954449653625,
        0.8787634968757629,
        0.8787331581115723,
        0.8787064552307129,
        0.8786833882331848,
        0.8786614537239075,
        0.8786402940750122,
        0.8786265850067139,
        0.8786160349845886,
        0.8786073327064514,
        0.8786001801490784,
        0.8785942196846008,
        0.8785886764526367,
        0.8785821795463562,
        0.8785744905471802,
        0.8785679340362549,
        0.8785638809204102,
        0.87856125831604,
        0.8785593509674072,
        0.8785578012466431,
        0.8785566091537476,
        0.878555417060852,
        0.8785544037818909,
        0.8785534501075745,
        0.8785523772239685,
        0.8785509467124939,
        0.878548800945282,
        0.8785455822944641,
        0.8785404562950134,
        0.8785326480865479,
        0.8785219192504883,
        0.8785085678100586,
        0.87849360704422,
        0.8784790635108948,
        0.8784681558609009,
        0.8784616589546204,
        0.8784581422805786,
        0.8784558773040771,
        0.8784542083740234,
        0.8784529566764832,
        0.8784520626068115,
        0.8784513473510742,
        0.8784506320953369,
        0.8784501552581787,
        0.8784497380256653,
        0.8784491419792175,
        0.8784487247467041,
        0.8784483075141907,
        0.8784475922584534,
        0.8784471154212952,
        0.8784466981887817,
        0.8784464001655579,
        0.8784462809562683,
        0.8784462213516235,
        0.8784459829330444,
        0.8784458041191101,
        0.8784456849098206,
        0.8784456849098206
    ],
    "l1_regularization": 0.0,
    "l2_regularization": 0.0,
    "random_state": 6637,
    "c1_unique_zones": 2,
    "c2_unique_od_pairs": 0,
    "c1_c2_approach": "percentage",
    "c1_c2_percentage": 0.2
}