{
    "normalized_frobenius_error": 0.9290232062339783,
    "masked_rmse": 0.12624432146549225,
    "mean_nonzero_value": 1.1494661569595337,
    "relative_rmse": 0.1098286509513855,
    "explained_variance": 0.136915922164917,
    "computation_time": 0.4790670871734619,
    "all_factors_non_negative": true,
    "factor_sparsity": [
        "2.27%",
        "1.14%",
        "2.08%"
    ],
    "device": "mps",
    "best_initialization": "random",
    "errors_history": [
        0.9625887274742126,
        0.9434200525283813,
        0.9330768585205078,
        0.9300494194030762,
        0.9293193817138672,
        0.929141640663147,
        0.9290908575057983,
        0.9290711283683777,
        0.9290615320205688,
        0.9290556907653809,
        0.9290513396263123,
        0.9290478229522705,
        0.9290447235107422,
        0.9290419220924377,
        0.929039478302002,
        0.9290371537208557,
        0.9290351867675781,
        0.9290333986282349,
        0.9290317296981812,
        0.9290303587913513,
        0.929029107093811,
        0.9290281534194946,
        0.929027259349823,
        0.9290264844894409,
        0.9290258288383484,
        0.929025411605835,
        0.9290249347686768,
        0.9290246963500977,
        0.929024338722229,
        0.9290241003036499,
        0.9290239214897156,
        0.9290237426757812,
        0.9290235638618469,
        0.9290235042572021,
        0.9290233850479126,
        0.929023265838623,
        0.9290232062339783,
        0.9290232062339783
    ],
    "l1_regularization": 0.0,
    "l2_regularization": 0.0,
    "c1_unique_zones": 6,
    "c2_unique_od_pairs": 8,
    "c1_c2_approach": "top_n",
    "c1_c2_top_n": 2
}