{
    "normalized_frobenius_error": 0.8749399185180664,
    "masked_rmse": 0.1953134834766388,
    "mean_nonzero_value": 1.5989879369735718,
    "relative_rmse": 0.12214819341897964,
    "explained_variance": 0.23448020219802856,
    "computation_time": 0.936316967010498,
    "all_factors_non_negative": true,
    "factor_sparsity": [
        "24.88%",
        "33.33%",
        "16.67%"
    ],
    "device": "mps",
    "best_initialization": "random",
    "errors_history": [
        0.9540730118751526,
        0.9358699321746826,
        0.9253597855567932,
        0.9183503985404968,
        0.9128928780555725,
        0.9082603454589844,
        0.9041731953620911,
        0.9006429314613342,
        0.8973762392997742,
        0.8942052721977234,
        0.8913387656211853,
        0.88893061876297,
        0.8869970440864563,
        0.8854684829711914,
        0.8842729926109314,
        0.8832987546920776,
        0.8824179768562317,
        0.8815233111381531,
        0.8804963231086731,
        0.8793530464172363,
        0.8783909678459167,
        0.8776811361312866,
        0.8770462870597839,
        0.8764850497245789,
        0.8762116432189941,
        0.8760374188423157,
        0.8758611679077148,
        0.8756707906723022,
        0.8755221962928772,
        0.8754298686981201,
        0.8753694295883179,
        0.8753260374069214,
        0.8752930760383606,
        0.8752670884132385,
        0.8752452731132507,
        0.8752229809761047,
        0.875195324420929,
        0.8751702308654785,
        0.8751564025878906,
        0.87514728307724,
        0.875139594078064,
        0.8751324415206909,
        0.8751253485679626,
        0.8751183748245239,
        0.8751111030578613,
        0.8751037120819092,
        0.8750962018966675,
        0.8750894665718079,
        0.8750833868980408,
        0.875078022480011,
        0.8750734925270081,
        0.8750694990158081,
        0.8750661015510559,
        0.8750630617141724,
        0.8750594258308411,
        0.8750558495521545,
        0.8750521540641785,
        0.8750432133674622,
        0.8750212788581848,
        0.8749957084655762,
        0.8749815821647644,
        0.8749743700027466,
        0.8749701380729675,
        0.8749669790267944,
        0.8749637603759766,
        0.8749602437019348,
        0.8749572038650513,
        0.8749551773071289,
        0.8749536275863647,
        0.8749523162841797,
        0.8749513030052185,
        0.8749505281448364,
        0.8749496936798096,
        0.8749490976333618,
        0.8749485015869141,
        0.8749479651451111,
        0.8749474883079529,
        0.8749470710754395,
        0.874946653842926,
        0.8749463558197021,
        0.8749460577964783,
        0.8749457597732544,
        0.874945342540741,
        0.8749449849128723,
        0.8749445676803589,
        0.874944269657135,
        0.8749439716339111,
        0.8749435544013977,
        0.8749433159828186,
        0.8749431371688843,
        0.8749428391456604,
        0.8749427199363708,
        0.8749425411224365,
        0.8749423027038574,
        0.8749422430992126,
        0.8749420046806335,
        0.8749419450759888,
        0.8749418258666992,
        0.8749416470527649,
        0.8749415278434753,
        0.8749414086341858,
        0.874941349029541,
        0.8749412298202515,
        0.8749411106109619,
        0.8749409914016724,
        0.8749409317970276,
        0.874940812587738,
        0.8749406337738037,
        0.8749405145645142,
        0.8749403953552246,
        0.8749403357505798,
        0.8749402165412903,
        0.8749400973320007,
        0.8749399781227112,
        0.8749399185180664,
        0.8749399185180664
    ],
    "l1_regularization": 0.0,
    "l2_regularization": 0.0,
    "random_state": 799426,
    "c1_unique_zones": 2,
    "c2_unique_od_pairs": 0,
    "c1_c2_approach": "percentage",
    "c1_c2_percentage": 0.2
}