{
    "normalized_frobenius_error": 0.8564391732215881,
    "masked_rmse": 0.22337254881858826,
    "mean_nonzero_value": 1.345635175704956,
    "relative_rmse": 0.16599784791469574,
    "explained_variance": 0.2665119767189026,
    "computation_time": 0.7675356864929199,
    "all_factors_non_negative": true,
    "factor_sparsity": [
        "15.56%",
        "13.78%",
        "11.67%"
    ],
    "device": "mps",
    "best_initialization": "random",
    "errors_history": [
        0.94596928358078,
        0.9346787929534912,
        0.9214915037155151,
        0.9042773246765137,
        0.8888556361198425,
        0.8778568506240845,
        0.870755136013031,
        0.866435706615448,
        0.8637550473213196,
        0.8618931174278259,
        0.8604952096939087,
        0.8593817949295044,
        0.8586961030960083,
        0.8581852912902832,
        0.8577036261558533,
        0.857295572757721,
        0.8570409417152405,
        0.8568930625915527,
        0.8567954897880554,
        0.8567243814468384,
        0.8566703796386719,
        0.8566287755966187,
        0.8565966486930847,
        0.8565714359283447,
        0.8565512299537659,
        0.856535017490387,
        0.8565218448638916,
        0.856511116027832,
        0.856502115726471,
        0.8564947247505188,
        0.8564884066581726,
        0.856482982635498,
        0.8564783930778503,
        0.8564743399620056,
        0.8564707636833191,
        0.856467604637146,
        0.8564648032188416,
        0.8564622402191162,
        0.85645991563797,
        0.8564577698707581,
        0.8564557433128357,
        0.8564539551734924,
        0.8564523458480835,
        0.8564509153366089,
        0.856449544429779,
        0.8564484715461731,
        0.8564474582672119,
        0.8564465641975403,
        0.8564457297325134,
        0.8564451336860657,
        0.8564444780349731,
        0.8564438819885254,
        0.8564434051513672,
        0.856442928314209,
        0.8564425110816956,
        0.8564421534538269,
        0.856441855430603,
        0.8564415574073792,
        0.8564413189888,
        0.856441080570221,
        0.8564408421516418,
        0.8564406633377075,
        0.8564404249191284,
        0.8564401865005493,
        0.8564400672912598,
        0.8564398884773254,
        0.8564398288726807,
        0.8564397096633911,
        0.8564395308494568,
        0.856439471244812,
        0.8564392924308777,
        0.8564392328262329,
        0.8564392328262329
    ],
    "l1_regularization": 0.0,
    "l2_regularization": 0.0,
    "random_state": 336763,
    "c1_unique_zones": 2,
    "c2_unique_od_pairs": 0,
    "c1_c2_approach": "percentage",
    "c1_c2_percentage": 0.2
}