{
    "normalized_frobenius_error": 0.9026797413825989,
    "masked_rmse": 0.11842995882034302,
    "mean_nonzero_value": 1.3623639345169067,
    "relative_rmse": 0.08692975342273712,
    "explained_variance": 0.18516933917999268,
    "computation_time": 0.509782075881958,
    "all_factors_non_negative": true,
    "factor_sparsity": [
        "34.95%",
        "33.06%",
        "20.83%"
    ],
    "device": "mps",
    "best_initialization": "random",
    "errors_history": [
        0.9734921455383301,
        0.95846027135849,
        0.9456350803375244,
        0.933953583240509,
        0.9254963994026184,
        0.918182373046875,
        0.9126806259155273,
        0.9095566868782043,
        0.9081523418426514,
        0.9074105620384216,
        0.9068868160247803,
        0.906444787979126,
        0.905977725982666,
        0.9054286479949951,
        0.9047968983650208,
        0.9041486382484436,
        0.903605043888092,
        0.9032323360443115,
        0.9030075669288635,
        0.9028860330581665,
        0.9028247594833374,
        0.902793824672699,
        0.9027759432792664,
        0.9027645587921143,
        0.9027579426765442,
        0.9027534127235413,
        0.9027494192123413,
        0.9027453064918518,
        0.9027407765388489,
        0.9027355313301086,
        0.9027290940284729,
        0.9027213454246521,
        0.9027129411697388,
        0.9027059674263,
        0.9027014374732971,
        0.9026990532875061,
        0.9026975035667419,
        0.9026963710784912,
        0.9026952385902405,
        0.9026941657066345,
        0.9026929140090942,
        0.9026917219161987,
        0.9026904702186584,
        0.9026892781257629,
        0.9026883244514465,
        0.9026877880096436,
        0.9026873111724854,
        0.9026868343353271,
        0.9026865363121033,
        0.902686357498169,
        0.9026860594749451,
        0.9026859402656555,
        0.9026857614517212,
        0.9026855826377869,
        0.9026854634284973,
        0.902685284614563,
        0.9026851654052734,
        0.9026849865913391,
        0.9026848077774048,
        0.9026846885681152,
        0.9026843905448914,
        0.902684211730957,
        0.9026839137077332,
        0.9026835560798645,
        0.9026830792427063,
        0.9026824831962585,
        0.9026819467544556,
        0.9026813507080078,
        0.9026808738708496,
        0.902680516242981,
        0.9026802182197571,
        0.9026800394058228,
        0.9026798009872437,
        0.9026797413825989,
        0.9026797413825989
    ],
    "l1_regularization": 0.0,
    "l2_regularization": 0.0,
    "random_state": 66756,
    "c1_unique_zones": 2,
    "c2_unique_od_pairs": 0,
    "c1_c2_approach": "percentage",
    "c1_c2_percentage": 0.2
}