{
    "normalized_frobenius_error": 0.856438398361206,
    "masked_rmse": 0.22337235510349274,
    "mean_nonzero_value": 1.345635175704956,
    "relative_rmse": 0.165997713804245,
    "explained_variance": 0.26651328802108765,
    "computation_time": 0.37534379959106445,
    "all_factors_non_negative": true,
    "factor_sparsity": [
        "15.11%",
        "11.11%",
        "10.83%"
    ],
    "device": "mps",
    "best_initialization": "random",
    "errors_history": [
        0.9368339776992798,
        0.912070095539093,
        0.8928385376930237,
        0.8843719959259033,
        0.8785459399223328,
        0.8737835884094238,
        0.8703217506408691,
        0.8676852583885193,
        0.8653196692466736,
        0.8629943132400513,
        0.8608922362327576,
        0.8593112826347351,
        0.8582735061645508,
        0.857620358467102,
        0.8572161197662354,
        0.8569707870483398,
        0.8568170070648193,
        0.8567134737968445,
        0.856640100479126,
        0.8565877676010132,
        0.8565500378608704,
        0.8565210103988647,
        0.856498658657074,
        0.8564829230308533,
        0.8564725518226624,
        0.8564652800559998,
        0.8564600348472595,
        0.8564562797546387,
        0.8564533591270447,
        0.856451153755188,
        0.8564493656158447,
        0.8564479351043701,
        0.8564468026161194,
        0.856445848941803,
        0.8564450740814209,
        0.856444239616394,
        0.8564436435699463,
        0.8564431071281433,
        0.8564426898956299,
        0.8564420938491821,
        0.8564416766166687,
        0.8564412593841553,
        0.8564409613609314,
        0.8564404845237732,
        0.8564401865005493,
        0.8564398884773254,
        0.8564395904541016,
        0.8564393520355225,
        0.8564392328262329,
        0.8564389944076538,
        0.8564387559890747,
        0.8564386963844299,
        0.8564385175704956,
        0.8564385175704956
    ],
    "l1_regularization": 0.0,
    "l2_regularization": 0.0,
    "random_state": 922943,
    "c1_unique_zones": 2,
    "c2_unique_od_pairs": 0,
    "c1_c2_approach": "percentage",
    "c1_c2_percentage": 0.2
}