{
    "normalized_frobenius_error": 0.8853319883346558,
    "masked_rmse": 0.12030716985464096,
    "mean_nonzero_value": 1.1494661569595337,
    "relative_rmse": 0.10466351360082626,
    "explained_variance": 0.21618735790252686,
    "computation_time": 0.8343846797943115,
    "all_factors_non_negative": true,
    "factor_sparsity": [
        "25.45%",
        "24.55%",
        "20.00%"
    ],
    "device": "mps",
    "best_initialization": "random",
    "errors_history": [
        0.9585452079772949,
        0.93524169921875,
        0.9175847172737122,
        0.9042123556137085,
        0.897017776966095,
        0.8942584991455078,
        0.8928378224372864,
        0.8917691111564636,
        0.8907839059829712,
        0.8897730708122253,
        0.8887560963630676,
        0.8878101706504822,
        0.88704913854599,
        0.8865243792533875,
        0.8861666321754456,
        0.8859493732452393,
        0.8858181238174438,
        0.8857337832450867,
        0.885673463344574,
        0.8856242299079895,
        0.8855801820755005,
        0.8855436444282532,
        0.8855147361755371,
        0.8854906558990479,
        0.8854696154594421,
        0.8854501843452454,
        0.8854320049285889,
        0.8854158520698547,
        0.8854023218154907,
        0.8853914737701416,
        0.885383129119873,
        0.8853765726089478,
        0.8853713274002075,
        0.885366678237915,
        0.8853626847267151,
        0.8853590488433838,
        0.885355532169342,
        0.885352373123169,
        0.8853492736816406,
        0.885346531867981,
        0.8853440880775452,
        0.8853419423103333,
        0.88534015417099,
        0.8853386640548706,
        0.8853375315666199,
        0.8853366374969482,
        0.8853359818458557,
        0.885335385799408,
        0.8853349685668945,
        0.8853345513343811,
        0.885334312915802,
        0.8853340744972229,
        0.8853338360786438,
        0.8853337168693542,
        0.8853336572647095,
        0.8853335380554199,
        0.8853334784507751,
        0.8853333592414856,
        0.885333240032196,
        0.8853331208229065,
        0.8853329420089722,
        0.8853327631950378,
        0.8853326439857483,
        0.8853324055671692,
        0.8853322267532349,
        0.8853321671485901,
        0.8853321075439453,
        0.8853319883346558,
        0.8853319883346558
    ],
    "l1_regularization": 0.0,
    "l2_regularization": 0.0,
    "random_state": 942339,
    "c1_unique_zones": 1,
    "c2_unique_od_pairs": 0,
    "c1_c2_approach": "percentage",
    "c1_c2_percentage": 0.2
}