{
    "normalized_frobenius_error": 0.9061063528060913,
    "masked_rmse": 0.118879534304142,
    "mean_nonzero_value": 1.3623639345169067,
    "relative_rmse": 0.08725974708795547,
    "explained_variance": 0.17897135019302368,
    "computation_time": 0.7356948852539062,
    "all_factors_non_negative": true,
    "factor_sparsity": [
        "43.28%",
        "38.71%",
        "28.47%"
    ],
    "device": "mps",
    "best_initialization": "random",
    "errors_history": [
        0.9743744134902954,
        0.9616102576255798,
        0.9492121934890747,
        0.9374557733535767,
        0.9271596074104309,
        0.919495701789856,
        0.9156668186187744,
        0.9136654734611511,
        0.9124011993408203,
        0.9115512371063232,
        0.9109477996826172,
        0.9105079174041748,
        0.9101868271827698,
        0.9099363088607788,
        0.9097241759300232,
        0.9095708131790161,
        0.9094570279121399,
        0.9093632698059082,
        0.9092801213264465,
        0.909205436706543,
        0.9091324210166931,
        0.9090564846992493,
        0.9089774489402771,
        0.908882737159729,
        0.908770740032196,
        0.9086536765098572,
        0.9085230827331543,
        0.9083695411682129,
        0.9081891179084778,
        0.9079863429069519,
        0.9077722430229187,
        0.9075576066970825,
        0.9073545336723328,
        0.9071701765060425,
        0.9070090055465698,
        0.9068933725357056,
        0.9068215489387512,
        0.9067713022232056,
        0.9067156910896301,
        0.9066216945648193,
        0.906481921672821,
        0.9063630104064941,
        0.9062901735305786,
        0.906243085861206,
        0.9062115550041199,
        0.9061895608901978,
        0.9061738848686218,
        0.9061636924743652,
        0.9061576128005981,
        0.9061530828475952,
        0.9061492681503296,
        0.9061459302902222,
        0.9061432480812073,
        0.906140923500061,
        0.9061391949653625,
        0.9061378836631775,
        0.9061369895935059,
        0.9061359763145447,
        0.9061352610588074,
        0.9061345458030701,
        0.9061338305473328,
        0.9061328768730164,
        0.9061318635940552,
        0.9061304926872253,
        0.9061289429664612,
        0.9061273336410522,
        0.9061254262924194,
        0.906123697757721,
        0.9061219692230225,
        0.9061204195022583,
        0.9061189293861389,
        0.9061175584793091,
        0.9061166048049927,
        0.9061158299446106,
        0.9061152935028076,
        0.9061148166656494,
        0.906114399433136,
        0.9061140418052673,
        0.9061136245727539,
        0.9061132669448853,
        0.9061129689216614,
        0.9061126708984375,
        0.9061123132705688,
        0.9061118960380554,
        0.9061115384101868,
        0.9061111807823181,
        0.9061108827590942,
        0.906110405921936,
        0.9061101078987122,
        0.906109631061554,
        0.9061093330383301,
        0.9061089754104614,
        0.906108558177948,
        0.9061082601547241,
        0.906108021736145,
        0.9061077833175659,
        0.9061076045036316,
        0.9061074256896973,
        0.9061071276664734,
        0.9061070680618286,
        0.9061068296432495,
        0.9061067700386047,
        0.9061066508293152,
        0.9061064720153809,
        0.9061063528060913,
        0.9061063528060913
    ],
    "l1_regularization": 0.0,
    "l2_regularization": 0.0,
    "random_state": 389403,
    "c1_unique_zones": 2,
    "c2_unique_od_pairs": 0,
    "c1_c2_approach": "percentage",
    "c1_c2_percentage": 0.2
}