{
    "normalized_frobenius_error": 0.8687905073165894,
    "masked_rmse": 0.22659508883953094,
    "mean_nonzero_value": 1.345635175704956,
    "relative_rmse": 0.16839265823364258,
    "explained_variance": 0.24520307779312134,
    "computation_time": 0.39835286140441895,
    "all_factors_non_negative": true,
    "factor_sparsity": [
        "21.67%",
        "18.33%",
        "3.33%"
    ],
    "device": "cpu",
    "best_initialization": "random",
    "errors_history": [
        0.9478358626365662,
        0.9451026320457458,
        0.9446152448654175,
        0.9440593719482422,
        0.9432649612426758,
        0.9420619606971741,
        0.940222978591919,
        0.9375384449958801,
        0.9340514540672302,
        0.9302093386650085,
        0.9265224933624268,
        0.9231864213943481,
        0.9201990365982056,
        0.9174845218658447,
        0.9149418473243713,
        0.9126198887825012,
        0.9106983542442322,
        0.909210205078125,
        0.9079962372779846,
        0.9068490862846375,
        0.9056023955345154,
        0.9041602611541748,
        0.9025181531906128,
        0.9007582664489746,
        0.8990074992179871,
        0.8973720073699951,
        0.8959044814109802,
        0.8946040868759155,
        0.8934319019317627,
        0.8923062086105347,
        0.8910921216011047,
        0.8896062970161438,
        0.8876923322677612,
        0.8853943347930908,
        0.883039653301239,
        0.8809677958488464,
        0.8792911767959595,
        0.8779729604721069,
        0.8769026398658752,
        0.8759898543357849,
        0.8751896023750305,
        0.8744995594024658,
        0.8739347457885742,
        0.8734835982322693,
        0.8731192350387573,
        0.8728150129318237,
        0.8725507259368896,
        0.8723174929618835,
        0.8721088171005249,
        0.8719199299812317,
        0.8717465996742249,
        0.8715839982032776,
        0.8714307546615601,
        0.8712868094444275,
        0.8711554408073425,
        0.8710382580757141,
        0.870934247970581,
        0.8708415627479553,
        0.8707578182220459,
        0.8706803321838379,
        0.8706074357032776,
        0.8705368041992188,
        0.8704667091369629,
        0.8703951835632324,
        0.8703233599662781,
        0.8702554702758789,
        0.8701959252357483,
        0.8701447248458862,
        0.8700992465019226,
        0.8700575232505798,
        0.870018720626831,
        0.8699824213981628,
        0.8699482679367065,
        0.8699155449867249,
        0.8698847889900208,
        0.8698550462722778,
        0.8698256611824036,
        0.8697973489761353,
        0.8697712421417236,
        0.8697471022605896,
        0.8697250485420227,
        0.8697030544281006,
        0.8696828484535217,
        0.8696625232696533,
        0.8696433305740356,
        0.8696244359016418,
        0.8696066737174988,
        0.8695884943008423,
        0.869570791721344,
        0.8695539832115173,
        0.8695376515388489,
        0.8695216178894043,
        0.8695066571235657,
        0.8694920539855957,
        0.8694777488708496,
        0.8694638609886169,
        0.86944979429245,
        0.8694352507591248,
        0.8694198727607727,
        0.8694038391113281,
        0.8693864345550537,
        0.8693685531616211,
        0.8693504333496094,
        0.8693324327468872,
        0.8693158626556396,
        0.8693011403083801,
        0.869286835193634,
        0.8692736029624939,
        0.8692610859870911,
        0.8692488074302673,
        0.8692374229431152,
        0.8692262768745422,
        0.8692148923873901,
        0.8692046999931335,
        0.8691949844360352,
        0.869185209274292,
        0.8691761493682861,
        0.8691674470901489,
        0.8691590428352356,
        0.8691509366035461,
        0.8691433668136597,
        0.8691359162330627,
        0.8691290020942688,
        0.8691221475601196,
        0.8691158294677734,
        0.8691096901893616,
        0.8691036701202393,
        0.8690983653068542,
        0.8690924048423767,
        0.8690875172615051,
        0.8690822124481201,
        0.869077742099762,
        0.8690730929374695,
        0.8690688014030457,
        0.8690642714500427,
        0.8690600991249084,
        0.8690564036369324,
        0.8690525889396667,
        0.8690489530563354,
        0.8690454363822937,
        0.8690419793128967,
        0.8690387010574341,
        0.8690353035926819,
        0.8690318465232849,
        0.8690287470817566,
        0.8690255880355835,
        0.8690226078033447,
        0.8690196871757507,
        0.8690168261528015,
        0.8690141439437866,
        0.869011640548706,
        0.8690093159675598,
        0.8690071702003479,
        0.8690049648284912,
        0.8690029382705688,
        0.8690006732940674,
        0.868998646736145,
        0.8689965605735779,
        0.8689948320388794,
        0.8689927458763123,
        0.8689908385276794,
        0.8689888715744019,
        0.8689873814582825,
        0.8689858317375183,
        0.8689844012260437,
        0.86898273229599,
        0.8689811825752258,
        0.8689797520637512,
        0.8689783215522766,
        0.8689772486686707,
        0.8689754009246826,
        0.8689742088317871,
        0.8689729571342468,
        0.868971586227417,
        0.8689702153205872,
        0.8689689040184021,
        0.8689673542976379,
        0.8689662218093872,
        0.8689648509025574,
        0.8689637184143066,
        0.8689622282981873,
        0.8689612150192261,
        0.8689601421356201,
        0.8689587712287903,
        0.8689579367637634,
        0.8689563274383545,
        0.8689554333686829,
        0.8689544200897217,
        0.8689534068107605,
        0.8689524531364441,
        0.8689509630203247,
        0.8689499497413635,
        0.868948757648468,
        0.8689475655555725,
        0.8689465522766113,
        0.8689457178115845,
        0.8689448833465576,
        0.8689436912536621,
        0.8689426779747009,
        0.8689414858818054,
        0.8689403533935547,
        0.8689393401145935,
        0.8689384460449219,
        0.8689371347427368,
        0.86893630027771,
        0.8689352869987488,
        0.8689342737197876,
        0.8689327836036682,
        0.8689320087432861,
        0.8689308166503906,
        0.8689296245574951,
        0.8689284324645996,
        0.8689274191856384,
        0.8689259886741638,
        0.8689248561859131,
        0.868924081325531,
        0.8689228892326355,
        0.8689217567443848,
        0.8689208030700684,
        0.8689197897911072,
        0.8689188361167908,
        0.8689178228378296,
        0.8689167499542236,
        0.8689156770706177,
        0.8689144849777222,
        0.8689131736755371,
        0.8689122200012207,
        0.8689106106758118,
        0.868909478187561,
        0.8689080476760864,
        0.8689067363739014,
        0.8689055442810059,
        0.8689044713973999,
        0.8689029812812805,
        0.8689019680023193,
        0.8689005374908447,
        0.8688991069793701,
        0.868897557258606,
        0.8688964247703552,
        0.8688951134681702,
        0.8688938617706299,
        0.8688923716545105,
        0.8688912391662598,
        0.8688896894454956,
        0.8688886165618896,
        0.8688870668411255,
        0.8688855171203613,
        0.868884265422821,
        0.8688827157020569,
        0.8688812255859375,
        0.8688799738883972,
        0.8688786029815674,
        0.8688769936561584,
        0.8688757419586182,
        0.8688742518424988,
        0.8688732385635376,
        0.8688716292381287,
        0.8688701391220093,
        0.8688688278198242,
        0.8688673377037048,
        0.8688659071922302,
        0.8688646554946899,
        0.8688632249832153,
        0.8688618540763855,
        0.8688604831695557,
        0.8688592910766602,
        0.868858277797699,
        0.8688570261001587,
        0.8688556551933289,
