{
    "normalized_frobenius_error": 0.9050608277320862,
    "masked_rmse": 0.11874236911535263,
    "mean_nonzero_value": 1.3623639345169067,
    "relative_rmse": 0.08715906739234924,
    "explained_variance": 0.18086498975753784,
    "computation_time": 0.5868399143218994,
    "all_factors_non_negative": true,
    "factor_sparsity": [
        "33.60%",
        "37.10%",
        "20.83%"
    ],
    "device": "mps",
    "best_initialization": "random",
    "errors_history": [
        0.9730456471443176,
        0.9549294114112854,
        0.9393231868743896,
        0.9285793304443359,
        0.9202890992164612,
        0.9149654507637024,
        0.9122478365898132,
        0.9109051823616028,
        0.9101738929748535,
        0.9097113609313965,
        0.9094284772872925,
        0.9092477560043335,
        0.909108579158783,
        0.9089846014976501,
        0.9088621735572815,
        0.9087367653846741,
        0.9086124300956726,
        0.9084952473640442,
        0.9083889126777649,
        0.9082949757575989,
        0.9082136154174805,
        0.9081419110298157,
        0.9080742597579956,
        0.9080191850662231,
        0.9079715013504028,
        0.9079293012619019,
        0.9078891277313232,
        0.9077934622764587,
        0.9077211022377014,
        0.9076628088951111,
        0.9076048135757446,
        0.9075437188148499,
        0.9074764251708984,
        0.9074007272720337,
        0.9073151350021362,
        0.9072191715240479,
        0.9071134328842163,
        0.906997799873352,
        0.9068676829338074,
        0.9067122340202332,
        0.9065144658088684,
        0.9062759280204773,
        0.9060342907905579,
        0.905838131904602,
        0.9057199954986572,
        0.9056506156921387,
        0.9056118726730347,
        0.9055899977684021,
        0.9055400490760803,
        0.9053826928138733,
        0.9053586721420288,
        0.905349850654602,
        0.9053405523300171,
        0.9053177833557129,
        0.9052755832672119,
        0.905217170715332,
        0.9052046537399292,
        0.9051999449729919,
        0.905195415019989,
        0.9051726460456848,
        0.9051015377044678,
        0.9050832390785217,
        0.9050792455673218,
        0.9050770401954651,
        0.9050753116607666,
        0.905074417591095,
        0.9050736427307129,
        0.9050731062889099,
        0.9050726294517517,
        0.9050719738006592,
        0.9050711989402771,
        0.9050700068473816,
        0.9050686955451965,
        0.9050672650337219,
        0.9050658345222473,
        0.9050644636154175,
        0.9050631523132324,
        0.9050623774528503,
        0.9050617218017578,
        0.9050614237785339,
        0.9050612449645996,
        0.9050610065460205,
        0.9050609469413757,
        0.9050608277320862,
        0.9050608277320862
    ],
    "l1_regularization": 0.0,
    "l2_regularization": 0.0,
    "random_state": 961899,
    "c1_unique_zones": 3,
    "c2_unique_od_pairs": 0,
    "c1_c2_approach": "percentage",
    "c1_c2_percentage": 0.2
}