{
  "total_core_entries": 48,
  "total_energy": 527.0858154296875,
  "num_entries_80pct": 4,
  "selected_indices": [
    [
      1,
      1,
      0
    ],
    [
      3,
      0,
      0
    ],
    [
      0,
      2,
      2
    ],
    [
      2,
      3,
      1
    ]
  ],
  "selected_energies": [
    158.60342407226562,
    117.27235412597656,
    114.83720397949219,
    95.34176635742188
  ]
}