{
    "normalized_frobenius_error": 0.8564398288726807,
    "masked_rmse": 0.22337272763252258,
    "mean_nonzero_value": 1.345635175704956,
    "relative_rmse": 0.16599798202514648,
    "explained_variance": 0.26651090383529663,
    "computation_time": 0.36415600776672363,
    "all_factors_non_negative": true,
    "factor_sparsity": [
        "14.22%",
        "11.11%",
        "10.83%"
    ],
    "device": "mps",
    "best_initialization": "random",
    "errors_history": [
        0.9418179988861084,
        0.9261167645454407,
        0.9093078374862671,
        0.891776442527771,
        0.8799102306365967,
        0.8713265061378479,
        0.8649067878723145,
        0.8610745668411255,
        0.8590822815895081,
        0.8580509424209595,
        0.8574885129928589,
        0.8571469187736511,
        0.8569135665893555,
        0.8567730784416199,
        0.8566840887069702,
        0.856624186038971,
        0.8565824031829834,
        0.8565518856048584,
        0.8565286993980408,
        0.8565108180046082,
        0.8564969301223755,
        0.8564861416816711,
        0.8564777374267578,
        0.8564712405204773,
        0.8564659357070923,
        0.8564617037773132,
        0.8564581871032715,
        0.8564552664756775,
        0.8564528822898865,
        0.8564508557319641,
        0.8564490675926208,
        0.856447696685791,
        0.8564464449882507,
        0.8564455509185791,
        0.856444776058197,
        0.8564441204071045,
        0.8564435243606567,
        0.8564430475234985,
        0.8564426898956299,
        0.8564422726631165,
        0.8564419150352478,
        0.8564416766166687,
        0.8564414381980896,
        0.8564411997795105,
        0.8564409613609314,
        0.8564407229423523,
        0.856440544128418,
        0.8564404845237732,
        0.8564403653144836,
        0.8564401268959045,
        0.8564400672912598,
        0.8564399480819702,
        0.8564399480819702
    ],
    "l1_regularization": 0.0,
    "l2_regularization": 0.0,
    "random_state": 293274,
    "c1_unique_zones": 2,
    "c2_unique_od_pairs": 0,
    "c1_c2_approach": "percentage",
    "c1_c2_percentage": 0.2
}