{
    "normalized_frobenius_error": 0.9026647210121155,
    "masked_rmse": 0.11842799186706543,
    "mean_nonzero_value": 1.3623639345169067,
    "relative_rmse": 0.08692830801010132,
    "explained_variance": 0.18519645929336548,
    "computation_time": 0.8374240398406982,
    "all_factors_non_negative": true,
    "factor_sparsity": [
        "37.10%",
        "34.41%",
        "24.31%"
    ],
    "device": "mps",
    "best_initialization": "random",
    "errors_history": [
        0.969542920589447,
        0.9465713500976562,
        0.9296467900276184,
        0.9213868975639343,
        0.9152597188949585,
        0.9113831520080566,
        0.9091253280639648,
        0.907914936542511,
        0.9072853326797485,
        0.9069263935089111,
        0.9067246913909912,
        0.906602144241333,
        0.9065097570419312,
        0.9064220786094666,
        0.9063172340393066,
        0.9061703085899353,
        0.9059485197067261,
        0.9056157469749451,
        0.9051530957221985,
        0.9045974016189575,
        0.9040539860725403,
        0.9036308526992798,
        0.9033564329147339,
        0.9031680226325989,
        0.9029985666275024,
        0.9029157757759094,
        0.9028753042221069,
        0.9028522372245789,
        0.9028340578079224,
        0.9028151631355286,
        0.9028012752532959,
        0.9027920365333557,
        0.9027864336967468,
        0.9027811288833618,
        0.9027699828147888,
        0.9027489423751831,
        0.9027370810508728,
        0.902733325958252,
        0.9027305841445923,
        0.9027283787727356,
        0.902726411819458,
        0.902724027633667,
        0.9027194380760193,
        0.9027113914489746,
        0.9027010798454285,
        0.9026932120323181,
        0.902689516544342,
        0.9026877880096436,
        0.9026868343353271,
        0.9026861190795898,
        0.9026854634284973,
        0.9026848673820496,
        0.9026843309402466,
        0.9026837348937988,
        0.9026832580566406,
        0.9026827812194824,
        0.9026823043823242,
        0.902681827545166,
        0.9026814699172974,
        0.9026810526847839,
        0.9026806950569153,
        0.9026803970336914,
        0.9026800990104675,
        0.9026797413825989,
        0.902679443359375,
        0.9026790857315063,
        0.9026787877082825,
        0.902678370475769,
        0.9026780724525452,
        0.9026775360107422,
        0.9026767611503601,
        0.9026755094528198,
        0.9026742577552795,
        0.9026734232902527,
        0.9026727676391602,
        0.9026720523834229,
        0.9026712775230408,
        0.9026705622673035,
        0.9026696681976318,
        0.9026688933372498,
        0.9026682376861572,
        0.9026674628257751,
        0.9026669859886169,
        0.9026663303375244,
        0.902665913105011,
        0.9026656746864319,
        0.902665376663208,
        0.9026650786399841,
        0.9026649594306946,
        0.9026648998260498,
        0.9026647806167603,
        0.9026647210121155,
        0.9026647210121155
    ],
    "l1_regularization": 0.0,
    "l2_regularization": 0.0,
    "random_state": 640023,
    "c1_unique_zones": 2,
    "c2_unique_od_pairs": 0,
    "c1_c2_approach": "percentage",
    "c1_c2_percentage": 0.2
}