{
    "normalized_frobenius_error": 0.9208511710166931,
    "masked_rmse": 0.19340170919895172,
    "mean_nonzero_value": 1.5507972240447998,
    "relative_rmse": 0.12471115589141846,
    "explained_variance": 0.15203315019607544,
    "computation_time": 0.6478569507598877,
    "all_factors_non_negative": true,
    "factor_sparsity": [
        "17.68%",
        "21.26%",
        "0.00%"
    ],
    "device": "cpu",
    "best_initialization": "random",
    "errors_history": [
        0.965742826461792,
        0.9618386626243591,
        0.9613822102546692,
        0.9609547853469849,
        0.9603432416915894,
        0.9594350457191467,
        0.9581266641616821,
        0.9564021229743958,
        0.9544622302055359,
        0.9526529312133789,
        0.9511865973472595,
        0.950014054775238,
        0.9489842653274536,
        0.9479692578315735,
        0.9469044804573059,
        0.945781409740448,
        0.9446242451667786,
        0.9434596300125122,
        0.9423021078109741,
        0.9411514401435852,
        0.940004289150238,
        0.9388619661331177,
        0.9377320408821106,
        0.936621367931366,
        0.9355303049087524,
        0.9344335794448853,
        0.9332651495933533,
        0.9318830370903015,
        0.9300968050956726,
        0.9280315637588501,
        0.9263210296630859,
        0.9251860976219177,
        0.9244214296340942,
        0.9238699078559875,
        0.9234556555747986,
        0.9231290817260742,
        0.922860860824585,
        0.9226334691047668,
        0.9224438667297363,
        0.9222814440727234,
        0.9221430420875549,
        0.922022819519043,
        0.9219197034835815,
        0.9218297004699707,
        0.921751856803894,
        0.9216845631599426,
        0.9216248393058777,
        0.9215719103813171,
        0.9215248227119446,
        0.9214822053909302,
        0.9214430451393127,
        0.9214080572128296,
        0.9213757514953613,
        0.9213463068008423,
        0.921318531036377,
        0.9212926626205444,
        0.9212689995765686,
        0.9212467074394226,
        0.9212260842323303,
        0.9212074875831604,
        0.9211898446083069,
        0.9211735725402832,
        0.9211584329605103,
        0.9211450219154358,
        0.9211322665214539,
        0.9211206436157227,
        0.9211092591285706,
        0.9210986495018005,
        0.921088695526123,
        0.9210799932479858,
        0.9210706949234009,
        0.9210624098777771,
        0.9210537075996399,
        0.9210463166236877,
        0.9210386872291565,
        0.9210315346717834,
        0.9210244417190552,
        0.9210172295570374,
        0.9210105538368225,
        0.9210036993026733,
        0.9209974408149719,
        0.9209911227226257,
        0.9209858179092407,
        0.9209804534912109,
        0.9209753274917603,
        0.9209703207015991,
        0.920966386795044,
        0.9209616184234619,
        0.9209571480751038,
        0.9209535121917725,
        0.9209499359130859,
        0.920945942401886,
        0.9209421873092651,
        0.9209390878677368,
        0.9209359884262085,
        0.9209328889846802,
        0.9209302067756653,
        0.9209273457527161,
        0.9209242463111877,
        0.9209215641021729,
        0.9209190011024475,
        0.9209166765213013,
        0.9209145903587341,
        0.920912504196167,
        0.9209104180335999,
        0.9209080338478088,
        0.9209058284759521,
        0.9209040403366089,
        0.9209024310112,
        0.920900821685791,
        0.9208993911743164,
        0.9208974242210388,
        0.9208959937095642,
        0.9208944439888,
        0.9208930134773254,
        0.9208914637565613,
        0.9208903908729553,
        0.9208887815475464,
        0.92088782787323,
        0.9208865761756897,
        0.9208852648735046,
        0.9208838939666748,
        0.9208827614784241,
        0.9208818078041077,
        0.9208806157112122,
        0.9208793640136719,
        0.9208785891532898,
        0.9208777546882629,
        0.9208765029907227,
        0.9208759665489197,
        0.9208751320838928,
        0.9208740592002869,
        0.9208731651306152,
        0.9208722710609436,
        0.9208716154098511,
        0.9208707213401794,
        0.9208699464797974,
        0.9208691716194153,
        0.9208685159683228,
        0.9208676218986511,
        0.9208665490150452,
        0.9208658337593079,
        0.9208651185035706,
        0.9208644032478333,
        0.9208638668060303,
        0.9208632707595825,
        0.9208621978759766,
        0.9208617806434631,
        0.9208610653877258,
        0.9208603501319885,
        0.920859694480896,
        0.9208590984344482,
        0.9208587408065796,
        0.9208584427833557,
        0.9208579063415527,
        0.9208574891090393,
        0.9208569526672363,
        0.9208565354347229,
        0.9208560585975647,
        0.920855700969696,
        0.9208552837371826,
        0.9208547472953796,
        0.9208542108535767,
        0.9208539128303528,
        0.9208535552024841,
        0.9208530187606812,
        0.9208526611328125,
        0.9208524823188782,
        0.9208521246910095,
        0.9208520650863647,
        0.9208515286445618,
        0.9208511710166931,
        0.9208511710166931
    ],
    "ranks": {
        "origin": 5,
        "destination": 6,
        "time": 2
    }
}