{
    "normalized_frobenius_error": 0.8564515709877014,
    "masked_rmse": 0.22337576746940613,
    "mean_nonzero_value": 1.345635175704956,
    "relative_rmse": 0.16600024700164795,
    "explained_variance": 0.26649075746536255,
    "computation_time": 0.7106282711029053,
    "all_factors_non_negative": true,
    "factor_sparsity": [
        "21.78%",
        "18.67%",
        "11.67%"
    ],
    "device": "mps",
    "best_initialization": "random",
    "errors_history": [
        0.9439697265625,
        0.9327020645141602,
        0.920852541923523,
        0.9092108607292175,
        0.8997434973716736,
        0.8916575908660889,
        0.8827690482139587,
        0.8743935823440552,
        0.8688970804214478,
        0.8659653067588806,
        0.86443030834198,
        0.8635551333427429,
        0.8630132675170898,
        0.8626341223716736,
        0.8623297214508057,
        0.8620566725730896,
        0.86179518699646,
        0.8615380525588989,
        0.8612760901451111,
        0.8609983921051025,
        0.8606962561607361,
        0.8603634238243103,
        0.8599955439567566,
        0.859591543674469,
        0.8591549396514893,
        0.8587003350257874,
        0.8582620620727539,
        0.8578855991363525,
        0.8575875759124756,
        0.8573617339134216,
        0.8571922779083252,
        0.8570638298988342,
        0.8569647669792175,
        0.8568871021270752,
        0.8568258881568909,
        0.8567774891853333,
        0.8567385673522949,
        0.856705904006958,
        0.8566777110099792,
        0.8566538691520691,
        0.8566350936889648,
        0.8566204905509949,
        0.856608510017395,
        0.8565977215766907,
        0.8565865755081177,
        0.8565749526023865,
        0.8565638065338135,
        0.8565529584884644,
        0.8565428256988525,
        0.8565338253974915,
        0.8565259575843811,
        0.8565191030502319,
        0.8565130829811096,
        0.8565076589584351,
        0.8565027713775635,
        0.856498122215271,
        0.8564940094947815,
        0.8564907908439636,
        0.8564882278442383,
        0.8564862012863159,
        0.8564846515655518,
        0.8564833998680115,
        0.8564825654029846,
        0.8564817309379578,
        0.8564809560775757,
        0.856480062007904,
        0.8564790487289429,
        0.8564776182174683,
        0.8564758896827698,
        0.8564740419387817,
        0.8564721941947937,
        0.8564708232879639,
        0.8564696907997131,
        0.856468677520752,
        0.8564678430557251,
        0.8564670085906982,
        0.8564661145210266,
        0.8564651012420654,
        0.8564640283584595,
        0.8564628958702087,
        0.856461763381958,
        0.8564605116844177,
        0.8564593195915222,
        0.8564581274986267,
        0.856456995010376,
        0.8564561009407043,
        0.8564552664756775,
        0.8564545512199402,
        0.856454074382782,
        0.8564536571502686,
        0.8564533591270447,
        0.8564530611038208,
        0.8564527630805969,
        0.8564526438713074,
        0.8564524054527283,
        0.8564522862434387,
        0.8564521074295044,
        0.8564520478248596,
        0.8564518690109253,
        0.8564517498016357,
        0.8564516305923462,
        0.8564516305923462
    ],
    "l1_regularization": 0.0,
    "l2_regularization": 0.0,
    "random_state": 137062,
    "c1_unique_zones": 2,
    "c2_unique_od_pairs": 0,
    "c1_c2_approach": "percentage",
    "c1_c2_percentage": 0.2
}