{
    "normalized_frobenius_error": 0.8564387559890747,
    "masked_rmse": 0.2233724296092987,
    "mean_nonzero_value": 1.345635175704956,
    "relative_rmse": 0.16599775850772858,
    "explained_variance": 0.2665126919746399,
    "computation_time": 0.700437068939209,
    "all_factors_non_negative": true,
    "factor_sparsity": [
        "25.33%",
        "22.22%",
        "12.50%"
    ],
    "device": "mps",
    "best_initialization": "random",
    "errors_history": [
        0.9410642981529236,
        0.9274122714996338,
        0.913931667804718,
        0.9038914442062378,
        0.8972504138946533,
        0.8926664590835571,
        0.8891563415527344,
        0.8861563205718994,
        0.8832852244377136,
        0.8801177740097046,
        0.8759938478469849,
        0.8710656762123108,
        0.8670710921287537,
        0.8646312355995178,
        0.8631196618080139,
        0.8620674014091492,
        0.8612338900566101,
        0.8604938387870789,
        0.8598013520240784,
        0.8591626286506653,
        0.8586081266403198,
        0.858163058757782,
        0.8578274250030518,
        0.8575829863548279,
        0.8574048280715942,
        0.8572686910629272,
        0.857157289981842,
        0.8570641875267029,
        0.8569883108139038,
        0.8569276928901672,
        0.8568779230117798,
        0.8568336963653564,
        0.8567905426025391,
        0.8567456603050232,
        0.8567004799842834,
        0.8566598296165466,
        0.8566275238990784,
        0.8566030263900757,
        0.8565842509269714,
        0.8565690517425537,
        0.8565565347671509,
        0.8565460443496704,
        0.8565369248390198,
        0.8565290570259094,
        0.8565219640731812,
        0.8565152883529663,
        0.8565091490745544,
        0.8565033674240112,
        0.8564980626106262,
        0.8564932942390442,
        0.8564888834953308,
        0.85648512840271,
        0.8564817905426025,
        0.8564789891242981,
        0.8564766645431519,
        0.8564746379852295,
        0.856472909450531,
        0.8564714789390564,
        0.8564702868461609,
        0.8564691543579102,
        0.8564680814743042,
        0.8564671277999878,
        0.8564662337303162,
        0.8564653992652893,
        0.8564646244049072,
        0.8564638495445251,
        0.8564631342887878,
        0.8564624786376953,
        0.856461763381958,
        0.8564611673355103,
        0.8564606308937073,
        0.8564600944519043,
        0.8564596772193909,
        0.8564592599868774,
        0.856458842754364,
        0.8564584851264954,
        0.8564581871032715,
        0.8564577698707581,
        0.8564574122428894,
        0.856456995010376,
        0.8564565777778625,
        0.8564559817314148,
        0.8564555644989014,
        0.8564549684524536,
        0.8564545512199402,
        0.8564541935920715,
        0.8564537763595581,
        0.8564534187316895,
        0.8564530611038208,
        0.8564526438713074,
        0.8564521670341492,
        0.8564516305923462,
        0.8564510345458984,
        0.8564504981040955,
        0.8564498424530029,
        0.8564493060112,
        0.8564488291740417,
        0.856448233127594,
        0.8564477562904358,
        0.8564472198486328,
        0.8564467430114746,
        0.8564462661743164,
        0.8564457297325134,
        0.8564453125,
        0.8564447164535522,
        0.8564442992210388,
        0.8564438819885254,
        0.8564434051513672,
        0.8564430475234985,
        0.8564426898956299,
        0.8564422726631165,
        0.8564419150352478,
        0.8564416170120239,
        0.8564413189888,
        0.8564411401748657,
        0.8564409613609314,
        0.8564406633377075,
        0.8564404845237732,
        0.8564403057098389,
        0.8564400672912598,
        0.8564398884773254,
        0.8564398288726807,
        0.8564397096633911,
        0.8564395308494568,
        0.8564393520355225,
        0.8564392328262329,
        0.8564391732215881,
        0.8564389944076538,
        0.856438934803009,
        0.8564388155937195,
        0.8564387559890747,
        0.8564387559890747
    ],
    "l1_regularization": 0.0,
    "l2_regularization": 0.0,
    "random_state": 451373,
    "c1_unique_zones": 2,
    "c2_unique_od_pairs": 0,
    "c1_c2_approach": "percentage",
    "c1_c2_percentage": 0.2
}