{
    "normalized_frobenius_error": 0.8699160814285278,
    "masked_rmse": 0.2268887311220169,
    "mean_nonzero_value": 1.345635175704956,
    "relative_rmse": 0.16861088573932648,
    "explained_variance": 0.24324601888656616,
    "computation_time": 0.52785325050354,
    "all_factors_non_negative": true,
    "factor_sparsity": [
        "17.78%",
        "24.07%",
        "3.12%"
    ],
    "device": "cpu",
    "best_initialization": "random",
    "errors_history": [
        0.9471002221107483,
        0.9449757933616638,
        0.9445294737815857,
        0.9440716505050659,
        0.9434596300125122,
        0.9425758123397827,
        0.9412317872047424,
        0.9390758275985718,
        0.9354155659675598,
        0.9291095733642578,
        0.9197317957878113,
        0.91002357006073,
        0.9035102128982544,
        0.9001757502555847,
        0.8984692096710205,
        0.8974083065986633,
        0.8966072201728821,
        0.8959256410598755,
        0.8953032493591309,
        0.8947078585624695,
        0.8941163420677185,
        0.893513023853302,
        0.8928731083869934,
        0.8921679854393005,
        0.891370952129364,
        0.8904643058776855,
        0.8894525170326233,
        0.8883773684501648,
        0.8872954249382019,
        0.8862606883049011,
        0.8853091597557068,
        0.884462833404541,
        0.8837340474128723,
        0.8831176161766052,
        0.8825955390930176,
        0.8821460008621216,
        0.881747305393219,
        0.881381630897522,
        0.8810380697250366,
        0.8807114362716675,
        0.8803964853286743,
        0.8800905346870422,
        0.8797944188117981,
        0.879507839679718,
        0.8792322278022766,
        0.8789656758308411,
        0.8787057399749756,
        0.8784491419792175,
        0.8781939148902893,
        0.8779386878013611,
        0.8776837587356567,
        0.8774263262748718,
        0.8771681785583496,
        0.876909613609314,
        0.8766505122184753,
        0.8763929605484009,
        0.8761372566223145,
        0.8758870363235474,
        0.8756428956985474,
        0.875406801700592,
        0.8751814365386963,
        0.8749666810035706,
        0.8747642040252686,
        0.8745740056037903,
        0.874394953250885,
        0.8742260932922363,
        0.8740665316581726,
        0.8739143013954163,
        0.8737688660621643,
        0.8736284971237183,
        0.8734914064407349,
        0.8733572959899902,
        0.8732256889343262,
        0.8730971813201904,
        0.8729708790779114,
        0.872849702835083,
        0.8727344870567322,
        0.8726254105567932,
        0.8725233674049377,
        0.8724280595779419,
        0.8723389506340027,
        0.8722567558288574,
        0.8721799254417419,
        0.8721073865890503,
        0.872040867805481,
        0.8719781637191772,
        0.8719201683998108,
        0.8718645572662354,
        0.871812105178833,
        0.8717625141143799,
        0.8717148303985596,
        0.8716692328453064,
        0.8716248273849487,
        0.87158203125,
        0.871540367603302,
        0.8714998364448547,
        0.8714601397514343,
        0.8714209198951721,
        0.8713831305503845,
        0.8713457584381104,
        0.8713089823722839,
        0.8712731003761292,
        0.871237576007843,
        0.8712025880813599,
        0.8711690306663513,
        0.8711358308792114,
        0.8711040616035461,
        0.8710726499557495,
        0.8710422515869141,
        0.8710118532180786,
        0.8709812164306641,
        0.8709517121315002,
        0.870922863483429,
        0.8708949685096741,
        0.8708685636520386,
        0.8708428740501404,
        0.8708195686340332,
        0.8707975149154663,
        0.8707767724990845,
        0.8707566261291504,
        0.8707372546195984,
        0.8707185983657837,
        0.8707002997398376,
        0.8706831932067871,
        0.8706663846969604,
        0.870649516582489,
        0.8706330060958862,
        0.8706169724464417,
        0.8706002235412598,
        0.8705826997756958,
        0.8705636858940125,
        0.8705382943153381,
        0.8705050349235535,
        0.8704662322998047,
        0.8704326152801514,
        0.8704074621200562,
        0.8703882098197937,
        0.8703713417053223,
        0.8703554272651672,
        0.8703408241271973,
        0.8703270554542542,
        0.8703133463859558,
        0.8703010082244873,
        0.8702889680862427,
        0.8702777028083801,
        0.870266318321228,
        0.8702560067176819,
        0.870245635509491,
        0.8702359199523926,
        0.8702269196510315,
        0.8702182769775391,
        0.8702102303504944,
        0.8702027797698975,
        0.8701951503753662,
        0.8701883554458618,
        0.8701813817024231,
        0.8701751232147217,
        0.8701684474945068,
        0.870162844657898,
        0.8701566457748413,
        0.8701512217521667,
        0.8701460361480713,
        0.870140790939331,
        0.8701359033584595,
        0.8701311349868774,
        0.8701270222663879,
        0.8701230883598328,
        0.8701185584068298,
        0.8701149821281433,
        0.8701117038726807,
        0.8701083064079285,
        0.8701043128967285,
        0.8701014518737793,
        0.8700986504554749,
        0.8700957298278809,
        0.8700929880142212,
        0.8700906038284302,
        0.8700878620147705,
        0.870085597038269,
        0.8700833916664124,
        0.8700812458992004,
        0.8700791001319885,
        0.8700774312019348,
        0.8700754046440125,
        0.8700733184814453,
        0.8700719475746155,
        0.870070219039917,
        0.8700686097145081,
        0.8700668215751648,
        0.8700650930404663,
        0.8700636029243469,
        0.8700621724128723,
        0.8700606822967529,
        0.8700591921806335,
        0.8700578212738037,
        0.8700563311576843,
        0.8700549006462097,
        0.8700529336929321,
        0.8700514435768127,
        0.8700487017631531,
        0.8700447082519531,
        0.8700384497642517,
        0.8700293302536011,
        0.8700162172317505,
        0.8700021505355835,
        0.8699911832809448,
        0.8699835538864136,
        0.8699791431427002,
        0.8699756860733032,
        0.8699731230735779,
        0.869970977306366,
        0.8699685335159302,
        0.8699665665626526,
        0.8699647784233093,
        0.8699629902839661,
        0.8699613213539124,
        0.8699595928192139,
        0.8699579834938049,
        0.8699568510055542,
        0.8699555397033691,
        0.869954526424408,
        0.8699530959129333,
        0.8699519634246826,
        0.8699508309364319,
        0.8699501156806946,
        0.8699488639831543,
        0.8699483871459961,
        0.8699471950531006,
        0.8699464201927185,
        0.8699456453323364,
        0.8699445128440857,
        0.8699435591697693,
        0.869942843914032,
        0.8699424266815186,
        0.8699415326118469,
        0.8699406981468201,
        0.8699401021003723,
        0.8699392080307007,
        0.8699386715888977,
        0.8699380159378052,
        0.8699373006820679,
        0.8699367642402649,
        0.8699359893798828,
        0.8699355721473694,
        0.8699349164962769,
        0.8699343800544739,
        0.8699337840080261,
        0.8699330687522888,
        0.8699324131011963,
        0.8699319362640381,
        0.8699317574501038,
        0.8699311017990112,
        0.869930624961853,
        0.8699299097061157,
        0.8699294328689575,
        0.8699290156364441,
        0.8699284791946411,
        0.8699279427528381,
        0.8699271082878113,
        0.8699264526367188,
        0.8699256181716919,
        0.8699253797531128,
        0.8699248433113098,
        0.8699241280555725,
        0.8699235916137695,
        0.8699232339859009,
        0.8699228763580322,
        0.8699223399162292,
        0.8699219226837158,
