{
    "normalized_frobenius_error": 0.9267216324806213,
    "masked_rmse": 0.1946343630552292,
    "mean_nonzero_value": 1.5507972240447998,
    "relative_rmse": 0.12550599873065948,
    "explained_variance": 0.14118701219558716,
    "computation_time": 0.264523983001709,
    "all_factors_non_negative": true,
    "factor_sparsity": [
        "21.01%",
        "18.48%",
        "0.00%"
    ],
    "device": "cpu",
    "best_initialization": "svd",
    "errors_history": [
        0.9610891938209534,
        0.9597146511077881,
        0.9584265947341919,
        0.9566066265106201,
        0.9539664387702942,
        0.9504749774932861,
        0.9470581412315369,
        0.9443240761756897,
        0.9419727325439453,
        0.9398425817489624,
        0.9379678964614868,
        0.9363086223602295,
        0.9348136186599731,
        0.933495044708252,
        0.9324048161506653,
        0.9315590262413025,
        0.9309045076370239,
        0.930372416973114,
        0.9299154281616211,
        0.9295186996459961,
        0.9291785359382629,
        0.9288856387138367,
        0.9286327362060547,
        0.9284147620201111,
        0.9282339811325073,
        0.9280845522880554,
        0.9279627799987793,
        0.9278600215911865,
        0.9277704954147339,
        0.9276914596557617,
        0.9276201128959656,
        0.9275567531585693,
        0.9274988174438477,
        0.9274458289146423,
        0.9273956418037415,
        0.9273499846458435,
        0.9273068308830261,
        0.9272674322128296,
        0.9272297620773315,
        0.9271954298019409,
        0.9271629452705383,
        0.9271324276924133,
        0.9271040558815002,
        0.92707759141922,
        0.9270528554916382,
        0.9270305037498474,
        0.9270094633102417,
        0.9269903898239136,
        0.9269726872444153,
        0.9269567728042603,
        0.9269423484802246,
        0.926929235458374,
        0.9269176125526428,
        0.9269067645072937,
        0.9268962144851685,
        0.9268872737884521,
        0.9268789887428284,
        0.9268712997436523,
        0.9268640279769897,
        0.926857590675354,
        0.9268512725830078,
        0.9268458485603333,
        0.9268410801887512,
        0.9268358945846558,
        0.9268314838409424,
        0.926826536655426,
        0.9268226623535156,
        0.9268190860748291,
        0.9268158078193665,
        0.9268125295639038,
        0.9268091320991516,
        0.926806628704071,
        0.926803708076477,
        0.9268012046813965,
        0.9267991781234741,
        0.9267967343330383,
        0.9267948865890503,
        0.9267927408218384,
        0.9267911314964294,
        0.9267896413803101,
        0.9267878532409668,
        0.9267865419387817,
        0.9267849922180176,
        0.9267837405204773,
        0.9267826080322266,
        0.926781415939331,
        0.9267802834510803,
        0.9267791509628296,
        0.9267775416374207,
        0.9267763495445251,
        0.9267749190330505,
        0.926773726940155,
        0.9267723560333252,
        0.9267708659172058,
        0.9267696142196655,
        0.9267681241035461,
        0.9267665147781372,
        0.9267650842666626,
        0.9267635345458984,
        0.9267619252204895,
        0.9267605543136597,
        0.9267588257789612,
        0.9267571568489075,
        0.9267556071281433,
        0.9267542958259583,
        0.926753044128418,
        0.9267517924308777,
        0.9267507195472717,
        0.9267497658729553,
        0.9267486929893494,
        0.9267477989196777,
        0.9267469048500061,
        0.926746129989624,
        0.9267454147338867,
        0.9267445206642151,
        0.9267436265945435,
        0.9267429113388062,
        0.9267421364784241,
        0.9267409443855286,
        0.9267400503158569,
        0.926738977432251,
        0.9267382621765137,
        0.9267378449440002,
        0.9267370104789734,
        0.92673659324646,
        0.9267356395721436,
        0.9267349243164062,
        0.9267343878746033,
        0.926733672618866,
        0.9267329573631287,
        0.9267323017120361,
        0.926731526851654,
        0.9267308712005615,
        0.9267303347587585,
        0.9267299771308899,
        0.9267292022705078,
        0.9267289638519287,
        0.9267281293869019,
        0.9267280697822571,
        0.9267275333404541,
        0.9267272353172302,
        0.9267266988754272,
        0.9267262816429138,
        0.9267257452011108,
        0.926725447177887,
        0.926724910736084,
        0.9267246723175049,
        0.9267241954803467,
        0.9267239570617676,
        0.9267234206199646,
        0.9267232418060303,
        0.9267230033874512,
        0.9267224669456482,
        0.9267223477363586,
        0.9267221689224243,
        0.92672199010849,
        0.9267216324806213,
        0.9267216324806213
    ],
    "ranks": {
        "origin": 4,
        "destination": 4,
        "time": 2
    }
}