{
    "normalized_frobenius_error": 0.9059882760047913,
    "masked_rmse": 0.1188640370965004,
    "mean_nonzero_value": 1.3623639345169067,
    "relative_rmse": 0.08724837005138397,
    "explained_variance": 0.17918527126312256,
    "computation_time": 0.5243639945983887,
    "all_factors_non_negative": true,
    "factor_sparsity": [
        "32.26%",
        "33.87%",
        "22.22%"
    ],
    "device": "mps",
    "best_initialization": "random",
    "errors_history": [
        0.9734717011451721,
        0.9548975825309753,
        0.9395754337310791,
        0.9291397333145142,
        0.9229215979576111,
        0.9186417460441589,
        0.9151334166526794,
        0.9126183986663818,
        0.9111605882644653,
        0.9102675318717957,
        0.9096230268478394,
        0.9091152548789978,
        0.9086440205574036,
        0.9081935286521912,
        0.9077738523483276,
        0.9073899984359741,
        0.9070444107055664,
        0.9067784547805786,
        0.9065952301025391,
        0.9064512848854065,
        0.9062939882278442,
        0.9061928987503052,
        0.9061450362205505,
        0.9061097502708435,
        0.9060803651809692,
        0.9060674905776978,
        0.9060567617416382,
        0.9060435891151428,
        0.9060344696044922,
        0.9060302972793579,
        0.9060271978378296,
        0.9060249328613281,
        0.9060227870941162,
        0.906020998954773,
        0.906018853187561,
        0.90601646900177,
        0.9060133099555969,
        0.9060094952583313,
        0.9060066938400269,
        0.9060050249099731,
        0.9060036540031433,
        0.906002402305603,
        0.9060011506080627,
        0.9060003757476807,
        0.9059997200965881,
        0.9059990644454956,
        0.9059984683990479,
        0.9059978127479553,
        0.9059971570968628,
        0.905996561050415,
        0.9059960246086121,
        0.9059954285621643,
        0.9059948325157166,
        0.9059943556785583,
        0.9059938788414001,
        0.9059935212135315,
        0.9059930443763733,
        0.9059924483299255,
        0.9059916138648987,
        0.9059911370277405,
        0.9059908390045166,
        0.9059905409812927,
        0.9059902429580688,
        0.905989944934845,
        0.9059897065162659,
        0.9059894680976868,
        0.9059892892837524,
        0.9059891104698181,
        0.9059889316558838,
        0.9059888124465942,
        0.9059886336326599,
        0.9059885144233704,
        0.9059884548187256,
        0.905988335609436,
        0.9059882760047913,
        0.9059882760047913
    ],
    "l1_regularization": 0.0,
    "l2_regularization": 0.0,
    "random_state": 992503,
    "c1_unique_zones": 2,
    "c2_unique_od_pairs": 0,
    "c1_c2_approach": "percentage",
    "c1_c2_percentage": 0.2
}