{
    "normalized_frobenius_error": 0.8579277992248535,
    "masked_rmse": 0.22376081347465515,
    "mean_nonzero_value": 1.345635175704956,
    "relative_rmse": 0.1662863940000534,
    "explained_variance": 0.26395994424819946,
    "computation_time": 2.3770270347595215,
    "all_factors_non_negative": true,
    "factor_sparsity": [
        "36.89%",
        "36.00%",
        "15.83%"
    ],
    "device": "mps",
    "best_initialization": "random",
    "errors_history": [
        0.9388818144798279,
        0.9257017374038696,
        0.910614013671875,
        0.8959978818893433,
        0.8864019513130188,
        0.8814452886581421,
        0.8783540725708008,
        0.8756955862045288,
        0.8731467127799988,
        0.8708322048187256,
        0.8689582943916321,
        0.867577075958252,
        0.8665860891342163,
        0.865827739238739,
        0.8651939630508423,
        0.8646460175514221,
        0.8641836643218994,
        0.8638077974319458,
        0.8635105490684509,
        0.8632808327674866,
        0.863105058670044,
        0.8629694581031799,
        0.8628625273704529,
        0.8627760410308838,
        0.8627029657363892,
        0.862636923789978,
        0.8625712394714355,
        0.8625078201293945,
        0.8624562621116638,
        0.8624163269996643,
        0.8623833656311035,
        0.8623549938201904,
        0.8623301386833191,
        0.8623077869415283,
        0.8622872233390808,
        0.8622680902481079,
        0.8622502088546753,
        0.8622333407402039,
        0.8622177243232727,
        0.8622034192085266,
        0.8621904850006104,
        0.8621789216995239,
        0.8621687889099121,
        0.8621596097946167,
        0.8621516227722168,
        0.8621445894241333,
        0.8621382117271423,
        0.8621324896812439,
        0.8621273040771484,
        0.8621225953102112,
        0.8621181845664978,
        0.8621140718460083,
        0.8621100783348083,
        0.8621061444282532,
        0.8621023297309875,
        0.8620982766151428,
        0.8620943427085876,
        0.8620900511741638,
        0.8620855808258057,
        0.8620806336402893,
        0.8620754480361938,
        0.862069845199585,
        0.862064003944397,
        0.8620582222938538,
        0.8620527386665344,
        0.862047553062439,
        0.8620428442955017,
        0.8620386123657227,
        0.8620347380638123,
        0.8620311617851257,
        0.8620279431343079,
        0.8620247840881348,
        0.8620218634605408,
        0.8620190620422363,
        0.8620163202285767,
        0.8620137572288513,
        0.8620109558105469,
        0.8620083332061768,
        0.8620056509971619,
        0.8620028495788574,
        0.862000048160553,
        0.8619970083236694,
        0.8619941473007202,
        0.8619911074638367,
        0.8619881868362427,
        0.8619853258132935,
        0.861982524394989,
        0.8619797825813293,
        0.8619768023490906,
        0.8619736433029175,
        0.8619703650474548,
        0.8619668483734131,
        0.8619635105133057,
        0.8619604706764221,
        0.8619579076766968,
        0.8619555234909058,
        0.8619534373283386,
        0.8619512915611267,
        0.8619492650032043,
        0.8619472980499268,
        0.861945390701294,
        0.8619435429573059,
        0.8619418144226074,
        0.8619399666786194,
        0.8619381189346313,
        0.8619364500045776,
        0.8619347214698792,
        0.8619329929351807,
        0.8619314432144165,
        0.8619299530982971,
        0.8619284629821777,
        0.8619270324707031,
        0.8619257211685181,
        0.8619242310523987,
        0.8619222044944763,
        0.8619191646575928,
        0.8619155287742615,
        0.8619126081466675,
        0.8619108200073242,
        0.8619093894958496,
        0.8619081974029541,
        0.8619070053100586,
        0.8619059920310974,
        0.861905038356781,
        0.8619042038917542,
        0.8619032502174377,
        0.8619024753570557,
        0.8619017601013184,
        0.8619009256362915,
        0.861900269985199,
        0.8618995547294617,
        0.8618984222412109,
        0.8618971705436707,
        0.8618963956832886,
        0.8618958592414856,
        0.8618952631950378,
        0.8618948459625244,
        0.8618943095207214,
        0.8618938326835632,
        0.8618934750556946,
        0.8618930578231812,
        0.8618926405906677,
        0.8618923425674438,
        0.8618919849395752,
        0.8618915677070618,
        0.8618912696838379,
        0.861890971660614,
        0.8618907332420349,
        0.8618903756141663,
        0.8618901371955872,
        0.8618897795677185,
        0.8618894219398499,
        0.8618890643119812,
        0.861888587474823,
        0.8618879914283752,
        0.8618873357772827,
        0.8618866205215454,
        0.8618860244750977,
        0.8618855476379395,
        0.8618850708007812,
        0.8618847131729126,
        0.8618842363357544,
        0.861883819103241,
        0.8618832230567932,
        0.8618826866149902,
        0.8618820905685425,
        0.86188143491745,
        0.8618807196617126,
        0.861879825592041,
        0.8618789911270142,
        0.8618779182434082,
        0.8618767261505127,
        0.8618754744529724,
        0.8618741035461426,
        0.8618724942207336,
        0.8618706464767456,
        0.8618687391281128,
        0.8618665933609009,
        0.8618642091751099,
        0.8618616461753845,
        0.8618589639663696,
        0.8618559837341309,
        0.8618528246879578,
        0.8618494868278503,
        0.8618459701538086,
        0.8618422746658325,
        0.8618384003639221,
        0.8618344068527222,
        0.8618302941322327,
        0.8618258833885193,
        0.8618214726448059,
        0.8618167042732239,
        0.861811637878418,
        0.8618062138557434,
        0.8618001937866211,
        0.8617933988571167,
        0.8617857098579407,
        0.8617769479751587,
        0.8617669343948364,
        0.8617556691169739,
        0.8617429733276367,
        0.8617292046546936,
        0.8617134690284729,
        0.861695408821106,
        0.8616741299629211,
        0.8616496920585632,
        0.8616230487823486,
        0.8615956902503967,
        0.861568033695221,
        0.8615397810935974,
        0.8615102171897888,
        0.8614783883094788,
        0.8614428043365479,
        0.8614016771316528,
        0.8613535165786743,
        0.8612979054450989,
        0.8612373471260071,
        0.8611723184585571,
        0.8610973358154297,
        0.8610029220581055,
        0.860883891582489,
        0.8607480525970459,
        0.860610842704773,
        0.8604784607887268,
        0.8603509664535522,
        0.8602300882339478,
        0.860119104385376,
        0.8600214123725891,
        0.8599393367767334,
        0.8598735332489014,
        0.8598227500915527,
        0.859784722328186,
        0.8597571849822998,
        0.8597375154495239,
        0.8597235679626465,
        0.8597137331962585,
        0.8597067594528198,
        0.8597016930580139,
        0.8596978783607483,
        0.8596950173377991,
        0.8596924543380737,
        0.8596900701522827,
        0.8596873879432678,
        0.8596840500831604,
        0.8596791625022888,
        0.8596712350845337,
        0.8596576452255249,
        0.8596404194831848,
        0.8596193194389343,
        0.8595910668373108,
        0.8595553636550903,
        0.8595142960548401,
        0.8594726324081421,
        0.8594356775283813,
        0.8594073057174683,
        0.8593876361846924,
        0.8593735098838806,
        0.8593615293502808,
        0.8593459129333496,
        0.8593188524246216,
        0.8592769503593445,
        0.8592305779457092,
        0.8591867685317993,
        0.8591511249542236,
        0.8591282963752747,
        0.8591136336326599,
        0.8590999841690063,
        0.8590831160545349,
        0.8590614199638367,
