{
    "normalized_frobenius_error": 0.8566393852233887,
    "masked_rmse": 0.2234247773885727,
    "mean_nonzero_value": 1.345635175704956,
    "relative_rmse": 0.1660366654396057,
    "explained_variance": 0.266169011592865,
    "computation_time": 1.3254587650299072,
    "all_factors_non_negative": true,
    "factor_sparsity": [
        "29.78%",
        "28.44%",
        "14.17%"
    ],
    "device": "mps",
    "best_initialization": "random",
    "errors_history": [
        0.9423434138298035,
        0.9291169047355652,
        0.9160961508750916,
        0.9026122689247131,
        0.891933262348175,
        0.8835834860801697,
        0.8766443729400635,
        0.872157871723175,
        0.8697311878204346,
        0.8682270646095276,
        0.8670700192451477,
        0.8661291599273682,
        0.8653610348701477,
        0.8647409677505493,
        0.8642464876174927,
        0.8638538718223572,
        0.8635450601577759,
        0.863304615020752,
        0.8631157875061035,
        0.8629621863365173,
        0.8628336191177368,
        0.8627278208732605,
        0.8626445531845093,
        0.8625800609588623,
        0.8625290393829346,
        0.8624870777130127,
        0.8624536395072937,
        0.8624277710914612,
        0.8624066710472107,
        0.8623890280723572,
        0.8623735904693604,
        0.8623596429824829,
        0.8623467683792114,
        0.8623343110084534,
        0.8623219728469849,
        0.8623098134994507,
        0.8622981905937195,
        0.8622868657112122,
        0.8622756004333496,
        0.8622640371322632,
        0.8622518181800842,
        0.862238883972168,
        0.8622249364852905,
        0.8622098565101624,
        0.8621935248374939,
        0.8621760606765747,
        0.8621576428413391,
        0.8621386885643005,
        0.8621193766593933,
        0.8620998859405518,
        0.8620807528495789,
        0.8620620369911194,
        0.8620440363883972,
        0.8620268106460571,
        0.8620104789733887,
        0.8619951009750366,
        0.8619807958602905,
        0.8619673848152161,
        0.8619546890258789,
        0.8619428277015686,
        0.8619316816329956,
        0.8619211912155151,
        0.8619112372398376,
        0.8619017601013184,
        0.8618925213813782,
        0.8618836998939514,
        0.8618749976158142,
        0.861866295337677,
        0.8618575930595398,
        0.8618483543395996,
        0.8618379235267639,
        0.8618276119232178,
        0.8618171811103821,
        0.8618058562278748,
        0.8617933392524719,
        0.861779510974884,
        0.8617640137672424,
        0.8617465496063232,
        0.861726701259613,
        0.8617041110992432,
        0.8616786599159241,
        0.8616496920585632,
        0.8616170287132263,
        0.8615803122520447,
        0.8615391254425049,
        0.8614928126335144,
        0.8614404201507568,
        0.8613811135292053,
        0.8613138198852539,
        0.8612365126609802,
        0.8611440658569336,
        0.8610259294509888,
        0.8608834743499756,
        0.8607320785522461,
        0.8605709075927734,
        0.8603969216346741,
        0.8602119088172913,
        0.8600216507911682,
        0.8598339557647705,
        0.8596578240394592,
        0.8595000505447388,
        0.8593671321868896,
        0.8592647314071655,
        0.8591898083686829,
        0.8591366410255432,
        0.8590994477272034,
        0.8590734004974365,
        0.8590545654296875,
        0.8590399622917175,
        0.8590266704559326,
        0.8590123057365417,
        0.8589933514595032,
        0.8589673638343811,
        0.8589327931404114,
        0.8588902950286865,
        0.8588365316390991,
        0.8587608933448792,
        0.8586506843566895,
        0.858504056930542,
        0.8583394289016724,
        0.8581815361976624,
        0.8580560684204102,
        0.8579767942428589,
        0.8579246997833252,
        0.857886791229248,
        0.8578528165817261,
        0.8578179478645325,
        0.8577927947044373,
        0.8577797412872314,
        0.8577718138694763,
        0.8577661514282227,
        0.8577615022659302,
        0.8577576279640198,
        0.8577543497085571,
        0.8577516674995422,
        0.857749342918396,
        0.8577473163604736,
        0.8577455282211304,
        0.857744038105011,
        0.857742428779602,
        0.857740581035614,
        0.8577374219894409,
        0.8577300906181335,
        0.8577088713645935,
        0.8576465845108032,
        0.8574990630149841,
        0.8572947382926941,
        0.8571546673774719,
        0.8570878505706787,
        0.8570536971092224,
        0.8570301532745361,
        0.8570067882537842,
        0.8569802641868591,
        0.8569537401199341,
        0.8569326400756836,
        0.8569188714027405,
        0.856910228729248,
        0.8569037914276123,
        0.8568975925445557,
        0.856890857219696,
        0.8568823933601379,
        0.8568716645240784,
        0.8568580746650696,
        0.8568410873413086,
        0.8568204641342163,
        0.8567966818809509,
        0.8567711710929871,
        0.8567454814910889,
        0.8567216396331787,
        0.8567011952400208,
        0.8566848039627075,
        0.8566724061965942,
        0.8566632866859436,
        0.8566568493843079,
        0.8566522598266602,
        0.856648862361908,
        0.8566464781761169,
        0.8566447496414185,
        0.8566434383392334,
        0.8566424250602722,
        0.8566416501998901,
        0.8566411733627319,
        0.8566406965255737,
        0.8566403388977051,
        0.856640100479126,
        0.8566399216651917,
        0.8566396236419678,
        0.856639564037323,
        0.8566395044326782,
        0.8566394448280334,
        0.8566394448280334
    ],
    "l1_regularization": 0.0,
    "l2_regularization": 0.0,
    "random_state": 700446,
    "c1_unique_zones": 2,
    "c2_unique_od_pairs": 0,
    "c1_c2_approach": "percentage",
    "c1_c2_percentage": 0.2
}