{
    "normalized_frobenius_error": 0.8781786561012268,
    "masked_rmse": 0.1960364729166031,
    "mean_nonzero_value": 1.5989879369735718,
    "relative_rmse": 0.12260034680366516,
    "explained_variance": 0.22880226373672485,
    "computation_time": 3.8124077320098877,
    "all_factors_non_negative": true,
    "factor_sparsity": [
        "33.09%",
        "36.71%",
        "21.53%"
    ],
    "device": "mps",
    "best_initialization": "random",
    "errors_history": [
        0.9528266787528992,
        0.935917854309082,
        0.9195649027824402,
        0.9066385626792908,
        0.8971732258796692,
        0.8907926678657532,
        0.8869212865829468,
        0.8845721483230591,
        0.8831008672714233,
        0.8821433782577515,
        0.8814916610717773,
        0.8810263276100159,
        0.8806697130203247,
        0.8803781270980835,
        0.8801270723342896,
        0.8799076080322266,
        0.8797198534011841,
        0.8795636296272278,
        0.8794362545013428,
        0.8793327212333679,
        0.8792483806610107,
        0.8791795372962952,
        0.8791229128837585,
        0.8790763020515442,
        0.8790374398231506,
        0.879004716873169,
        0.8789764046669006,
        0.8789516091346741,
        0.8789292573928833,
        0.878909170627594,
        0.8788909912109375,
        0.8788743019104004,
        0.8788589239120483,
        0.8788449764251709,
        0.8788317441940308,
        0.878819465637207,
        0.878807783126831,
        0.8787963390350342,
        0.8787856101989746,
        0.878775417804718,
        0.8787655830383301,
        0.8787559866905212,
        0.8787468075752258,
        0.8787376880645752,
        0.8787288069725037,
        0.878720223903656,
        0.8787118792533875,
        0.8787038922309875,
        0.8786960244178772,
        0.8786883354187012,
        0.8786807656288147,
        0.878673255443573,
        0.8786656856536865,
        0.8786581158638,
        0.8786505460739136,
        0.8786429762840271,
        0.8786352872848511,
        0.8786276578903198,
        0.8786200881004333,
        0.8786125183105469,
        0.8786052465438843,
        0.8785980343818665,
        0.8785910606384277,
        0.8785842061042786,
        0.8785774111747742,
        0.8785707354545593,
        0.878564178943634,
        0.8785576224327087,
        0.8785511255264282,
        0.8785445690155029,
        0.8785380125045776,
        0.8785315155982971,
        0.8785248398780823,
        0.8785181641578674,
        0.8785111904144287,
        0.87850421667099,
        0.8784969449043274,
        0.8784895539283752,
        0.8784824013710022,
        0.87847501039505,
        0.8784679174423218,
        0.8784610629081726,
        0.8784545660018921,
        0.8784484267234802,
        0.8784425258636475,
        0.8784369230270386,
        0.8784314393997192,
        0.8784258961677551,
        0.8784202337265015,
        0.8784147500991821,
        0.8784096837043762,
        0.8784049153327942,
        0.8784008026123047,
        0.8783970475196838,
        0.8783934116363525,
        0.8783900737762451,
        0.8783868551254272,
        0.8783838152885437,
        0.8783809542655945,
        0.8783783316612244,
        0.8783758282661438,
        0.878373384475708,
        0.8783711791038513,
        0.8783690333366394,
        0.8783669471740723,
        0.8783649802207947,
        0.878363311290741,
        0.8783614635467529,
        0.878359854221344,
        0.8783582448959351,
        0.8783568143844604,
        0.8783555030822754,
        0.8783540725708008,
        0.8783527612686157,
        0.8783515691757202,
        0.8783502578735352,
        0.8783490061759949,
        0.8783478140830994,
        0.8783465027809143,
        0.8783453106880188,
        0.8783438801765442,
        0.8783424496650696,
        0.8783408403396606,
        0.8783392310142517,
        0.8783376216888428,
        0.8783357739448547,
        0.8783340454101562,
        0.8783324360847473,
        0.8783307075500488,
        0.8783290982246399,
        0.8783273696899414,
        0.8783257007598877,
        0.8783238530158997,
        0.8783220648765564,
        0.8783203363418579,
        0.8783186078071594,
        0.8783168792724609,
        0.8783151507377625,
        0.878313422203064,
        0.8783116340637207,
        0.8783094882965088,
        0.8783069849014282,
        0.8783040642738342,
        0.8783010244369507,
        0.8782980442047119,
        0.8782949447631836,
        0.8782914876937866,
        0.8782880902290344,
        0.8782846331596375,
        0.8782811760902405,
        0.8782780766487122,
        0.8782750368118286,
        0.878272294998169,
        0.8782696723937988,
        0.8782671093940735,
        0.8782650232315063,
        0.8782627582550049,
        0.8782606720924377,
        0.8782585263252258,
        0.8782564401626587,
        0.8782544136047363,
        0.8782522678375244,
        0.8782499432563782,
        0.8782477378845215,
        0.87824547290802,
        0.878243088722229,
        0.8782407641410828,
        0.878238320350647,
        0.8782361149787903,
        0.8782338500022888,
        0.8782315254211426,
        0.8782294392585754,
        0.878227174282074,
        0.8782251477241516,
        0.8782230615615845,
        0.8782211542129517,
        0.8782191872596741,
        0.8782175183296204,
        0.8782158493995667,
        0.8782143592834473,
        0.8782128691673279,
        0.8782114386558533,
        0.8782100081443787,
        0.8782088160514832,
        0.8782075643539429,
        0.8782064914703369,
        0.8782053589820862,
        0.8782042264938354,
        0.8782032132148743,
        0.8782021999359131,
        0.8782011866569519,
        0.8782002925872803,
        0.8781995177268982,
        0.8781985640525818,
        0.8781977891921997,
        0.8781970739364624,
        0.8781962394714355,
        0.8781955242156982,
        0.8781947493553162,
        0.8781940340995789,
        0.8781933188438416,
        0.8781927227973938,
        0.878192126750946,
        0.8781915307044983,
        0.8781909942626953,
        0.8781903982162476,
        0.8781899809837341,
        0.8781895637512207,
        0.8781890869140625,
        0.8781887888908386,
        0.8781883716583252,
        0.8781879544258118,
        0.8781876564025879,
        0.878187358379364,
        0.8781870603561401,
        0.8781867623329163,
        0.8781864643096924,
        0.8781861662864685,
        0.8781858682632446,
        0.8781856298446655,
        0.8781854510307312,
        0.8781851530075073,
        0.8781849145889282,
        0.8781846165657043,
        0.8781843185424805,
        0.8781841397285461,
        0.8781838417053223,
        0.8781835436820984,
        0.878183126449585,
        0.8781828284263611,
        0.8781825304031372,
        0.8781821131706238,
        0.8781818151473999,
        0.878181517124176,
        0.8781812787055969,
        0.8781810998916626,
        0.8781808018684387,
        0.8781805634498596,
        0.8781805038452148,
        0.8781802654266357,
        0.8781800866127014,
        0.8781799674034119,
        0.8781797885894775,
        0.8781795501708984,
        0.8781794905662537,
        0.8781792521476746,
        0.8781790733337402,
        0.8781789541244507,
        0.8781787753105164,
        0.8781786561012268,
        0.8781786561012268
    ],
    "l1_regularization": 0.0,
    "l2_regularization": 0.0,
    "random_state": 853398,
    "c1_unique_zones": 2,
    "c2_unique_od_pairs": 0,
    "c1_c2_approach": "percentage",
    "c1_c2_percentage": 0.2
}