{
    "normalized_frobenius_error": 0.8812636733055115,
    "masked_rmse": 0.11975432187318802,
    "mean_nonzero_value": 1.1494661569595337,
    "relative_rmse": 0.10418255627155304,
    "explained_variance": 0.2233743667602539,
    "computation_time": 1.0317649841308594,
    "all_factors_non_negative": true,
    "factor_sparsity": [
        "25.00%",
        "22.73%",
        "16.67%"
    ],
    "device": "mps",
    "best_initialization": "random",
    "errors_history": [
        0.9553933143615723,
        0.9315068125724792,
        0.9159500002861023,
        0.9039626717567444,
        0.8964129090309143,
        0.8917387127876282,
        0.888805627822876,
        0.8868675231933594,
        0.8853370547294617,
        0.8840557932853699,
        0.8831800222396851,
        0.8826093673706055,
        0.8822473883628845,
        0.8820162415504456,
        0.8818612098693848,
        0.8817559480667114,
        0.8816776275634766,
        0.8816084861755371,
        0.881534993648529,
        0.8814552426338196,
        0.8814191818237305,
        0.8813943266868591,
        0.8813733458518982,
        0.8813552260398865,
        0.8813397884368896,
        0.8813266754150391,
        0.8813158869743347,
        0.881306529045105,
        0.8812981843948364,
        0.8812918663024902,
        0.8812868595123291,
        0.8812828063964844,
        0.8812795281410217,
        0.8812768459320068,
        0.8812745809555054,
        0.8812728524208069,
        0.8812714219093323,
        0.8812700510025024,
        0.881269097328186,
        0.8812682628631592,
        0.8812676668167114,
        0.8812670111656189,
        0.8812665343284607,
        0.8812660574913025,
        0.8812656998634338,
        0.88126540184021,
        0.8812651634216309,
        0.8812649250030518,
        0.881264865398407,
        0.8812645673751831,
        0.8812643885612488,
        0.881264328956604,
        0.8812641501426697,
        0.8812640309333801,
        0.8812639713287354,
        0.8812638521194458,
        0.8812637329101562,
        0.8812636733055115,
        0.8812636733055115
    ],
    "l1_regularization": 0.0,
    "l2_regularization": 0.0,
    "random_state": 265441,
    "c1_unique_zones": 1,
    "c2_unique_od_pairs": 0,
    "c1_c2_approach": "percentage",
    "c1_c2_percentage": 0.2
}