{
    "normalized_frobenius_error": 0.8631548285484314,
    "masked_rmse": 0.22512511909008026,
    "mean_nonzero_value": 1.345635175704956,
    "relative_rmse": 0.1673002690076828,
    "explained_variance": 0.254963755607605,
    "computation_time": 0.53867506980896,
    "all_factors_non_negative": true,
    "factor_sparsity": [
        "23.70%",
        "25.78%",
        "6.25%"
    ],
    "device": "cpu",
    "best_initialization": "svd",
    "errors_history": [
        0.9230816960334778,
        0.9134290814399719,
        0.9062427282333374,
        0.9011199474334717,
        0.8981900215148926,
        0.8958995938301086,
        0.8937094211578369,
        0.8916260004043579,
        0.8898261785507202,
        0.8883982300758362,
        0.8872776627540588,
        0.8863443732261658,
        0.8854857087135315,
        0.8846071362495422,
        0.8836351633071899,
        0.8825249671936035,
        0.8812829256057739,
        0.8799697756767273,
        0.8786731362342834,
        0.8774735927581787,
        0.8764324188232422,
        0.8755664229393005,
        0.8748458027839661,
        0.8742173910140991,
        0.8736361861228943,
        0.8730788826942444,
        0.8725374341011047,
        0.8720083236694336,
        0.8714878559112549,
        0.870980978012085,
        0.8705037236213684,
        0.8700777292251587,
        0.8697113394737244,
        0.8694015741348267,
        0.8691378235816956,
        0.8689098954200745,
        0.8687096834182739,
        0.8685304522514343,
        0.8683702945709229,
        0.868226170539856,
        0.8680970072746277,
        0.8679829239845276,
        0.8678818345069885,
        0.8677939772605896,
        0.8677162528038025,
        0.867647647857666,
        0.8675860166549683,
        0.8675318360328674,
        0.8674817681312561,
        0.8674357533454895,
        0.8673943281173706,
        0.8673557043075562,
        0.8673198819160461,
        0.8672868609428406,
        0.8672556281089783,
        0.8672266006469727,
        0.8671991229057312,
        0.8671731948852539,
        0.867148756980896,
        0.8671256303787231,
        0.8671039342880249,
        0.8670835494995117,
        0.8670639991760254,
        0.8670451045036316,
        0.8670271039009094,
        0.8670103549957275,
        0.8669942617416382,
        0.8669790625572205,
        0.8669645190238953,
        0.866951048374176,
        0.8669373989105225,
        0.866925060749054,
        0.8669131398200989,
        0.866901159286499,
        0.8668901324272156,
        0.8668796420097351,
        0.8668691515922546,
        0.8668597340583801,
        0.8668495416641235,
        0.866840660572052,
        0.8668316602706909,
        0.8668232560157776,
        0.8668149709701538,
        0.8668067455291748,
        0.8667988181114197,
        0.8667912483215332,
        0.8667839169502258,
        0.8667765259742737,
        0.8667698502540588,
        0.8667633533477783,
        0.8667564392089844,
        0.8667498826980591,
        0.8667433261871338,
        0.8667371869087219,
        0.8667308688163757,
        0.8667246103286743,
        0.8667185306549072,
        0.8667129278182983,
        0.8667070269584656,
        0.8667009472846985,
        0.866694986820221,
        0.8666897416114807,
        0.8666846752166748,
        0.8666790723800659,
        0.8666737675666809,
        0.8666686415672302,
        0.8666629791259766,
        0.8666579127311707,
        0.8666528463363647,
        0.866647481918335,
        0.8666424751281738,
        0.8666377663612366,
        0.866632342338562,
        0.86662757396698,
        0.8666227459907532,
        0.8666178584098816,
        0.8666130900382996,
        0.8666076064109802,
        0.8666025996208191,
        0.8665977120399475,
        0.866592288017273,
        0.8665875196456909,
        0.8665825128555298,
        0.8665773272514343,
        0.8665720820426941,
        0.8665667176246643,
        0.8665614128112793,
        0.8665565252304077,
        0.8665511608123779,
        0.8665462732315063,
        0.8665406703948975,
        0.8665355443954468,
        0.8665302991867065,
        0.8665249347686768,
        0.8665198087692261,
        0.8665146231651306,
        0.8665096759796143,
        0.8665046691894531,
        0.8664995431900024,
        0.8664938807487488,
        0.8664885759353638,
        0.8664836883544922,
        0.8664788007736206,
        0.8664737343788147,
        0.8664687871932983,
        0.8664639592170715,
        0.8664588928222656,
        0.8664541840553284,
        0.8664496541023254,
        0.8664449453353882,
        0.8664407134056091,
        0.866436243057251,
        0.8664316534996033,
        0.8664272427558899,
        0.8664230108261108,
        0.8664194941520691,
        0.8664150834083557,
        0.8664106726646423,
        0.8664072155952454,
        0.8664028644561768,
        0.8663988709449768,
        0.8663950562477112,
        0.866391658782959,
        0.8663877844810486,
        0.8663840293884277,
        0.8663804531097412,
        0.8663768768310547,
        0.8663736581802368,
        0.8663696646690369,
        0.8663666248321533,
        0.8663628101348877,
        0.8663591146469116,
        0.8663558959960938,
        0.8663526177406311,
        0.8663492202758789,
        0.8663457632064819,
        0.866342306137085,
        0.8663389086723328,
        0.8663358092308044,
        0.8663325309753418,
        0.8663291931152344,
        0.8663262128829956,
        0.8663224577903748,
        0.8663192391395569,
        0.866316020488739,
        0.8663124442100525,
        0.8663091659545898,
        0.8663056492805481,
        0.8663018941879272,
        0.8662986159324646,
        0.8662950992584229,
        0.8662911057472229,
        0.8662872910499573,
        0.866283655166626,
        0.8662797212600708,
        0.866275429725647,
        0.8662711381912231,
        0.8662669658660889,
        0.8662627935409546,
        0.8662581443786621,
        0.8662534356117249,
        0.8662488460540771,
        0.8662437200546265,
        0.8662388324737549,
        0.8662329912185669,
        0.8662278652191162,
        0.8662220239639282,
        0.8662158250808716,
        0.8662093281745911,
        0.8662022352218628,
        0.866195023059845,
        0.8661877512931824,
        0.8661800622940063,
        0.8661718368530273,
        0.8661630749702454,
        0.8661537170410156,
        0.8661438822746277,
        0.8661338090896606,
        0.8661220669746399,
        0.8661103844642639,
        0.866097629070282,
        0.866083562374115,
        0.8660692572593689,
        0.8660538196563721,
        0.8660368919372559,
        0.866019070148468,
        0.8659999966621399,
        0.8659787774085999,
        0.8659563660621643,
        0.8659324645996094,
        0.8659055829048157,
        0.865877628326416,
        0.8658469915390015,
        0.8658141493797302,
        0.8657792210578918,
        0.8657415509223938,
        0.8657018542289734,
        0.8656586408615112,
        0.8656132221221924,
        0.8655649423599243,
        0.8655145168304443,
        0.8654618263244629,
        0.8654065728187561,
        0.8653494119644165,
        0.8652907013893127,
        0.865231454372406,
        0.8651708364486694,
        0.8651097416877747,
        0.8650481104850769,
        0.8649861812591553,
        0.8649249076843262,
        0.864863395690918,
        0.8648028373718262,
        0.8647432327270508,
        0.8646838665008545,
        0.864625871181488,
        0.8645688891410828,
        0.8645127415657043,
        0.8644580841064453,
        0.8644036054611206,
        0.8643506765365601,
        0.8642978668212891,
        0.8642464280128479,
        0.8641940355300903,
        0.8641432523727417,
        0.8640925288200378,
        0.8640438914299011,
        0.863997220993042,
        0.8639536499977112,
