{
    "normalized_frobenius_error": 0.8564391732215881,
    "masked_rmse": 0.22337253391742706,
    "mean_nonzero_value": 1.345635175704956,
    "relative_rmse": 0.16599784791469574,
    "explained_variance": 0.2665119767189026,
    "computation_time": 0.6541366577148438,
    "all_factors_non_negative": true,
    "factor_sparsity": [
        "19.11%",
        "16.44%",
        "11.67%"
    ],
    "device": "mps",
    "best_initialization": "random",
    "errors_history": [
        0.9459386467933655,
        0.9343200325965881,
        0.9204897284507751,
        0.9006046056747437,
        0.8849201798439026,
        0.8773216605186462,
        0.8737216591835022,
        0.8713783621788025,
        0.869247317314148,
        0.8670206665992737,
        0.8648102879524231,
        0.8627991676330566,
        0.8610489368438721,
        0.8596274852752686,
        0.8585978746414185,
        0.8579259514808655,
        0.8574943542480469,
        0.8572143316268921,
        0.8570291996002197,
        0.8569037914276123,
        0.8568163514137268,
        0.8567543625831604,
        0.8567102551460266,
        0.8566785454750061,
        0.8566552400588989,
        0.8566374182701111,
        0.8566235303878784,
        0.8566123843193054,
        0.8566032648086548,
        0.8565955758094788,
        0.8565887212753296,
        0.8565821051597595,
        0.856575071811676,
        0.856566846370697,
        0.8565565347671509,
        0.8565435409545898,
        0.8565286993980408,
        0.8565140962600708,
        0.8565022349357605,
        0.8564940094947815,
        0.8564885258674622,
        0.8564846515655518,
        0.8564815521240234,
        0.856478750705719,
        0.8564763069152832,
        0.8564740419387817,
        0.8564720749855042,
        0.8564701080322266,
        0.8564685583114624,
        0.8564669489860535,
        0.8564655780792236,
        0.8564643263816833,
        0.8564631342887878,
        0.8564618825912476,
        0.8564609289169312,
        0.8564597964286804,
        0.856458842754364,
        0.8564579486846924,
        0.8564570546150208,
        0.8564562201499939,
        0.8564552664756775,
        0.8564543724060059,
        0.856453537940979,
        0.8564527630805969,
        0.8564520478248596,
        0.8564513325691223,
        0.8564505577087402,
        0.8564499020576477,
        0.8564493656158447,
        0.856448769569397,
        0.8564481139183044,
        0.8564475774765015,
        0.8564469814300537,
        0.8564464449882507,
        0.8564459085464478,
        0.8564455509185791,
        0.8564450144767761,
        0.8564445376396179,
        0.8564441204071045,
        0.8564436435699463,
        0.8564432859420776,
        0.8564428091049194,
        0.856442391872406,
        0.8564420938491821,
        0.8564417362213135,
        0.8564414381980896,
        0.856441080570221,
        0.8564408421516418,
        0.856440544128418,
        0.8564403653144836,
        0.8564400672912598,
        0.8564398884773254,
        0.8564397096633911,
        0.8564395308494568,
        0.8564394116401672,
        0.8564392328262329,
        0.8564392328262329
    ],
    "l1_regularization": 0.0,
    "l2_regularization": 0.0,
    "random_state": 763750,
    "c1_unique_zones": 2,
    "c2_unique_od_pairs": 0,
    "c1_c2_approach": "percentage",
    "c1_c2_percentage": 0.2
}