{
    "normalized_frobenius_error": 0.8459973335266113,
    "masked_rmse": 0.21098291873931885,
    "mean_nonzero_value": 1.3371909856796265,
    "relative_rmse": 0.1577806919813156,
    "explained_variance": 0.28428852558135986,
    "computation_time": 0.5005676746368408,
    "all_factors_non_negative": true,
    "factor_sparsity": [
        "21.48%",
        "18.22%",
        "8.57%"
    ],
    "device": "cpu",
    "best_initialization": "random",
    "errors_history": [
        0.9470394253730774,
        0.94425368309021,
        0.943947434425354,
        0.9437875151634216,
        0.9436239004135132,
        0.9434224963188171,
        0.9431554079055786,
        0.9427793622016907,
        0.9422213435173035,
        0.9413548111915588,
        0.9399664998054504,
        0.9377540946006775,
        0.9344853162765503,
        0.9304224848747253,
        0.9264052510261536,
        0.9230599999427795,
        0.920392632484436,
        0.9181413054466248,
        0.9160353541374207,
        0.9138304591178894,
        0.9112967252731323,
        0.9083049297332764,
        0.9049516916275024,
        0.9015524387359619,
        0.8984374403953552,
        0.8957569003105164,
        0.893474280834198,
        0.8914855718612671,
        0.8896993398666382,
        0.8880454897880554,
        0.8864586353302002,
        0.8848628401756287,
        0.8831783533096313,
        0.8813191652297974,
        0.8792292475700378,
        0.8769299387931824,
        0.8745626211166382,
        0.8723335266113281,
        0.8703940510749817,
        0.8687638640403748,
        0.8673739433288574,
        0.8661434650421143,
        0.8650238513946533,
        0.8640140295028687,
        0.8631377220153809,
        0.862395167350769,
        0.8617592453956604,
        0.8611952662467957,
        0.8606738448143005,
        0.8601707816123962,
        0.8596670031547546,
        0.8591455817222595,
        0.8585892915725708,
        0.8579791188240051,
        0.8572967052459717,
        0.8565349578857422,
        0.8557136654853821,
        0.8548930883407593,
        0.8541387319564819,
        0.8534972071647644,
        0.852973997592926,
        0.8525549173355103,
        0.8522152304649353,
        0.8519314527511597,
        0.8516861796379089,
        0.851468026638031,
        0.8512676358222961,
        0.8510781526565552,
        0.8508954048156738,
        0.850717306137085,
        0.8505451083183289,
        0.8503808975219727,
        0.8502265810966492,
        0.8500850200653076,
        0.8499557971954346,
        0.8498376607894897,
        0.8497292399406433,
        0.8496289849281311,
        0.8495356440544128,
        0.8494476079940796,
        0.8493649959564209,
        0.8492868542671204,
        0.849213719367981,
        0.8491446375846863,
        0.8490810990333557,
        0.8490222692489624,
        0.8489696383476257,
        0.8489218354225159,
        0.8488775491714478,
        0.8488364219665527,
        0.8487983345985413,
        0.8487622737884521,
        0.8487281799316406,
        0.8486944437026978,
        0.8486605882644653,
        0.8486254811286926,
        0.8485887050628662,
        0.848551332950592,
        0.8485162854194641,
        0.8484843373298645,
        0.8484556078910828,
        0.848429262638092,
        0.8484048247337341,
        0.8483819961547852,
        0.8483604192733765,
        0.848339855670929,
        0.8483196496963501,
        0.8483003377914429,
        0.8482812643051147,
        0.8482630848884583,
        0.8482447266578674,
        0.8482266664505005,
        0.8482089042663574,
        0.8481925129890442,
        0.8481760621070862,
        0.8481598496437073,
        0.8481438755989075,
        0.8481284976005554,
        0.8481135368347168,
        0.8480982780456543,
        0.8480839729309082,
        0.8480693697929382,
        0.848055362701416,
        0.8480417132377625,
        0.848027765750885,
        0.8480143547058105,
        0.8480011224746704,
        0.8479880690574646,
        0.847975492477417,
        0.8479625582695007,
        0.8479495048522949,
        0.8479369878768921,
        0.8479246497154236,
        0.8479120135307312,
        0.8478996753692627,
        0.8478871583938599,
        0.8478751182556152,
        0.8478623032569885,
        0.8478505611419678,
        0.8478385806083679,
        0.8478272557258606,
        0.8478162288665771,
        0.8478050231933594,
        0.8477938771247864,
        0.8477830290794373,
        0.8477718830108643,
        0.8477610349655151,
        0.8477509617805481,
        0.8477402329444885,
        0.8477300405502319,
        0.8477195501327515,
        0.8477094173431396,
        0.847698986530304,
        0.8476883172988892,
        0.8476777672767639,
        0.847667396068573,
        0.847656786441803,
        0.8476462960243225,
        0.8476352691650391,
        0.8476241827011108,
        0.8476133942604065,
        0.8476024866104126,
        0.8475916385650635,
        0.8475803732872009,
        0.8475695252418518,
        0.8475578427314758,
        0.8475467562675476,
        0.8475351929664612,
        0.8475237488746643,
        0.8475121855735779,
        0.8475005626678467,
        0.8474886417388916,
        0.8474764227867126,
        0.8474643230438232,
        0.8474517464637756,
        0.8474386930465698,
        0.8474254608154297,
        0.8474122881889343,
        0.8473985195159912,
        0.8473844528198242,
        0.8473702669143677,
        0.8473557829856873,
        0.8473408222198486,
        0.8473255634307861,
        0.8473104238510132,
        0.8472955822944641,
        0.84727942943573,
        0.8472639918327332,
        0.8472478985786438,
        0.8472318649291992,
        0.8472153544425964,
        0.8471986651420593,
        0.8471809029579163,
        0.8471633791923523,
        0.847146213054657,
        0.8471282720565796,
        0.847109854221344,
        0.8470916152000427,
        0.8470727205276489,
        0.8470540046691895,
        0.84703528881073,
        0.8470168113708496,
        0.8469976782798767,
        0.8469786047935486,
        0.84695965051651,
        0.846940815448761,
        0.8469226956367493,
        0.8469035029411316,
        0.8468846678733826,
        0.8468668460845947,
        0.8468485474586487,
        0.8468306064605713,
        0.8468133807182312,
        0.8467959761619568,
        0.8467788696289062,
        0.8467622399330139,
        0.8467456102371216,
        0.8467297554016113,
        0.846714198589325,
        0.8466988801956177,
        0.8466842174530029,
        0.8466697931289673,
        0.8466558456420898,
        0.846642017364502,
        0.8466289639472961,
        0.8466153740882874,
        0.8466032147407532,
        0.846591055393219,
        0.8465793132781982,
        0.8465678095817566,
        0.8465569019317627,
        0.8465462923049927,
        0.8465360403060913,
        0.8465259671211243,
        0.8465164303779602,
        0.8465067744255066,
        0.8464979529380798,
        0.8464890122413635,
        0.846480131149292,
        0.84647136926651,
        0.8464632630348206,
        0.8464548587799072,
        0.8464462757110596,
        0.846437931060791,
        0.8464292287826538,
        0.8464204668998718,
        0.8464117646217346,
        0.8464033007621765,
        0.8463945388793945,
        0.846386730670929,
        0.8463795185089111,
        0.8463726043701172,
        0.8463658094406128,
        0.8463594317436218,
        0.8463543057441711,
        0.84634929895401,
        0.8463444113731384,
        0.8463395237922668,
        0.8463351130485535,
        0.8463305830955505,
        0.8463266491889954,
        0.846322774887085,
        0.8463190793991089,
        0.846315324306488,
        0.8463119268417358,
        0.8463087677955627,
        0.8463058471679688,
        0.8463029265403748,
        0.8463000655174255,
        0.846297025680542,
