{
    "normalized_frobenius_error": 0.8749390840530396,
    "masked_rmse": 0.19531328976154327,
    "mean_nonzero_value": 1.5989879369735718,
    "relative_rmse": 0.1221480667591095,
    "explained_variance": 0.23448169231414795,
    "computation_time": 0.5061290264129639,
    "all_factors_non_negative": true,
    "factor_sparsity": [
        "16.67%",
        "22.71%",
        "11.81%"
    ],
    "device": "mps",
    "best_initialization": "random",
    "errors_history": [
        0.9587681293487549,
        0.9401142001152039,
        0.9212892651557922,
        0.9068820476531982,
        0.8978084921836853,
        0.8921672105789185,
        0.8887260556221008,
        0.8864516615867615,
        0.8846694231033325,
        0.8830480575561523,
        0.8815668821334839,
        0.8802493214607239,
        0.879115641117096,
        0.8781740069389343,
        0.8774018883705139,
        0.8767815828323364,
        0.8763077855110168,
        0.8759603500366211,
        0.8757095336914062,
        0.8755298852920532,
        0.875400960445404,
        0.8753071427345276,
        0.8752373456954956,
        0.8751844763755798,
        0.8751450777053833,
        0.8751156330108643,
        0.8750931024551392,
        0.8750746846199036,
        0.8750588893890381,
        0.8750448822975159,
        0.8750325441360474,
        0.8750218749046326,
        0.8750125765800476,
        0.8750039339065552,
        0.8749958276748657,
        0.8749881386756897,
        0.8749809265136719,
        0.8749744892120361,
        0.8749686479568481,
        0.874963641166687,
        0.874959409236908,
        0.8749560713768005,
        0.8749532699584961,
        0.8749510049819946,
        0.8749492168426514,
        0.8749477863311768,
        0.8749465942382812,
        0.8749455809593201,
        0.8749446272850037,
        0.8749440312385559,
        0.8749434351921082,
        0.87494295835495,
        0.874942421913147,
        0.8749420046806335,
        0.8749416470527649,
        0.8749414086341858,
        0.8749411106109619,
        0.8749409317970276,
        0.8749406337738037,
        0.8749403953552246,
        0.8749403357505798,
        0.8749399781227112,
        0.8749399185180664,
        0.8749397993087769,
        0.8749396800994873,
        0.8749396204948425,
        0.874939501285553,
        0.8749393820762634,
        0.8749393224716187,
        0.8749392032623291,
        0.8749390840530396,
        0.87493896484375,
        0.87493896484375
    ],
    "l1_regularization": 0.0,
    "l2_regularization": 0.0,
    "random_state": 679758,
    "c1_unique_zones": 2,
    "c2_unique_od_pairs": 0,
    "c1_c2_approach": "percentage",
    "c1_c2_percentage": 0.2
}