{
    "normalized_frobenius_error": 0.9288541674613953,
    "masked_rmse": 0.12186542898416519,
    "mean_nonzero_value": 1.3623639345169067,
    "relative_rmse": 0.08945144712924957,
    "explained_variance": 0.13722991943359375,
    "computation_time": 0.2700378894805908,
    "all_factors_non_negative": true,
    "factor_sparsity": [
        "23.79%",
        "26.88%",
        "12.50%"
    ],
    "device": "cpu",
    "best_initialization": "svd",
    "errors_history": [
        0.967854917049408,
        0.9605864882469177,
        0.9543406963348389,
        0.9493425488471985,
        0.9461662173271179,
        0.9441224932670593,
        0.9424303770065308,
        0.9409629702568054,
        0.9396758675575256,
        0.9386259913444519,
        0.937838077545166,
        0.9372648000717163,
        0.9368213415145874,
        0.9364607334136963,
        0.936147928237915,
        0.9358500242233276,
        0.9355599880218506,
        0.9352745413780212,
        0.934982180595398,
        0.9346714615821838,
        0.9343331456184387,
        0.9339588284492493,
        0.9335451126098633,
        0.9330939650535583,
        0.9326230883598328,
        0.9321576356887817,
        0.93171626329422,
        0.931316077709198,
        0.9309716820716858,
        0.9306865930557251,
        0.9304600358009338,
        0.9302834272384644,
        0.9301431775093079,
        0.9300355315208435,
        0.9299536943435669,
        0.9298869967460632,
        0.929830014705658,
        0.929768979549408,
        0.9296680688858032,
        0.9295053482055664,
        0.929378092288971,
        0.9293205738067627,
        0.9292913675308228,
        0.9292722344398499,
        0.9292576909065247,
        0.9292468428611755,
        0.9292380809783936,
        0.9292303919792175,
        0.9292248487472534,
        0.9292193055152893,
        0.9292144179344177,
        0.9292096495628357,
        0.9292055368423462,
        0.929202139377594,
        0.9291989803314209,
        0.929194986820221,
        0.9291875958442688,
        0.9291703701019287,
        0.9291409850120544,
        0.9291163682937622,
        0.929104208946228,
        0.9290966987609863,
        0.9290913343429565,
        0.9290878772735596,
        0.9290844202041626,
        0.9290796518325806,
        0.9290679693222046,
        0.9290415048599243,
        0.9290125966072083,
        0.9289997220039368,
        0.9289936423301697,
        0.9289885759353638,
        0.9289844632148743,
        0.9289807677268982,
        0.9289776682853699,
        0.9289752840995789,
        0.9289735555648804,
        0.9289721250534058,
        0.9289705753326416,
        0.9289689660072327,
        0.9289672374725342,
        0.9289658069610596,
        0.9289640188217163,
        0.9289620518684387,
        0.9289597868919373,
        0.9289571046829224,
        0.9289542436599731,
        0.9289509057998657,
        0.9289475083351135,
        0.9289443492889404,
        0.9289411306381226,
        0.9289382696151733,
        0.9289352893829346,
        0.9289320111274719,
        0.9289284944534302,
        0.928925096988678,
        0.9289219379425049,
        0.928918719291687,
        0.92891526222229,
        0.9289117455482483,
        0.9289084672927856,
        0.9289053082466125,
        0.9289024472236633,
        0.928899347782135,
        0.9288969039916992,
        0.928894579410553,
        0.9288924932479858,
        0.9288902878761292,
        0.9288884401321411,
        0.9288867115974426,
        0.9288851022720337,
        0.9288834929466248,
        0.9288822412490845,
        0.928880512714386,
        0.9288792610168457,
        0.928878128528595,
        0.9288773536682129,
        0.9288762807846069,
        0.9288754463195801,
        0.9288744926452637,
        0.928873598575592,
        0.9288728833198547,
        0.9288721680641174,
        0.928871214389801,
        0.9288707375526428,
        0.9288702011108398,
        0.9288694262504578,
        0.9288689494132996,
        0.928868293762207,
        0.9288676977157593,
        0.9288672804832458,
        0.9288669228553772,
        0.9288662672042847,
        0.9288658499717712,
        0.9288654923439026,
        0.9288650155067444,
        0.928864598274231,
        0.928864061832428,
        0.9288635849952698,
        0.9288631081581116,
        0.9288628101348877,
        0.9288623332977295,
        0.9288619756698608,
        0.9288617372512817,
        0.9288615584373474,
        0.9288612008094788,
        0.9288609027862549,
        0.9288604855537415,
        0.9288601279258728,
        0.9288599491119385,
        0.928859531879425,
        0.928859293460846,
        0.9288590550422668,
        0.9288588166236877,
        0.9288583993911743,
        0.92885822057724,
        0.9288581013679504,
        0.9288578033447266,
        0.9288577437400818,
        0.9288575649261475,
        0.9288573265075684,
        0.9288570880889893,
        0.9288568496704102,
        0.9288566708564758,
        0.928856611251831,
        0.928856372833252,
        0.9288563132286072,
        0.9288561344146729,
        0.9288558959960938,
        0.9288556575775146,
        0.9288554191589355,
        0.9288552403450012,
        0.9288550615310669,
        0.928854763507843,
        0.9288548827171326,
        0.9288546442985535,
        0.9288545846939087,
        0.9288544058799744,
        0.9288541674613953,
        0.9288541674613953
    ],
    "ranks": {
        "origin": 4,
        "destination": 6,
        "time": 2
    }
}