{
    "normalized_frobenius_error": 0.8786712884902954,
    "masked_rmse": 0.1961464285850525,
    "mean_nonzero_value": 1.5989879369735718,
    "relative_rmse": 0.12266910821199417,
    "explained_variance": 0.22793680429458618,
    "computation_time": 2.0614399909973145,
    "all_factors_non_negative": true,
    "factor_sparsity": [
        "36.71%",
        "42.03%",
        "22.22%"
    ],
    "device": "mps",
    "best_initialization": "random",
    "errors_history": [
        0.953570544719696,
        0.9364497065544128,
        0.9217801690101624,
        0.9116990566253662,
        0.9059986472129822,
        0.9022303819656372,
        0.8991867899894714,
        0.8967573642730713,
        0.8948721289634705,
        0.893449068069458,
        0.8923989534378052,
        0.8915157914161682,
        0.8907549381256104,
        0.8899827003479004,
        0.8891115784645081,
        0.88810795545578,
        0.8869777321815491,
        0.885754406452179,
        0.8845651745796204,
        0.8835752606391907,
        0.8828810453414917,
        0.8824365139007568,
        0.8821428418159485,
        0.8819244503974915,
        0.8817639350891113,
        0.8816511631011963,
        0.8815569281578064,
        0.8814684152603149,
        0.8813790082931519,
        0.8813012838363647,
        0.8812467455863953,
        0.8812066316604614,
        0.8811734318733215,
        0.8811429142951965,
        0.8811138868331909,
        0.8810883164405823,
        0.8810670971870422,
        0.8810495734214783,
        0.8810348510742188,
        0.8810210824012756,
        0.8810075521469116,
        0.8809939622879028,
        0.8809810280799866,
        0.880967378616333,
        0.8809516429901123,
        0.8809331059455872,
        0.8809123039245605,
        0.8808897733688354,
        0.8808645009994507,
        0.8808359503746033,
        0.8808072209358215,
        0.8807823657989502,
        0.8807622790336609,
        0.8807453513145447,
        0.8807303309440613,
        0.8807160258293152,
        0.8807020783424377,
        0.8806887269020081,
        0.8806756138801575,
        0.8806625604629517,
        0.8806496262550354,
        0.8806362748146057,
        0.8806220293045044,
        0.880606472492218,
        0.880588948726654,
        0.8805689215660095,
        0.8805457949638367,
        0.8805187940597534,
        0.8804871439933777,
        0.8804500102996826,
        0.8804062604904175,
        0.8803547024726868,
        0.8802945613861084,
        0.8802257776260376,
        0.8801490664482117,
        0.880066454410553,
        0.8799809217453003,
        0.8798961639404297,
        0.8798156976699829,
        0.8797417879104614,
        0.8796758651733398,
        0.8796180486679077,
        0.8795682787895203,
        0.8795257210731506,
        0.8794898986816406,
        0.8794599771499634,
        0.879435122013092,
        0.8794146776199341,
        0.8793979287147522,
        0.8793838620185852,
        0.8793700933456421,
        0.8793530464172363,
        0.8793407082557678,
        0.8793334364891052,
        0.8793275356292725,
        0.8793227076530457,
        0.8793185353279114,
        0.8793151378631592,
        0.8793120980262756,
        0.8793094754219055,
        0.879307210445404,
        0.8793051838874817,
        0.8793032765388489,
        0.8793015480041504,
        0.879300057888031,
        0.8792985081672668,
        0.8792970180511475,
        0.879295289516449,
        0.8792927861213684,
        0.8792895078659058,
        0.8792870044708252,
        0.8792848587036133,
        0.879282534122467,
        0.879280149936676,
        0.8792774081230164,
        0.8792746663093567,
        0.8792721629142761,
        0.8792697191238403,
        0.8792675733566284,
        0.8792658448219299,
        0.879264235496521,
        0.8792627453804016,
        0.8792611956596375,
        0.8792598843574524,
        0.879258394241333,
        0.8792568445205688,
        0.8792552351951599,
        0.8792531490325928,
        0.8792502880096436,
        0.8792457580566406,
        0.8792380690574646,
        0.8792266249656677,
        0.8792144060134888,
        0.8792052865028381,
        0.8791996240615845,
        0.8791956901550293,
        0.8791921734809875,
        0.8791885375976562,
        0.8791846632957458,
        0.8791810274124146,
        0.8791772723197937,
        0.8791736364364624,
        0.8791695237159729,
        0.8791647553443909,
        0.8791586756706238,
        0.879150927066803,
        0.879141628742218,
        0.8791313767433167,
        0.8791220784187317,
        0.8791140913963318,
        0.8791073560714722,
        0.8791012763977051,
        0.8790953755378723,
        0.8790895342826843,
        0.8790835738182068,
        0.8790773153305054,
        0.8790703415870667,
        0.8790618181228638,
        0.8790518045425415,
        0.8790432214736938,
        0.8790376782417297,
        0.879033625125885,
        0.8790301084518433,
        0.8790269494056702,
        0.8790242075920105,
        0.8790215849876404,
        0.8790191411972046,
        0.8790169358253479,
        0.8790148496627808,
        0.8790127038955688,
        0.8790106773376465,
        0.8790086507797241,
        0.8790066242218018,
        0.8790045976638794,
        0.8790025115013123,
        0.8790002465248108,
        0.8789979219436646,
        0.8789952993392944,
        0.8789925575256348,
        0.8789895176887512,
        0.878986120223999,
        0.8789824843406677,
        0.878978431224823,
        0.8789739012718201,
        0.8789687156677246,
        0.8789631724357605,
        0.8789569735527039,
        0.8789502382278442,
        0.8789428472518921,
        0.8789348602294922,
        0.878926157951355,
        0.8789170384407043,
        0.8789072632789612,
        0.8788970112800598,
        0.8788864016532898,
        0.8788756132125854,
        0.8788644671440125,
        0.878853440284729,
        0.8788425326347351,
        0.8788317441940308,
        0.8788213133811951,
        0.8788114190101624,
        0.8788017630577087,
        0.8787927627563477,
        0.8787844181060791,
        0.8787764310836792,
        0.8787689208984375,
        0.8787617683410645,
        0.8787549734115601,
        0.8787484169006348,
        0.8787421584129333,
        0.8787362575531006,
        0.8787311315536499,
        0.8787267804145813,
        0.8787230253219604,
        0.8787199854850769,
        0.8787174820899963,
        0.878715455532074,
        0.8787136077880859,
        0.8787121176719666,
        0.8787108659744263,
        0.8787097930908203,
        0.8787088990211487,
        0.8787080645561218,
        0.8787073493003845,
        0.8787067532539368,
        0.8787062168121338,
        0.878705620765686,
        0.8787051439285278,
        0.8787047266960144,
        0.8787042498588562,
        0.8787038326263428,
        0.8787032961845398,
        0.8787028789520264,
        0.8787025213241577,
        0.8787021040916443,
        0.8787018060684204,
        0.8787015080451965,
        0.8787010908126831,
        0.8787007927894592,
        0.8787004947662354,
        0.8787001967430115,
        0.8786998987197876,
        0.878699541091919,
        0.8786992430686951,
        0.8786989450454712,
        0.8786986470222473,
        0.8786983489990234,
        0.8786978721618652,
        0.8786970376968384,
        0.8786961436271667,
        0.8786956071853638,
        0.8786952495574951,
        0.878695011138916,
        0.8786947131156921,
        0.8786945343017578,
        0.8786942362785339,
        0.8786939978599548,
        0.878693699836731,
        0.8786935210227966,
        0.8786932229995728,
        0.8786929249763489,
        0.8786922693252563,
        0.8786917924880981,
        0.8786909580230713,
        0.8786899447441101,
        0.8786887526512146,
        0.8786872625350952,
        0.8786854147911072,
