{
    "normalized_frobenius_error": 0.9189916253089905,
    "masked_rmse": 0.12057005614042282,
    "mean_nonzero_value": 1.3623639345169067,
    "relative_rmse": 0.08850061893463135,
    "explained_variance": 0.15545445680618286,
    "computation_time": 0.5894570350646973,
    "all_factors_non_negative": true,
    "factor_sparsity": [
        "45.16%",
        "37.42%",
        "23.33%"
    ],
    "device": "mps",
    "best_initialization": "random",
    "errors_history": [
        0.9730705618858337,
        0.9571163654327393,
        0.9469861388206482,
        0.9407936334609985,
        0.9356966018676758,
        0.9307753443717957,
        0.9267918467521667,
        0.9244226217269897,
        0.9231240749359131,
        0.9222666621208191,
        0.9215731024742126,
        0.9210594296455383,
        0.920661985874176,
        0.9203343987464905,
        0.9200601577758789,
        0.9198293089866638,
        0.9196434020996094,
        0.9194985032081604,
        0.9193882942199707,
        0.9193074107170105,
        0.9192497730255127,
        0.9192076921463013,
        0.9191735982894897,
        0.9191439151763916,
        0.9191200733184814,
        0.9191039204597473,
        0.9190927147865295,
        0.9190835952758789,
        0.919075071811676,
        0.9190664887428284,
        0.919058620929718,
        0.9190527200698853,
        0.9190481901168823,
        0.9190444350242615,
        0.9190410375595093,
        0.919037938117981,
        0.9190353751182556,
        0.9190330505371094,
        0.9190310835838318,
        0.9190293550491333,
        0.9190276861190796,
        0.919026255607605,
        0.9190248250961304,
        0.9190233945846558,
        0.9190220832824707,
        0.919020414352417,
        0.9190189242362976,
        0.919017493724823,
        0.9190163016319275,
        0.9190154671669006,
        0.9190146923065186,
        0.919014036655426,
        0.9190133810043335,
        0.9190126061439514,
        0.9190118312835693,
        0.9190111756324768,
        0.9190104007720947,
        0.9190095067024231,
        0.9190085530281067,
        0.9190075993537903,
        0.9190069437026978,
        0.91900634765625,
        0.9190059900283813,
        0.9190055727958679,
        0.9190053343772888,
        0.9190050363540649,
        0.9190048575401306,
        0.9190045595169067,
        0.9190041422843933,
        0.9190039038658142,
        0.9190033078193665,
        0.9190024137496948,
        0.9190014004707336,
        0.9190004467964172,
        0.9189998507499695,
        0.9189993739128113,
        0.9189988970756531,
        0.9189985394477844,
        0.9189982414245605,
        0.9189979434013367,
        0.9189977645874023,
        0.918997585773468,
        0.9189973473548889,
        0.9189972877502441,
        0.9189971685409546,
        0.9189969897270203,
        0.9189968705177307,
        0.9189968109130859,
        0.9189965724945068,
        0.9189963936805725,
        0.9189962148666382,
        0.9189960360527039,
        0.9189958572387695,
        0.9189955592155457,
        0.9189952611923218,
        0.9189949631690979,
        0.918994665145874,
        0.9189943075180054,
        0.9189938902854919,
        0.9189936518669128,
        0.918993353843689,
        0.9189930558204651,
        0.9189929366111755,
        0.9189926981925964,
        0.9189924597740173,
        0.9189924001693726,
        0.918992280960083,
        0.9189921021461487,
        0.9189919829368591,
        0.9189919233322144,
        0.91899174451828,
        0.9189916253089905,
        0.9189916253089905
    ],
    "l1_regularization": 0.0,
    "l2_regularization": 0.0,
    "random_state": 481876,
    "c1_unique_zones": 1,
    "c2_unique_od_pairs": 0,
    "c1_c2_approach": "percentage",
    "c1_c2_percentage": 0.2
}