{
    "normalized_frobenius_error": 0.8826839923858643,
    "masked_rmse": 0.11994732916355133,
    "mean_nonzero_value": 1.1494661569595337,
    "relative_rmse": 0.10435046255588531,
    "explained_variance": 0.2208690643310547,
    "computation_time": 1.2416582107543945,
    "all_factors_non_negative": true,
    "factor_sparsity": [
        "35.45%",
        "30.00%",
        "18.33%"
    ],
    "device": "mps",
    "best_initialization": "random",
    "errors_history": [
        0.9565123319625854,
        0.9358603358268738,
        0.9199603199958801,
        0.9077467918395996,
        0.9006912708282471,
        0.8965064287185669,
        0.8933817744255066,
        0.8910084962844849,
        0.8894907832145691,
        0.888576328754425,
        0.8879701495170593,
        0.8875436782836914,
        0.8872356414794922,
        0.8870004415512085,
        0.8868185877799988,
        0.8866843581199646,
        0.8865817189216614,
        0.8864981532096863,
        0.8864248394966125,
        0.886357843875885,
        0.8862976431846619,
        0.8862435817718506,
        0.8861932754516602,
        0.8861454129219055,
        0.8860995769500732,
        0.8860552906990051,
        0.8860123157501221,
        0.8859702944755554,
        0.88592928647995,
        0.8858898282051086,
        0.8858527541160583,
        0.8858187198638916,
        0.8857875466346741,
        0.8857589364051819,
        0.8857328295707703,
        0.8857086896896362,
        0.885685384273529,
        0.8856580853462219,
        0.8856145143508911,
        0.8855589032173157,
        0.8855193853378296,
        0.8854897022247314,
        0.8854633569717407,
        0.8854394555091858,
        0.8854177594184875,
        0.8853980898857117,
        0.8853799700737,
        0.8853632211685181,
        0.8853473663330078,
        0.8853319883346558,
        0.8853167295455933,
        0.8853009939193726,
        0.8852839469909668,
        0.8852630257606506,
        0.8852357864379883,
        0.8852059245109558,
        0.8851798176765442,
        0.8851556181907654,
        0.8851306438446045,
        0.8851034641265869,
        0.8850736618041992,
        0.8850406408309937,
        0.8850044012069702,
        0.8849644660949707,
        0.8849210739135742,
        0.884874165058136,
        0.8848241567611694,
        0.8847717642784119,
        0.884718120098114,
        0.8846644163131714,
        0.884611964225769,
        0.8845619559288025,
        0.8845157027244568,
        0.8844738006591797,
        0.8844370245933533,
        0.884405255317688,
        0.8843785524368286,
        0.8843562602996826,
        0.8843380212783813,
        0.8843231201171875,
        0.8843104839324951,
        0.8842993378639221,
        0.8842898607254028,
        0.8842827677726746,
        0.8842774629592896,
        0.884273111820221,
        0.8842689394950867,
        0.8842620849609375,
        0.8842424154281616,
        0.8841729760169983,
        0.8839641809463501,
        0.8836231231689453,
        0.8833867311477661,
        0.8832604289054871,
        0.8831755518913269,
        0.8831124305725098,
        0.8830651044845581,
        0.883029580116272,
        0.8830030560493469,
        0.8829829692840576,
        0.8829665780067444,
        0.8829372525215149,
        0.8828471302986145,
        0.8828132152557373,
        0.882803738117218,
        0.882797122001648,
        0.8827919363975525,
        0.8827874064445496,
        0.8827821016311646,
        0.8827729821205139,
        0.8827551007270813,
        0.8827305436134338,
        0.8827133178710938,
        0.8827052116394043,
        0.8827008605003357,
        0.882698118686676,
        0.8826962113380432,
        0.8826947808265686,
        0.8826937675476074,
        0.882692813873291,
        0.8826921582221985,
        0.882691502571106,
        0.8826911449432373,
        0.8826907277107239,
        0.8826903104782104,
        0.882689893245697,
        0.8826895952224731,
        0.8826889395713806,
        0.8826877474784851,
        0.8826862573623657,
        0.8826853036880493,
        0.8826848268508911,
        0.882684588432312,
        0.8826844096183777,
        0.8826842904090881,
        0.8826841115951538,
        0.8826839923858643,
        0.8826839923858643
    ],
    "l1_regularization": 0.0,
    "l2_regularization": 0.0,
    "random_state": 591585,
    "c1_unique_zones": 1,
    "c2_unique_od_pairs": 0,
    "c1_c2_approach": "percentage",
    "c1_c2_percentage": 0.2
}