{
    "normalized_frobenius_error": 0.8854618072509766,
    "masked_rmse": 0.12032481282949448,
    "mean_nonzero_value": 1.1494661569595337,
    "relative_rmse": 0.10467886179685593,
    "explained_variance": 0.21595746278762817,
    "computation_time": 0.6827988624572754,
    "all_factors_non_negative": true,
    "factor_sparsity": [
        "26.36%",
        "20.91%",
        "16.67%"
    ],
    "device": "mps",
    "best_initialization": "random",
    "errors_history": [
        0.9584416747093201,
        0.9383601546287537,
        0.9229597449302673,
        0.9121525883674622,
        0.9030805826187134,
        0.8965930938720703,
        0.8930376768112183,
        0.8910806179046631,
        0.8898667693138123,
        0.889039933681488,
        0.8884245753288269,
        0.8879342675209045,
        0.887524425983429,
        0.8871936798095703,
        0.8869401216506958,
        0.8867407441139221,
        0.886587917804718,
        0.8864718675613403,
        0.8863835334777832,
        0.8863153457641602,
        0.8862612843513489,
        0.8862165212631226,
        0.8861759901046753,
        0.8861345648765564,
        0.8860939741134644,
        0.8860571980476379,
        0.8860217332839966,
        0.8859860897064209,
        0.8859496712684631,
        0.8859109878540039,
        0.8858699798583984,
        0.8858309984207153,
        0.8857982158660889,
        0.885769784450531,
        0.8857443332672119,
        0.88572096824646,
        0.8856998085975647,
        0.8856810331344604,
        0.8856644630432129,
        0.885649561882019,
        0.8856356143951416,
        0.8856213092803955,
        0.885604977607727,
        0.8855848908424377,
        0.8855617046356201,
        0.8855404853820801,
        0.8855250477790833,
        0.8855146765708923,
        0.8855074048042297,
        0.8855018615722656,
        0.8854974508285522,
        0.885493814945221,
        0.8854908347129822,
        0.8854884505271912,
        0.885486364364624,
        0.8854846954345703,
        0.8854829668998718,
        0.8854813575744629,
        0.8854794502258301,
        0.8854767084121704,
        0.8854729533195496,
        0.8854694366455078,
        0.8854672908782959,
        0.8854661583900452,
        0.8854654431343079,
        0.8854648470878601,
        0.8854644298553467,
        0.8854640126228333,
        0.8854636549949646,
        0.885463297367096,
        0.8854630589485168,
        0.8854628205299377,
        0.8854626417160034,
        0.8854624629020691,
        0.8854624032974243,
        0.8854621648788452,
        0.8854620456695557,
        0.8854618668556213,
        0.8854618668556213
    ],
    "l1_regularization": 0.0,
    "l2_regularization": 0.0,
    "random_state": 683900,
    "c1_unique_zones": 1,
    "c2_unique_od_pairs": 0,
    "c1_c2_approach": "percentage",
    "c1_c2_percentage": 0.2
}