{
    "normalized_frobenius_error": 0.8781682252883911,
    "masked_rmse": 0.19603413343429565,
    "mean_nonzero_value": 1.5989879369735718,
    "relative_rmse": 0.12259887903928757,
    "explained_variance": 0.22882062196731567,
    "computation_time": 0.9438378810882568,
    "all_factors_non_negative": true,
    "factor_sparsity": [
        "24.88%",
        "33.09%",
        "17.36%"
    ],
    "device": "mps",
    "best_initialization": "random",
    "errors_history": [
        0.9555980563163757,
        0.9394739866256714,
        0.9278655648231506,
        0.9187816381454468,
        0.911415696144104,
        0.9055014252662659,
        0.9013513922691345,
        0.8988568782806396,
        0.8972938656806946,
        0.8961570858955383,
        0.8951684832572937,
        0.8942395448684692,
        0.8933815360069275,
        0.8925965428352356,
        0.8918799757957458,
        0.8912133574485779,
        0.8905555009841919,
        0.8898300528526306,
        0.8889595866203308,
        0.8879428505897522,
        0.8868842124938965,
        0.8858965635299683,
        0.8849866986274719,
        0.8840880393981934,
        0.8831734657287598,
        0.8822728991508484,
        0.8814353346824646,
        0.8807360529899597,
        0.8802433609962463,
        0.8798633217811584,
        0.8795443177223206,
        0.8793315887451172,
        0.8791756629943848,
        0.8790516257286072,
        0.8789464831352234,
        0.878844141960144,
        0.878772497177124,
        0.878716230392456,
        0.878673255443573,
        0.878639817237854,
        0.8786129355430603,
        0.8785902857780457,
        0.8785715699195862,
        0.8785554766654968,
        0.8785415291786194,
        0.87852942943573,
        0.8785187005996704,
        0.8785081505775452,
        0.8784982562065125,
        0.8784899711608887,
        0.8784828782081604,
        0.8784764409065247,
        0.8784698247909546,
        0.8784624934196472,
        0.8784535527229309,
        0.8784420490264893,
        0.8784267902374268,
        0.8784065842628479,
        0.8783839344978333,
        0.878364086151123,
        0.8783501386642456,
        0.8783408403396606,
        0.8783345818519592,
        0.8783299326896667,
        0.8783262968063354,
        0.8783230185508728,
        0.8783200979232788,
        0.8783170580863953,
        0.8783136606216431,
        0.8783094882965088,
        0.878304123878479,
        0.8782971501350403,
        0.8782880902290344,
        0.8782768249511719,
        0.878264307975769,
        0.8782521486282349,
        0.8782416582107544,
        0.8782336711883545,
        0.8782274723052979,
        0.8782228231430054,
        0.8782191276550293,
        0.8782160878181458,
        0.87821364402771,
        0.8782114386558533,
        0.8782095313072205,
        0.8782076835632324,
        0.878206193447113,
        0.8782046437263489,
        0.8782034516334534,
        0.8782021999359131,
        0.8782011866569519,
        0.878200113773346,
        0.8781992197036743,
        0.8781982064247131,
        0.8781972527503967,
        0.8781962394714355,
        0.8781954646110535,
        0.8781944513320923,
        0.8781935572624207,
        0.8781928420066833,
        0.8781921863555908,
        0.8781915307044983,
        0.8781909942626953,
        0.8781905174255371,
        0.8781899809837341,
        0.8781895041465759,
        0.8781890869140625,
        0.8781885504722595,
        0.8781881928443909,
        0.8781877756118774,
        0.878187358379364,
        0.8781870603561401,
        0.8781868815422058,
        0.8781865239143372,
        0.8781862258911133,
        0.878186047077179,
        0.8781857490539551,
        0.8781855702400208,
        0.8781854510307312,
        0.8781852126121521,
        0.8781850337982178,
        0.8781848549842834,
        0.8781845569610596,
        0.8781841993331909,
        0.878183901309967,
        0.8781833052635193,
        0.8781824111938477,
        0.8781812787055969,
        0.878179669380188,
        0.8781776428222656,
        0.8781754374504089,
        0.8781731128692627,
        0.8781713843345642,
        0.8781700730323792,
        0.8781692385673523,
        0.8781687617301941,
        0.8781684637069702,
        0.8781682252883911,
        0.8781682252883911
    ],
    "l1_regularization": 0.0,
    "l2_regularization": 0.0,
    "random_state": 568810,
    "c1_unique_zones": 2,
    "c2_unique_od_pairs": 0,
    "c1_c2_approach": "percentage",
    "c1_c2_percentage": 0.2
}