{
    "normalized_frobenius_error": 0.8972736597061157,
    "masked_rmse": 0.11772070080041885,
    "mean_nonzero_value": 1.3623639345169067,
    "relative_rmse": 0.08640914410352707,
    "explained_variance": 0.1949000358581543,
    "computation_time": 0.8643767833709717,
    "all_factors_non_negative": true,
    "factor_sparsity": [
        "35.25%",
        "35.02%",
        "22.62%"
    ],
    "device": "mps",
    "best_initialization": "random",
    "errors_history": [
        0.9741000533103943,
        0.9612758159637451,
        0.9469125270843506,
        0.9291518330574036,
        0.9143960475921631,
        0.908224880695343,
        0.9056016802787781,
        0.9041733741760254,
        0.9030201435089111,
        0.9019335508346558,
        0.9009174704551697,
        0.900033175945282,
        0.8992922306060791,
        0.8986839056015015,
        0.8982061147689819,
        0.8978840708732605,
        0.8976991176605225,
        0.8975955843925476,
        0.8975256681442261,
        0.8974742889404297,
        0.8974432349205017,
        0.897419810295105,
        0.8973961472511292,
        0.8973730802536011,
        0.8973551988601685,
        0.897344172000885,
        0.897335946559906,
        0.8973293304443359,
        0.897323727607727,
        0.8973188400268555,
        0.8973147869110107,
        0.897311270236969,
        0.8973081707954407,
        0.8973052501678467,
        0.8973016142845154,
        0.8972976803779602,
        0.8972948789596558,
        0.8972927927970886,
        0.8972909450531006,
        0.8972893357276917,
        0.8972877860069275,
        0.8972865343093872,
        0.8972854018211365,
        0.8972844481468201,
        0.8972836136817932,
        0.8972828388214111,
        0.897282063961029,
        0.8972814083099365,
        0.8972808122634888,
        0.8972801566123962,
        0.897279679775238,
        0.8972790241241455,
        0.8972784876823425,
        0.8972780108451843,
        0.8972774744033813,
        0.8972770571708679,
        0.8972766995429993,
        0.8972762227058411,
        0.8972759246826172,
        0.8972755670547485,
        0.8972752690315247,
        0.8972749710083008,
        0.8972747921943665,
        0.8972744941711426,
        0.897274374961853,
        0.8972741365432739,
        0.8972740173339844,
        0.8972738981246948,
        0.8972737193107605,
        0.8972736597061157,
        0.8972736597061157
    ],
    "l1_regularization": 0.0,
    "l2_regularization": 0.0,
    "c1_unique_zones": 18,
    "c2_unique_od_pairs": 28,
    "c1_c2_approach": "top_n",
    "c1_c2_top_n": 2
}