{
    "normalized_frobenius_error": 0.9052527546882629,
    "masked_rmse": 0.11876754462718964,
    "mean_nonzero_value": 1.3623639345169067,
    "relative_rmse": 0.08717754483222961,
    "explained_variance": 0.1805175542831421,
    "computation_time": 2.876189947128296,
    "all_factors_non_negative": true,
    "factor_sparsity": [
        "45.97%",
        "44.35%",
        "32.64%"
    ],
    "device": "mps",
    "best_initialization": "random",
    "errors_history": [
        0.9707310795783997,
        0.9532796144485474,
        0.9431771636009216,
        0.9361613988876343,
        0.9312118291854858,
        0.9266403913497925,
        0.9219553470611572,
        0.9179894328117371,
        0.9152882099151611,
        0.9136584997177124,
        0.912636399269104,
        0.9119590520858765,
        0.9114565849304199,
        0.9110568165779114,
        0.9107666611671448,
        0.9105530977249146,
        0.9103940725326538,
        0.9102716445922852,
        0.9101706743240356,
        0.9100803136825562,
        0.909992516040802,
        0.9098992943763733,
        0.9097915887832642,
        0.9096582531929016,
        0.9094840884208679,
        0.909249484539032,
        0.9089307188987732,
        0.9085063338279724,
        0.9079842567443848,
        0.9074461460113525,
        0.9070001840591431,
        0.9066845774650574,
        0.9064812660217285,
        0.9063290357589722,
        0.9061712026596069,
        0.9060248136520386,
        0.9059382677078247,
        0.9058902263641357,
        0.9058611989021301,
        0.9058386087417603,
        0.9058025479316711,
        0.905765175819397,
        0.9057503938674927,
        0.9057434797286987,
        0.9057379364967346,
        0.9057231545448303,
        0.905673086643219,
        0.90561842918396,
        0.9055939316749573,
        0.9055584073066711,
        0.9055036902427673,
        0.905475914478302,
        0.9054625034332275,
        0.9054554104804993,
        0.9054517149925232,
        0.9054484367370605,
        0.9054378271102905,
        0.9054267406463623,
        0.9054250121116638,
        0.9054239392280579,
        0.9054229855537415,
        0.9054220914840698,
        0.9054214358329773,
        0.9054206609725952,
        0.9054198861122131,
        0.9054190516471863,
        0.9054180979728699,
        0.9054173231124878,
        0.9054168462753296,
        0.9054162502288818,
        0.9054155945777893,
        0.9054141044616699,
        0.9054094552993774,
        0.9053983688354492,
        0.9053863883018494,
        0.9053817987442017,
        0.9053804874420166,
        0.9053798317909241,
        0.9053793549537659,
        0.9053789377212524,
        0.9053786396980286,
        0.9053782820701599,
        0.905377984046936,
        0.9053776264190674,
        0.9053773283958435,
        0.9053770303726196,
        0.905376672744751,
        0.9053762555122375,
        0.9053759574890137,
        0.9053754806518555,
        0.9053751230239868,
        0.9053747057914734,
        0.9053742289543152,
        0.905373752117157,
        0.9053735136985779,
        0.9053730964660645,
        0.9053727388381958,
        0.9053724408149719,
        0.9053722620010376,
        0.9053720235824585,
        0.9053718447685242,
        0.9053716659545898,
        0.9053715467453003,
        0.905371367931366,
        0.9053713083267212,
        0.9053711891174316,
        0.9053710699081421,
        0.9053710103034973,
        0.9053708910942078,
        0.905370831489563,
        0.9053705930709839,
        0.9053705334663391,
        0.9053704142570496,
        0.9053702354431152,
        0.9053700566291809,
        0.905369758605957,
        0.9053694605827332,
        0.9053691029548645,
        0.9053686857223511,
        0.9053681492805481,
        0.905367374420166,
        0.9053665995597839,
        0.905365526676178,
        0.9053643941879272,
        0.9053630232810974,
        0.9053617119789124,
        0.9053602814674377,
        0.9053588509559631,
        0.9053577184677124,
        0.9053565263748169,
        0.90535569190979,
        0.905354917049408,
        0.9053543210029602,
        0.905353844165802,
        0.9053534865379333,
        0.9053531885147095,
        0.9053528904914856,
        0.9053527116775513,
        0.9053525328636169,
        0.9053522348403931,
        0.9053520560264587,
        0.9053518772125244,
        0.9053516387939453,
        0.905351459980011,
        0.9053512811660767,
        0.9053511619567871,
        0.9053509831428528,
        0.9053508043289185,
        0.9053506255149841,
        0.9053505063056946,
        0.9053502082824707,
        0.9053500294685364,
        0.905349850654602,
        0.9053497314453125,
        0.9053495526313782,
        0.9053493738174438,
        0.9053491950035095,
        0.9053489565849304,
        0.9053487777709961,
        0.9053485989570618,
        0.9053484201431274,
        0.9053482413291931,
        0.905348002910614,
        0.9053478240966797,
        0.9053476452827454,
        0.905347466468811,
        0.9053472280502319,
        0.9053469896316528,
        0.9053467512130737,
        0.9053465127944946,
        0.9053462743759155,
        0.9053459167480469,
        0.905345618724823,
        0.9053452610969543,
        0.9053448438644409,
        0.9053444862365723,
        0.9053438901901245,
        0.9053433537483215,
        0.9053425788879395,
        0.9053419232368469,
        0.9053411483764648,
        0.9053402543067932,
        0.9053393006324768,
        0.90533846616745,
        0.9053375720977783,
        0.9053367376327515,
        0.9053358435630798,
        0.9053351283073425,
        0.9053342342376709,
        0.905333399772644,
        0.9053324460983276,
        0.905331552028656,
        0.9053305983543396,
        0.9053295254707336,
        0.9053285717964172,
        0.905327558517456,
        0.9053264856338501,
        0.9053253531455994,
        0.9053241014480591,
        0.9053229689598083,
        0.9053215980529785,
        0.9053203463554382,
        0.9053189158439636,
        0.9053176045417786,
        0.905316174030304,
        0.9053146839141846,
        0.9053131937980652,
        0.9053115248680115,
        0.9053100347518921,
        0.9053083658218384,
        0.905306875705719,
        0.9053051471710205,
        0.9053035378456116,
        0.9053018093109131,
        0.9053001403808594,
        0.9052984118461609,
        0.9052967429161072,
        0.9052950739860535,
        0.905293345451355,
        0.905291736125946,
        0.9052900075912476,
        0.9052884578704834,
        0.9052868485450745,
        0.9052852988243103,
        0.9052838087081909,
        0.9052823781967163,
        0.9052809476852417,
        0.9052795767784119,
        0.9052782654762268,
        0.905276894569397,
        0.9052756428718567,
        0.9052743911743164,
        0.9052730798721313,
        0.9052717089653015,
        0.9052702188491821,
        0.9052685499191284,
        0.9052667617797852,
        0.9052651524543762,
        0.9052636623382568,
        0.9052625298500061,
        0.9052616953849792,
        0.9052608013153076,
        0.9052600264549255,
        0.905259370803833,
        0.9052587151527405,
        0.905258059501648,
        0.9052572846412659,
        0.9052565097808838,
        0.9052554368972778,
        0.9052549004554749,
        0.9052544236183167,
        0.9052541255950928,
        0.9052538275718689,
        0.905253529548645,
        0.9052534699440002,
        0.9052532315254211,
        0.9052530527114868,
        0.9052528738975525,
        0.9052527546882629,
        0.9052527546882629
    ],
    "l1_regularization": 0.0,
    "l2_regularization": 0.0,
    "random_state": 423349,
    "c1_unique_zones": 3,
    "c2_unique_od_pairs": 0,
    "c1_c2_approach": "percentage",
    "c1_c2_percentage": 0.2
}