{
    "normalized_frobenius_error": 0.8564383387565613,
    "masked_rmse": 0.22337234020233154,
    "mean_nonzero_value": 1.345635175704956,
    "relative_rmse": 0.1659976989030838,
    "explained_variance": 0.2665134072303772,
    "computation_time": 0.755781888961792,
    "all_factors_non_negative": true,
    "factor_sparsity": [
        "20.89%",
        "19.56%",
        "11.67%"
    ],
    "device": "mps",
    "best_initialization": "random",
    "errors_history": [
        0.9429240822792053,
        0.9303649663925171,
        0.9172341823577881,
        0.9039409160614014,
        0.8924509882926941,
        0.8833426237106323,
        0.8765038847923279,
        0.8718434572219849,
        0.8686602711677551,
        0.8662364482879639,
        0.8642470836639404,
        0.8625668287277222,
        0.8611493110656738,
        0.8599652647972107,
        0.8590705394744873,
        0.8584539890289307,
        0.8580174446105957,
        0.8576833605766296,
        0.8574172854423523,
        0.857212483882904,
        0.8570554256439209,
        0.8569322228431702,
        0.8568351864814758,
        0.8567591905593872,
        0.8566992282867432,
        0.8566513657569885,
        0.8566130995750427,
        0.8565824031829834,
        0.8565579652786255,
        0.8565388917922974,
        0.8565239310264587,
        0.8565123081207275,
        0.8565029501914978,
        0.8564956188201904,
        0.8564895391464233,
        0.8564845323562622,
        0.8564802408218384,
        0.8564766645431519,
        0.8564735651016235,
        0.8564708232879639,
        0.8564686179161072,
        0.8564665913581848,
        0.8564649820327759,
        0.8564635515213013,
        0.8564623594284058,
        0.856461226940155,
        0.8564603328704834,
        0.8564594388008118,
        0.8564587831497192,
        0.8564581274986267,
        0.856457531452179,
        0.8564570546150208,
        0.856456458568573,
        0.8564561009407043,
        0.8564556837081909,
        0.8564552664756775,
        0.8564548492431641,
        0.856454610824585,
        0.8564543724060059,
        0.8564540147781372,
        0.8564537763595581,
        0.8564534187316895,
        0.8564531803131104,
        0.8564528822898865,
        0.8564525842666626,
        0.8564524054527283,
        0.8564520478248596,
        0.8564517498016357,
        0.8564515113830566,
        0.8564510941505432,
        0.8564508557319641,
        0.8564505577087402,
        0.8564502596855164,
        0.8564498424530029,
        0.8564494252204895,
        0.8564491271972656,
        0.8564486503601074,
        0.856448233127594,
        0.8564479351043701,
        0.8564474582672119,
        0.8564469814300537,
        0.8564465641975403,
        0.8564461469650269,
        0.8564456105232239,
        0.8564451336860657,
        0.8564447164535522,
        0.8564441800117493,
        0.8564438819885254,
        0.8564434051513672,
        0.856442928314209,
        0.8564424514770508,
        0.8564420938491821,
        0.8564417362213135,
        0.8564413189888,
        0.8564409613609314,
        0.8564406633377075,
        0.8564403653144836,
        0.8564400672912598,
        0.8564398884773254,
        0.8564395904541016,
        0.856439471244812,
        0.8564392328262329,
        0.8564391136169434,
        0.8564388751983643,
        0.8564388155937195,
        0.8564386963844299,
        0.8564386367797852,
        0.8564385175704956,
        0.856438398361206,
        0.8564383387565613,
        0.8564383387565613
    ],
    "l1_regularization": 0.0,
    "l2_regularization": 0.0,
    "random_state": 21961,
    "c1_unique_zones": 2,
    "c2_unique_od_pairs": 0,
    "c1_c2_approach": "percentage",
    "c1_c2_percentage": 0.2
}