{
    "normalized_frobenius_error": 0.8564398288726807,
    "masked_rmse": 0.22337272763252258,
    "mean_nonzero_value": 1.345635175704956,
    "relative_rmse": 0.16599798202514648,
    "explained_variance": 0.26651090383529663,
    "computation_time": 0.4931948184967041,
    "all_factors_non_negative": true,
    "factor_sparsity": [
        "14.22%",
        "12.89%",
        "10.83%"
    ],
    "device": "mps",
    "best_initialization": "random",
    "errors_history": [
        0.948112428188324,
        0.9341973066329956,
        0.9123675227165222,
        0.8883965611457825,
        0.8745654821395874,
        0.8675510883331299,
        0.8632344603538513,
        0.8605443239212036,
        0.8589493632316589,
        0.8580214977264404,
        0.8574870824813843,
        0.8571637868881226,
        0.856960117816925,
        0.8568277955055237,
        0.856736958026886,
        0.8566704988479614,
        0.8566195368766785,
        0.856580376625061,
        0.8565514087677002,
        0.8565301299095154,
        0.8565140962600708,
        0.8565019369125366,
        0.8564920425415039,
        0.8564838171005249,
        0.8564772605895996,
        0.856471836566925,
        0.8564674854278564,
        0.8564638495445251,
        0.8564608693122864,
        0.856458306312561,
        0.8564561009407043,
        0.8564542531967163,
        0.8564526438713074,
        0.8564512133598328,
        0.8564500212669373,
        0.8564489483833313,
        0.8564480543136597,
        0.8564472198486328,
        0.8564465045928955,
        0.8564457893371582,
        0.8564451932907104,
        0.8564446568489075,
        0.8564441800117493,
        0.8564438223838806,
        0.8564433455467224,
        0.8564429879188538,
        0.8564426898956299,
        0.856442391872406,
        0.8564421534538269,
        0.8564417958259583,
        0.8564416170120239,
        0.8564413189888,
        0.8564411997795105,
        0.8564409613609314,
        0.8564407229423523,
        0.8564406037330627,
        0.8564404845237732,
        0.8564403653144836,
        0.8564401268959045,
        0.8564400672912598,
        0.8564398884773254,
        0.8564398884773254
    ],
    "l1_regularization": 0.0,
    "l2_regularization": 0.0,
    "random_state": 213747,
    "c1_unique_zones": 2,
    "c2_unique_od_pairs": 0,
    "c1_c2_approach": "percentage",
    "c1_c2_percentage": 0.2
}