{
    "normalized_frobenius_error": 0.9308303594589233,
    "masked_rmse": 0.12212327867746353,
    "mean_nonzero_value": 1.3623639345169067,
    "relative_rmse": 0.08964071422815323,
    "explained_variance": 0.13355493545532227,
    "computation_time": 0.5411458015441895,
    "all_factors_non_negative": true,
    "factor_sparsity": [
        "37.50%",
        "36.69%",
        "23.96%"
    ],
    "device": "mps",
    "best_initialization": "random",
    "errors_history": [
        0.9737040400505066,
        0.9608623385429382,
        0.9516453742980957,
        0.944650411605835,
        0.9395280480384827,
        0.9361392855644226,
        0.9341701865196228,
        0.9331464171409607,
        0.9326410889625549,
        0.9323477745056152,
        0.932138979434967,
        0.9319685697555542,
        0.9318209886550903,
        0.9316905736923218,
        0.9315782189369202,
        0.9314861297607422,
        0.9314126968383789,
        0.9313558340072632,
        0.9313126802444458,
        0.9312801957130432,
        0.9312558770179749,
        0.9312375783920288,
        0.9312235116958618,
        0.9312122464179993,
        0.9312026500701904,
        0.9311941266059875,
        0.9311860203742981,
        0.9311779737472534,
        0.9311701059341431,
        0.9311623573303223,
        0.9311546087265015,
        0.9311466813087463,
        0.9311386346817017,
        0.9311304092407227,
        0.9311219453811646,
        0.9311131834983826,
        0.9311038851737976,
        0.931094229221344,
        0.9310839772224426,
        0.9310732483863831,
        0.931061863899231,
        0.9310500025749207,
        0.9310375452041626,
        0.9310247898101807,
        0.9310116767883301,
        0.9309985041618347,
        0.930985152721405,
        0.9309719800949097,
        0.9309590458869934,
        0.930946409702301,
        0.9309340715408325,
        0.930922269821167,
        0.9309112429618835,
        0.9309012293815613,
        0.9308920502662659,
        0.9308838248252869,
        0.9308762550354004,
        0.9308695197105408,
        0.9308636784553528,
        0.9308585524559021,
        0.9308541417121887,
        0.9308502674102783,
        0.9308472275733948,
        0.9308446645736694,
        0.9308422803878784,
        0.9308406114578247,
        0.9308393597602844,
        0.9308385252952576,
        0.930837869644165,
        0.9308374524116516,
        0.930837094783783,
        0.9308367967605591,
        0.9308359622955322,
        0.9308341145515442,
        0.9308317303657532,
        0.9308306574821472,
        0.9308304786682129,
        0.9308303594589233,
        0.9308303594589233
    ],
    "l1_regularization": 0.0,
    "l2_regularization": 0.0,
    "random_state": 729345,
    "c1_unique_zones": 3,
    "c2_unique_od_pairs": 1,
    "c1_c2_approach": "percentage",
    "c1_c2_percentage": 0.2
}