{
    "normalized_frobenius_error": 0.8857526183128357,
    "masked_rmse": 0.12036432325839996,
    "mean_nonzero_value": 1.1494661569595337,
    "relative_rmse": 0.10471323877573013,
    "explained_variance": 0.21544235944747925,
    "computation_time": 1.2710809707641602,
    "all_factors_non_negative": true,
    "factor_sparsity": [
        "31.82%",
        "29.09%",
        "22.50%"
    ],
    "device": "mps",
    "best_initialization": "random",
    "errors_history": [
        0.9501893520355225,
        0.9310774207115173,
        0.9225847125053406,
        0.9174694418907166,
        0.9133825898170471,
        0.9102292656898499,
        0.9077517986297607,
        0.9058007597923279,
        0.9043169021606445,
        0.9031761884689331,
        0.9022044539451599,
        0.9012889266014099,
        0.9003591537475586,
        0.8993710875511169,
        0.8983194231987,
        0.8972413539886475,
        0.8962028622627258,
        0.8953178524971008,
        0.8946439027786255,
        0.8941196203231812,
        0.893739640712738,
        0.8934650421142578,
        0.8932341933250427,
        0.893066942691803,
        0.8929315209388733,
        0.892782986164093,
        0.8926757574081421,
        0.8926149010658264,
        0.8925700783729553,
        0.8925235867500305,
        0.8924644589424133,
        0.892379641532898,
        0.8922497034072876,
        0.8920391798019409,
        0.8916817903518677,
        0.8910849690437317,
        0.8901991248130798,
        0.8891667127609253,
        0.8882851004600525,
        0.8876962661743164,
        0.8873252272605896,
        0.8869642615318298,
        0.8866151571273804,
        0.8863831162452698,
        0.8862612843513489,
        0.8862085342407227,
        0.8861125707626343,
        0.8859882950782776,
        0.8859449028968811,
        0.8858970999717712,
        0.8858897089958191,
        0.8858857750892639,
        0.8858784437179565,
        0.8858716487884521,
        0.8858692049980164,
        0.8858665823936462,
        0.8858632445335388,
        0.8858582973480225,
        0.8858515620231628,
        0.8858456611633301,
        0.8858420848846436,
        0.8858401775360107,
        0.8858391046524048,
        0.8858383297920227,
        0.885837733745575,
        0.8858372569084167,
        0.8858368992805481,
        0.8858364224433899,
        0.8858360648155212,
        0.8858355283737183,
        0.8858349323272705,
        0.8858344554901123,
        0.8858338594436646,
        0.8858327865600586,
        0.885831356048584,
        0.8858305215835571,
        0.8858299255371094,
        0.8858294486999512,
        0.8858288526535034,
        0.8858278393745422,
        0.8858262896537781,
        0.8858241438865662,
        0.8858215808868408,
        0.8858188390731812,
        0.885816216468811,
        0.8858135342597961,
        0.8858101963996887,
        0.8858055472373962,
        0.8857997059822083,
        0.8857954740524292,
        0.8857917189598083,
        0.8857868909835815,
        0.8857819437980652,
        0.8857783675193787,
        0.8857759833335876,
        0.8857742547988892,
        0.8857730031013489,
        0.8857722282409668,
        0.885771632194519,
        0.8857712745666504,
        0.8857709765434265,
        0.8857707977294922,
        0.8857706189155579,
        0.885770320892334,
        0.8857701420783997,
        0.8857699632644653,
        0.885769784450531,
        0.8857696056365967,
        0.8857694864273071,
        0.8857694268226624,
        0.885769248008728,
        0.8857690691947937,
        0.8857688307762146,
        0.8857686519622803,
        0.8857682943344116,
        0.8857677578926086,
        0.8857665657997131,
        0.8857652544975281,
        0.8857640027999878,
        0.8857633471488953,
        0.8857630491256714,
        0.8857628703117371,
        0.8857626914978027,
        0.8857625722885132,
        0.8857625126838684,
        0.8857623934745789,
        0.8857622742652893,
        0.8857622146606445,
        0.8857620358467102,
        0.8857618570327759,
        0.8857616186141968,
        0.8857612013816833,
        0.8857607245445251,
        0.8857600688934326,
        0.8857591152191162,
        0.8857579827308655,
        0.8857567310333252,
        0.8857555389404297,
        0.8857547044754028,
        0.8857541084289551,
        0.8857537508010864,
        0.8857533931732178,
        0.8857531547546387,
        0.8857530951499939,
        0.8857528567314148,
        0.8857527375221252,
        0.8857526779174805,
        0.8857526183128357,
        0.8857526183128357
    ],
    "l1_regularization": 0.0,
    "l2_regularization": 0.0,
    "random_state": 113666,
    "c1_unique_zones": 0,
    "c2_unique_od_pairs": 0,
    "c1_c2_approach": "percentage",
    "c1_c2_percentage": 0.2
}