{
    "normalized_frobenius_error": 0.8564527034759521,
    "masked_rmse": 0.2233760803937912,
    "mean_nonzero_value": 1.345635175704956,
    "relative_rmse": 0.16600047051906586,
    "explained_variance": 0.26648879051208496,
    "computation_time": 1.1467328071594238,
    "all_factors_non_negative": true,
    "factor_sparsity": [
        "26.67%",
        "24.89%",
        "11.67%"
    ],
    "device": "mps",
    "best_initialization": "random",
    "errors_history": [
        0.943086564540863,
        0.9290022253990173,
        0.9097962975502014,
        0.8952149748802185,
        0.8877136707305908,
        0.8839643597602844,
        0.8819486498832703,
        0.8806250691413879,
        0.8796439170837402,
        0.878908634185791,
        0.8783533573150635,
        0.8779170513153076,
        0.87755286693573,
        0.8772320747375488,
        0.8769384622573853,
        0.8766591548919678,
        0.8763816952705383,
        0.8760955333709717,
        0.8757911324501038,
        0.8754572868347168,
        0.8750771880149841,
        0.8746212124824524,
        0.874036967754364,
        0.8732463717460632,
        0.872175395488739,
        0.8708399534225464,
        0.8694136738777161,
        0.868128776550293,
        0.8671092391014099,
        0.8663218021392822,
        0.8656747341156006,
        0.8650947213172913,
        0.8645350337028503,
        0.8639646768569946,
        0.8633645176887512,
        0.8627261519432068,
        0.8620486259460449,
        0.8613298535346985,
        0.8605518341064453,
        0.8596935272216797,
        0.8588794469833374,
        0.8582730889320374,
        0.8578543066978455,
        0.8575610518455505,
        0.8573455214500427,
        0.8571786880493164,
        0.8570553064346313,
        0.8569740056991577,
        0.856921374797821,
        0.8568857908248901,
        0.8568598031997681,
        0.8568376302719116,
        0.8568148612976074,
        0.8567917943000793,
        0.8567743897438049,
        0.8567636013031006,
        0.856756865978241,
        0.8567520976066589,
        0.8567477464675903,
        0.8567426800727844,
        0.8567358255386353,
        0.8567273020744324,
        0.8567202687263489,
        0.8567140102386475,
        0.8567068576812744,
        0.8566970825195312,
        0.8566839694976807,
        0.8566675186157227,
        0.8566502928733826,
        0.8566356301307678,
        0.8566235899925232,
        0.8566128611564636,
        0.8566020727157593,
        0.8565912246704102,
        0.8565806150436401,
        0.8565706014633179,
        0.8565617203712463,
        0.8565542697906494,
        0.8565483093261719,
        0.8565434217453003,
        0.8565396070480347,
        0.8565362691879272,
        0.856532633304596,
        0.8565281629562378,
        0.8565213084220886,
        0.8565120100975037,
        0.856502115726471,
        0.8564948439598083,
        0.8564903140068054,
        0.8564873337745667,
        0.8564847707748413,
        0.8564825057983398,
        0.8564803600311279,
        0.8564783930778503,
        0.8564764261245728,
        0.856474757194519,
        0.856473445892334,
        0.8564721941947937,
        0.8564711213111877,
        0.8564702868461609,
        0.856469452381134,
        0.8564690351486206,
        0.8564685583114624,
        0.8564680218696594,
        0.8564676642417908,
        0.8564673066139221,
        0.8564668893814087,
        0.8564667105674744,
        0.8564663529396057,
        0.8564661145210266,
        0.8564658164978027,
        0.8564655780792236,
        0.8564652800559998,
        0.8564650416374207,
        0.8564647436141968,
        0.8564645648002625,
        0.8564643263816833,
        0.8564640283584595,
        0.8564638495445251,
        0.8564635515213013,
        0.8564633131027222,
        0.8564631342887878,
        0.856462836265564,
        0.8564626574516296,
        0.8564623594284058,
        0.8564621806144714,
        0.8564620018005371,
        0.856461763381958,
        0.8564615249633789,
        0.8564614057540894,
        0.8564611077308655,
        0.8564609885215759,
        0.8564608097076416,
        0.8564605712890625,
        0.8564603924751282,
        0.8564602732658386,
        0.8564600944519043,
        0.8564599752426147,
        0.8564597964286804,
        0.8564596772193909,
        0.8564594984054565,
        0.8564593195915222,
        0.8564592003822327,
        0.8564590811729431,
        0.8564587831497192,
        0.8564586639404297,
        0.856458306312561,
        0.8564581871032715,
        0.8564579486846924,
        0.8564575910568237,
        0.8564571738243103,
        0.8564568758010864,
        0.856456458568573,
        0.8564561009407043,
        0.8564556837081909,
        0.8564551472663879,
        0.8564547896385193,
        0.8564544916152954,
        0.8564541339874268,
        0.8564537763595581,
        0.8564535975456238,
        0.8564533591270447,
        0.8564531803131104,
        0.856453001499176,
        0.8564528822898865,
        0.8564528226852417,
        0.8564527630805969,
        0.8564527630805969
    ],
    "l1_regularization": 0.0,
    "l2_regularization": 0.0,
    "random_state": 164051,
    "c1_unique_zones": 2,
    "c2_unique_od_pairs": 0,
    "c1_c2_approach": "percentage",
    "c1_c2_percentage": 0.2
}