{
    "normalized_frobenius_error": 0.8749396800994873,
    "masked_rmse": 0.19531340897083282,
    "mean_nonzero_value": 1.5989879369735718,
    "relative_rmse": 0.12214814126491547,
    "explained_variance": 0.23448055982589722,
    "computation_time": 1.0716242790222168,
    "all_factors_non_negative": true,
    "factor_sparsity": [
        "25.60%",
        "33.82%",
        "16.67%"
    ],
    "device": "mps",
    "best_initialization": "random",
    "errors_history": [
        0.9536068439483643,
        0.93439781665802,
        0.9158150553703308,
        0.9047961235046387,
        0.897689163684845,
        0.8919972777366638,
        0.8874498009681702,
        0.8839465379714966,
        0.881246030330658,
        0.8791871070861816,
        0.8777647614479065,
        0.8768829703330994,
        0.8763543963432312,
        0.8760243654251099,
        0.8757998943328857,
        0.8756462335586548,
        0.8755434155464172,
        0.875469982624054,
        0.8754130601882935,
        0.8753648400306702,
        0.8753225803375244,
        0.8752861022949219,
        0.8752551674842834,
        0.8752291798591614,
        0.8752069473266602,
        0.8751875162124634,
        0.875170111656189,
        0.8751545548439026,
        0.8751406073570251,
        0.8751280903816223,
        0.8751168251037598,
        0.8751067519187927,
        0.8750978112220764,
        0.8750897645950317,
        0.87508225440979,
        0.8750752806663513,
        0.875068724155426,
        0.8750629425048828,
        0.8750578761100769,
        0.8750531673431396,
        0.875048816204071,
        0.8750447630882263,
        0.8750408887863159,
        0.8750373721122742,
        0.8750341534614563,
        0.8750309944152832,
        0.8750280737876892,
        0.8750254511833191,
        0.875022828578949,
        0.8750202655792236,
        0.8750179409980774,
        0.8750156164169312,
        0.8750134110450745,
        0.8750110864639282,
        0.875008761882782,
        0.8750065565109253,
        0.8750041127204895,
        0.8750017881393433,
        0.8749993443489075,
        0.8749970197677612,
        0.874994695186615,
        0.8749926090240479,
        0.8749906420707703,
        0.8749887347221375,
        0.8749869465827942,
        0.8749850988388062,
        0.8749832510948181,
        0.8749813437461853,
        0.8749793171882629,
        0.8749771118164062,
        0.8749749064445496,
        0.8749726414680481,
        0.8749706149101257,
        0.8749688267707825,
        0.8749672770500183,
        0.8749659061431885,
        0.8749646544456482,
        0.8749635815620422,
        0.874962568283081,
        0.8749616146087646,
        0.8749606609344482,
        0.8749598264694214,
        0.8749591112136841,
        0.8749582767486572,
        0.8749576210975647,
        0.8749569058418274,
        0.8749560713768005,
        0.8749552965164185,
        0.8749544620513916,
        0.8749536275863647,
        0.8749527335166931,
        0.874951958656311,
        0.8749513030052185,
        0.8749507069587708,
        0.8749502301216125,
        0.8749496936798096,
        0.8749493360519409,
        0.8749489784240723,
        0.8749485015869141,
        0.8749482035636902,
        0.8749477863311768,
        0.8749474883079529,
        0.874947190284729,
        0.8749468922615051,
        0.8749464750289917,
        0.8749462962150574,
        0.8749459981918335,
        0.8749456405639648,
        0.8749454617500305,
        0.8749451637268066,
        0.8749449849128723,
        0.8749446272850037,
        0.8749444484710693,
        0.874944269657135,
        0.8749439716339111,
        0.874943733215332,
        0.8749434351921082,
        0.8749432563781738,
        0.8749430179595947,
        0.87494295835495,
        0.8749427199363708,
        0.8749425411224365,
        0.8749423027038574,
        0.8749421238899231,
        0.8749419450759888,
        0.8749417066574097,
        0.8749416470527649,
        0.8749414086341858,
        0.8749412298202515,
        0.8749411106109619,
        0.8749409317970276,
        0.874940812587738,
        0.8749406337738037,
        0.8749405145645142,
        0.8749403357505798,
        0.8749402165412903,
        0.8749400973320007,
        0.8749399781227112,
        0.8749399185180664,
        0.8749397993087769,
        0.8749396800994873,
        0.8749396800994873
    ],
    "l1_regularization": 0.0,
    "l2_regularization": 0.0,
    "random_state": 935279,
    "c1_unique_zones": 2,
    "c2_unique_od_pairs": 0,
    "c1_c2_approach": "percentage",
    "c1_c2_percentage": 0.2
}