{
    "normalized_frobenius_error": 0.9200364351272583,
    "masked_rmse": 0.19323040544986725,
    "mean_nonzero_value": 1.5507972240447998,
    "relative_rmse": 0.12460069358348846,
    "explained_variance": 0.1535329818725586,
    "computation_time": 0.3649110794067383,
    "all_factors_non_negative": true,
    "factor_sparsity": [
        "19.81%",
        "23.19%",
        "2.86%"
    ],
    "device": "cpu",
    "best_initialization": "random",
    "errors_history": [
        0.9648582339286804,
        0.9620460271835327,
        0.9618799686431885,
        0.9617577195167542,
        0.9616203904151917,
        0.9614561200141907,
        0.9612512588500977,
        0.9609876275062561,
        0.9606367349624634,
        0.9601570963859558,
        0.9594852328300476,
        0.9585328102111816,
        0.957186758518219,
        0.9553372263908386,
        0.9529513120651245,
        0.9501869082450867,
        0.9474059343338013,
        0.9449917674064636,
        0.9431235194206238,
        0.9417510032653809,
        0.9407371282577515,
        0.9399512410163879,
        0.9393000602722168,
        0.9387294054031372,
        0.9382070302963257,
        0.9377159476280212,
        0.9372502565383911,
        0.9368071556091309,
        0.9363883137702942,
        0.9360000491142273,
        0.9356452226638794,
        0.9353240728378296,
        0.9350354671478271,
        0.9347763061523438,
        0.9345420002937317,
        0.934326708316803,
        0.9341263175010681,
        0.9339383840560913,
        0.9337583184242249,
        0.9335842728614807,
        0.9334132075309753,
        0.9332447648048401,
        0.93308025598526,
        0.9329200387001038,
        0.9327676892280579,
        0.9326238036155701,
        0.9324858784675598,
        0.9323526620864868,
        0.9322261810302734,
        0.9321056604385376,
        0.9319895505905151,
        0.9318772554397583,
        0.9317684173583984,
        0.9316607117652893,
        0.9315541386604309,
        0.9314470887184143,
        0.9313359260559082,
        0.9312182068824768,
        0.9310890436172485,
        0.9309435486793518,
        0.9307743906974792,
        0.930570125579834,
        0.9303190112113953,
        0.93000328540802,
        0.929606020450592,
        0.9291154742240906,
        0.9285329580307007,
        0.927888035774231,
        0.9272375106811523,
        0.9266431331634521,
        0.926148533821106,
        0.9257545471191406,
        0.9254411458969116,
        0.9251813888549805,
        0.9249535799026489,
        0.9247407913208008,
        0.9245316386222839,
        0.9243271350860596,
        0.9241302013397217,
        0.9239433407783508,
        0.9237589240074158,
        0.923586368560791,
        0.923433780670166,
        0.9232938885688782,
        0.9231641292572021,
        0.9230419397354126,
        0.9229276776313782,
        0.9228196740150452,
        0.9227168560028076,
        0.9226170778274536,
        0.9225212335586548,
        0.9224276542663574,
        0.9223347306251526,
        0.9222424626350403,
        0.9221489429473877,
        0.922053337097168,
        0.9219547510147095,
        0.9218552708625793,
        0.9217581748962402,
        0.9216659069061279,
        0.9215782284736633,
        0.9214949011802673,
        0.9214134216308594,
        0.9213356971740723,
        0.9212616086006165,
        0.9211931824684143,
        0.9211305975914001,
        0.9210750460624695,
        0.9210251569747925,
        0.9209803938865662,
        0.9209387302398682,
        0.9209010004997253,
        0.9208638072013855,
        0.920826256275177,
        0.9207873344421387,
        0.9207478761672974,
        0.9207125306129456,
        0.920682966709137,
        0.9206578135490417,
        0.9206339120864868,
        0.9206095337867737,
        0.9205834865570068,
        0.9205580353736877,
        0.9205359816551208,
        0.9205167293548584,
        0.9204992055892944,
        0.9204840660095215,
        0.9204694032669067,
        0.9204543828964233,
        0.9204387664794922,
        0.9204223155975342,
        0.9204050302505493,
        0.9203867316246033,
        0.9203699231147766,
        0.9203550219535828,
        0.920341968536377,
        0.920329213142395,
        0.9203176498413086,
        0.9203072786331177,
        0.9202970862388611,
        0.9202874898910522,
        0.9202784895896912,
        0.9202697277069092,
        0.9202621579170227,
        0.9202550053596497,
        0.9202485084533691,
        0.9202423691749573,
        0.9202367067337036,
        0.9202320575714111,
        0.92022705078125,
        0.9202225208282471,
        0.9202188849449158,
        0.9202151298522949,
        0.9202109575271606,
        0.9202077388763428,
        0.9202046394348145,
        0.9202015995979309,
        0.9201988577842712,
        0.9201956391334534,
        0.9201932549476624,
        0.920190691947937,
        0.9201886057853699,
        0.9201856851577759,
        0.9201837182044983,
        0.920181393623352,
        0.920179545879364,
        0.9201770424842834,
        0.9201748967170715,
        0.9201730489730835,
        0.9201710224151611,
        0.9201692938804626,
        0.9201678037643433,
        0.920166015625,
        0.9201640486717224,
        0.9201627373695374,
        0.9201608896255493,
        0.920159637928009,
        0.9201580882072449,
        0.9201568365097046,
        0.9201555848121643,
        0.9201543927192688,
        0.920153021812439,
        0.9201511740684509,
        0.9201499819755554,
        0.9201483130455017,
        0.9201474189758301,
        0.9201457500457764,
        0.9201443791389465,
        0.9201433062553406,
        0.9201419353485107,
        0.9201405644416809,
        0.920138955116272,
        0.9201376438140869,
        0.9201361536979675,
        0.9201343655586243,
        0.9201324582099915,
        0.9201310276985168,
        0.9201298356056213,
        0.9201279282569885,
        0.9201264381408691,
        0.9201250076293945,
        0.920123815536499,
        0.920121967792511,
        0.9201207160949707,
        0.9201192855834961,
        0.9201176166534424,
        0.9201163649559021,
        0.9201147556304932,
        0.9201132655143738,
        0.920111894607544,
        0.9201103448867798,
        0.9201090931892395,
        0.9201076626777649,
        0.920106828212738,
        0.9201056957244873,
        0.9201048612594604,
        0.9201035499572754,
        0.9201028347015381,
        0.9201019406318665,
        0.9201011657714844,
        0.9201003313064575,
        0.9200995564460754,
        0.9200985431671143,
        0.9200977087020874,
        0.9200966954231262,
        0.9200957417488098,
        0.9200948476791382,
        0.920093834400177,
        0.9200923442840576,
        0.9200915694236755,
        0.92009037733078,
        0.9200894236564636,
        0.9200882315635681,
        0.9200875163078308,
        0.9200867414474487,
        0.9200856685638428,
        0.9200853109359741,
        0.9200845956802368,
        0.9200835227966309,
        0.9200827479362488,
        0.9200820326805115,
        0.9200811982154846,
        0.9200804829597473,
        0.9200798869132996,
        0.9200788736343384,
        0.920078456401825,
        0.920077383518219,
        0.9200772047042847,
        0.9200764298439026,
        0.9200755953788757,
        0.920074999332428,
        0.9200741052627563,
        0.9200732111930847,
        0.9200724959373474,
        0.920072078704834,
        0.9200713634490967,
        0.920070469379425,
        0.9200696349143982,
        0.9200693964958191,
        0.9200687408447266,
        0.9200678467750549,
        0.9200670719146729,
        0.9200667142868042,
        0.9200660586357117,
        0.9200656414031982,
        0.9200649261474609,
        0.9200643301010132,
        0.9200637936592102,
        0.9200631380081177,
        0.9200626015663147,
