{
    "normalized_frobenius_error": 0.8652350306510925,
    "masked_rmse": 0.215780571103096,
    "mean_nonzero_value": 1.3371909856796265,
    "relative_rmse": 0.16136854887008667,
    "explained_variance": 0.25136834383010864,
    "computation_time": 0.38455986976623535,
    "all_factors_non_negative": true,
    "factor_sparsity": [
        "16.44%",
        "10.56%",
        "8.57%"
    ],
    "device": "cpu",
    "best_initialization": "random",
    "errors_history": [
        0.9464710354804993,
        0.9439424276351929,
        0.9436519742012024,
        0.9433964490890503,
        0.9430853724479675,
        0.9426658153533936,
        0.9420639276504517,
        0.9411588311195374,
        0.9397388696670532,
        0.9374560117721558,
        0.9337705969810486,
        0.9279155731201172,
        0.9190958142280579,
        0.9081034660339355,
        0.8985269665718079,
        0.8928738832473755,
        0.8901039361953735,
        0.8884519338607788,
        0.8872011303901672,
        0.886154294013977,
        0.8852496147155762,
        0.8844621181488037,
        0.8837701082229614,
        0.8831542730331421,
        0.8825981616973877,
        0.88209068775177,
        0.8816221356391907,
        0.881186842918396,
        0.8807777762413025,
        0.8803907036781311,
        0.8800222277641296,
        0.8796685338020325,
        0.879327118396759,
        0.8789952993392944,
        0.8786728382110596,
        0.8783580660820007,
        0.8780497908592224,
        0.8777451515197754,
        0.8774443864822388,
        0.8771433234214783,
        0.8768400549888611,
        0.8765324950218201,
        0.8762208223342896,
        0.875903308391571,
        0.8755807280540466,
        0.8752554655075073,
        0.8749282360076904,
        0.8746001124382019,
        0.8742740154266357,
        0.8739481568336487,
        0.8736240863800049,
        0.8733034133911133,
        0.8729848265647888,
        0.8726724982261658,
        0.8723675608634949,
        0.8720737099647522,
        0.8717934489250183,
        0.8715280294418335,
        0.8712798953056335,
        0.8710479736328125,
        0.8708325624465942,
        0.870631754398346,
        0.8704447746276855,
        0.8702720403671265,
        0.8701114058494568,
        0.8699632287025452,
        0.8698275089263916,
        0.8697026968002319,
        0.869589626789093,
        0.8694868087768555,
        0.8693951368331909,
        0.8693119287490845,
        0.8692373037338257,
        0.8691697716712952,
        0.8691077828407288,
        0.8690513372421265,
        0.8689981698989868,
        0.8689484596252441,
        0.8689010143280029,
        0.8688549995422363,
        0.8688103556632996,
        0.8687663674354553,
        0.8687213659286499,
        0.8686778545379639,
        0.8686327934265137,
        0.8685876131057739,
        0.8685418963432312,
        0.8684952855110168,
        0.8684480786323547,
        0.868401288986206,
        0.8683570027351379,
        0.868313193321228,
        0.8682720065116882,
        0.8682332634925842,
        0.868196427822113,
        0.8681627511978149,
        0.8681307435035706,
        0.8681017756462097,
        0.8680749535560608,
        0.8680506944656372,
        0.868027925491333,
        0.8680069446563721,
        0.8679878115653992,
        0.8679698705673218,
        0.8679527044296265,
        0.8679370284080505,
        0.8679232001304626,
        0.8679085969924927,
        0.8678954839706421,
        0.867882251739502,
        0.8678696155548096,
        0.8678573369979858,
        0.8678446412086487,
        0.8678328394889832,
        0.8678216338157654,
        0.8678105473518372,
        0.8678001761436462,
        0.867790699005127,
        0.8677805662155151,
        0.8677710890769958,
        0.8677616119384766,
        0.8677511215209961,
        0.867741048336029,
        0.8677306771278381,
        0.8677201271057129,
        0.8677093386650085,
        0.8676984906196594,
        0.8676883578300476,
        0.8676788806915283,
        0.8676698207855225,
        0.8676616549491882,
        0.8676532506942749,
        0.8676466345787048,
        0.8676398396492004,
        0.8676338791847229,
        0.8676275610923767,
        0.867622435092926,
        0.8676170706748962,
        0.867611825466156,
        0.8676071166992188,
        0.8676026463508606,
        0.8675985932350159,
        0.8675937056541443,
        0.8675897121429443,
        0.8675860166549683,
        0.8675819635391235,
        0.8675783276557922,
        0.8675743937492371,
        0.8675711154937744,
        0.8675670027732849,
        0.8675637245178223,
        0.8675607442855835,
        0.8675575852394104,
        0.8675544261932373,
        0.8675512075424194,
        0.8675481081008911,
        0.867544949054718,
        0.8675419092178345,
        0.8675387501716614,
        0.8675362467765808,
        0.867533266544342,
        0.867530345916748,
        0.8675265908241272,
        0.8675240874290466,
        0.8675211668014526,
        0.8675183653831482,
        0.8675153851509094,
        0.867512047290802,
        0.867509126663208,
        0.8675063252449036,
        0.8675031065940857,
        0.8674998879432678,
        0.8674972653388977,
        0.8674942851066589,
        0.8674914240837097,
        0.8674878478050232,
        0.8674846291542053,
        0.867480993270874,
        0.8674778938293457,
        0.8674746155738831,
        0.8674710392951965,
        0.8674671649932861,
        0.8674637675285339,
        0.8674607276916504,
        0.8674571514129639,
        0.8674531579017639,
        0.8674494624137878,
        0.8674454689025879,
        0.8674414157867432,
        0.8674371242523193,
        0.867432713508606,
        0.8674283027648926,
        0.8674237132072449,
        0.8674189448356628,
        0.8674141764640808,
        0.8674092888832092,
        0.8674036860466003,
        0.8673983216285706,
        0.8673925399780273,
        0.8673871159553528,
        0.8673809766769409,
        0.8673748970031738,
        0.8673682808876038,
        0.8673617839813232,
        0.8673549890518188,
        0.8673476576805115,
        0.8673399686813354,
        0.8673321008682251,
        0.8673238158226013,
        0.8673153519630432,
        0.8673062324523926,
        0.8672971725463867,
        0.8672870397567749,
        0.8672770261764526,
        0.8672665953636169,
        0.8672556281089783,
        0.8672436475753784,
        0.867231547832489,
        0.8672187924385071,
        0.8672055602073669,
        0.8671916127204895,
        0.8671766519546509,
        0.8671613931655884,
        0.8671460151672363,
        0.8671298027038574,
        0.8671122789382935,
        0.8670948147773743,
        0.8670762181282043,
        0.8670569062232971,
        0.8670372366905212,
        0.8670175075531006,
        0.8669959306716919,
        0.8669739365577698,
        0.866952657699585,
        0.866929292678833,
        0.8669058084487915,
        0.8668818473815918,
        0.8668581247329712,
        0.8668328523635864,
        0.8668078780174255,
        0.8667826056480408,
        0.8667572736740112,
        0.8667321801185608,
        0.8667067885398865,
        0.8666813969612122,
        0.8666568994522095,
        0.8666317462921143,
        0.8666073679924011,
        0.8665829300880432,
        0.8665595650672913,
        0.8665363192558289,
        0.8665136098861694,
        0.8664920926094055,
        0.8664706349372864,
        0.8664503693580627,
        0.8664303421974182,
        0.8664101362228394,
        0.8663906455039978,
        0.8663710951805115,
        0.8663507103919983,
        0.8663302063941956,
        0.8663092851638794,
        0.8662880063056946,
        0.8662658929824829,
        0.8662441372871399,
        0.866223156452179,
        0.8662037253379822,
        0.8661854267120361,
        0.8661687970161438,
