{
    "normalized_frobenius_error": 0.9097747206687927,
    "masked_rmse": 0.11936184018850327,
    "mean_nonzero_value": 1.3623639345169067,
    "relative_rmse": 0.08761376887559891,
    "explained_variance": 0.17230993509292603,
    "computation_time": 0.5440032482147217,
    "all_factors_non_negative": true,
    "factor_sparsity": [
        "19.35%",
        "22.04%",
        "19.79%"
    ],
    "device": "cpu",
    "best_initialization": "svd",
    "errors_history": [
        0.9622023701667786,
        0.9494574666023254,
        0.9392048716545105,
        0.9334180951118469,
        0.9298133850097656,
        0.9274879693984985,
        0.9257811903953552,
        0.9242419600486755,
        0.9229372143745422,
        0.9218757152557373,
        0.920967698097229,
        0.9201041460037231,
        0.9192554354667664,
        0.9184464812278748,
        0.9177177548408508,
        0.9170942902565002,
        0.9165298938751221,
        0.9159549474716187,
        0.9155230522155762,
        0.9152293801307678,
        0.915002167224884,
        0.9148167967796326,
        0.9146506786346436,
        0.9144970178604126,
        0.9143515229225159,
        0.9142051935195923,
        0.9140423536300659,
        0.9138447642326355,
        0.913600742816925,
        0.9133244156837463,
        0.9130500555038452,
        0.9128046035766602,
        0.9126071333885193,
        0.9124579429626465,
        0.9123457670211792,
        0.9122589230537415,
        0.912190854549408,
        0.9121363162994385,
        0.9120925664901733,
        0.9120572209358215,
        0.9120270013809204,
        0.9120007753372192,
        0.9119767546653748,
        0.9119542241096497,
        0.9119325876235962,
        0.9119120240211487,
        0.911891758441925,
        0.9118712544441223,
        0.9118490219116211,
        0.9118230938911438,
        0.9117902517318726,
        0.9117478728294373,
        0.9116941690444946,
        0.9116318225860596,
        0.9115681052207947,
        0.9115105271339417,
        0.9114617109298706,
        0.9114218950271606,
        0.9113871455192566,
        0.9113487005233765,
        0.9112924933433533,
        0.911201536655426,
        0.9110766053199768,
        0.9109562635421753,
        0.9108725190162659,
        0.9108214974403381,
        0.910789430141449,
        0.9107682704925537,
        0.9107531309127808,
        0.9107412099838257,
        0.9107314348220825,
        0.9107224345207214,
        0.9107145667076111,
        0.9107078909873962,
        0.9107023477554321,
        0.9106968641281128,
        0.9106924533843994,
        0.9106889367103577,
        0.9106863141059875,
        0.91068434715271,
        0.9106827974319458,
        0.9106814861297607,
        0.9106802344322205,
        0.9106789827346802,
        0.9106780886650085,
        0.9106770753860474,
        0.9106763601303101,
        0.9106756448745728,
        0.9106747508049011,
        0.9106736183166504,
        0.9106720089912415,
        0.9106698632240295,
        0.9106664061546326,
        0.9106630086898804,
        0.9106597304344177,
        0.9106568694114685,
        0.9106525778770447,
        0.91064453125,
        0.9106303453445435,
        0.9106115102767944,
        0.9105942249298096,
        0.9105835556983948,
        0.9105774164199829,
        0.9105737805366516,
        0.9105710983276367,
        0.91056889295578,
        0.9105669856071472,
        0.9105653166770935,
        0.9105633497238159,
        0.9105613231658936,
        0.9105592966079712,
        0.9105575084686279,
        0.9105559587478638,
        0.9105547070503235,
        0.9105537533760071,
        0.9105526208877563,
        0.9105514883995056,
        0.910550594329834,
        0.9105496406555176,
        0.9105488061904907,
        0.9105479121208191,
        0.9105473160743713,
        0.910546600818634,
        0.9105460047721863,
        0.9105453491210938,
        0.9105444550514221,
        0.9105439782142639,
        0.9105433225631714,
        0.9105425477027893,
        0.9105417728424072,
        0.9105409979820251,
        0.9105402827262878,
        0.9105395078659058,
        0.9105386137962341,
        0.910537838935852,
        0.9105370044708252,
        0.9105360507965088,
        0.9105352163314819,
        0.9105343222618103,
        0.9105336666107178,
        0.9105328917503357,
        0.9105320572853088,
        0.9105312824249268,
        0.9105305671691895,
        0.9105300307273865,
        0.9105292558670044,
        0.9105286002159119,
        0.9105276465415955,
        0.910526692867279,
        0.9105256199836731,
        0.9105244874954224,
        0.9105237722396851,
        0.9105230569839478,
        0.9105223417282104,
        0.9105215668678284,
        0.9105212092399597,
        0.9105204343795776,
        0.9105195999145508,
        0.9105188846588135,
        0.9105180501937866,
        0.9105173945426941,
        0.9105165004730225,
        0.9105153679847717,
        0.9105144143104553,
        0.9105133414268494,
        0.91051185131073,
        0.9105099439620972,
        0.9105074405670166,
        0.9105041027069092,
        0.9104997515678406,
        0.9104945063591003,
        0.910489022731781,
        0.9104847311973572,
        0.9104810953140259,
        0.9104777574539185,
        0.9104747772216797,
        0.9104719161987305,
        0.9104693531990051,
        0.9104665517807007,
        0.9104637503623962,
        0.9104610085487366,
        0.9104581475257874,
        0.9104553461074829,
        0.9104521870613098,
        0.910449206829071,
        0.9104461669921875,
        0.9104430079460144,
        0.9104397296905518,
        0.9104363918304443,
        0.9104326367378235,
        0.9104291200637817,
        0.9104253649711609,
        0.9104214906692505,
        0.9104175567626953,
        0.9104132056236267,
        0.9104088544845581,
        0.9104039669036865,
        0.9103992581367493,
        0.910394012928009,
        0.9103885293006897,
        0.9103828072547913,
        0.9103768467903137,
        0.9103704690933228,
        0.910364031791687,
        0.9103574156761169,
        0.9103504419326782,
        0.9103431701660156,
        0.9103357791900635,
        0.9103280305862427,
        0.9103201627731323,
        0.910312831401825,
        0.9103052616119385,
        0.9102975130081177,
        0.9102898240089417,
        0.9102828502655029,
        0.9102752804756165,
        0.9102686643600464,
        0.9102620482444763,
        0.9102559685707092,
        0.910250186920166,
        0.9102449417114258,
        0.9102398753166199,
        0.9102352857589722,
        0.910231351852417,
        0.9102277159690857,
        0.9102242588996887,
        0.910221517086029,
        0.9102188944816589,
        0.910216212272644,
        0.9102140069007874,
        0.9102122783660889,
        0.910210371017456,
        0.9102087616920471,
        0.9102073311805725,
        0.9102059006690979,
        0.9102046489715576,
        0.9102033972740173,
        0.9102020859718323,
        0.9102005362510681,
        0.9101983904838562,
        0.9101950526237488,
        0.910191535949707,
        0.9101886749267578,
        0.910186767578125,
        0.9101850390434265,
        0.9101828932762146,
        0.9101801514625549,
        0.9101763963699341,
        0.9101726412773132,
        0.9101680517196655,
        0.9101624488830566,
        0.9101548790931702,
        0.9101458787918091,
        0.910136878490448,
        0.9101301431655884,
        0.9101253747940063,
        0.9101222157478333,
        0.9101198315620422,
        0.9101181030273438,
        0.9101164937019348,
        0.9101149439811707,
        0.9101133346557617,
        0.9101114273071289,
        0.9101095795631409,
        0.9101075530052185,
        0.9101055860519409,
        0.9101032614707947,
        0.9101007580757141,
        0.9100978970527649,
        0.91009521484375,
