{
    "normalized_frobenius_error": 0.8812645077705383,
    "masked_rmse": 0.11975443363189697,
    "mean_nonzero_value": 1.1494661569595337,
    "relative_rmse": 0.1041826531291008,
    "explained_variance": 0.22337287664413452,
    "computation_time": 0.35741209983825684,
    "all_factors_non_negative": true,
    "factor_sparsity": [
        "23.64%",
        "23.18%",
        "16.67%"
    ],
    "device": "mps",
    "best_initialization": "random",
    "errors_history": [
        0.9611006379127502,
        0.9464145302772522,
        0.9229002594947815,
        0.90531986951828,
        0.8975480198860168,
        0.8934107422828674,
        0.8909081220626831,
        0.8888536691665649,
        0.8868885636329651,
        0.8851498365402222,
        0.8838043808937073,
        0.882826566696167,
        0.8822115659713745,
        0.8818656206130981,
        0.8816585540771484,
        0.8815300464630127,
        0.8814523816108704,
        0.8814035654067993,
        0.8813706636428833,
        0.8813459277153015,
        0.881329357624054,
        0.8813174366950989,
        0.8813081383705139,
        0.8813009262084961,
        0.8812949657440186,
        0.8812903165817261,
        0.8812865018844604,
        0.8812834024429321,
        0.8812805414199829,
        0.8812772631645203,
        0.8812745213508606,
        0.8812729120254517,
        0.8812716007232666,
        0.8812706470489502,
        0.8812697529792786,
        0.8812690377235413,
        0.8812682628631592,
        0.8812677264213562,
        0.881267249584198,
        0.8812668323516846,
        0.8812664151191711,
        0.8812660574913025,
        0.8812657594680786,
        0.8812655806541443,
        0.8812652826309204,
        0.8812652230262756,
        0.8812649846076965,
        0.881264865398407,
        0.8812647461891174,
        0.8812646865844727,
        0.8812645077705383,
        0.8812645077705383
    ],
    "l1_regularization": 0.0,
    "l2_regularization": 0.0,
    "random_state": 577246,
    "c1_unique_zones": 1,
    "c2_unique_od_pairs": 0,
    "c1_c2_approach": "percentage",
    "c1_c2_percentage": 0.2
}