{
    "normalized_frobenius_error": 0.8812643885612488,
    "masked_rmse": 0.11975441873073578,
    "mean_nonzero_value": 1.1494661569595337,
    "relative_rmse": 0.1041826382279396,
    "explained_variance": 0.22337311506271362,
    "computation_time": 0.5879762172698975,
    "all_factors_non_negative": true,
    "factor_sparsity": [
        "28.18%",
        "26.36%",
        "17.50%"
    ],
    "device": "mps",
    "best_initialization": "random",
    "errors_history": [
        0.9584734439849854,
        0.9418832659721375,
        0.9283917546272278,
        0.9150381088256836,
        0.9013951420783997,
        0.8912143111228943,
        0.8854572176933289,
        0.8829237222671509,
        0.8819365501403809,
        0.8816143870353699,
        0.8814843893051147,
        0.8814197778701782,
        0.8813828825950623,
        0.881359338760376,
        0.8813431262969971,
        0.8813311457633972,
        0.8813219666481018,
        0.8813148140907288,
        0.881308913230896,
        0.8813040256500244,
        0.8812997341156006,
        0.8812961578369141,
        0.8812931776046753,
        0.8812909126281738,
        0.881289005279541,
        0.8812873959541321,
        0.8812859654426575,
        0.881284773349762,
        0.881283700466156,
        0.8812827467918396,
        0.8812819123268127,
        0.8812810778617859,
        0.8812804222106934,
        0.8812798261642456,
        0.8812791109085083,
        0.8812784552574158,
        0.8812779784202576,
        0.8812775015830994,
        0.8812769055366516,
        0.8812763690948486,
        0.8812757730484009,
        0.8812751770019531,
        0.8812747001647949,
        0.8812741041183472,
        0.8812734484672546,
        0.8812729716300964,
        0.8812723159790039,
        0.8812717199325562,
        0.8812713027000427,
        0.8812707662582397,
        0.8812702894210815,
        0.8812699317932129,
        0.8812694549560547,
        0.881269097328186,
        0.8812687397003174,
        0.8812683820724487,
        0.8812680840492249,
        0.881267786026001,
        0.8812674283981323,
        0.8812671899795532,
        0.8812669515609741,
        0.8812665939331055,
        0.8812663555145264,
        0.8812661170959473,
        0.8812659978866577,
        0.8812656998634338,
        0.8812655806541443,
        0.8812653422355652,
        0.8812652230262756,
        0.8812650442123413,
        0.8812649250030518,
        0.8812646865844727,
        0.8812646269798279,
        0.8812643885612488,
        0.8812643885612488
    ],
    "l1_regularization": 0.0,
    "l2_regularization": 0.0,
    "random_state": 324558,
    "c1_unique_zones": 1,
    "c2_unique_od_pairs": 0,
    "c1_c2_approach": "percentage",
    "c1_c2_percentage": 0.2
}