{
    "normalized_frobenius_error": 0.8564389944076538,
    "masked_rmse": 0.22337251901626587,
    "mean_nonzero_value": 1.345635175704956,
    "relative_rmse": 0.16599783301353455,
    "explained_variance": 0.26651227474212646,
    "computation_time": 0.6971209049224854,
    "all_factors_non_negative": true,
    "factor_sparsity": [
        "15.11%",
        "12.89%",
        "10.83%"
    ],
    "device": "mps",
    "best_initialization": "random",
    "errors_history": [
        0.9435151219367981,
        0.9207428097724915,
        0.9063798189163208,
        0.8982593417167664,
        0.8903700113296509,
        0.8825969099998474,
        0.8755948543548584,
        0.8693675398826599,
        0.8641734719276428,
        0.8612895011901855,
        0.8597331047058105,
        0.8587908148765564,
        0.8581493496894836,
        0.8576716184616089,
        0.8573124408721924,
        0.8570546507835388,
        0.8568815588951111,
        0.8567679524421692,
        0.8566905856132507,
        0.8566352725028992,
        0.8565940260887146,
        0.856562614440918,
        0.8565380573272705,
        0.8565192222595215,
        0.8565048575401306,
        0.8564934730529785,
        0.8564845323562622,
        0.8564772605895996,
        0.8564715385437012,
        0.8564667105674744,
        0.8564627170562744,
        0.8564594984054565,
        0.8564568758010864,
        0.856454610824585,
        0.8564526438713074,
        0.8564510345458984,
        0.8564497232437134,
        0.8564485907554626,
        0.8564475774765015,
        0.8564467430114746,
        0.8564459085464478,
        0.8564452528953552,
        0.8564446568489075,
        0.8564440608024597,
        0.8564435839653015,
        0.8564429879188538,
        0.8564425110816956,
        0.8564421534538269,
        0.856441855430603,
        0.8564415574073792,
        0.8564413189888,
        0.856441080570221,
        0.8564409017562866,
        0.8564406037330627,
        0.8564404249191284,
        0.8564401865005493,
        0.8564400672912598,
        0.8564399480819702,
        0.8564398288726807,
        0.8564397096633911,
        0.8564395308494568,
        0.856439471244812,
        0.8564393520355225,
        0.8564392328262329,
        0.8564391136169434,
        0.8564391136169434
    ],
    "l1_regularization": 0.0,
    "l2_regularization": 0.0,
    "random_state": 893500,
    "c1_unique_zones": 2,
    "c2_unique_od_pairs": 0,
    "c1_c2_approach": "percentage",
    "c1_c2_percentage": 0.2
}