{
    "normalized_frobenius_error": 0.9042611122131348,
    "masked_rmse": 0.12288004904985428,
    "mean_nonzero_value": 1.1494661569595337,
    "relative_rmse": 0.10690183937549591,
    "explained_variance": 0.18231183290481567,
    "computation_time": 0.3373382091522217,
    "all_factors_non_negative": true,
    "factor_sparsity": [
        "13.64%",
        "10.61%",
        "20.00%"
    ],
    "device": "cpu",
    "best_initialization": "random",
    "errors_history": [
        0.9651917815208435,
        0.96095871925354,
        0.9604748487472534,
        0.9602388739585876,
        0.9599934220314026,
        0.9596685171127319,
        0.9591942429542542,
        0.9584509134292603,
        0.9572319388389587,
        0.955245852470398,
        0.9522537589073181,
        0.9483296871185303,
        0.9438133835792542,
        0.9389910697937012,
        0.9342836141586304,
        0.9304450750350952,
        0.9277297854423523,
        0.9257118701934814,
        0.9238550662994385,
        0.9217500686645508,
        0.9192874431610107,
        0.9168021082878113,
        0.9146803021430969,
        0.9130263328552246,
        0.911708652973175,
        0.9105862379074097,
        0.9096494317054749,
        0.9089335203170776,
        0.9083844423294067,
        0.9079423546791077,
        0.9075847864151001,
        0.9072995185852051,
        0.9070742130279541,
        0.9068948030471802,
        0.9067466855049133,
        0.9066215753555298,
        0.9065155982971191,
        0.9064254760742188,
        0.9063480496406555,
        0.9062815308570862,
        0.906227707862854,
        0.9061853885650635,
        0.9061528444290161,
        0.9061266183853149,
        0.9061049222946167,
        0.9060866236686707,
        0.9060707092285156,
        0.9060556292533875,
        0.9060417413711548,
        0.9060286283493042,
        0.9060158133506775,
        0.9060024619102478,
        0.9059882760047913,
        0.9059725999832153,
        0.9059552550315857,
        0.9059370160102844,
        0.9059197306632996,
        0.9059029221534729,
        0.9058883190155029,
        0.9058767557144165,
        0.905866801738739,
        0.9058589935302734,
        0.9058524370193481,
        0.9058466553688049,
        0.9058416485786438,
        0.9058368802070618,
        0.905832827091217,
        0.9058290123939514,
        0.9058254361152649,
        0.905822217464447,
        0.9058190584182739,
        0.9058161973953247,
        0.905813455581665,
        0.9058108329772949,
        0.90580815076828,
        0.9058058261871338,
        0.9058032035827637,
        0.9058011770248413,
        0.9057989120483398,
        0.9057965874671936,
        0.9057945609092712,
        0.9057926535606384,
        0.9057904481887817,
        0.9057888984680176,
        0.9057871103286743,
        0.9057852625846863,
        0.9057833552360535,
        0.9057814478874207,
        0.9057800769805908,
        0.9057783484458923,
        0.9057767391204834,
        0.905775249004364,
        0.9057735800743103,
        0.9057720899581909,
        0.905770480632782,
        0.9057690501213074,
        0.9057677388191223,
        0.9057662487030029,
        0.905764639377594,
        0.9057633876800537,
        0.9057620763778687,
        0.9057605862617493,
        0.9057592153549194,
        0.9057577848434448,
        0.9057563543319702,
        0.9057549834251404,
        0.9057536721229553,
        0.9057523608207703,
        0.9057509899139404,
        0.9057494401931763,
        0.9057482481002808,
        0.9057467579841614,
        0.9057455062866211,
        0.9057440757751465,
        0.9057427644729614,
        0.9057416915893555,
        0.9057403206825256,
        0.9057391285896301,
        0.9057378172874451,
        0.9057362675666809,
        0.9057348966598511,
        0.905733585357666,
        0.9057320952415466,
        0.9057307243347168,
        0.9057292342185974,
        0.905727744102478,
        0.9057263731956482,
        0.9057250022888184,
        0.9057234525680542,
        0.9057220220565796,
        0.9057206511497498,
        0.9057189226150513,
        0.905717670917511,
        0.9057162404060364,
        0.9057144522666931,
        0.9057128429412842,
        0.9057113528251648,
        0.9057097434997559,
        0.9057083129882812,
        0.9057065844535828,
        0.9057047963142395,
        0.9057030081748962,
        0.905701220035553,
        0.9056993722915649,
        0.9056976437568665,
        0.9056956768035889,
        0.9056941270828247,
        0.9056921601295471,
        0.9056902527809143,
        0.905688464641571,
        0.9056864380836487,
        0.9056844115257263,
        0.9056824445724487,
        0.9056802988052368,
        0.9056784510612488,
        0.9056763052940369,
        0.9056740999221802,
        0.9056719541549683,
        0.9056698083877563,
        0.9056673645973206,
        0.9056649208068848,
        0.9056627750396729,
        0.9056602716445923,
        0.9056578874588013,
        0.9056553840637207,
        0.9056525826454163,
        0.9056501388549805,
        0.905647337436676,
        0.9056444764137268,
        0.9056418538093567,
        0.9056389927864075,
        0.9056360125541687,
        0.9056329131126404,
        0.9056296348571777,
        0.9056264758110046,
        0.9056232571601868,
        0.9056202173233032,
        0.9056165218353271,
        0.9056130647659302,
        0.9056094288825989,
        0.905605673789978,
        0.905601978302002,
        0.9055978655815125,
        0.9055940508842468,
        0.9055896997451782,
        0.9055853486061096,
        0.905580997467041,
        0.9055762887001038,
        0.9055715799331665,
        0.9055668711662292,
        0.9055617451667786,
        0.9055564403533936,
        0.9055510759353638,
        0.9055455327033997,
        0.9055401086807251,
        0.9055341482162476,
        0.90552818775177,
        0.9055218696594238,
        0.9055151343345642,
        0.9055085182189941,
        0.9055014848709106,
        0.9054941534996033,
        0.9054866433143616,
        0.9054784178733826,
        0.9054704308509827,
        0.9054619669914246,
        0.9054533839225769,
        0.9054442048072815,
        0.9054349660873413,
        0.9054256677627563,
        0.9054157733917236,
        0.9054057002067566,
        0.9053952097892761,
        0.9053842425346375,
        0.9053730368614197,
        0.9053618311882019,
        0.9053500294685364,
        0.9053382277488708,
        0.9053261280059814,
        0.9053143262863159,
        0.9053017497062683,
        0.9052895307540894,
        0.905276894569397,
        0.9052641987800598,
        0.9052518010139465,
        0.9052397012710571,
        0.9052273631095886,
        0.905215322971344,
        0.905203640460968,
        0.9051918387413025,
        0.9051805138587952,
        0.9051691889762878,
        0.9051582217216492,
        0.905147910118103,
        0.9051377177238464,
        0.905128002166748,
        0.905118465423584,
        0.9051092267036438,
        0.9051007032394409,
        0.9050920605659485,
        0.9050838947296143,
        0.9050757884979248,
        0.9050681591033936,
        0.9050607681274414,
        0.9050534963607788,
        0.9050466418266296,
        0.9050395488739014,
        0.9050330519676208,
        0.9050261974334717,
        0.905019998550415,
        0.9050132632255554,
        0.9050071239471436,
        0.9050009846687317,
        0.9049944877624512,
        0.9049881100654602,
        0.9049818515777588,
        0.9049754738807678,
        0.904968798160553,
        0.9049621224403381,
        0.9049550890922546,
        0.9049481749534607,
        0.9049413800239563,
        0.9049338698387146,
        0.9049267768859863,
        0.9049190878868103,
        0.904911458492279,
        0.9049036502838135,
        0.9048954844474792,
        0.9048871994018555,
