{
    "normalized_frobenius_error": 0.932159960269928,
    "masked_rmse": 0.12229771167039871,
    "mean_nonzero_value": 1.3623639345169067,
    "relative_rmse": 0.08976875245571136,
    "explained_variance": 0.13107788562774658,
    "computation_time": 0.5184681415557861,
    "all_factors_non_negative": true,
    "factor_sparsity": [
        "10.89%",
        "10.08%",
        "9.38%"
    ],
    "device": "mps",
    "best_initialization": "random",
    "errors_history": [
        0.9744846820831299,
        0.9644136428833008,
        0.9542531967163086,
        0.9450595378875732,
        0.9404458999633789,
        0.9380977749824524,
        0.9364742636680603,
        0.9352481961250305,
        0.9343128204345703,
        0.9336209893226624,
        0.9331380724906921,
        0.9328063726425171,
        0.932581901550293,
        0.9324347972869873,
        0.9323421716690063,
        0.9322847723960876,
        0.9322482943534851,
        0.9322227239608765,
        0.9322026371955872,
        0.9321874976158142,
        0.9321784973144531,
        0.9321732521057129,
        0.9321697950363159,
        0.9321674108505249,
        0.9321656823158264,
        0.9321645498275757,
        0.932163655757904,
        0.9321631193161011,
        0.9321626424789429,
        0.9321622252464294,
        0.9321618676185608,
        0.9321616888046265,
        0.9321614503860474,
        0.9321611523628235,
        0.9321609735488892,
        0.9321609139442444,
        0.9321606755256653,
        0.9321606159210205,
        0.932160496711731,
        0.9321604371070862,
        0.9321601986885071,
        0.9321601390838623,
        0.932159960269928,
        0.932159960269928
    ],
    "l1_regularization": 0.0,
    "l2_regularization": 0.0,
    "random_state": 746312,
    "c1_unique_zones": 2,
    "c2_unique_od_pairs": 0,
    "c1_c2_approach": "percentage",
    "c1_c2_percentage": 0.2
}