{
    "normalized_frobenius_error": 0.8988187313079834,
    "masked_rmse": 0.18877443671226501,
    "mean_nonzero_value": 1.5507972240447998,
    "relative_rmse": 0.1217273473739624,
    "explained_variance": 0.19212490320205688,
    "computation_time": 0.5515651702880859,
    "all_factors_non_negative": true,
    "factor_sparsity": [
        "15.65%",
        "11.59%",
        "5.71%"
    ],
    "device": "cpu",
    "best_initialization": "svd",
    "errors_history": [
        0.9547310471534729,
        0.9494777321815491,
        0.9457882642745972,
        0.9419513940811157,
        0.937622606754303,
        0.9326922297477722,
        0.9271813631057739,
        0.922186017036438,
        0.9187620878219604,
        0.916556715965271,
        0.9149924516677856,
        0.9137746691703796,
        0.9127727150917053,
        0.9119277000427246,
        0.9112083911895752,
        0.9105932712554932,
        0.9100672006607056,
        0.9096148014068604,
        0.9092229008674622,
        0.9088817834854126,
        0.9085814952850342,
        0.9083153605461121,
        0.9080768823623657,
        0.9078590869903564,
        0.907659113407135,
        0.907471776008606,
        0.907290518283844,
        0.9071109294891357,
        0.9069288969039917,
        0.9067396521568298,
        0.9065397381782532,
        0.9063282012939453,
        0.9061053395271301,
        0.9058758616447449,
        0.9056459069252014,
        0.9054235219955444,
        0.9052141904830933,
        0.9050185680389404,
        0.9048377871513367,
        0.9046697616577148,
        0.9045131206512451,
        0.9043658375740051,
        0.9042258858680725,
        0.904093325138092,
        0.9039701819419861,
        0.9038565158843994,
        0.903752326965332,
        0.9036566019058228,
        0.9035674929618835,
        0.9034827947616577,
        0.9034010767936707,
        0.9033223986625671,
        0.9032476544380188,
        0.9031746983528137,
        0.9031045436859131,
        0.9030383825302124,
        0.9029761552810669,
        0.9029169082641602,
        0.9028613567352295,
        0.9028068780899048,
        0.9027544856071472,
        0.9027036428451538,
        0.9026544690132141,
        0.9026072025299072,
        0.902562141418457,
        0.9025193452835083,
        0.9024775624275208,
        0.9024369716644287,
        0.9023959040641785,
        0.9023557305335999,
        0.9023167490959167,
        0.9022777676582336,
        0.9022393226623535,
        0.9022023677825928,
        0.9021643996238708,
        0.9021278023719788,
        0.9020922183990479,
        0.902057409286499,
        0.9020230770111084,
        0.9019898772239685,
        0.9019578099250793,
        0.9019247889518738,
        0.9018930196762085,
        0.9018606543540955,
        0.9018283486366272,
        0.9017956852912903,
        0.9017617106437683,
        0.9017270803451538,
        0.9016904830932617,
        0.9016523361206055,
        0.9016129970550537,
        0.9015705585479736,
        0.9015252590179443,
        0.9014765024185181,
        0.9014247059822083,
        0.9013690948486328,
        0.9013077616691589,
        0.9012415409088135,
        0.9011701941490173,
        0.9010933041572571,
        0.9010106921195984,
        0.9009236693382263,
        0.900831937789917,
        0.9007390737533569,
        0.9006447792053223,
        0.9005504250526428,
        0.9004587531089783,
        0.9003708362579346,
        0.9002872705459595,
        0.9002090692520142,
        0.9001361131668091,
        0.9000680446624756,
        0.9000047445297241,
        0.899946928024292,
        0.8998937010765076,
        0.8998439311981201,
        0.8997986316680908,
        0.8997572660446167,
        0.8997185230255127,
        0.8996827602386475,
        0.8996490240097046,
        0.8996182680130005,
        0.8995888233184814,
        0.8995618224143982,
        0.8995361328125,
        0.8995122909545898,
        0.8994895815849304,
        0.8994684219360352,
        0.8994486331939697,
        0.8994296789169312,
        0.8994125723838806,
        0.8993961215019226,
        0.8993803858757019,
        0.8993656039237976,
        0.8993521928787231,
        0.8993396162986755,
        0.8993276953697205,
        0.8993164896965027,
        0.8993056416511536,
        0.8992955088615417,
        0.8992854952812195,
        0.899276614189148,
        0.8992672562599182,
        0.8992586135864258,
        0.8992503881454468,
        0.8992423415184021,
        0.8992329239845276,
        0.899224042892456,
        0.8992138504981995,
        0.8992021083831787,
        0.8991881608963013,
        0.8991715908050537,
        0.8991519212722778,
        0.8991305828094482,
        0.8991105556488037,
        0.8990932703018188,
        0.8990798592567444,
        0.8990691900253296,
        0.8990603685379028,
        0.8990530967712402,
        0.8990460634231567,
        0.8990399837493896,
        0.8990347385406494,
        0.8990299105644226,
        0.8990248441696167,
        0.899019718170166,
        0.8990154266357422,
        0.8990116715431213,
        0.8990076184272766,
        0.8990039229393005,
        0.8990004062652588,
        0.8989967703819275,
        0.8989932537078857,
        0.8989899158477783,
        0.8989863991737366,
        0.8989834785461426,
        0.8989802002906799,
        0.8989768028259277,
        0.8989737033843994,
        0.8989706039428711,
        0.8989675641059875,
        0.8989648222923279,
        0.8989619612693787,
        0.8989591002464294,
        0.8989560604095459,
        0.8989537358283997,
        0.8989507555961609,
        0.898948073387146,
        0.8989458680152893,
        0.8989432454109192,
        0.8989406824111938,
        0.8989381194114685,
        0.8989356160163879,
        0.8989337086677551,
        0.8989315032958984,
        0.8989291787147522,
        0.8989273309707642,
        0.8989251852035522,
        0.8989232182502747,
        0.898921012878418,
        0.8989192247390747,
        0.8989170789718628,
        0.8989151120185852,
        0.8989132046699524,
        0.8989110589027405,
        0.8989090919494629,
        0.8989071249961853,
        0.8989052772521973,
        0.898903489112854,
        0.8989020586013794,
        0.8989000916481018,
        0.8988987803459167,
        0.8988968729972839,
        0.8988956212997437,
        0.8988943099975586,
        0.898892879486084,
        0.8988913893699646,
        0.89888995885849,
        0.8988887667655945,
        0.8988872766494751,
        0.8988862037658691,
        0.8988850712776184,
        0.8988837003707886,
        0.8988823890686035,
        0.8988808989524841,
        0.8988797068595886,
        0.8988787531852722,
        0.8988772034645081,
        0.8988761305809021,
        0.8988746404647827,
        0.8988736867904663,
        0.8988726735115051,
        0.8988715410232544,
        0.8988704681396484,
        0.8988697528839111,
        0.8988684415817261,
        0.8988671898841858,
        0.8988661170005798,
        0.898865282535553,
        0.8988641500473022,
        0.8988628387451172,
        0.898861825466156,
        0.8988611102104187,
        0.8988597989082336,
        0.8988587856292725,
        0.898857831954956,
        0.898856520652771,
        0.8988552689552307,
        0.8988540768623352,
        0.8988531827926636,
        0.8988522887229919,
        0.8988513350486755,
        0.8988502025604248,
        0.8988493084907532,
        0.8988482356071472,
        0.898847222328186,
        0.898846447467804,
        0.8988450765609741,
        0.898844301700592,
        0.8988431692123413,
        0.8988423347473145,
        0.898841381072998,
        0.8988403081893921,
        0.8988394737243652,
        0.8988381624221802,
        0.8988370895385742,
        0.8988358378410339,
        0.898834764957428,
        0.8988336324691772,
