{
    "normalized_frobenius_error": 0.8652633428573608,
    "masked_rmse": 0.22567401826381683,
    "mean_nonzero_value": 1.345635175704956,
    "relative_rmse": 0.16770817339420319,
    "explained_variance": 0.25131940841674805,
    "computation_time": 1.3091249465942383,
    "all_factors_non_negative": true,
    "factor_sparsity": [
        "26.22%",
        "24.89%",
        "11.67%"
    ],
    "device": "mps",
    "best_initialization": "random",
    "errors_history": [
        0.9434875249862671,
        0.9324542880058289,
        0.9222657084465027,
        0.9118473529815674,
        0.9012001156806946,
        0.8904326558113098,
        0.8818038105964661,
        0.8769843578338623,
        0.8745269179344177,
        0.8731867671012878,
        0.8723024725914001,
        0.8716309666633606,
        0.8711039423942566,
        0.8706947565078735,
        0.8703828454017639,
        0.870141327381134,
        0.8699443936347961,
        0.8697754144668579,
        0.869622528553009,
        0.8694764375686646,
        0.8693288564682007,
        0.8691721558570862,
        0.8689982891082764,
        0.8687999844551086,
        0.8685710430145264,
        0.8683083057403564,
        0.8680137991905212,
        0.8676979541778564,
        0.8673816323280334,
        0.8670899868011475,
        0.8668407797813416,
        0.8666393756866455,
        0.8664821982383728,
        0.866360604763031,
        0.8662656545639038,
        0.8661898970603943,
        0.8661283850669861,
        0.8660772442817688,
        0.8660327196121216,
        0.8659923672676086,
        0.8659566640853882,
        0.8659266829490662,
        0.8659020066261292,
        0.8658807873725891,
        0.8658613562583923,
        0.8658429980278015,
        0.8658249378204346,
        0.8658069372177124,
        0.865788459777832,
        0.8657691478729248,
        0.8657490015029907,
        0.8657281398773193,
        0.8657069206237793,
        0.8656863570213318,
        0.8656668663024902,
        0.8656488656997681,
        0.8656318187713623,
        0.86561518907547,
        0.8655992746353149,
        0.8655835390090942,
        0.8655678629875183,
        0.8655516505241394,
        0.8655348420143127,
        0.8655174374580383,
        0.8655000925064087,
        0.8654834628105164,
        0.8654681444168091,
        0.8654543161392212,
        0.8654418587684631,
        0.8654301762580872,
        0.8654191493988037,
        0.8654090166091919,
        0.8654003143310547,
        0.8653930425643921,
        0.8653868436813354,
        0.8653815388679504,
        0.8653767108917236,
        0.8653722405433655,
        0.8653680682182312,
        0.8653642535209656,
        0.8653605580329895,
        0.8653572201728821,
        0.865354061126709,
        0.8653509020805359,
        0.8653479814529419,
        0.8653451800346375,
        0.8653424382209778,
        0.8653398752212524,
        0.8653371930122375,
        0.865334689617157,
        0.8653321266174316,
        0.8653296828269958,
        0.8653271794319153,
        0.8653246760368347,
        0.8653221726417542,
        0.8653196692466736,
        0.865317165851593,
        0.8653150200843811,
        0.8653127551078796,
        0.865310788154602,
        0.8653088808059692,
        0.8653072714805603,
        0.8653057813644409,
        0.8653044104576111,
        0.8653030395507812,
        0.8653018474578857,
        0.865300714969635,
        0.865299642086029,
        0.8652986884117126,
        0.8652976751327515,
        0.8652968406677246,
        0.8652958869934082,
        0.8652951717376709,
        0.8652942776679993,
        0.8652936816215515,
        0.8652929663658142,
        0.865292489528656,
        0.8652918934822083,
        0.86529141664505,
        0.8652909398078918,
        0.8652904629707336,
        0.865290105342865,
        0.8652898073196411,
        0.8652893900871277,
        0.865289032459259,
        0.8652886748313904,
        0.8652883768081665,
        0.8652880787849426,
        0.8652878403663635,
        0.8652875423431396,
        0.8652872443199158,
        0.8652870059013367,
        0.8652868270874023,
        0.8652865290641785,
        0.8652862906455994,
        0.8652860522270203,
        0.8652858734130859,
        0.8652856349945068,
        0.865285336971283,
        0.8652849793434143,
        0.8652846813201904,
        0.8652843832969666,
        0.8652840852737427,
        0.865283727645874,
        0.8652833700180054,
        0.8652830123901367,
        0.8652825355529785,
        0.8652821183204651,
        0.8652816414833069,
        0.8652811050415039,
        0.8652804493904114,
        0.8652799129486084,
        0.8652791976928711,
        0.865278422832489,
        0.8652777075767517,
        0.8652769327163696,
        0.8652760982513428,
        0.8652753829956055,
        0.8652744889259338,
        0.8652735948562622,
        0.8652728199958801,
        0.8652719855308533,
        0.8652712106704712,
        0.8652704358100891,
        0.865269660949707,
        0.8652690052986145,
        0.8652684688568115,
        0.8652677536010742,
        0.865267276763916,
        0.8652668595314026,
        0.8652664422988892,
        0.8652660250663757,
        0.8652657270431519,
        0.865265429019928,
        0.8652651906013489,
        0.865264892578125,
        0.8652647137641907,
        0.8652644157409668,
        0.8652642965316772,
        0.8652641773223877,
        0.8652640581130981,
        0.865263819694519,
        0.8652637600898743,
        0.8652636408805847,
        0.8652635812759399,
        0.8652634620666504,
        0.8652633428573608,
        0.8652633428573608
    ],
    "l1_regularization": 0.0,
    "l2_regularization": 0.0,
    "random_state": 854245,
    "c1_unique_zones": 3,
    "c2_unique_od_pairs": 0,
    "c1_c2_approach": "percentage",
    "c1_c2_percentage": 0.2
}