{
    "normalized_frobenius_error": 0.9053536653518677,
    "masked_rmse": 0.11878079175949097,
    "mean_nonzero_value": 1.3623639345169067,
    "relative_rmse": 0.0871872678399086,
    "explained_variance": 0.18033480644226074,
    "computation_time": 0.9763450622558594,
    "all_factors_non_negative": true,
    "factor_sparsity": [
        "37.10%",
        "34.41%",
        "20.14%"
    ],
    "device": "mps",
    "best_initialization": "random",
    "errors_history": [
        0.9720933437347412,
        0.9542981386184692,
        0.9410682916641235,
        0.9322923421859741,
        0.9250519275665283,
        0.9203870296478271,
        0.9178284406661987,
        0.9157301187515259,
        0.9135978817939758,
        0.911457896232605,
        0.9095790386199951,
        0.9081589579582214,
        0.9070526361465454,
        0.9062508940696716,
        0.9058594107627869,
        0.9056668877601624,
        0.9055737257003784,
        0.9055234789848328,
        0.9054870009422302,
        0.9054636359214783,
        0.9054487347602844,
        0.9054376482963562,
        0.905427098274231,
        0.9054155349731445,
        0.9054039120674133,
        0.9053950309753418,
        0.9053891897201538,
        0.9053858518600464,
        0.9053837060928345,
        0.9053820967674255,
        0.9053808450698853,
        0.9053797125816345,
        0.9053787589073181,
        0.9053778648376465,
        0.9053770303726196,
        0.9053760766983032,
        0.9053753018379211,
        0.9053744673728943,
        0.9053735136985779,
        0.9053726196289062,
        0.9053716659545898,
        0.905370831489563,
        0.9053700566291809,
        0.9053692817687988,
        0.9053686261177063,
        0.905367910861969,
        0.9053674340248108,
        0.9053668975830078,
        0.9053664803504944,
        0.9053660035133362,
        0.9053656458854675,
        0.9053652286529541,
        0.9053648710250854,
        0.9053645730018616,
        0.9053642153739929,
        0.905363917350769,
        0.9053635597229004,
        0.9053632616996765,
        0.9053628444671631,
        0.9053625464439392,
        0.9053623080253601,
        0.9053620100021362,
        0.9053617119789124,
        0.9053613543510437,
        0.9053610563278198,
        0.905360758304596,
        0.9053604602813721,
        0.9053601622581482,
        0.9053598642349243,
        0.9053596258163452,
        0.9053593873977661,
        0.905359148979187,
        0.9053588509559631,
        0.9053586721420288,
        0.9053583741188049,
        0.905358076095581,
        0.9053578972816467,
        0.9053575992584229,
        0.9053574204444885,
        0.9053572416305542,
        0.9053570032119751,
        0.9053568243980408,
        0.9053566455841064,
        0.9053564667701721,
        0.905356228351593,
        0.9053560495376587,
        0.9053558707237244,
        0.9053557515144348,
        0.9053555727005005,
        0.9053553938865662,
        0.9053552746772766,
        0.9053550958633423,
        0.9053550362586975,
        0.905354917049408,
        0.9053547382354736,
        0.9053546190261841,
        0.9053545594215393,
        0.9053544402122498,
        0.9053543210029602,
        0.9053542613983154,
        0.9053541421890259,
        0.9053540825843811,
        0.9053539633750916,
        0.905353844165802,
        0.9053537845611572,
        0.9053536653518677,
        0.9053536653518677
    ],
    "l1_regularization": 0.0,
    "l2_regularization": 0.0,
    "random_state": 5487,
    "c1_unique_zones": 1,
    "c2_unique_od_pairs": 0,
    "c1_c2_approach": "percentage",
    "c1_c2_percentage": 0.2
}