{
    "normalized_frobenius_error": 0.9111536741256714,
    "masked_rmse": 0.11954174190759659,
    "mean_nonzero_value": 1.3623639345169067,
    "relative_rmse": 0.08774582296609879,
    "explained_variance": 0.16979902982711792,
    "computation_time": 0.5292117595672607,
    "all_factors_non_negative": true,
    "factor_sparsity": [
        "30.38%",
        "30.38%",
        "20.14%"
    ],
    "device": "mps",
    "best_initialization": "random",
    "errors_history": [
        0.9729652404785156,
        0.9549258351325989,
        0.9420654773712158,
        0.9354753494262695,
        0.9303950071334839,
        0.9260824918746948,
        0.9226126670837402,
        0.9196723103523254,
        0.9176890850067139,
        0.9162808060646057,
        0.915117621421814,
        0.9141359329223633,
        0.9132949709892273,
        0.9126158356666565,
        0.9121255874633789,
        0.9117973446846008,
        0.9115758538246155,
        0.91142737865448,
        0.9113372564315796,
        0.911283016204834,
        0.9112473726272583,
        0.9112235903739929,
        0.9112075567245483,
        0.9111966490745544,
        0.9111886024475098,
        0.9111822843551636,
        0.9111773371696472,
        0.9111732244491577,
        0.9111699461936951,
        0.9111673831939697,
        0.911165177822113,
        0.9111635684967041,
        0.9111621975898743,
        0.9111610651016235,
        0.9111601114273071,
        0.911159336566925,
        0.911158561706543,
        0.9111579060554504,
        0.9111573100090027,
        0.9111568331718445,
        0.9111563563346863,
        0.9111558794975281,
        0.9111555814743042,
        0.9111552834510803,
        0.9111550450325012,
        0.9111547470092773,
        0.9111546277999878,
        0.9111543297767639,
        0.9111542701721191,
        0.9111541509628296,
        0.9111540913581848,
        0.9111539721488953,
        0.9111538529396057,
        0.9111536741256714,
        0.9111536741256714
    ],
    "l1_regularization": 0.0,
    "l2_regularization": 0.0,
    "random_state": 870812,
    "c1_unique_zones": 3,
    "c2_unique_od_pairs": 0,
    "c1_c2_approach": "percentage",
    "c1_c2_percentage": 0.2
}