{
    "normalized_frobenius_error": 0.9041988253593445,
    "masked_rmse": 0.11862926930189133,
    "mean_nonzero_value": 1.3623639345169067,
    "relative_rmse": 0.08707605302333832,
    "explained_variance": 0.18242454528808594,
    "computation_time": 0.8603358268737793,
    "all_factors_non_negative": true,
    "factor_sparsity": [
        "31.18%",
        "22.58%",
        "14.58%"
    ],
    "device": "mps",
    "best_initialization": "random",
    "errors_history": [
        0.9697440266609192,
        0.9474092721939087,
        0.930354118347168,
        0.9185749292373657,
        0.910286009311676,
        0.9066693186759949,
        0.9053032398223877,
        0.9047484993934631,
        0.9044899344444275,
        0.9043651223182678,
        0.9043008685112,
        0.9042650461196899,
        0.9042437076568604,
        0.9042302966117859,
        0.9042215347290039,
        0.9042155742645264,
        0.9042115807533264,
        0.9042086005210876,
        0.9042064547538757,
        0.9042049646377563,
        0.9042037725448608,
        0.904202938079834,
        0.9042021632194519,
        0.9042015075683594,
        0.9042010307312012,
        0.9042007327079773,
        0.9042003750801086,
        0.9042000770568848,
        0.9041998982429504,
        0.9041996002197266,
        0.904199481010437,
        0.9041991829872131,
        0.9041991233825684,
        0.9041990041732788,
        0.9041988253593445,
        0.9041988253593445
    ],
    "l1_regularization": 0.0,
    "l2_regularization": 0.0,
    "random_state": 265134,
    "c1_unique_zones": 1,
    "c2_unique_od_pairs": 0,
    "c1_c2_approach": "percentage",
    "c1_c2_percentage": 0.2
}