{
    "normalized_frobenius_error": 0.8564393520355225,
    "masked_rmse": 0.22337259352207184,
    "mean_nonzero_value": 1.345635175704956,
    "relative_rmse": 0.16599789261817932,
    "explained_variance": 0.2665116786956787,
    "computation_time": 0.6169919967651367,
    "all_factors_non_negative": true,
    "factor_sparsity": [
        "16.00%",
        "14.22%",
        "10.83%"
    ],
    "device": "mps",
    "best_initialization": "random",
    "errors_history": [
        0.9396457076072693,
        0.9194013476371765,
        0.9046014547348022,
        0.8914138674736023,
        0.8763874173164368,
        0.8671504259109497,
        0.8629120588302612,
        0.8606512546539307,
        0.8592720031738281,
        0.8583905100822449,
        0.857810914516449,
        0.8574181199073792,
        0.8571480512619019,
        0.8569638133049011,
        0.8568383455276489,
        0.8567506074905396,
        0.8566855192184448,
        0.8566358089447021,
        0.8565981984138489,
        0.8565693497657776,
        0.8565465807914734,
        0.8565285801887512,
        0.8565142154693604,
        0.8565026521682739,
        0.8564932942390442,
        0.8564856648445129,
        0.856479287147522,
        0.8564741015434265,
        0.8564697504043579,
        0.8564659953117371,
        0.8564629554748535,
        0.8564603328704834,
        0.8564580678939819,
        0.8564561605453491,
        0.8564543724060059,
        0.8564528822898865,
        0.856451690196991,
        0.8564504384994507,
        0.8564494252204895,
        0.8564485907554626,
        0.8564478158950806,
        0.8564470410346985,
        0.856446385383606,
        0.856445848941803,
        0.8564452528953552,
        0.856444776058197,
        0.856444239616394,
        0.8564439415931702,
        0.8564435243606567,
        0.8564431071281433,
        0.8564428091049194,
        0.8564425110816956,
        0.8564422130584717,
        0.8564419150352478,
        0.8564416766166687,
        0.8564414381980896,
        0.8564412593841553,
        0.856441080570221,
        0.8564408421516418,
        0.8564406633377075,
        0.8564404845237732,
        0.8564403653144836,
        0.8564401865005493,
        0.8564399480819702,
        0.8564398884773254,
        0.8564397096633911,
        0.8564395904541016,
        0.8564395308494568,
        0.8564393520355225,
        0.8564393520355225
    ],
    "l1_regularization": 0.0,
    "l2_regularization": 0.0,
    "random_state": 897345,
    "c1_unique_zones": 2,
    "c2_unique_od_pairs": 0,
    "c1_c2_approach": "percentage",
    "c1_c2_percentage": 0.2
}