{
    "normalized_frobenius_error": 0.905005156993866,
    "masked_rmse": 0.11873506009578705,
    "mean_nonzero_value": 1.3623639345169067,
    "relative_rmse": 0.08715370297431946,
    "explained_variance": 0.18096572160720825,
    "computation_time": 1.2204060554504395,
    "all_factors_non_negative": true,
    "factor_sparsity": [
        "40.05%",
        "40.05%",
        "27.78%"
    ],
    "device": "mps",
    "best_initialization": "random",
    "errors_history": [
        0.9707582592964172,
        0.9546874761581421,
        0.9411411285400391,
        0.9291926622390747,
        0.9207964539527893,
        0.9148934483528137,
        0.9111138582229614,
        0.9086458086967468,
        0.9071292281150818,
        0.906326949596405,
        0.9059265851974487,
        0.9057128429412842,
        0.9055871367454529,
        0.9055069088935852,
        0.9053444862365723,
        0.905284583568573,
        0.9052522778511047,
        0.9052283763885498,
        0.9052121043205261,
        0.9051998257637024,
        0.9051908254623413,
        0.9051839709281921,
        0.9051781892776489,
        0.9051737189292908,
        0.905169665813446,
        0.9051662087440491,
        0.905163049697876,
        0.905160129070282,
        0.9051573276519775,
        0.9051547646522522,
        0.9051522612571716,
        0.9051498770713806,
        0.9051476716995239,
        0.9051455855369568,
        0.9051437377929688,
        0.9051419496536255,
        0.9051402807235718,
        0.9051387906074524,
        0.905137300491333,
        0.9051358103752136,
        0.9051344394683838,
        0.9051331281661987,
        0.9051316976547241,
        0.9051304459571838,
        0.905129075050354,
        0.905127763748169,
        0.9051263928413391,
        0.9051251411437988,
        0.9051240086555481,
        0.9051229953765869,
        0.905121922492981,
        0.9051210284233093,
        0.9051201939582825,
        0.9051194190979004,
        0.9051187634468079,
        0.9051178693771362,
        0.9051172137260437,
        0.9051165580749512,
        0.9051159024238586,
        0.9051151871681213,
        0.9051145315170288,
        0.9051139950752258,
        0.9051135182380676,
        0.9051129221916199,
        0.9051124453544617,
        0.9051119685173035,
        0.9051114916801453,
        0.9051110148429871,
        0.9051105976104736,
        0.905110239982605,
        0.9051097631454468,
        0.9051094055175781,
        0.9051089882850647,
        0.905108630657196,
        0.9051082134246826,
        0.9051079154014587,
        0.9051075577735901,
        0.9051072001457214,
        0.905106782913208,
        0.9051064252853394,
        0.9051060080528259,
        0.905105710029602,
        0.9051053524017334,
        0.9051049947738647,
        0.9051045775413513,
        0.9051042199134827,
        0.9051037430763245,
        0.9051032662391663,
        0.9051028490066528,
        0.9051023125648499,
        0.9051018953323364,
        0.9051013588905334,
        0.9051007628440857,
        0.9051001667976379,
        0.905099630355835,
        0.9050989151000977,
        0.9050982594490051,
        0.9050977230072021,
        0.9050969481468201,
        0.9050962328910828,
        0.9050955176353455,
        0.9050948023796082,
        0.9050940871238708,
        0.9050931930541992,
        0.9050924181938171,
        0.9050916433334351,
        0.9050906896591187,
        0.9050898551940918,
        0.9050889611244202,
        0.9050880074501038,
        0.9050869941711426,
        0.9050860404968262,
        0.9050848484039307,
        0.9050837159156799,
        0.905082643032074,
        0.9050814509391785,
        0.9050801992416382,
        0.9050788283348083,
        0.9050775170326233,
        0.9050760865211487,
        0.9050746560096741,
        0.9050731658935547,
        0.9050716757774353,
        0.9050701260566711,
        0.9050683975219727,
        0.9050667881965637,
        0.9050650596618652,
        0.9050633311271667,
        0.9050614833831787,
        0.9050596952438354,
        0.9050578474998474,
        0.9050559401512146,
        0.9050540328025818,
        0.9050520062446594,
        0.9050500988960266,
        0.9050481915473938,
        0.905046284198761,
        0.9050443768501282,
        0.9050424695014954,
        0.9050405621528625,
        0.9050387144088745,
        0.9050369262695312,
        0.9050351977348328,
        0.9050333499908447,
        0.9050316214561462,
        0.9050298929214478,
        0.905028223991394,
        0.9050265550613403,
        0.9050247669219971,
        0.905022919178009,
        0.9050211310386658,
        0.9050194621086121,
        0.9050179719924927,
        0.9050166010856628,
        0.9050154685974121,
        0.9050143957138062,
        0.9050134420394897,
        0.9050126075744629,
        0.9050117135047913,
        0.9050110578536987,
        0.9050104022026062,
        0.9050097465515137,
        0.9050091505050659,
        0.9050085544586182,
        0.90500807762146,
        0.9050078392028809,
        0.9050074219703674,
        0.9050070643424988,
        0.9050067663192749,
        0.905006468296051,
        0.9050062894821167,
        0.9050061106681824,
        0.9050058722496033,
        0.905005693435669,
        0.9050056338310242,
        0.9050055146217346,
        0.9050053358078003,
        0.905005156993866,
        0.905005156993866
    ],
    "l1_regularization": 0.0,
    "l2_regularization": 0.0,
    "random_state": 561046,
    "c1_unique_zones": 3,
    "c2_unique_od_pairs": 0,
    "c1_c2_approach": "percentage",
    "c1_c2_percentage": 0.2
}