{
    "normalized_frobenius_error": 0.8923153877258301,
    "masked_rmse": 0.12125612795352936,
    "mean_nonzero_value": 1.1494661569595337,
    "relative_rmse": 0.105489082634449,
    "explained_variance": 0.20377331972122192,
    "computation_time": 1.4876940250396729,
    "all_factors_non_negative": true,
    "factor_sparsity": [
        "30.00%",
        "27.27%",
        "20.00%"
    ],
    "device": "mps",
    "best_initialization": "random",
    "errors_history": [
        0.9560693502426147,
        0.9357751607894897,
        0.9240326881408691,
        0.9160577654838562,
        0.910067617893219,
        0.9060371518135071,
        0.9034374952316284,
        0.9017153978347778,
        0.9004223942756653,
        0.8993498086929321,
        0.8984056711196899,
        0.89752596616745,
        0.8966711759567261,
        0.8958062529563904,
        0.8949785828590393,
        0.8942703604698181,
        0.8937378525733948,
        0.8933669328689575,
        0.8931177258491516,
        0.8929489850997925,
        0.8928313851356506,
        0.8927474021911621,
        0.8926864862442017,
        0.8926407098770142,
        0.8926054239273071,
        0.8925778865814209,
        0.8925558924674988,
        0.8925372958183289,
        0.8925204873085022,
        0.8925043940544128,
        0.8924880623817444,
        0.8924716711044312,
        0.8924570083618164,
        0.8924447298049927,
        0.8924334645271301,
        0.8924226760864258,
        0.8924142718315125,
        0.8924078345298767,
        0.892402172088623,
        0.8923970460891724,
        0.8923925757408142,
        0.8923885822296143,
        0.8923850059509277,
        0.8923817873001099,
        0.8923788666725159,
        0.8923763036727905,
        0.8923739790916443,
        0.8923718929290771,
        0.8923699259757996,
        0.8923681378364563,
        0.8923665285110474,
        0.8923649191856384,
        0.8923633694648743,
        0.892362117767334,
        0.8923608064651489,
        0.892359733581543,
        0.8923586010932922,
        0.8923577070236206,
        0.892356812953949,
        0.8923558592796326,
        0.8923550844192505,
        0.8923542499542236,
        0.8923535346984863,
        0.892352819442749,
        0.8923520445823669,
        0.8923513293266296,
        0.8923506736755371,
        0.8923500180244446,
        0.8923494815826416,
        0.8923489451408386,
        0.8923484086990356,
        0.8923478722572327,
        0.8923473358154297,
        0.892346978187561,
        0.8923464417457581,
        0.8923460245132446,
        0.8923456072807312,
        0.892345130443573,
        0.8923447132110596,
        0.8923443555831909,
        0.8923438787460327,
        0.8923434615135193,
        0.8923429846763611,
        0.8923424482345581,
        0.8923419713973999,
        0.8923413753509521,
        0.8923407793045044,
        0.8923399448394775,
        0.8923390507698059,
        0.8923379182815552,
        0.8923365473747253,
        0.8923351764678955,
        0.892333984375,
        0.8923329710960388,
        0.8923320770263672,
        0.8923313617706299,
        0.8923307061195374,
        0.8923301100730896,
        0.8923295140266418,
        0.8923289179801941,
        0.8923285007476807,
        0.8923279643058777,
        0.8923274874687195,
        0.8923269510269165,
        0.8923265933990479,
        0.8923261165618896,
        0.8923256993293762,
        0.8923253417015076,
        0.8923249840736389,
        0.8923245668411255,
        0.8923241496086121,
        0.8923238515853882,
        0.8923234939575195,
        0.8923231959342957,
        0.8923229575157166,
        0.8923225402832031,
        0.892322301864624,
        0.8923220634460449,
        0.892321765422821,
        0.8923214673995972,
        0.8923212885856628,
        0.8923210501670837,
        0.8923208117485046,
        0.8923205137252808,
        0.8923203349113464,
        0.8923200964927673,
        0.8923198580741882,
        0.8923196792602539,
        0.8923195004463196,
        0.8923192024230957,
        0.8923190832138062,
        0.8923189043998718,
        0.8923187851905823,
        0.8923185467720032,
        0.8923184275627136,
        0.8923182487487793,
        0.892318069934845,
        0.8923179507255554,
        0.8923177719116211,
        0.8923176527023315,
        0.892317533493042,
        0.8923173546791077,
        0.8923172354698181,
        0.8923170566558838,
        0.8923169374465942,
        0.8923167586326599,
        0.8923166990280151,
        0.8923165798187256,
        0.8923164010047913,
        0.8923163414001465,
        0.8923162221908569,
        0.8923161029815674,
        0.8923160433769226,
        0.8923159837722778,
        0.8923158645629883,
        0.892315685749054,
        0.8923156261444092,
        0.8923155665397644,
        0.8923155069351196,
        0.8923153877258301,
        0.8923153877258301
    ],
    "l1_regularization": 0.0,
    "l2_regularization": 0.0,
    "random_state": 437849,
    "c1_unique_zones": 1,
    "c2_unique_od_pairs": 0,
    "c1_c2_approach": "percentage",
    "c1_c2_percentage": 0.2
}