{
    "normalized_frobenius_error": 0.9031562209129333,
    "masked_rmse": 0.20161490142345428,
    "mean_nonzero_value": 1.5989879369735718,
    "relative_rmse": 0.12608906626701355,
    "explained_variance": 0.18430882692337036,
    "computation_time": 0.4593849182128906,
    "all_factors_non_negative": true,
    "factor_sparsity": [
        "10.14%",
        "12.75%",
        "9.38%"
    ],
    "device": "cpu",
    "best_initialization": "svd",
    "errors_history": [
        0.9501714110374451,
        0.9453765153884888,
        0.9384167194366455,
        0.9307429790496826,
        0.9243994355201721,
        0.9205343127250671,
        0.9181546568870544,
        0.9164131879806519,
        0.914997398853302,
        0.9137904644012451,
        0.9127174615859985,
        0.9117345809936523,
        0.9108394980430603,
        0.9100658297538757,
        0.9094324707984924,
        0.9089242815971375,
        0.9085111021995544,
        0.9081639647483826,
        0.907864511013031,
        0.9076014161109924,
        0.9073667526245117,
        0.907158374786377,
        0.9069720506668091,
        0.9068058133125305,
        0.9066568613052368,
        0.9065226912498474,
        0.9064012765884399,
        0.9062904715538025,
        0.9061891436576843,
        0.9060949087142944,
        0.9060073494911194,
        0.9059247374534607,
        0.9058462977409363,
        0.9057722091674805,
        0.9057005047798157,
        0.9056304097175598,
        0.9055625200271606,
        0.9054959416389465,
        0.905430257320404,
        0.9053664207458496,
        0.9053037762641907,
        0.9052432179450989,
        0.9051849842071533,
        0.9051307439804077,
        0.9050790071487427,
        0.9050313830375671,
        0.9049863815307617,
        0.904944121837616,
        0.9049034714698792,
        0.9048656821250916,
        0.9048287868499756,
        0.9047931432723999,
        0.9047595262527466,
        0.9047264456748962,
        0.9046952128410339,
        0.9046640396118164,
        0.904633641242981,
        0.9046040177345276,
        0.904575765132904,
        0.9045478701591492,
        0.9045209884643555,
        0.9044941067695618,
        0.9044684171676636,
        0.9044434428215027,
        0.9044179916381836,
        0.9043937921524048,
        0.9043697118759155,
        0.9043464064598083,
        0.904322624206543,
        0.9042999744415283,
        0.9042778015136719,
        0.9042555689811707,
        0.9042343497276306,
        0.9042138457298279,
        0.9041935205459595,
        0.9041734933853149,
        0.9041534662246704,
        0.9041342735290527,
        0.9041153788566589,
        0.9040971398353577,
        0.9040780663490295,
        0.9040603637695312,
        0.9040428400039673,
        0.9040258526802063,
        0.9040095806121826,
        0.9039934873580933,
        0.9039775133132935,
        0.9039624929428101,
        0.9039474129676819,
        0.9039332270622253,
        0.903918981552124,
        0.9039052724838257,
        0.9038922190666199,
        0.9038786292076111,
        0.9038662314414978,
        0.9038538932800293,
        0.9038410186767578,
        0.9038287401199341,
        0.9038164615631104,
        0.9038040637969971,
        0.9037920236587524,
        0.9037801623344421,
        0.9037683606147766,
        0.9037564992904663,
        0.9037454724311829,
        0.9037351608276367,
        0.9037246704101562,
        0.9037140607833862,
        0.9037038683891296,
        0.9036939144134521,
        0.9036842584609985,
        0.9036745429039001,
        0.9036651253700256,
        0.903656005859375,
        0.9036469459533691,
        0.9036382436752319,
        0.9036295413970947,
        0.9036205410957336,
        0.903611958026886,
        0.9036038517951965,
        0.9035953283309937,
        0.9035875797271729,
        0.9035794734954834,
        0.9035717844963074,
        0.9035643935203552,
        0.9035561084747314,
        0.9035489559173584,
        0.9035418629646301,
        0.9035350680351257,
        0.9035279154777527,
        0.9035206437110901,
        0.9035142660140991,
        0.9035071134567261,
        0.9035006165504456,
        0.9034936428070068,
        0.9034872651100159,
        0.903480589389801,
        0.9034741520881653,
        0.9034676551818848,
        0.9034615159034729,
        0.9034551978111267,
        0.9034488797187805,
        0.9034425616264343,
        0.903436541557312,
        0.9034306406974792,
        0.9034246802330017,
        0.9034188389778137,
        0.9034133553504944,
        0.9034075140953064,
        0.9034021496772766,
        0.9033966064453125,
        0.9033912420272827,
        0.9033862948417664,
        0.9033811092376709,
        0.9033761620521545,
        0.9033716917037964,
        0.9033668637275696,
        0.9033623337745667,
        0.903357744216919,
        0.9033536314964294,
        0.9033495783805847,
        0.9033453464508057,
        0.9033415913581848,
        0.9033379554748535,
        0.9033343195915222,
        0.9033305644989014,
        0.9033274054527283,
        0.9033240675926208,
        0.9033212661743164,
        0.903317928314209,
        0.9033147692680359,
        0.9033122658729553,
        0.9033092260360718,
        0.9033067226409912,
        0.9033042788505554,
        0.9033014178276062,
        0.90329909324646,
        0.9032965898513794,
        0.9032944440841675,
        0.9032922387123108,
        0.9032900929450989,
        0.9032877683639526,
        0.9032858610153198,
        0.9032841324806213,
        0.9032820463180542,
        0.9032800197601318,
        0.9032780528068542,
        0.903276264667511,
        0.9032749533653259,
        0.9032730460166931,
        0.9032710790634155,
        0.9032694697380066,
        0.9032676815986633,
        0.903266429901123,
        0.9032649397850037,
        0.9032632112503052,
        0.9032616019248962,
        0.9032599925994873,
        0.9032584428787231,
        0.9032571315765381,
        0.9032556414604187,
        0.9032540917396545,
        0.9032527208328247,
        0.9032512903213501,
        0.9032501578330994,
        0.9032488465309143,
        0.9032472372055054,
        0.9032460451126099,
        0.9032444953918457,
        0.9032431244850159,
        0.9032415747642517,
        0.9032400846481323,
        0.903238832950592,
        0.9032377600669861,
        0.9032360315322876,
        0.903234601020813,
        0.9032334685325623,
        0.9032317996025085,
        0.9032302498817444,
        0.903228759765625,
        0.9032272100448608,
        0.903225839138031,
        0.9032241106033325,
        0.9032226800918579,
        0.9032211303710938,
        0.9032195210456848,
        0.9032177925109863,
        0.9032161831855774,
        0.9032145738601685,
        0.9032126665115356,
        0.9032107591629028,
        0.9032089114189148,
        0.9032071828842163,
        0.9032055139541626,
        0.9032036662101746,
        0.9032016396522522,
        0.9031996130943298,
        0.9031978845596313,
        0.9031960964202881,
        0.9031942486763,
        0.9031924605369568,
        0.9031910300254822,
        0.9031891822814941,
        0.9031875133514404,
        0.9031862020492554,
        0.903184175491333,
        0.903182864189148,
        0.9031814336776733,
        0.9031798243522644,
        0.9031788110733032,
        0.9031772613525391,
        0.9031763672828674,
        0.9031751751899719,
        0.9031744599342346,
        0.9031739234924316,
        0.9031731486320496,
        0.9031718969345093,
        0.9031713008880615,
        0.9031702876091003,
        0.9031696915626526,
        0.9031689763069153,
        0.903168261051178,
        0.9031677842140198,
        0.9031669497489929,
        0.9031661748886108,
        0.9031656384468079,
        0.9031651616096497,
        0.9031646251678467,
        0.9031640291213989,
