{
    "normalized_frobenius_error": 0.9307090044021606,
    "masked_rmse": 0.1221073567867279,
    "mean_nonzero_value": 1.3623639345169067,
    "relative_rmse": 0.08962903171777725,
    "explained_variance": 0.13378077745437622,
    "computation_time": 0.5732641220092773,
    "all_factors_non_negative": true,
    "factor_sparsity": [
        "44.35%",
        "43.55%",
        "22.92%"
    ],
    "device": "mps",
    "best_initialization": "random",
    "errors_history": [
        0.9752254486083984,
        0.9616116285324097,
        0.9519273042678833,
        0.9437786340713501,
        0.9367318749427795,
        0.9333674311637878,
        0.9323359727859497,
        0.9319053888320923,
        0.9316632747650146,
        0.9315000772476196,
        0.9314010143280029,
        0.9313369989395142,
        0.9312904477119446,
        0.9312544465065002,
        0.9312251806259155,
        0.9311990141868591,
        0.9311734437942505,
        0.9311479330062866,
        0.9311236143112183,
        0.9311012029647827,
        0.9310797452926636,
        0.9310587644577026,
        0.9310386776924133,
        0.9310192465782166,
        0.9310010671615601,
        0.9309837222099304,
        0.9309675693511963,
        0.9309526085853577,
        0.9309393167495728,
        0.9309277534484863,
        0.930917501449585,
        0.9309086203575134,
        0.9309007525444031,
        0.9308939576148987,
        0.9308876991271973,
        0.9308825731277466,
        0.930878221988678,
        0.9308744072914124,
        0.9308710694313049,
        0.9308680891990662,
        0.9308653473854065,
        0.9308628439903259,
        0.9308602213859558,
        0.9308576583862305,
        0.9308550953865051,
        0.9308524131774902,
        0.930849552154541,
        0.930846631526947,
        0.930843710899353,
        0.9308405518531799,
        0.9308373928070068,
        0.9308342337608337,
        0.9308309555053711,
        0.930827796459198,
        0.9308244585990906,
        0.9308211803436279,
        0.9308178424835205,
        0.9308143854141235,
        0.9308108687400818,
        0.9308072328567505,
        0.9308034777641296,
        0.9307995438575745,
        0.9307956099510193,
        0.9307914972305298,
        0.9307875037193298,
        0.9307833909988403,
        0.9307792782783508,
        0.9307751655578613,
        0.9307711124420166,
        0.9307671189308167,
        0.9307631850242615,
        0.9307593703269958,
        0.930755615234375,
        0.9307520985603333,
        0.9307486414909363,
        0.9307453632354736,
        0.9307422041893005,
        0.9307392239570618,
        0.9307365417480469,
        0.9307339191436768,
        0.9307314157485962,
        0.93072909116745,
        0.9307268857955933,
        0.9307247996330261,
        0.9307229518890381,
        0.9307213425636292,
        0.930719792842865,
        0.9307186007499695,
        0.930717408657074,
        0.9307163953781128,
        0.9307155013084412,
        0.9307145476341248,
        0.9307137727737427,
        0.9307131171226501,
        0.9307125210762024,
        0.9307119846343994,
        0.9307115077972412,
        0.930711030960083,
        0.9307107329368591,
        0.9307104349136353,
        0.9307101368904114,
        0.930709958076477,
        0.9307097792625427,
        0.9307096004486084,
        0.9307094812393188,
        0.9307093620300293,
        0.9307093024253845,
        0.930709183216095,
        0.9307091236114502,
        0.9307090044021606,
        0.9307088851928711,
        0.9307088851928711
    ],
    "l1_regularization": 0.0,
    "l2_regularization": 0.0,
    "random_state": 466776,
    "c1_unique_zones": 3,
    "c2_unique_od_pairs": 1,
    "c1_c2_approach": "percentage",
    "c1_c2_percentage": 0.2
}