{
    "normalized_frobenius_error": 0.945160448551178,
    "masked_rmse": 0.12400336563587189,
    "mean_nonzero_value": 1.3623639345169067,
    "relative_rmse": 0.09102073311805725,
    "explained_variance": 0.10667175054550171,
    "computation_time": 0.5150778293609619,
    "all_factors_non_negative": true,
    "factor_sparsity": [
        "30.65%",
        "33.33%",
        "13.89%"
    ],
    "device": "mps",
    "best_initialization": "random",
    "errors_history": [
        0.9762057065963745,
        0.9651361703872681,
        0.956673264503479,
        0.9515407681465149,
        0.9490368366241455,
        0.9478852152824402,
        0.9473693370819092,
        0.9470973014831543,
        0.9469186663627625,
        0.9467804431915283,
        0.9466599822044373,
        0.9465464949607849,
        0.9464343786239624,
        0.9463222622871399,
        0.9462112188339233,
        0.946103572845459,
        0.9460025429725647,
        0.9459108710289001,
        0.9458311796188354,
        0.9457635283470154,
        0.9457076191902161,
        0.9456636905670166,
        0.9456303715705872,
        0.9456055760383606,
        0.9455873966217041,
        0.945574164390564,
        0.9455643892288208,
        0.9455572962760925,
        0.945551872253418,
        0.9455475807189941,
        0.9455443024635315,
        0.9455419182777405,
        0.9455398917198181,
        0.9455381035804749,
        0.9455363750457764,
        0.9455346465110779,
        0.945533037185669,
        0.9455315470695496,
        0.9455302357673645,
        0.9455291628837585,
        0.9455283284187317,
        0.9455275535583496,
        0.9455267786979675,
        0.945526123046875,
        0.9455254673957825,
        0.9455247521400452,
        0.9455240368843079,
        0.9455232620239258,
        0.9455225467681885,
        0.9455217123031616,
        0.9455209374427795,
        0.9455199837684631,
        0.9455191493034363,
        0.9455181956291199,
        0.9455171227455139,
        0.945516049861908,
        0.9455149173736572,
        0.9455136060714722,
        0.9455122351646423,
        0.9455108046531677,
        0.9455092549324036,
        0.9455074667930603,
        0.9455055594444275,
        0.9455034136772156,
        0.9455009698867798,
        0.945497989654541,
        0.9454947113990784,
        0.9454911947250366,
        0.9454876184463501,
        0.945483922958374,
        0.9454799890518188,
        0.9454757571220398,
        0.9454712867736816,
        0.9454663991928101,
        0.945461094379425,
        0.9454553723335266,
        0.94544917345047,
        0.9454423785209656,
        0.9454348087310791,
        0.9454261064529419,
        0.9454158544540405,
        0.9454042315483093,
        0.9453920125961304,
        0.9453788995742798,
        0.9453651309013367,
        0.9453514218330383,
        0.9453381299972534,
        0.9453245997428894,
        0.9453111290931702,
        0.9452977180480957,
        0.9452844858169556,
        0.9452716708183289,
        0.9452594518661499,
        0.9452478289604187,
        0.9452369213104248,
        0.9452268481254578,
        0.9452176690101624,
        0.9452093839645386,
        0.9452019929885864,
        0.9451953768730164,
        0.9451895356178284,
        0.9451841115951538,
        0.9451779723167419,
        0.9451731443405151,
        0.945169985294342,
        0.9451674222946167,
        0.9451651573181152,
        0.9451636075973511,
        0.9451624751091003,
        0.9451617002487183,
        0.9451611042022705,
        0.9451608061790466,
        0.9451606273651123,
        0.9451605081558228,
        0.945160448551178,
        0.945160448551178
    ],
    "l1_regularization": 0.0,
    "l2_regularization": 0.0,
    "random_state": 535800,
    "c1_unique_zones": 3,
    "c2_unique_od_pairs": 1,
    "c1_c2_approach": "percentage",
    "c1_c2_percentage": 0.2
}