{
    "normalized_frobenius_error": 0.8652639985084534,
    "masked_rmse": 0.22567419707775116,
    "mean_nonzero_value": 1.345635175704956,
    "relative_rmse": 0.16770830750465393,
    "explained_variance": 0.25131821632385254,
    "computation_time": 0.7469208240509033,
    "all_factors_non_negative": true,
    "factor_sparsity": [
        "20.44%",
        "16.00%",
        "9.17%"
    ],
    "device": "mps",
    "best_initialization": "random",
    "errors_history": [
        0.9390645623207092,
        0.9140819907188416,
        0.900053083896637,
        0.8903727531433105,
        0.884554922580719,
        0.8805439472198486,
        0.8774089217185974,
        0.8748233914375305,
        0.8726755976676941,
        0.870878279209137,
        0.8693960905075073,
        0.8682276606559753,
        0.8673743009567261,
        0.8668090105056763,
        0.8664476871490479,
        0.8662111759185791,
        0.8660485744476318,
        0.8659294247627258,
        0.8658385872840881,
        0.8657687902450562,
        0.8657124638557434,
        0.8656637072563171,
        0.8656187653541565,
        0.8655759692192078,
        0.8655361533164978,
        0.8655007481575012,
        0.8654694557189941,
        0.865442156791687,
        0.865418553352356,
        0.8653988838195801,
        0.8653823137283325,
        0.8653686046600342,
        0.8653572797775269,
        0.8653477430343628,
        0.8653398752212524,
        0.8653331995010376,
        0.8653273582458496,
        0.8653223514556885,
        0.8653180003166199,
        0.8653139472007751,
        0.8653103709220886,
        0.865307092666626,
        0.8653041124343872,
        0.8653014898300171,
        0.865298867225647,
        0.8652965426445007,
        0.8652944564819336,
        0.865292489528656,
        0.8652907013893127,
        0.8652890920639038,
        0.8652875423431396,
        0.8652862310409546,
        0.86528480052948,
        0.8652835488319397,
        0.8652825355529785,
        0.8652814030647278,
        0.8652804493904114,
        0.8652796149253845,
        0.8652787804603577,
        0.8652780652046204,
        0.8652772903442383,
        0.8652766346931458,
        0.8652759790420532,
        0.8652753829956055,
        0.8652749061584473,
        0.8652743101119995,
        0.8652738332748413,
        0.8652734160423279,
        0.8652728796005249,
        0.8652725219726562,
        0.865272045135498,
        0.8652716875076294,
        0.865271270275116,
        0.8652710318565369,
        0.8652706146240234,
        0.8652703166007996,
        0.8652698993682861,
        0.865269660949707,
        0.8652693033218384,
        0.865269124507904,
        0.8652688264846802,
        0.8652685284614563,
        0.8652682900428772,
        0.8652681112289429,
        0.8652677536010742,
        0.8652676343917847,
        0.8652673363685608,
        0.8652671575546265,
        0.8652669787406921,
        0.8652668595314026,
        0.8652666807174683,
        0.8652664422988892,
        0.8652663230895996,
        0.8652660846710205,
        0.8652659058570862,
        0.8652657270431519,
        0.8652656078338623,
        0.8652654886245728,
        0.8652653694152832,
        0.8652652502059937,
        0.8652651309967041,
        0.8652649521827698,
        0.865264892578125,
        0.8652647137641907,
        0.8652645945549011,
        0.8652645349502563,
        0.865264356136322,
        0.8652642965316772,
        0.8652641773223877,
        0.8652640581130981,
        0.8652640581130981
    ],
    "l1_regularization": 0.0,
    "l2_regularization": 0.0,
    "random_state": 573234,
    "c1_unique_zones": 3,
    "c2_unique_od_pairs": 0,
    "c1_c2_approach": "percentage",
    "c1_c2_percentage": 0.2
}