{
    "normalized_frobenius_error": 0.8564539551734924,
    "masked_rmse": 0.22337640821933746,
    "mean_nonzero_value": 1.345635175704956,
    "relative_rmse": 0.16600072383880615,
    "explained_variance": 0.2664867043495178,
    "computation_time": 0.8936691284179688,
    "all_factors_non_negative": true,
    "factor_sparsity": [
        "24.00%",
        "22.22%",
        "13.33%"
    ],
    "device": "mps",
    "best_initialization": "random",
    "errors_history": [
        0.9442155361175537,
        0.933000922203064,
        0.9174087047576904,
        0.9017089009284973,
        0.8915478587150574,
        0.8865238428115845,
        0.8836497664451599,
        0.8813865184783936,
        0.8794857859611511,
        0.8779421448707581,
        0.8766905665397644,
        0.8756220936775208,
        0.8745901584625244,
        0.8733881711959839,
        0.871738612651825,
        0.8694271445274353,
        0.8667696714401245,
        0.8646130561828613,
        0.8632695078849792,
        0.8624621033668518,
        0.8619442582130432,
        0.8615948557853699,
        0.8613523840904236,
        0.861181378364563,
        0.8610512018203735,
        0.8609490394592285,
        0.8608651757240295,
        0.8607915043830872,
        0.8607217669487,
        0.8606504201889038,
        0.8605731129646301,
        0.860485851764679,
        0.8603848218917847,
        0.8602657914161682,
        0.8601247072219849,
        0.8599571585655212,
        0.8597599864006042,
        0.8595324754714966,
        0.8592783808708191,
        0.8590066432952881,
        0.8587297797203064,
        0.8584630489349365,
        0.8582197427749634,
        0.8580081462860107,
        0.857829749584198,
        0.8576794862747192,
        0.8575481176376343,
        0.8574233055114746,
        0.8573001623153687,
        0.857193112373352,
        0.8571028709411621,
        0.8570284247398376,
        0.856970489025116,
        0.8569252490997314,
        0.856887936592102,
        0.8568544983863831,
        0.8568208813667297,
        0.8567829132080078,
        0.8567438721656799,
        0.8567126989364624,
        0.8566904664039612,
        0.8566732406616211,
        0.8566587567329407,
        0.8566465973854065,
        0.8566363453865051,
        0.8566277027130127,
        0.856619656085968,
        0.8566091060638428,
        0.8566038608551025,
        0.856599748134613,
        0.8565964102745056,
        0.8565934896469116,
        0.856590747833252,
        0.8565881252288818,
        0.8565852642059326,
        0.8565820455551147,
        0.8565780520439148,
        0.8565730452537537,
        0.8565661311149597,
        0.8565570116043091,
        0.8565451502799988,
        0.8565309047698975,
        0.8565154671669006,
        0.8565011620521545,
        0.8564903140068054,
        0.8564829230308533,
        0.8564780950546265,
        0.856474757194519,
        0.8564724326133728,
        0.8564706444740295,
        0.8564692139625549,
        0.8564680218696594,
        0.8564669489860535,
        0.8564661145210266,
        0.856465220451355,
        0.8564645648002625,
        0.8564639091491699,
        0.8564633727073669,
        0.8564626574516296,
        0.8564621210098267,
        0.8564615845680237,
        0.8564610481262207,
        0.856460452079773,
        0.8564597964286804,
        0.8564590811729431,
        0.8564580678939819,
        0.8564573526382446,
        0.8564566969871521,
        0.8564562201499939,
        0.8564558029174805,
        0.8564554452896118,
        0.8564552068710327,
        0.8564550876617432,
        0.8564548492431641,
        0.8564547300338745,
        0.8564545512199402,
        0.8564544916152954,
        0.8564543724060059,
        0.8564541935920715,
        0.8564541339874268,
        0.8564540147781372,
        0.8564540147781372
    ],
    "l1_regularization": 0.0,
    "l2_regularization": 0.0,
    "random_state": 4923,
    "c1_unique_zones": 2,
    "c2_unique_od_pairs": 0,
    "c1_c2_approach": "percentage",
    "c1_c2_percentage": 0.2
}