{
    "normalized_frobenius_error": 0.8826744556427002,
    "masked_rmse": 0.11994603276252747,
    "mean_nonzero_value": 1.1494661569595337,
    "relative_rmse": 0.10434933751821518,
    "explained_variance": 0.22088587284088135,
    "computation_time": 0.6596920490264893,
    "all_factors_non_negative": true,
    "factor_sparsity": [
        "29.09%",
        "22.73%",
        "19.17%"
    ],
    "device": "mps",
    "best_initialization": "random",
    "errors_history": [
        0.9561691880226135,
        0.9320474863052368,
        0.9194234609603882,
        0.9117077589035034,
        0.9071803092956543,
        0.9038769602775574,
        0.9007030129432678,
        0.8974136114120483,
        0.8944656848907471,
        0.8922783136367798,
        0.8908075094223022,
        0.8896698951721191,
        0.888649582862854,
        0.8876577019691467,
        0.8867116570472717,
        0.8858826756477356,
        0.8852112293243408,
        0.8846667408943176,
        0.8842392563819885,
        0.8839105367660522,
        0.8836516737937927,
        0.8834503889083862,
        0.8832990527153015,
        0.8831852078437805,
        0.8831002116203308,
        0.8830366134643555,
        0.882986307144165,
        0.8829416632652283,
        0.8828949332237244,
        0.8828511834144592,
        0.882814347743988,
        0.8827853202819824,
        0.8827670216560364,
        0.8827548027038574,
        0.8827454447746277,
        0.8827377557754517,
        0.8827314972877502,
        0.8827261924743652,
        0.882721483707428,
        0.8827179074287415,
        0.8827149271965027,
        0.8827119469642639,
        0.882709264755249,
        0.8827059864997864,
        0.8827024698257446,
        0.882699191570282,
        0.8826961517333984,
        0.882693886756897,
        0.8826925754547119,
        0.882691502571106,
        0.8826905488967896,
        0.8826896548271179,
        0.8826887011528015,
        0.8826878070831299,
        0.8826870322227478,
        0.882686197757721,
        0.8826854825019836,
        0.8826847076416016,
        0.8826841115951538,
        0.8826835751533508,
        0.8826830387115479,
        0.8826826214790344,
        0.8826822638511658,
        0.8826819658279419,
        0.882681667804718,
        0.8826814889907837,
        0.8826811909675598,
        0.8826810717582703,
        0.8826807737350464,
        0.8826805353164673,
        0.8826802372932434,
        0.8826800584793091,
        0.8826797604560852,
        0.8826793432235718,
        0.8826789855957031,
        0.8826785087585449,
        0.8826779723167419,
        0.8826776146888733,
        0.8826771974563599,
        0.8826770186424255,
        0.8826768398284912,
        0.8826766014099121,
        0.8826764822006226,
        0.882676362991333,
        0.8826762437820435,
        0.8826759457588196,
        0.8826757073402405,
        0.8826754689216614,
        0.8826752305030823,
        0.8826749324798584,
        0.8826748132705688,
        0.8826746344566345,
        0.882674515247345,
        0.8826744556427002,
        0.8826744556427002
    ],
    "l1_regularization": 0.0,
    "l2_regularization": 0.0,
    "random_state": 754357,
    "c1_unique_zones": 1,
    "c2_unique_od_pairs": 0,
    "c1_c2_approach": "percentage",
    "c1_c2_percentage": 0.2
}