{
    "normalized_frobenius_error": 0.9025663137435913,
    "masked_rmse": 0.11841508001089096,
    "mean_nonzero_value": 1.3623639345169067,
    "relative_rmse": 0.08691883087158203,
    "explained_variance": 0.18537414073944092,
    "computation_time": 0.678692102432251,
    "all_factors_non_negative": true,
    "factor_sparsity": [
        "34.95%",
        "32.80%",
        "24.31%"
    ],
    "device": "mps",
    "best_initialization": "random",
    "errors_history": [
        0.971977710723877,
        0.9547017216682434,
        0.9442391395568848,
        0.9369727373123169,
        0.9317736625671387,
        0.925211489200592,
        0.9177322387695312,
        0.9117594361305237,
        0.9077564477920532,
        0.9055163860321045,
        0.9042754769325256,
        0.9036501049995422,
        0.9033149480819702,
        0.9030902981758118,
        0.9029597043991089,
        0.9028882384300232,
        0.9028445482254028,
        0.9028134346008301,
        0.9027879238128662,
        0.9027663469314575,
        0.9027466177940369,
        0.9027304649353027,
        0.9027195572853088,
        0.9027103781700134,
        0.9027006030082703,
        0.9026928544044495,
        0.9026877880096436,
        0.9026830792427063,
        0.9026785492897034,
        0.9026741981506348,
        0.9026696085929871,
        0.9026636481285095,
        0.9026581645011902,
        0.90265291929245,
        0.9026477336883545,
        0.9026426672935486,
        0.9026380777359009,
        0.9026338458061218,
        0.9026301503181458,
        0.9026265740394592,
        0.9026236534118652,
        0.9026208519935608,
        0.9026180505752563,
        0.9026153087615967,
        0.9026126265525818,
        0.9026101231575012,
        0.9026076197624207,
        0.9026053547859192,
        0.902603030204773,
        0.9026008248329163,
        0.9025989174842834,
        0.9025971293449402,
        0.9025954604148865,
        0.9025940299034119,
        0.9025927186012268,
        0.9025915861129761,
        0.9025903940200806,
        0.9025894403457642,
        0.9025886058807373,
        0.9025876522064209,
        0.9025867581367493,
        0.9025857448577881,
        0.9025847911834717,
        0.9025840163230896,
        0.9025833010673523,
        0.9025827646255493,
        0.9025821685791016,
        0.9025816321372986,
        0.9025810360908508,
        0.9025806784629822,
        0.9025801420211792,
        0.902579665184021,
        0.9025793075561523,
        0.9025788307189941,
        0.9025783538818359,
        0.9025779962539673,
        0.9025775194168091,
        0.9025771021842957,
        0.9025765061378479,
        0.9025760293006897,
        0.9025754928588867,
        0.9025747179985046,
        0.9025737643241882,
        0.9025726318359375,
        0.9025713801383972,
        0.9025701284408569,
        0.9025693535804749,
        0.9025686979293823,
        0.9025682210922241,
        0.9025678038597107,
        0.902567446231842,
        0.9025670289993286,
        0.9025668501853943,
        0.90256667137146,
        0.9025664925575256,
        0.9025663137435913,
        0.9025663137435913
    ],
    "l1_regularization": 0.0,
    "l2_regularization": 0.0,
    "random_state": 98524,
    "c1_unique_zones": 2,
    "c2_unique_od_pairs": 0,
    "c1_c2_approach": "percentage",
    "c1_c2_percentage": 0.2
}