{
    "normalized_frobenius_error": 0.8826781511306763,
    "masked_rmse": 0.11994653940200806,
    "mean_nonzero_value": 1.1494661569595337,
    "relative_rmse": 0.1043497771024704,
    "explained_variance": 0.22087931632995605,
    "computation_time": 0.44194579124450684,
    "all_factors_non_negative": true,
    "factor_sparsity": [
        "19.55%",
        "20.91%",
        "16.67%"
    ],
    "device": "mps",
    "best_initialization": "random",
    "errors_history": [
        0.9597126841545105,
        0.9399866461753845,
        0.9188199043273926,
        0.9049699902534485,
        0.8976390957832336,
        0.8939315676689148,
        0.8917221426963806,
        0.8899873495101929,
        0.8884419798851013,
        0.8870745897293091,
        0.8859506845474243,
        0.8850871324539185,
        0.8844186663627625,
        0.8838685750961304,
        0.8834573030471802,
        0.8831993937492371,
        0.8830353021621704,
        0.8829284906387329,
        0.8828569650650024,
        0.8828072547912598,
        0.882774293422699,
        0.8827533721923828,
        0.8827388286590576,
        0.8827264904975891,
        0.8827160596847534,
        0.8827094435691833,
        0.8827053904533386,
        0.882702112197876,
        0.8826995491981506,
        0.882697582244873,
        0.882696270942688,
        0.882695198059082,
        0.8826942443847656,
        0.882693350315094,
        0.8826925158500671,
        0.8826914429664612,
        0.8826906085014343,
        0.8826897144317627,
        0.8826888203620911,
        0.8826878666877747,
        0.8826870322227478,
        0.8826862573623657,
        0.8826855421066284,
        0.8826848864555359,
        0.8826842308044434,
        0.8826835751533508,
        0.8826829195022583,
        0.8826820850372314,
        0.8826814293861389,
        0.8826808333396912,
        0.8826802372932434,
        0.8826797604560852,
        0.8826793432235718,
        0.8826790452003479,
        0.8826788663864136,
        0.8826786279678345,
        0.8826785683631897,
        0.8826783895492554,
        0.8826783299446106,
        0.8826782703399658,
        0.8826782703399658
    ],
    "l1_regularization": 0.0,
    "l2_regularization": 0.0,
    "random_state": 841851,
    "c1_unique_zones": 1,
    "c2_unique_od_pairs": 0,
    "c1_c2_approach": "percentage",
    "c1_c2_percentage": 0.2
}