{
    "normalized_frobenius_error": 0.9054280519485474,
    "masked_rmse": 0.11879053711891174,
    "mean_nonzero_value": 1.3623639345169067,
    "relative_rmse": 0.08719442039728165,
    "explained_variance": 0.18020009994506836,
    "computation_time": 0.6788089275360107,
    "all_factors_non_negative": true,
    "factor_sparsity": [
        "39.78%",
        "34.14%",
        "18.75%"
    ],
    "device": "mps",
    "best_initialization": "random",
    "errors_history": [
        0.97245192527771,
        0.9559453129768372,
        0.9410709738731384,
        0.9303292632102966,
        0.9224188327789307,
        0.9177321195602417,
        0.9148520827293396,
        0.9128496050834656,
        0.911435604095459,
        0.9106027483940125,
        0.9101393818855286,
        0.9098279476165771,
        0.9095773696899414,
        0.9093247056007385,
        0.9090304374694824,
        0.908674418926239,
        0.9082509279251099,
        0.9077883958816528,
        0.9073315858840942,
        0.9069200754165649,
        0.9065966010093689,
        0.9063500761985779,
        0.9061488509178162,
        0.9060029983520508,
        0.905910313129425,
        0.9058555960655212,
        0.9058181643486023,
        0.9057883620262146,
        0.9057677984237671,
        0.9057556390762329,
        0.9057479500770569,
        0.9057416319847107,
        0.9057345986366272,
        0.9057265520095825,
        0.9057188034057617,
        0.9057106375694275,
        0.9057022929191589,
        0.9056744575500488,
        0.9055885672569275,
        0.9055642485618591,
        0.9055523872375488,
        0.9055444598197937,
        0.9055362343788147,
        0.905530571937561,
        0.9055278897285461,
        0.9055266380310059,
        0.9055258631706238,
        0.9055252075195312,
        0.9055246114730835,
        0.9055241346359253,
        0.9055235981941223,
        0.9055228233337402,
        0.9055216908454895,
        0.9055194854736328,
        0.9055152535438538,
        0.905506432056427,
        0.9054877161979675,
        0.9054729342460632,
        0.905466616153717,
        0.9054636359214783,
        0.9054624438285828,
        0.9054619669914246,
        0.9054616689682007,
        0.9054610729217529,
        0.905459463596344,
        0.9054534435272217,
        0.9054409861564636,
        0.9054335355758667,
        0.9054318070411682,
        0.9054312109947205,
        0.9054309129714966,
        0.9054306149482727,
        0.905430257320404,
        0.9054297804832458,
        0.9054293632507324,
        0.9054291248321533,
        0.9054288268089294,
        0.9054286479949951,
        0.9054282307624817,
        0.9054281711578369,
        0.9054280519485474,
        0.9054280519485474
    ],
    "l1_regularization": 0.0,
    "l2_regularization": 0.0,
    "random_state": 83979,
    "c1_unique_zones": 2,
    "c2_unique_od_pairs": 0,
    "c1_c2_approach": "percentage",
    "c1_c2_percentage": 0.2
}