{
    "normalized_frobenius_error": 0.8564391732215881,
    "masked_rmse": 0.22337253391742706,
    "mean_nonzero_value": 1.345635175704956,
    "relative_rmse": 0.16599784791469574,
    "explained_variance": 0.2665119767189026,
    "computation_time": 1.3029439449310303,
    "all_factors_non_negative": true,
    "factor_sparsity": [
        "21.78%",
        "20.00%",
        "11.67%"
    ],
    "device": "mps",
    "best_initialization": "random",
    "errors_history": [
        0.945908784866333,
        0.9363089799880981,
        0.9275577664375305,
        0.9155789613723755,
        0.9002079963684082,
        0.8883109092712402,
        0.8801182508468628,
        0.8733117580413818,
        0.8674172759056091,
        0.8634083867073059,
        0.861138641834259,
        0.859845757484436,
        0.8589925169944763,
        0.8583705425262451,
        0.857904851436615,
        0.8575732707977295,
        0.8573323488235474,
        0.8571510910987854,
        0.8570127487182617,
        0.8569058179855347,
        0.8568226099014282,
        0.8567578196525574,
        0.8567070960998535,
        0.856666624546051,
        0.8566340208053589,
        0.85660719871521,
        0.8565850853919983,
        0.8565667271614075,
        0.8565508723258972,
        0.8565366268157959,
        0.8565242290496826,
        0.8565146327018738,
        0.856506884098053,
        0.8565002679824829,
        0.8564944863319397,
        0.8564894199371338,
        0.8564850091934204,
        0.8564810156822205,
        0.8564776182174683,
        0.8564746975898743,
        0.8564721345901489,
        0.8564698100090027,
        0.8564678430557251,
        0.8564659357070923,
        0.8564643859863281,
        0.856462836265564,
        0.8564615249633789,
        0.8564603328704834,
        0.8564592003822327,
        0.8564581871032715,
        0.8564573526382446,
        0.8564563393592834,
        0.8564555644989014,
        0.8564548492431641,
        0.8564541339874268,
        0.856453537940979,
        0.856453001499176,
        0.8564523458480835,
        0.8564518690109253,
        0.8564513325691223,
        0.8564508557319641,
        0.8564504384994507,
        0.8564499616622925,
        0.8564494252204895,
        0.8564491271972656,
        0.8564486503601074,
        0.8564482927322388,
        0.8564479351043701,
        0.8564474582672119,
        0.8564471006393433,
        0.8564468026161194,
        0.8564464449882507,
        0.8564461469650269,
        0.856445848941803,
        0.8564455509185791,
        0.8564452528953552,
        0.8564450144767761,
        0.8564446568489075,
        0.8564442992210388,
        0.8564440011978149,
        0.8564438223838806,
        0.8564435243606567,
        0.8564432859420776,
        0.8564430475234985,
        0.8564428091049194,
        0.8564426898956299,
        0.856442391872406,
        0.8564421534538269,
        0.8564420938491821,
        0.8564417958259583,
        0.8564416170120239,
        0.8564414381980896,
        0.8564411997795105,
        0.856441080570221,
        0.8564409613609314,
        0.8564407229423523,
        0.856440544128418,
        0.8564404845237732,
        0.8564403653144836,
        0.8564401865005493,
        0.8564401268959045,
        0.8564399480819702,
        0.8564398288726807,
        0.8564397692680359,
        0.8564395904541016,
        0.8564395308494568,
        0.8564394116401672,
        0.8564392924308777,
        0.8564392328262329,
        0.8564392328262329
    ],
    "l1_regularization": 0.0,
    "l2_regularization": 0.0,
    "random_state": 309188,
    "c1_unique_zones": 2,
    "c2_unique_od_pairs": 0,
    "c1_c2_approach": "percentage",
    "c1_c2_percentage": 0.2
}