{
    "normalized_frobenius_error": 0.8853489756584167,
    "masked_rmse": 0.12030947208404541,
    "mean_nonzero_value": 1.1494661569595337,
    "relative_rmse": 0.10466551780700684,
    "explained_variance": 0.2161571979522705,
    "computation_time": 1.265692949295044,
    "all_factors_non_negative": true,
    "factor_sparsity": [
        "38.64%",
        "31.82%",
        "23.33%"
    ],
    "device": "mps",
    "best_initialization": "random",
    "errors_history": [
        0.9595867991447449,
        0.9450182914733887,
        0.9307845234870911,
        0.9185980558395386,
        0.910660982131958,
        0.9061604142189026,
        0.9027851223945618,
        0.8993682861328125,
        0.8962001204490662,
        0.8939924240112305,
        0.8926011919975281,
        0.8916730284690857,
        0.8909903168678284,
        0.8904482126235962,
        0.8899915218353271,
        0.8895918130874634,
        0.8892301321029663,
        0.888892650604248,
        0.888573169708252,
        0.8882696032524109,
        0.8879812955856323,
        0.8877239227294922,
        0.8874933123588562,
        0.8872833251953125,
        0.8870957493782043,
        0.8869310617446899,
        0.8867753148078918,
        0.8866112232208252,
        0.8864426016807556,
        0.886309802532196,
        0.8862126469612122,
        0.886132001876831,
        0.8860602974891663,
        0.8859979510307312,
        0.8859460353851318,
        0.8859021663665771,
        0.8858646750450134,
        0.8858308792114258,
        0.8857946395874023,
        0.8857468962669373,
        0.8856967091560364,
        0.8856626749038696,
        0.8856396079063416,
        0.8856223821640015,
        0.8856091499328613,
        0.8855982422828674,
        0.8855890035629272,
        0.885580837726593,
        0.8855741024017334,
        0.8855686187744141,
        0.8855644464492798,
        0.8855608701705933,
        0.8855573534965515,
        0.8855519890785217,
        0.8855466246604919,
        0.8855406641960144,
        0.8855354189872742,
        0.8855314254760742,
        0.8855260014533997,
        0.8855164647102356,
        0.8855006098747253,
        0.8854822516441345,
        0.8854686617851257,
        0.8854612708091736,
        0.8854572772979736,
        0.8854546546936035,
        0.8854525685310364,
        0.885451078414917,
        0.8854495882987976,
        0.8854483366012573,
        0.8854470252990723,
        0.885445773601532,
        0.8854446411132812,
        0.8854432702064514,
        0.8854420185089111,
        0.8854406476020813,
        0.8854390978813171,
        0.8854373693466187,
        0.8854355812072754,
        0.8854337930679321,
        0.8854320645332336,
        0.8854302763938904,
        0.8854287266731262,
        0.8854272365570068,
        0.8854257464408875,
        0.8854242563247681,
        0.8854227066040039,
        0.885421097278595,
        0.8854195475578308,
        0.8854178786277771,
        0.8854161500930786,
        0.8854145407676697,
        0.885412871837616,
        0.885411262512207,
        0.8854097127914429,
        0.8854081034660339,
        0.8854066133499146,
        0.8854051232337952,
        0.885403573513031,
        0.8854021430015564,
        0.885400652885437,
        0.8853991627693176,
        0.8853976130485535,
        0.8853961825370789,
        0.8853946924209595,
        0.8853931427001953,
        0.8853915333747864,
        0.885390043258667,
        0.8853884935379028,
        0.885387122631073,
        0.8853857517242432,
        0.8853844404220581,
        0.8853833079338074,
        0.8853819966316223,
        0.8853808045387268,
        0.8853795528411865,
        0.8853784799575806,
        0.8853773474693298,
        0.8853760957717896,
        0.8853749632835388,
        0.8853737711906433,
        0.8853726983070374,
        0.8853715658187866,
        0.8853704333305359,
        0.8853694796562195,
        0.8853685855865479,
        0.8853676319122314,
        0.8853668570518494,
        0.8853660225868225,
        0.8853652477264404,
        0.8853644728660583,
        0.885363757610321,
        0.8853630423545837,
        0.8853623867034912,
        0.8853617906570435,
        0.8853610754013062,
        0.8853604793548584,
        0.8853600025177002,
        0.8853594064712524,
        0.8853588700294495,
        0.8853583335876465,
        0.8853579163551331,
        0.8853574395179749,
        0.8853569626808167,
        0.8853565454483032,
        0.8853561878204346,
        0.8853556513786316,
        0.8853553533554077,
        0.8853549957275391,
        0.8853546380996704,
        0.8853544592857361,
        0.8853541016578674,
        0.8853538036346436,
        0.8853535056114197,
        0.8853532671928406,
        0.8853530287742615,
        0.8853527903556824,
        0.8853525519371033,
        0.885352373123169,
        0.8853520750999451,
        0.8853519558906555,
        0.8853517770767212,
        0.8853514790534973,
        0.8853514194488525,
        0.8853512406349182,
        0.8853511214256287,
        0.8853510022163391,
        0.8853507041931152,
        0.8853505849838257,
        0.8853504657745361,
        0.8853503465652466,
        0.885350227355957,
        0.8853500485420227,
        0.8853499889373779,
        0.8853499293327332,
        0.8853498101234436,
        0.885349690914154,
        0.8853496313095093,
        0.8853495121002197,
        0.8853493332862854,
        0.8853492736816406,
        0.8853492140769958,
        0.8853491544723511,
        0.8853490948677063,
        0.8853489756584167,
        0.8853489756584167
    ],
    "l1_regularization": 0.0,
    "l2_regularization": 0.0,
    "random_state": 406914,
    "c1_unique_zones": 1,
    "c2_unique_od_pairs": 0,
    "c1_c2_approach": "percentage",
    "c1_c2_percentage": 0.2
}