{
    "normalized_frobenius_error": 0.8826742768287659,
    "masked_rmse": 0.11994601786136627,
    "mean_nonzero_value": 1.1494661569595337,
    "relative_rmse": 0.10434932261705399,
    "explained_variance": 0.22088617086410522,
    "computation_time": 0.599168062210083,
    "all_factors_non_negative": true,
    "factor_sparsity": [
        "25.91%",
        "23.18%",
        "17.50%"
    ],
    "device": "mps",
    "best_initialization": "random",
    "errors_history": [
        0.9597691893577576,
        0.9352391958236694,
        0.9205997586250305,
        0.9113301038742065,
        0.9048502445220947,
        0.8998475074768066,
        0.8959855437278748,
        0.8932251334190369,
        0.8913297057151794,
        0.8899818062782288,
        0.8889597654342651,
        0.8881360292434692,
        0.8874480128288269,
        0.8868685960769653,
        0.8863741159439087,
        0.8859519958496094,
        0.8855955600738525,
        0.8852894902229309,
        0.8850189447402954,
        0.8847652077674866,
        0.8845224976539612,
        0.88429194688797,
        0.884037971496582,
        0.8837493062019348,
        0.8835063576698303,
        0.8833191394805908,
        0.8831884264945984,
        0.8830889463424683,
        0.8829881548881531,
        0.8828907608985901,
        0.8828274607658386,
        0.8827934265136719,
        0.8827711939811707,
        0.8827543258666992,
        0.8827425241470337,
        0.8827346563339233,
        0.8827285766601562,
        0.882723331451416,
        0.8827191591262817,
        0.8827161192893982,
        0.8827136754989624,
        0.8827115893363953,
        0.8827094435691833,
        0.882706880569458,
        0.8827030658721924,
        0.8826990127563477,
        0.882696270942688,
        0.8826939463615417,
        0.8826919794082642,
        0.8826902508735657,
        0.8826888203620911,
        0.882687509059906,
        0.882686197757721,
        0.8826850652694702,
        0.882684051990509,
        0.882683277130127,
        0.8826826214790344,
        0.8826819658279419,
        0.8826814293861389,
        0.8826808929443359,
        0.8826804757118225,
        0.8826800584793091,
        0.8826797604560852,
        0.8826794624328613,
        0.8826792240142822,
        0.8826789855957031,
        0.8826788663864136,
        0.8826786875724792,
        0.8826785087585449,
        0.8826783299446106,
        0.8826780319213867,
        0.8826778531074524,
        0.8826776742935181,
        0.8826773762702942,
        0.8826771974563599,
        0.8826769590377808,
        0.8826768398284912,
        0.8826765418052673,
        0.8826763033866882,
        0.8826759457588196,
        0.8826755285263062,
        0.8826749920845032,
        0.8826746344566345,
        0.8826744556427002,
        0.8826743960380554,
        0.8826742768287659,
        0.8826742768287659
    ],
    "l1_regularization": 0.0,
    "l2_regularization": 0.0,
    "random_state": 386695,
    "c1_unique_zones": 1,
    "c2_unique_od_pairs": 0,
    "c1_c2_approach": "percentage",
    "c1_c2_percentage": 0.2
}