{
    "normalized_frobenius_error": 0.8853434920310974,
    "masked_rmse": 0.12030873447656631,
    "mean_nonzero_value": 1.1494661569595337,
    "relative_rmse": 0.1046648770570755,
    "explained_variance": 0.2161669135093689,
    "computation_time": 0.81060791015625,
    "all_factors_non_negative": true,
    "factor_sparsity": [
        "29.55%",
        "29.09%",
        "17.50%"
    ],
    "device": "mps",
    "best_initialization": "random",
    "errors_history": [
        0.9536225199699402,
        0.925919234752655,
        0.9151657819747925,
        0.9073365330696106,
        0.9010728001594543,
        0.8963929414749146,
        0.8938469290733337,
        0.8925727605819702,
        0.8918582797050476,
        0.8914028406143188,
        0.8910637497901917,
        0.8907570242881775,
        0.8904261589050293,
        0.8900291919708252,
        0.8895427584648132,
        0.8889754414558411,
        0.8883726000785828,
        0.8878007531166077,
        0.8872994184494019,
        0.8868824243545532,
        0.8865649700164795,
        0.8863363862037659,
        0.886163055896759,
        0.8860286474227905,
        0.8859267234802246,
        0.885841429233551,
        0.8857667446136475,
        0.8857088685035706,
        0.8856638073921204,
        0.8856273293495178,
        0.8855979442596436,
        0.8855745196342468,
        0.8855544924736023,
        0.8855370879173279,
        0.8855212926864624,
        0.8855039477348328,
        0.8854817152023315,
        0.8854563236236572,
        0.8854349851608276,
        0.8854207992553711,
        0.8854109644889832,
        0.885403037071228,
        0.88539719581604,
        0.8853923082351685,
        0.8853879570960999,
        0.885384202003479,
        0.8853809237480164,
        0.8853779435157776,
        0.8853750824928284,
        0.8853727579116821,
        0.8853709101676941,
        0.8853693604469299,
        0.8853679895401001,
        0.8853666186332703,
        0.8853654265403748,
        0.8853644132614136,
        0.8853633403778076,
        0.8853623270988464,
        0.8853614330291748,
        0.8853604197502136,
        0.8853594660758972,
        0.8853583931922913,
        0.8853572607040405,
        0.8853559494018555,
        0.88535475730896,
        0.8853539824485779,
        0.8853533864021301,
        0.8853527903556824,
        0.8853523135185242,
        0.885351836681366,
        0.8853513598442078,
        0.8853510022163391,
        0.8853505253791809,
        0.8853500485420227,
        0.885349690914154,
        0.8853493332862854,
        0.8853489756584167,
        0.8853486180305481,
        0.8853483200073242,
        0.8853480815887451,
        0.8853477239608765,
        0.8853474855422974,
        0.8853472471237183,
        0.8853470087051392,
        0.8853468298912048,
        0.885346531867981,
        0.8853463530540466,
        0.8853461146354675,
        0.8853459358215332,
        0.8853457570075989,
        0.8853455781936646,
        0.8853453993797302,
        0.8853452205657959,
        0.8853449821472168,
        0.8853448629379272,
        0.8853448033332825,
        0.8853446245193481,
        0.8853445649147034,
        0.8853443264961243,
        0.8853442072868347,
        0.8853441476821899,
        0.8853440284729004,
        0.8853439092636108,
        0.8853437304496765,
        0.885343611240387,
        0.8853434920310974,
        0.8853434920310974
    ],
    "l1_regularization": 0.0,
    "l2_regularization": 0.0,
    "random_state": 764156,
    "c1_unique_zones": 1,
    "c2_unique_od_pairs": 0,
    "c1_c2_approach": "percentage",
    "c1_c2_percentage": 0.2
}