{
    "normalized_frobenius_error": 0.8683543801307678,
    "masked_rmse": 0.22648021578788757,
    "mean_nonzero_value": 1.345635175704956,
    "relative_rmse": 0.16830728948116302,
    "explained_variance": 0.2459607720375061,
    "computation_time": 2.4774997234344482,
    "all_factors_non_negative": true,
    "factor_sparsity": [
        "33.33%",
        "28.89%",
        "15.00%"
    ],
    "device": "mps",
    "best_initialization": "random",
    "errors_history": [
        0.9393265843391418,
        0.9262927770614624,
        0.9103046655654907,
        0.8987413048744202,
        0.8924026489257812,
        0.8885905742645264,
        0.8852201700210571,
        0.8813257217407227,
        0.8772838711738586,
        0.8742130398750305,
        0.8725182414054871,
        0.8716674447059631,
        0.8712154030799866,
        0.8709283471107483,
        0.8707169890403748,
        0.8705462217330933,
        0.8703984618186951,
        0.8702666163444519,
        0.8701534867286682,
        0.8700548410415649,
        0.8699689507484436,
        0.869893491268158,
        0.8698268532752991,
        0.8697690963745117,
        0.8697201013565063,
        0.8696793913841248,
        0.8696454763412476,
        0.8696169853210449,
        0.8695929050445557,
        0.8695721626281738,
        0.8695541620254517,
        0.8695386052131653,
        0.8695248961448669,
        0.8695128560066223,
        0.8695021867752075,
        0.8694925308227539,
        0.8694837689399719,
        0.8694759607315063,
        0.8694688081741333,
        0.869462251663208,
        0.8694560527801514,
        0.8694505095481873,
        0.8694450855255127,
        0.8694402575492859,
        0.8694356679916382,
        0.8694313764572144,
        0.8694273233413696,
        0.8694235682487488,
        0.869420051574707,
        0.8694165945053101,
        0.869413435459137,
        0.8694103956222534,
        0.8694074749946594,
        0.8694046139717102,
        0.8694019913673401,
        0.8693993091583252,
        0.8693968057632446,
        0.8693943619728088,
        0.8693918585777283,
        0.8693892955780029,
        0.8693870306015015,
        0.8693846464157104,
        0.8693824410438538,
        0.8693802356719971,
        0.8693782091140747,
        0.8693761825561523,
        0.8693743348121643,
        0.8693726062774658,
        0.8693709373474121,
        0.869369387626648,
        0.8693678379058838,
        0.8693664073944092,
        0.8693650364875793,
        0.8693637251853943,
        0.869362473487854,
        0.8693612217903137,
        0.8693600296974182,
        0.869359016418457,
        0.8693578839302063,
        0.8693568706512451,
        0.8693558573722839,
        0.8693549633026123,
        0.8693540096282959,
        0.8693532347679138,
        0.8693523406982422,
        0.8693514466285706,
        0.869350790977478,
        0.869350016117096,
        0.8693493008613586,
        0.8693485856056213,
        0.8693479299545288,
        0.8693471550941467,
        0.869346559047699,
        0.8693458437919617,
        0.8693452477455139,
        0.8693446516990662,
        0.8693439960479736,
        0.8693432211875916,
        0.8693423867225647,
        0.8693416118621826,
        0.8693405389785767,
        0.8693394064903259,
        0.8693380951881409,
        0.869336724281311,
        0.8693347573280334,
        0.8693324327468872,
        0.8693295121192932,
        0.8693258166313171,
        0.8693215847015381,
        0.8693171143531799,
        0.8693127036094666,
        0.869308590888977,
        0.8693046569824219,
        0.8693006038665771,
        0.8692965507507324,
        0.8692923784255981,
        0.8692882061004639,
        0.8692841529846191,
        0.8692803978919983,
        0.8692766427993774,
        0.8692729473114014,
        0.8692691922187805,
        0.8692655563354492,
        0.8692618608474731,
        0.8692581057548523,
        0.8692542910575867,
        0.869250476360321,
        0.8692466020584106,
        0.8692425489425659,
        0.869238555431366,
        0.8692344427108765,
        0.8692303895950317,
        0.8692261576652527,
        0.8692220449447632,
        0.8692177534103394,
        0.8692135810852051,
        0.869209349155426,
        0.8692049980163574,
        0.8692006468772888,
        0.8691961169242859,
        0.869191586971283,
        0.8691867589950562,
        0.8691816329956055,
        0.8691759705543518,
        0.8691695332527161,
        0.86916184425354,
        0.8691526651382446,
        0.8691413998603821,
        0.8691279292106628,
        0.8691126704216003,
        0.8690964579582214,
        0.8690809607505798,
        0.8690664768218994,
        0.869053065776825,
        0.869040310382843,
        0.8690282702445984,
        0.8690165281295776,
        0.869005024433136,
        0.8689936399459839,
        0.8689824938774109,
        0.8689711689949036,
        0.8689595460891724,
        0.8689465522766113,
        0.8689307570457458,
        0.8689100742340088,
        0.868884801864624,
        0.8688595294952393,
        0.8688386082649231,
        0.8688216209411621,
        0.868806779384613,
        0.8687933087348938,
        0.8687805533409119,
        0.8687682151794434,
        0.8687563538551331,
        0.8687448501586914,
        0.8687336444854736,
        0.8687226176261902,
        0.8687117695808411,
        0.8687013387680054,
        0.8686909675598145,
        0.8686809539794922,
        0.868671178817749,
        0.8686617016792297,
        0.8686525225639343,
        0.8686437010765076,
        0.8686351776123047,
        0.86862713098526,
        0.8686193227767944,
        0.8686119914054871,
        0.8686049580574036,
        0.8685982823371887,
        0.868591845035553,
        0.8685857653617859,
        0.8685798645019531,
        0.8685740232467651,
        0.8685682415962219,
        0.8685623407363892,
        0.8685562610626221,
        0.868550181388855,
        0.8685443997383118,
        0.8685390949249268,
        0.8685340881347656,
        0.8685294389724731,
        0.8685250878334045,
        0.8685212731361389,
        0.8685178160667419,
        0.8685147762298584,
        0.8685122728347778,
        0.8685099482536316,
        0.8685081005096436,
        0.8685062527656555,
        0.8685046434402466,
        0.868503212928772,
        0.8685018420219421,
        0.8685005307197571,
        0.8684993386268616,
        0.8684983849525452,
        0.8684972524642944,
        0.8684963583946228,
        0.8684954643249512,
        0.8684946298599243,
        0.8684938549995422,
        0.8684930801391602,
        0.8684923648834229,
        0.8684916496276855,
        0.8684908151626587,
        0.8684897422790527,
        0.8684881925582886,
        0.8684857487678528,
        0.8684815764427185,
        0.868474006652832,
        0.868461549282074,
        0.8684439063072205,
        0.8684247136116028,
        0.8684094548225403,
        0.8684000372886658,
        0.8683949708938599,
        0.8683919310569763,
        0.8683900833129883,
        0.8683885931968689,
        0.8683874607086182,
        0.8683863878250122,
        0.8683854937553406,
        0.8683847784996033,
        0.8683841228485107,
        0.8683834671974182,
        0.8683828115463257,
        0.8683822751045227,
        0.8683817982673645,
        0.8683812618255615,
        0.8683807849884033,
        0.8683804869651794,
        0.8683800101280212,
        0.8683795928955078,
        0.8683792948722839,
        0.8683789372444153,
        0.8683786392211914,
        0.8683782815933228,
        0.8683780431747437,
        0.8683777451515198,
        0.8683775067329407,
        0.8683772683143616,
        0.8683770298957825,
        0.8683767318725586,
        0.8683765530586243,
        0.8683763742446899,
        0.8683761954307556,
        0.8683760166168213,
        0.868375837802887,
