{
    "normalized_frobenius_error": 0.8909803628921509,
    "masked_rmse": 0.11689502745866776,
    "mean_nonzero_value": 1.3623639345169067,
    "relative_rmse": 0.0858030840754509,
    "explained_variance": 0.20615404844284058,
    "computation_time": 0.7369241714477539,
    "all_factors_non_negative": true,
    "factor_sparsity": [
        "44.93%",
        "44.70%",
        "30.95%"
    ],
    "device": "mps",
    "best_initialization": "random",
    "errors_history": [
        0.971006453037262,
        0.9527626037597656,
        0.9375874996185303,
        0.9241337776184082,
        0.9126765131950378,
        0.9028213024139404,
        0.8957322239875793,
        0.8933737277984619,
        0.8925284147262573,
        0.8921189308166504,
        0.8918789625167847,
        0.8917167782783508,
        0.8916099667549133,
        0.8915296196937561,
        0.8914618492126465,
        0.8914086222648621,
        0.8913661241531372,
        0.8913307189941406,
        0.8913013935089111,
        0.8912765383720398,
        0.8912564516067505,
        0.8912402391433716,
        0.891227126121521,
        0.8912160992622375,
        0.8912066221237183,
        0.8911983370780945,
        0.8911908268928528,
        0.8911842703819275,
        0.89117830991745,
        0.8911729454994202,
        0.8911680579185486,
        0.8911638259887695,
        0.8911601901054382,
        0.8911566734313965,
        0.8911533355712891,
        0.8911504745483398,
        0.8911479711532593,
        0.8911457657814026,
        0.8911437392234802,
        0.891141951084137,
        0.8911401033401489,
        0.8911385536193848,
        0.8911370635032654,
        0.8911356925964355,
        0.8911343812942505,
        0.8911331295967102,
        0.8911318778991699,
        0.891130805015564,
        0.8911297917366028,
        0.8911288380622864,
        0.8911277651786804,
        0.8911269307136536,
        0.8911259174346924,
        0.8911250829696655,
        0.8911242485046387,
        0.8911234736442566,
        0.891122579574585,
        0.8911218047142029,
        0.8911211490631104,
        0.8911204934120178,
        0.8911197185516357,
        0.891119122505188,
        0.8911184668540955,
        0.8911179304122925,
        0.8911173343658447,
        0.8911166787147522,
        0.891116201877594,
        0.8911156058311462,
        0.8911150097846985,
        0.8911145329475403,
        0.8911139965057373,
        0.8911135196685791,
        0.8911130428314209,
        0.8911125659942627,
        0.8911120891571045,
        0.8911116123199463,
        0.8911111354827881,
        0.8911106586456299,
        0.8911101222038269,
        0.8911096453666687,
        0.8911092877388,
        0.8911088109016418,
        0.8911083340644836,
        0.8911078572273254,
        0.8911074995994568,
        0.8911069631576538,
        0.8911066055297852,
        0.891106128692627,
        0.8911056518554688,
        0.8911051750183105,
        0.8911048173904419,
        0.8911042213439941,
        0.8911037445068359,
        0.8911032676696777,
        0.8911027908325195,
        0.8911023139953613,
        0.8911017179489136,
        0.8911013603210449,
        0.8911007642745972,
        0.8911001682281494,
        0.8910996913909912,
        0.891099214553833,
        0.89109867811203,
        0.8910980820655823,
        0.8910974264144897,
        0.8910969495773315,
        0.891096293926239,
        0.8910955786705017,
        0.8910948634147644,
        0.8910941481590271,
        0.891093373298645,
        0.8910926580429077,
        0.8910917639732361,
        0.8910909295082092,
        0.8910902142524719,
        0.8910893797874451,
        0.891088604927063,
        0.8910877704620361,
        0.891086995601654,
        0.891086220741272,
        0.8910853862762451,
        0.8910843729972839,
        0.8910834193229675,
        0.8910824060440063,
        0.8910812139511108,
        0.8910797834396362,
        0.8910780549049377,
        0.8910759091377258,
        0.8910732269287109,
        0.8910700678825378,
        0.8910666108131409,
        0.8910631537437439,
        0.8910598158836365,
        0.8910566568374634,
        0.8910537958145142,
        0.8910511136054993,
        0.8910483121871948,
        0.8910455107688904,
        0.8910427689552307,
        0.8910399079322815,
        0.891037106513977,
        0.8910343647003174,
        0.8910314440727234,
        0.8910287022590637,
        0.8910260200500488,
        0.8910233378410339,
        0.891020655632019,
        0.8910181522369385,
        0.8910156488418579,
        0.8910132646560669,
        0.8910109996795654,
        0.8910087943077087,
        0.8910067677497864,
        0.8910048604011536,
        0.8910031318664551,
        0.891001284122467,
        0.8909998536109924,
        0.8909984230995178,
        0.8909969925880432,
        0.8909958600997925,
        0.8909947872161865,
        0.8909937739372253,
        0.8909927606582642,
        0.8909920454025269,
        0.8909912705421448,
        0.890990674495697,
        0.8909900188446045,
        0.8909894227981567,
        0.8909889459609985,
        0.8909884095191956,
        0.8909878134727478,
        0.8909871578216553,
        0.8909860849380493,
        0.890984833240509,
        0.890983521938324,
        0.8909825682640076,
        0.8909818530082703,
        0.8909816145896912,
        0.8909813165664673,
        0.890981137752533,
        0.8909808993339539,
        0.8909808397293091,
        0.8909806609153748,
        0.8909805417060852,
        0.8909804224967957,
        0.8909803628921509,
        0.8909803628921509
    ],
    "l1_regularization": 0.0,
    "l2_regularization": 0.0,
    "random_state": 527665,
    "c1_unique_zones": 2,
    "c2_unique_od_pairs": 0,
    "c1_c2_approach": "percentage",
    "c1_c2_percentage": 0.2
}