{
    "normalized_frobenius_error": 0.8564651608467102,
    "masked_rmse": 0.22337932884693146,
    "mean_nonzero_value": 1.345635175704956,
    "relative_rmse": 0.16600288450717926,
    "explained_variance": 0.26646745204925537,
    "computation_time": 2.267238140106201,
    "all_factors_non_negative": true,
    "factor_sparsity": [
        "34.22%",
        "29.33%",
        "14.17%"
    ],
    "device": "mps",
    "best_initialization": "random",
    "errors_history": [
        0.9416804909706116,
        0.9292299151420593,
        0.9144170880317688,
        0.8961091041564941,
        0.88097083568573,
        0.8723049759864807,
        0.8676607608795166,
        0.8650243878364563,
        0.8634713292121887,
        0.8625243306159973,
        0.8619397282600403,
        0.8615759611129761,
        0.8613484501838684,
        0.8612061738967896,
        0.8611159920692444,
        0.8610561490058899,
        0.8610141277313232,
        0.8609827160835266,
        0.8609577417373657,
        0.8609367609024048,
        0.8609174489974976,
        0.8608955144882202,
        0.8608664870262146,
        0.860842764377594,
        0.86082923412323,
        0.8608196377754211,
        0.8608117699623108,
        0.860805094242096,
        0.8607993721961975,
        0.8607941269874573,
        0.8607892394065857,
        0.8607847690582275,
        0.8607803583145142,
        0.8607761859893799,
        0.8607721924781799,
        0.8607686758041382,
        0.8607655167579651,
        0.8607627749443054,
        0.8607604503631592,
        0.8607583045959473,
        0.8607562184333801,
        0.8607541918754578,
        0.8607521057128906,
        0.860750138759613,
        0.8607480525970459,
        0.8607460856437683,
        0.8607439994812012,
        0.8607420921325684,
        0.8607403039932251,
        0.8607385754585266,
        0.8607369661331177,
        0.8607353568077087,
        0.8607337474822998,
        0.8607323169708252,
        0.8607307076454163,
        0.8607290387153625,
        0.8607273697853088,
        0.8607256412506104,
        0.8607237935066223,
        0.8607218861579895,
        0.8607199192047119,
        0.8607177734375,
        0.8607156276702881,
        0.8607132434844971,
        0.8607107400894165,
        0.8607079982757568,
        0.8607051372528076,
        0.8607019782066345,
        0.8606985807418823,
        0.860694944858551,
        0.8606908917427063,
        0.8606864809989929,
        0.8606815934181213,
        0.8606762290000916,
        0.8606700897216797,
        0.8606633543968201,
        0.8606557250022888,
        0.8606469631195068,
        0.8606367111206055,
        0.8606249690055847,
        0.860611081123352,
        0.8605944514274597,
        0.8605746030807495,
        0.8605504035949707,
        0.8605212569236755,
        0.8604857325553894,
        0.8604426980018616,
        0.8603902459144592,
        0.8603265285491943,
        0.8602488040924072,
        0.8601542115211487,
        0.8600391149520874,
        0.8599006533622742,
        0.8597365021705627,
        0.8595468401908875,
        0.8593349456787109,
        0.8591088652610779,
        0.8588799238204956,
        0.8586614727973938,
        0.8584651947021484,
        0.8582992553710938,
        0.858168363571167,
        0.858070433139801,
        0.8579998016357422,
        0.8579496145248413,
        0.8579139113426208,
        0.8578875064849854,
        0.8578665852546692,
        0.8578482866287231,
        0.8578302264213562,
        0.857810914516449,
        0.8577889204025269,
        0.8577646613121033,
        0.8577395081520081,
        0.8577154278755188,
        0.8576925992965698,
        0.857668936252594,
        0.8576405048370361,
        0.8576029539108276,
        0.8575564622879028,
        0.8575079441070557,
        0.8574590682983398,
        0.8574001789093018,
        0.8573324680328369,
        0.8572713732719421,
        0.8572110533714294,
        0.8571579456329346,
        0.8571200370788574,
        0.8570956587791443,
        0.8570787310600281,
        0.85706627368927,
        0.8570568561553955,
        0.8570497035980225,
        0.8570442199707031,
        0.8570398688316345,
        0.8570359945297241,
        0.8570325374603271,
        0.8570294380187988,
        0.857026994228363,
        0.8570248484611511,
        0.8570231795310974,
        0.8570215106010437,
        0.8570194840431213,
        0.8570159077644348,
        0.8570082783699036,
        0.8569933772087097,
        0.8569729924201965,
        0.8569573163986206,
        0.8569496870040894,
        0.8569457530975342,
        0.8569415807723999,
        0.856934130191803,
        0.8569187521934509,
        0.8568904995918274,
        0.8568490743637085,
        0.8568075895309448,
        0.8567801713943481,
        0.8567665815353394,
        0.8567601442337036,
        0.8567566871643066,
        0.8567542433738708,
        0.8567522764205933,
        0.8567504286766052,
        0.8567483425140381,
        0.8567460775375366,
        0.8567432165145874,
        0.8567397594451904,
        0.8567354083061218,
        0.8567298650741577,
        0.8567231297492981,
        0.8567149043083191,
        0.8567052483558655,
        0.8566943407058716,
        0.8566824197769165,
        0.8566700220108032,
        0.8566580414772034,
        0.8566465973854065,
        0.856636643409729,
        0.8566281795501709,
        0.856621265411377,
        0.8566158413887024,
        0.8566114902496338,
        0.8566082715988159,
        0.8566058278083801,
        0.8566038012504578,
        0.8566023111343384,
        0.8566010594367981,
        0.8566000461578369,
        0.8565990924835205,
        0.8565980792045593,
        0.8565969467163086,
        0.8565950393676758,
        0.8565921187400818,
        0.8565879464149475,
        0.8565828800201416,
        0.8565781712532043,
        0.8565752506256104,
        0.8565736413002014,
        0.8565729856491089,
        0.8565726280212402,
        0.8565723299980164,
        0.8565720915794373,
        0.8565719127655029,
        0.8565717339515686,
        0.8565714359283447,
        0.8565711975097656,
        0.8565708994865417,
        0.8565705418586731,
        0.8565701842308044,
        0.856569766998291,
        0.8565694689750671,
        0.8565691113471985,
        0.8565687537193298,
        0.8565683960914612,
        0.8565682172775269,
        0.856567919254303,
        0.8565677404403687,
        0.8565676212310791,
        0.8565673828125,
        0.8565672636032104,
        0.8565671443939209,
        0.8565670251846313,
        0.8565667867660522,
        0.8565667271614075,
        0.8565666079521179,
        0.8565664291381836,
        0.8565662503242493,
        0.8565660715103149,
        0.8565659523010254,
        0.8565657138824463,
        0.8565655946731567,
        0.8565654158592224,
        0.8565651178359985,
        0.8565648794174194,
        0.8565647006034851,
        0.856564462184906,
        0.8565642237663269,
        0.856563925743103,
        0.8565636873245239,
        0.8565633893013,
        0.856563150882721,
        0.8565627932548523,
        0.8565624952316284,
        0.8565621972084045,
        0.8565618395805359,
        0.8565614223480225,
        0.856561005115509,
        0.8565605282783508,
        0.8565598726272583,
        0.8565590977668762,
        0.8565582036972046,
        0.85655677318573,
        0.8565546870231628,
        0.8565518260002136,
        0.8565474152565002,
        0.8565414547920227,
        0.856533408164978,
        0.8565236330032349,
        0.8565126061439514,
        0.8565018773078918,
        0.8564925193786621,
        0.8564853668212891,
        0.8564805388450623,
        0.8564773201942444,
        0.856475293636322,
        0.8564738631248474,
        0.856472909450531,
        0.8564721941947937,
        0.8564715385437012,
        0.8564710021018982,
