{
    "normalized_frobenius_error": 0.8882416486740112,
    "masked_rmse": 0.12070317566394806,
    "mean_nonzero_value": 1.1494661569595337,
    "relative_rmse": 0.10500802844762802,
    "explained_variance": 0.21102678775787354,
    "computation_time": 0.3160667419433594,
    "all_factors_non_negative": true,
    "factor_sparsity": [
        "25.76%",
        "11.36%",
        "6.25%"
    ],
    "device": "cpu",
    "best_initialization": "random",
    "errors_history": [
        0.9629926085472107,
        0.9594201445579529,
        0.9573512673377991,
        0.9536986947059631,
        0.9476328492164612,
        0.9404568672180176,
        0.9349045157432556,
        0.9314869046211243,
        0.9293756484985352,
        0.9277635216712952,
        0.9261088967323303,
        0.9240114092826843,
        0.9211603403091431,
        0.9175287485122681,
        0.9135681390762329,
        0.9099663496017456,
        0.9071046113967896,
        0.9049026966094971,
        0.9031455516815186,
        0.9016895294189453,
        0.900427520275116,
        0.8992587924003601,
        0.8981162309646606,
        0.8969831466674805,
        0.8958789706230164,
        0.8948456645011902,
        0.8939226865768433,
        0.8931190371513367,
        0.8924213647842407,
        0.8918288350105286,
        0.8913393616676331,
        0.8909290432929993,
        0.8906137347221375,
        0.8903895616531372,
        0.8902201652526855,
        0.8900818228721619,
        0.8899510502815247,
        0.8898393511772156,
        0.8897408843040466,
        0.8896321654319763,
        0.8895226716995239,
        0.8894316554069519,
        0.8893536925315857,
        0.8892830014228821,
        0.88921719789505,
        0.8891562223434448,
        0.8890990614891052,
        0.8890458345413208,
        0.888996422290802,
        0.8889490365982056,
        0.8889027237892151,
        0.8888525366783142,
        0.8887937664985657,
        0.8887320160865784,
        0.888683557510376,
        0.8886449933052063,
        0.888611376285553,
        0.8885815143585205,
        0.8885552883148193,
        0.8885319232940674,
        0.8885104656219482,
        0.8884916305541992,
        0.8884749412536621,
        0.8884598016738892,
        0.8884466290473938,
        0.8884344100952148,
        0.8884231448173523,
        0.8884131908416748,
        0.8884033560752869,
        0.8883931040763855,
        0.8883821368217468,
        0.8883713483810425,
        0.8883600831031799,
        0.8883496522903442,
        0.8883406519889832,
        0.8883337378501892,
        0.8883277773857117,
        0.8883218765258789,
        0.8883169293403625,
        0.8883125185966492,
        0.8883081078529358,
        0.8883040547370911,
        0.8883005976676941,
        0.8882970213890076,
        0.8882940411567688,
        0.8882911801338196,
        0.8882886171340942,
        0.8882858157157898,
        0.8882837295532227,
        0.8882818222045898,
        0.888279914855957,
        0.8882782459259033,
        0.8882764577865601,
        0.8882744908332825,
        0.8882730603218079,
        0.8882715702056885,
        0.8882704377174377,
        0.8882690072059631,
        0.8882678151130676,
        0.8882669806480408,
        0.8882660269737244,
        0.8882652521133423,
        0.888264536857605,
        0.888263463973999,
        0.8882624506950378,
        0.8882616758346558,
        0.8882609009742737,
        0.8882601857185364,
        0.8882594704627991,
        0.8882589340209961,
        0.8882583379745483,
        0.8882575631141663,
        0.8882567882537842,
        0.8882562518119812,
        0.8882555365562439,
        0.8882549405097961,
        0.8882545232772827,
        0.8882539868354797,
        0.8882535696029663,
        0.8882532119750977,
        0.8882526755332947,
        0.8882521986961365,
        0.8882517218589783,
        0.8882513046264648,
        0.8882507681846619,
        0.8882503509521484,
        0.8882498145103455,
        0.8882495760917664,
        0.8882492184638977,
        0.8882488012313843,
        0.8882484436035156,
        0.8882481455802917,
        0.8882476091384888,
        0.8882474899291992,
        0.8882468938827515,
        0.8882465362548828,
        0.8882462382316589,
        0.8882461190223694,
        0.8882456421852112,
        0.8882454037666321,
        0.8882449269294739,
        0.8882446885108948,
        0.8882445096969604,
        0.8882440328598022,
        0.8882437348365784,
        0.888243556022644,
        0.8882434368133545,
        0.8882430791854858,
        0.8882428407669067,
        0.8882426023483276,
        0.888242244720459,
        0.8882418870925903,
        0.8882416486740112,
        0.8882416486740112
    ],
    "ranks": {
        "origin": 6,
        "destination": 3,
        "time": 4
    }
}