{
    "normalized_frobenius_error": 0.8652641177177429,
    "masked_rmse": 0.22567424178123474,
    "mean_nonzero_value": 1.345635175704956,
    "relative_rmse": 0.16770833730697632,
    "explained_variance": 0.2513180375099182,
    "computation_time": 0.8032100200653076,
    "all_factors_non_negative": true,
    "factor_sparsity": [
        "20.89%",
        "17.33%",
        "11.67%"
    ],
    "device": "mps",
    "best_initialization": "random",
    "errors_history": [
        0.9426894187927246,
        0.9310513734817505,
        0.9178684949874878,
        0.900765597820282,
        0.8887307047843933,
        0.88188636302948,
        0.8778002858161926,
        0.8751489520072937,
        0.8733073472976685,
        0.8719249963760376,
        0.8707950115203857,
        0.869816780090332,
        0.8689706921577454,
        0.8682543635368347,
        0.8676838278770447,
        0.86725252866745,
        0.8669266104698181,
        0.866675853729248,
        0.8664731383323669,
        0.8662880659103394,
        0.8660916090011597,
        0.8659265637397766,
        0.8658229112625122,
        0.8657482266426086,
        0.8656889200210571,
        0.8656394481658936,
        0.8655974268913269,
        0.8655614852905273,
        0.8655306696891785,
        0.8655043244361877,
        0.8654814958572388,
        0.8654620051383972,
        0.8654451370239258,
        0.8654306530952454,
        0.865418016910553,
        0.8654071092605591,
        0.8653973937034607,
        0.8653887510299683,
        0.8653810024261475,
        0.8653740882873535,
        0.8653678297996521,
        0.8653619885444641,
        0.8653567433357239,
        0.8653518557548523,
        0.8653473258018494,
        0.8653430342674255,
        0.8653391599655151,
        0.8653355240821838,
        0.8653320670127869,
        0.8653287887573242,
        0.8653256297111511,
        0.8653228282928467,
        0.8653199672698975,
        0.8653173446655273,
        0.865314781665802,
        0.865312397480011,
        0.8653100728988647,
        0.8653078079223633,
        0.8653056621551514,
        0.8653035163879395,
        0.8653013110160828,
        0.8652993440628052,
        0.8652974367141724,
        0.8652954697608948,
        0.8652937412261963,
        0.8652921319007874,
        0.8652905821800232,
        0.865289032459259,
        0.8652876019477844,
        0.8652862310409546,
        0.8652848601341248,
        0.8652834892272949,
        0.8652821183204651,
        0.86528080701828,
        0.8652795553207397,
        0.8652783632278442,
        0.8652774691581726,
        0.8652764558792114,
        0.8652756810188293,
        0.8652749061584473,
        0.8652742505073547,
        0.8652735948562622,
        0.8652730584144592,
        0.8652725219726562,
        0.8652719259262085,
        0.8652714490890503,
        0.8652710914611816,
        0.8652706146240234,
        0.8652702569961548,
        0.8652698993682861,
        0.8652695417404175,
        0.8652690649032593,
        0.8652688264846802,
        0.8652685284614563,
        0.8652682304382324,
        0.8652679324150085,
        0.8652677536010742,
        0.8652674555778503,
        0.865267276763916,
        0.8652670383453369,
        0.865266740322113,
        0.8652666211128235,
        0.8652664422988892,
        0.8652661442756653,
        0.8652660846710205,
        0.8652658462524414,
        0.8652657270431519,
        0.8652654886245728,
        0.8652653694152832,
        0.8652652502059937,
        0.8652651309967041,
        0.8652649521827698,
        0.865264892578125,
        0.8652647137641907,
        0.8652645349502563,
        0.8652644157409668,
        0.8652642965316772,
        0.8652641773223877,
        0.8652641773223877
    ],
    "l1_regularization": 0.0,
    "l2_regularization": 0.0,
    "random_state": 882842,
    "c1_unique_zones": 3,
    "c2_unique_od_pairs": 0,
    "c1_c2_approach": "percentage",
    "c1_c2_percentage": 0.2
}