{
    "normalized_frobenius_error": 0.9050009846687317,
    "masked_rmse": 0.11873451620340347,
    "mean_nonzero_value": 1.3623639345169067,
    "relative_rmse": 0.08715330064296722,
    "explained_variance": 0.18097323179244995,
    "computation_time": 0.37789201736450195,
    "all_factors_non_negative": true,
    "factor_sparsity": [
        "29.30%",
        "28.23%",
        "15.97%"
    ],
    "device": "mps",
    "best_initialization": "random",
    "errors_history": [
        0.9741170406341553,
        0.9630686044692993,
        0.9466299414634705,
        0.9298211336135864,
        0.9201543927192688,
        0.9135026335716248,
        0.9092188477516174,
        0.907286524772644,
        0.9064291715621948,
        0.9059862494468689,
        0.9056916832923889,
        0.9054961204528809,
        0.9053685069084167,
        0.9052798748016357,
        0.9052155613899231,
        0.9051663279533386,
        0.9051287174224854,
        0.9050998091697693,
        0.9050775766372681,
        0.905060350894928,
        0.9050472378730774,
        0.9050371050834656,
        0.9050292372703552,
        0.9050230979919434,
        0.905018150806427,
        0.9050140976905823,
        0.9050111770629883,
        0.9050090312957764,
        0.9050074219703674,
        0.9050062894821167,
        0.9050055146217346,
        0.9050049185752869,
        0.9050043821334839,
        0.90500408411026,
        0.9050037860870361,
        0.9050036072731018,
        0.9050033092498779,
        0.9050031304359436,
        0.9050028324127197,
        0.9050025343894958,
        0.9050021767616272,
        0.9050018787384033,
        0.9050015807151794,
        0.9050012826919556,
        0.9050012230873108,
        0.9050009846687317,
        0.9050009846687317
    ],
    "l1_regularization": 0.0,
    "l2_regularization": 0.0,
    "random_state": 806774,
    "c1_unique_zones": 3,
    "c2_unique_od_pairs": 0,
    "c1_c2_approach": "percentage",
    "c1_c2_percentage": 0.2
}