{
  "total_core_entries": 48,
  "total_energy": 204.96426391601562,
  "num_entries_80pct": 4,
  "selected_indices": [
    [
      3,
      1,
      0
    ],
    [
      3,
      0,
      1
    ],
    [
      1,
      3,
      0
    ],
    [
      0,
      2,
      2
    ]
  ],
  "selected_energies": [
    53.894344329833984,
    42.08596420288086,
    37.330238342285156,
    36.716732025146484
  ]
}