{
    "normalized_frobenius_error": 0.8961800932884216,
    "masked_rmse": 0.12178198993206024,
    "mean_nonzero_value": 1.1494661569595337,
    "relative_rmse": 0.10594656318426132,
    "explained_variance": 0.19686126708984375,
    "computation_time": 0.41274094581604004,
    "all_factors_non_negative": true,
    "factor_sparsity": [
        "19.70%",
        "16.48%",
        "17.50%"
    ],
    "device": "cpu",
    "best_initialization": "svd",
    "errors_history": [
        0.9312822222709656,
        0.9226592779159546,
        0.9187415242195129,
        0.9164314866065979,
        0.9147940278053284,
        0.9135130047798157,
        0.9124918580055237,
        0.9117138981819153,
        0.9111341238021851,
        0.9106869697570801,
        0.9103249907493591,
        0.9100154042243958,
        0.9097405672073364,
        0.9094895124435425,
        0.9092556238174438,
        0.9090350866317749,
        0.9088265895843506,
        0.9086295366287231,
        0.9084448218345642,
        0.908271312713623,
        0.9081087112426758,
        0.9079548120498657,
        0.9078039526939392,
        0.9076461791992188,
        0.9074597954750061,
        0.9072085022926331,
        0.9068456888198853,
        0.9063244462013245,
        0.9056022763252258,
        0.9046644568443298,
        0.9035701155662537,
        0.9026693105697632,
        0.9020243287086487,
        0.9013134241104126,
        0.9004373550415039,
        0.8997882604598999,
        0.899381160736084,
        0.8991153836250305,
        0.8989183902740479,
        0.898740828037262,
        0.8985618352890015,
        0.8983950614929199,
        0.8982564806938171,
        0.8981459140777588,
        0.8980545401573181,
        0.8979748487472534,
        0.8979012966156006,
        0.8978332877159119,
        0.897772490978241,
        0.8977172374725342,
        0.897663414478302,
        0.8976091742515564,
        0.8975487351417542,
        0.8974769115447998,
        0.8973948359489441,
        0.8973127007484436,
        0.8972453474998474,
        0.8971940279006958,
        0.8971527218818665,
        0.8971177935600281,
        0.8970878720283508,
        0.8970627188682556,
        0.897039532661438,
        0.8970162868499756,
        0.896991491317749,
        0.8969640731811523,
        0.8969339728355408,
        0.8969026803970337,
        0.8968727588653564,
        0.8968465924263,
        0.8968245983123779,
        0.8968050479888916,
        0.8967874646186829,
        0.8967707753181458,
        0.8967549800872803,
        0.8967387676239014,
        0.8967230319976807,
        0.8967073559761047,
        0.896692156791687,
        0.8966766595840454,
        0.8966621160507202,
        0.896647036075592,
        0.8966326117515564,
        0.8966188430786133,
        0.8966052532196045,
        0.8965927362442017,
        0.8965811729431152,
        0.8965697884559631,
        0.8965590000152588,
        0.8965491652488708,
        0.8965397477149963,
        0.8965310454368591,
        0.8965229988098145,
        0.8965150117874146,
        0.8965084552764893,
        0.8965020179748535,
        0.8964956402778625,
        0.8964903354644775,
        0.8964847922325134,
        0.8964803814888,
        0.896475613117218,
        0.896471381187439,
        0.8964676856994629,
        0.8964640498161316,
        0.8964607119560242,
        0.8964575529098511,
        0.8964545726776123,
        0.8964520692825317,
        0.8964492082595825,
        0.8964465856552124,
        0.8964443206787109,
        0.8964418172836304,
        0.8964393734931946,
        0.8964372277259827,
        0.896435022354126,
        0.8964325785636902,
        0.896430253982544,
        0.8964279294013977,
        0.8964254260063171,
        0.8964225053787231,
        0.8964198231697083,
        0.8964169025421143,
        0.8964134454727173,
        0.8964101076126099,
        0.8964066505432129,
        0.8964030146598816,
        0.8963994383811951,
        0.8963956832885742,
        0.8963920474052429,
        0.8963888883590698,
        0.8963857293128967,
        0.896382749080658,
        0.8963797688484192,
        0.8963773250579834,
        0.8963747024536133,
        0.896372377872467,
        0.8963696956634521,
        0.8963672518730164,
        0.8963649272918701,
        0.8963621854782104,
        0.8963600993156433,
        0.8963582515716553,
        0.8963561058044434,
        0.8963537812232971,
        0.8963517546653748,
        0.8963502645492554,
        0.8963481783866882,
        0.8963469862937927,
        0.8963455557823181,
        0.896344006061554,
        0.896342933177948,
        0.8963413238525391,
        0.8963403105735779,
        0.8963388800621033,
        0.8963376879692078,
        0.8963361382484436,
        0.8963348269462585,
        0.8963333964347839,
        0.8963318467140198,
        0.8963304758071899,
        0.8963289856910706,
        0.8963274359703064,
        0.8963261246681213,
        0.8963246941566467,
        0.8963228464126587,
        0.8963212966918945,
        0.8963200449943542,
        0.8963185548782349,
        0.8963168263435364,
        0.8963154554367065,
        0.8963138461112976,
        0.8963120579719543,
        0.8963104486465454,
        0.8963091373443604,
        0.8963073492050171,
        0.8963058590888977,
        0.8963043689727783,
        0.8963029384613037,
        0.8963015079498291,
        0.8963001370429993,
        0.8962985873222351,
        0.8962972164154053,
        0.8962959051132202,
        0.8962947130203247,
        0.8962934017181396,
        0.8962918519973755,
        0.8962904214859009,
        0.8962892293930054,
        0.8962880969047546,
        0.8962868452072144,
        0.8962857127189636,
        0.8962843418121338,
        0.8962832093238831,
        0.8962820172309875,
        0.8962807059288025,
        0.8962796926498413,
        0.896278440952301,
        0.8962775468826294,
        0.896276593208313,
        0.8962754607200623,
        0.8962745070457458,
        0.8962734341621399,
        0.8962723612785339,
        0.8962711691856384,
        0.8962703347206116,
        0.8962693214416504,
        0.896268367767334,
        0.8962675929069519,
        0.8962664008140564,
        0.8962655663490295,
        0.8962645530700684,
        0.8962634801864624,
        0.896262526512146,
        0.8962616920471191,
        0.8962605595588684,
        0.896259605884552,
        0.896258533000946,
        0.896257758140564,
        0.896256685256958,
        0.8962557911872864,
        0.8962548971176147,
        0.8962540030479431,
        0.8962529301643372,
        0.8962519764900208,
        0.8962510228157043,
        0.8962499499320984,
        0.8962489366531372,
        0.8962478637695312,
        0.8962469100952148,
        0.896246075630188,
        0.8962450623512268,
        0.8962441682815552,
        0.8962433934211731,
        0.8962422609329224,
        0.8962414860725403,
        0.8962406516075134,
        0.8962401747703552,
        0.8962389826774597,
        0.8962380290031433,
        0.896237313747406,
        0.8962364196777344,
        0.896235466003418,
        0.8962347507476807,
        0.8962339162826538,
        0.8962332606315613,
        0.8962324261665344,
        0.8962315917015076,
        0.8962307572364807,
        0.8962300419807434,
        0.8962290287017822,
        0.8962281346321106,
        0.8962273597717285,
        0.8962266445159912,
        0.8962258696556091,
        0.8962249755859375,
        0.8962244987487793,
        0.8962237238883972,
        0.8962231874465942,
        0.8962221741676331,
        0.8962216377258301,
        0.8962209820747375,
        0.8962200284004211,
        0.8962194919586182,
        0.8962186574935913,
        0.8962181806564331,
        0.8962175250053406,
        0.896216869354248,
        0.8962162733078003,
        0.8962156176567078,
