{
    "normalized_frobenius_error": 0.9050009846687317,
    "masked_rmse": 0.11873450875282288,
    "mean_nonzero_value": 1.3623639345169067,
    "relative_rmse": 0.08715330064296722,
    "explained_variance": 0.18097323179244995,
    "computation_time": 0.3416130542755127,
    "all_factors_non_negative": true,
    "factor_sparsity": [
        "29.84%",
        "29.57%",
        "18.06%"
    ],
    "device": "mps",
    "best_initialization": "random",
    "errors_history": [
        0.9713500142097473,
        0.9514192938804626,
        0.9369710087776184,
        0.9251213073730469,
        0.9153831601142883,
        0.9107592105865479,
        0.909094512462616,
        0.9081960916519165,
        0.9075538516044617,
        0.9070613384246826,
        0.9066793918609619,
        0.9063481092453003,
        0.9060147404670715,
        0.9057191610336304,
        0.9054928421974182,
        0.9053301215171814,
        0.9052215814590454,
        0.9051527380943298,
        0.9051082134246826,
        0.9050803780555725,
        0.9050620794296265,
        0.9050492644309998,
        0.9050394892692566,
        0.9050314426422119,
        0.9050257802009583,
        0.905021607875824,
        0.9050182700157166,
        0.9050156474113464,
        0.905013382434845,
        0.9050116539001465,
        0.9050101041793823,
        0.9050089716911316,
        0.9050080180168152,
        0.9050073027610779,
        0.9050066471099854,
        0.9050059914588928,
        0.9050055146217346,
        0.9050048589706421,
        0.9050042629241943,
        0.9050036072731018,
        0.9050029516220093,
        0.9050024747848511,
        0.9050021767616272,
        0.9050019979476929,
        0.905001699924469,
        0.9050014019012451,
        0.9050012826919556,
        0.9050012230873108,
        0.9050009846687317,
        0.9050009846687317
    ],
    "l1_regularization": 0.0,
    "l2_regularization": 0.0,
    "random_state": 800981,
    "c1_unique_zones": 3,
    "c2_unique_od_pairs": 0,
    "c1_c2_approach": "percentage",
    "c1_c2_percentage": 0.2
}