{
    "normalized_frobenius_error": 0.9348036050796509,
    "masked_rmse": 0.1963316798210144,
    "mean_nonzero_value": 1.5507972240447998,
    "relative_rmse": 0.1266004890203476,
    "explained_variance": 0.1261422038078308,
    "computation_time": 0.5286710262298584,
    "all_factors_non_negative": true,
    "factor_sparsity": [
        "19.81%",
        "18.26%",
        "2.86%"
    ],
    "device": "cpu",
    "best_initialization": "random",
    "errors_history": [
        0.9664974212646484,
        0.9624359011650085,
        0.961994469165802,
        0.9617049098014832,
        0.9613727331161499,
        0.9609408378601074,
        0.9603469967842102,
        0.9595282673835754,
        0.9584358334541321,
        0.9570884108543396,
        0.9556001424789429,
        0.9541343450546265,
        0.9527679681777954,
        0.9514358639717102,
        0.9500068426132202,
        0.9484283328056335,
        0.9467952847480774,
        0.945302426815033,
        0.9440847635269165,
        0.9431037306785583,
        0.9422367215156555,
        0.9413959980010986,
        0.9405879378318787,
        0.9398824572563171,
        0.9393265843391418,
        0.9389075636863708,
        0.938591718673706,
        0.9383446574211121,
        0.9381455183029175,
        0.9379778504371643,
        0.9378334879875183,
        0.9377059936523438,
        0.9375947713851929,
        0.9374957084655762,
        0.9374081492424011,
        0.9373317956924438,
        0.937265932559967,
        0.9372090697288513,
        0.9371588826179504,
        0.9371161460876465,
        0.9370792508125305,
        0.9370468258857727,
        0.937018632888794,
        0.9369943141937256,
        0.9369727969169617,
        0.9369536638259888,
        0.9369361996650696,
        0.9369210004806519,
        0.9369065761566162,
        0.9368934035301208,
        0.9368807673454285,
        0.9368692636489868,
        0.9368582367897034,
        0.9368482232093811,
        0.936838686466217,
        0.936829686164856,
        0.9368212223052979,
        0.9368136525154114,
        0.9368064403533936,
        0.9367992281913757,
        0.9367929100990295,
        0.9367868900299072,
        0.9367809295654297,
        0.9367749691009521,
        0.9367696046829224,
        0.9367647171020508,
        0.9367594122886658,
        0.9367542862892151,
        0.9367498755455017,
        0.9367451667785645,
        0.9367406964302063,
        0.9367367029190063,
        0.9367325305938721,
        0.9367287158966064,
        0.9367251992225647,
        0.936721682548523,
        0.9367185235023499,
        0.9367153644561768,
        0.9367123246192932,
        0.9367086887359619,
        0.9367053508758545,
        0.9367021918296814,
        0.9366987943649292,
        0.9366956949234009,
        0.9366919994354248,
        0.9366881847381592,
        0.9366846084594727,
        0.9366806149482727,
        0.9366772770881653,
        0.9366738796234131,
        0.9366706609725952,
        0.936667263507843,
        0.9366645216941833,
        0.9366621971130371,
        0.9366595149040222,
        0.9366564154624939,
        0.9366542100906372,
        0.9366514682769775,
        0.9366488456726074,
        0.9366464614868164,
        0.9366437792778015,
        0.9366417527198792,
        0.9366388916969299,
        0.9366363883018494,
        0.936634361743927,
        0.9366323947906494,
        0.9366300106048584,
        0.9366280436515808,
        0.9366254806518555,
        0.936623215675354,
        0.9366204738616943,
        0.9366182684898376,
        0.9366160035133362,
        0.9366135597229004,
        0.9366114139556885,
        0.9366092681884766,
        0.9366069436073303,
        0.9366047978401184,
        0.936602771282196,
        0.9366002678871155,
        0.9365978837013245,
        0.9365959167480469,
        0.9365934133529663,
        0.9365915656089783,
        0.9365894794464111,
        0.936587393283844,
        0.9365848898887634,
        0.936582624912262,
        0.9365805387496948,
        0.9365784525871277,
        0.9365761280059814,
        0.9365740418434143,
        0.9365717768669128,
        0.9365693926811218,
        0.9365670084953308,
        0.9365650415420532,
        0.9365628361701965,
        0.9365601539611816,
        0.9365578889846802,
        0.9365561604499817,
        0.9365538358688354,
        0.9365516901016235,
        0.9365494847297668,
        0.936547040939331,
        0.93654465675354,
        0.936542272567749,
        0.9365398287773132,
        0.9365373849868774,
        0.9365355968475342,
        0.9365331530570984,
        0.9365304112434387,
        0.9365284442901611,
        0.9365257024765015,
        0.9365239143371582,
        0.9365215301513672,
        0.9365189075469971,
        0.936516523361206,
        0.9365139603614807,
        0.936511754989624,
        0.9365094304084778,
        0.9365069270133972,
        0.9365047216415405,
        0.9365020394325256,
        0.9364989399909973,
        0.9364966750144958,
        0.9364944696426392,
        0.9364916086196899,
        0.9364890456199646,
        0.9364866018295288,
        0.9364838600158691,
        0.9364809989929199,
        0.9364780783653259,
        0.9364751577377319,
        0.9364724159240723,
        0.9364697933197021,
        0.9364672303199768,
        0.9364639520645142,
        0.9364612698554993,
        0.936458170413971,
        0.9364550113677979,
        0.9364517331123352,
        0.9364485144615173,
        0.9364452362060547,
        0.9364421963691711,
        0.9364386796951294,
        0.9364348649978638,
        0.9364309310913086,
        0.9364273548126221,
        0.9364240765571594,
        0.9364205002784729,
        0.9364163875579834,
        0.9364122152328491,
        0.9364082217216492,
        0.9364044070243835,
        0.9363996982574463,
        0.936396062374115,
        0.9363918304443359,
        0.9363874793052673,
        0.9363828897476196,
        0.9363780617713928,
        0.9363737106323242,
        0.9363695383071899,
        0.936364471912384,
        0.9363595247268677,
        0.9363551735877991,
        0.9363502264022827,
        0.9363455176353455,
        0.9363409280776978,
        0.9363363981246948,
        0.9363312721252441,
        0.9363262057304382,
        0.9363219738006592,
        0.9363172054290771,
        0.9363123178482056,
        0.9363078474998474,
        0.9363030195236206,
        0.9362982511520386,
        0.9362937808036804,
        0.9362894892692566,
        0.9362847208976746,
        0.936279833316803,
        0.9362758994102478,
        0.9362710118293762,
        0.9362666606903076,
        0.936262309551239,
        0.9362576603889465,
        0.9362533092498779,
        0.9362489581108093,
        0.9362441301345825,
        0.93623948097229,
        0.936234712600708,
        0.9362300038337708,
        0.936225414276123,
        0.9362204670906067,
        0.9362161755561829,
        0.9362107515335083,
        0.9362058043479919,
        0.9362007975578308,
        0.936195969581604,
        0.9361910223960876,
        0.9361854195594788,
        0.936179518699646,
        0.9361730217933655,
        0.9361675381660461,
        0.9361612200737,
        0.9361550211906433,
        0.9361488223075867,
        0.9361422061920166,
        0.9361354112625122,
        0.9361289739608765,
        0.9361226558685303,
        0.9361159205436707,
        0.9361098408699036,
        0.9361038208007812,
        0.9360975623130798,
        0.9360912442207336,
        0.9360849857330322,
        0.936078667640686,
        0.9360723495483398,
        0.936066746711731,
        0.9360604286193848,
        0.9360545873641968,
        0.9360484480857849,
        0.9360427260398865,
        0.9360371232032776,
        0.9360316395759583,
        0.9360262155532837,
        0.9360207915306091,
        0.9360151290893555,
        0.9360100626945496,
