{
    "normalized_frobenius_error": 0.8854610323905945,
    "masked_rmse": 0.12032470107078552,
    "mean_nonzero_value": 1.1494661569595337,
    "relative_rmse": 0.10467876493930817,
    "explained_variance": 0.215958833694458,
    "computation_time": 0.5230028629302979,
    "all_factors_non_negative": true,
    "factor_sparsity": [
        "23.18%",
        "20.91%",
        "16.67%"
    ],
    "device": "mps",
    "best_initialization": "random",
    "errors_history": [
        0.957019567489624,
        0.9376084208488464,
        0.9215251803398132,
        0.9073687791824341,
        0.8983839750289917,
        0.8948080539703369,
        0.8931972980499268,
        0.8921926617622375,
        0.891449511051178,
        0.8908451795578003,
        0.8903036713600159,
        0.8897812962532043,
        0.8892357349395752,
        0.888615071773529,
        0.8879632353782654,
        0.8874295949935913,
        0.8870217204093933,
        0.8867112398147583,
        0.8864955902099609,
        0.8863433003425598,
        0.8862252831459045,
        0.8861159682273865,
        0.88602614402771,
        0.885949969291687,
        0.8858728408813477,
        0.8858059048652649,
        0.8857578039169312,
        0.8857231736183167,
        0.8856953382492065,
        0.8856701850891113,
        0.8856470584869385,
        0.8856266736984253,
        0.8856093287467957,
        0.8855945467948914,
        0.8855823278427124,
        0.8855723738670349,
        0.8855640888214111,
        0.8855520486831665,
        0.8855116963386536,
        0.8854984641075134,
        0.8854935765266418,
        0.8854901194572449,
        0.8854867815971375,
        0.8854827880859375,
        0.8854783773422241,
        0.8854745626449585,
        0.885472297668457,
        0.8854709267616272,
        0.8854696750640869,
        0.8854681253433228,
        0.8854668140411377,
        0.8854659795761108,
        0.8854653835296631,
        0.8854649662971497,
        0.8854645490646362,
        0.8854642510414124,
        0.8854638934135437,
        0.8854636549949646,
        0.8854634165763855,
        0.8854632377624512,
        0.8854630589485168,
        0.8854629397392273,
        0.8854628205299377,
        0.8854626417160034,
        0.8854625225067139,
        0.8854624629020691,
        0.8854623436927795,
        0.88546222448349,
        0.8854620456695557,
        0.8854619264602661,
        0.8854616284370422,
        0.8854615092277527,
        0.8854612708091736,
        0.885461151599884,
        0.8854610919952393,
        0.8854610919952393
    ],
    "l1_regularization": 0.0,
    "l2_regularization": 0.0,
    "random_state": 817335,
    "c1_unique_zones": 1,
    "c2_unique_od_pairs": 0,
    "c1_c2_approach": "percentage",
    "c1_c2_percentage": 0.2
}