{
    "normalized_frobenius_error": 0.8564397096633911,
    "masked_rmse": 0.223372682929039,
    "mean_nonzero_value": 1.345635175704956,
    "relative_rmse": 0.1659979522228241,
    "explained_variance": 0.26651108264923096,
    "computation_time": 0.6620349884033203,
    "all_factors_non_negative": true,
    "factor_sparsity": [
        "21.33%",
        "18.22%",
        "12.50%"
    ],
    "device": "mps",
    "best_initialization": "random",
    "errors_history": [
        0.9429332613945007,
        0.9281714558601379,
        0.9107962250709534,
        0.8971920609474182,
        0.888433575630188,
        0.881270706653595,
        0.8735382556915283,
        0.8679032325744629,
        0.8652455806732178,
        0.8638714551925659,
        0.8629778623580933,
        0.8623043894767761,
        0.8617239594459534,
        0.8611571788787842,
        0.8605631589889526,
        0.8599360585212708,
        0.859302818775177,
        0.858709990978241,
        0.858196496963501,
        0.8577823042869568,
        0.8574665188789368,
        0.857233464717865,
        0.8570628762245178,
        0.856937050819397,
        0.8568432331085205,
        0.8567720651626587,
        0.8567174673080444,
        0.8566747307777405,
        0.8566405773162842,
        0.8566124439239502,
        0.8565884828567505,
        0.8565683364868164,
        0.8565517663955688,
        0.8565382361412048,
        0.8565271496772766,
        0.856518030166626,
        0.8565104603767395,
        0.8565043210983276,
        0.856499195098877,
        0.8564949035644531,
        0.8564913272857666,
        0.8564882874488831,
        0.8564857840538025,
        0.8564835786819458,
        0.8564817905426025,
        0.856480062007904,
        0.8564785122871399,
        0.8564770221710205,
        0.8564757704734802,
        0.8564745783805847,
        0.8564733266830444,
        0.8564720749855042,
        0.8564708828926086,
        0.8564696907997131,
        0.8564684987068176,
        0.8564673066139221,
        0.8564661741256714,
        0.8564649224281311,
        0.8564637899398804,
        0.8564626574516296,
        0.8564614057540894,
        0.8564602732658386,
        0.8564590811729431,
        0.8564577102661133,
        0.8564565777778625,
        0.8564554452896118,
        0.8564541935920715,
        0.8564530611038208,
        0.8564519882202148,
        0.8564509153366089,
        0.8564498424530029,
        0.8564488291740417,
        0.8564479351043701,
        0.8564470410346985,
        0.8564462661743164,
        0.8564453721046448,
        0.8564447164535522,
        0.8564441204071045,
        0.8564435839653015,
        0.8564430475234985,
        0.8564426898956299,
        0.8564422726631165,
        0.8564419150352478,
        0.8564416766166687,
        0.8564414381980896,
        0.8564411401748657,
        0.8564409613609314,
        0.8564406633377075,
        0.856440544128418,
        0.8564404249191284,
        0.8564403057098389,
        0.8564401268959045,
        0.8564399480819702,
        0.8564398288726807,
        0.8564398884773254,
        0.8564397096633911,
        0.8564397096633911
    ],
    "l1_regularization": 0.0,
    "l2_regularization": 0.0,
    "random_state": 691403,
    "c1_unique_zones": 2,
    "c2_unique_od_pairs": 0,
    "c1_c2_approach": "percentage",
    "c1_c2_percentage": 0.2
}