{
  "total_core_entries": 60,
  "total_energy": 766.0340576171875,
  "num_entries_80pct": 3,
  "selected_indices": [
    [
      0,
      2,
      3
    ],
    [
      1,
      3,
      2
    ],
    [
      2,
      0,
      1
    ]
  ],
  "selected_energies": [
    295.534423828125,
    191.6573028564453,
    144.93601989746094
  ]
}