{
    "normalized_frobenius_error": 0.9053640365600586,
    "masked_rmse": 0.11878214031457901,
    "mean_nonzero_value": 1.3623639345169067,
    "relative_rmse": 0.08718825876712799,
    "explained_variance": 0.18031597137451172,
    "computation_time": 0.982187032699585,
    "all_factors_non_negative": true,
    "factor_sparsity": [
        "46.77%",
        "45.16%",
        "25.00%"
    ],
    "device": "mps",
    "best_initialization": "random",
    "errors_history": [
        0.9748584032058716,
        0.9611948132514954,
        0.9476227164268494,
        0.9359766840934753,
        0.9284188151359558,
        0.923886239528656,
        0.919996976852417,
        0.9165496230125427,
        0.914330780506134,
        0.913120687007904,
        0.9124071598052979,
        0.9119676351547241,
        0.9116930961608887,
        0.9115244150161743,
        0.9114096760749817,
        0.9113151431083679,
        0.9112301468849182,
        0.9111579060554504,
        0.9110981822013855,
        0.9110450148582458,
        0.9109987020492554,
        0.9109569787979126,
        0.9109187722206116,
        0.9108802676200867,
        0.9108390212059021,
        0.9107913374900818,
        0.9107350707054138,
        0.910668134689331,
        0.9105905294418335,
        0.9105023741722107,
        0.9104006886482239,
        0.9102779626846313,
        0.9101241230964661,
        0.9099311232566833,
        0.9097002744674683,
        0.909424364566803,
        0.9090593457221985,
        0.9087009429931641,
        0.908348023891449,
        0.9079998731613159,
        0.907656192779541,
        0.9073358178138733,
        0.9070473909378052,
        0.9067971110343933,
        0.9065743684768677,
        0.9063683748245239,
        0.9062053561210632,
        0.9060683846473694,
        0.9058701992034912,
        0.9057741165161133,
        0.9057014584541321,
        0.9056417346000671,
        0.9055918455123901,
        0.9055501222610474,
        0.9055207371711731,
        0.9054996371269226,
        0.9054834842681885,
        0.9054705500602722,
        0.9054601192474365,
        0.9054517149925232,
        0.9054449796676636,
        0.905439555644989,
        0.9054343700408936,
        0.9054280519485474,
        0.9054195284843445,
        0.905411422252655,
        0.9054059386253357,
        0.9054020047187805,
        0.9053988456726074,
        0.9053959846496582,
        0.9053934812545776,
        0.9053913950920105,
        0.9053894877433777,
        0.9053876399993896,
        0.9053860306739807,
        0.9053844213485718,
        0.9053827524185181,
        0.9053813219070435,
        0.9053798317909241,
        0.9053783416748047,
        0.9053771495819092,
        0.9053759574890137,
        0.9053746461868286,
        0.9053733944892883,
        0.9053725004196167,
        0.9053717851638794,
        0.9053710699081421,
        0.9053705334663391,
        0.9053700566291809,
        0.9053696393966675,
        0.9053692817687988,
        0.9053685069084167,
        0.9053675532341003,
        0.9053670763969421,
        0.9053667783737183,
        0.9053665995597839,
        0.9053664207458496,
        0.9053663015365601,
        0.9053660035133362,
        0.9053659439086914,
        0.9053657054901123,
        0.905365526676178,
        0.9053654670715332,
        0.9053652286529541,
        0.9053650498390198,
        0.9053648710250854,
        0.9053645730018616,
        0.9053645133972168,
        0.9053642749786377,
        0.9053642153739929,
        0.9053640961647034,
        0.9053640365600586,
        0.9053640365600586
    ],
    "l1_regularization": 0.0,
    "l2_regularization": 0.0,
    "random_state": 360075,
    "c1_unique_zones": 1,
    "c2_unique_od_pairs": 0,
    "c1_c2_approach": "percentage",
    "c1_c2_percentage": 0.2
}