{
    "normalized_frobenius_error": 0.9011093974113464,
    "masked_rmse": 0.18925559520721436,
    "mean_nonzero_value": 1.5507972240447998,
    "relative_rmse": 0.1220376119017601,
    "explained_variance": 0.1880018711090088,
    "computation_time": 0.5420329570770264,
    "all_factors_non_negative": true,
    "factor_sparsity": [
        "18.60%",
        "16.36%",
        "6.43%"
    ],
    "device": "cpu",
    "best_initialization": "svd",
    "errors_history": [
        0.9548727869987488,
        0.9496999979019165,
        0.9461001753807068,
        0.9423898458480835,
        0.938288152217865,
        0.9338464736938477,
        0.9291710257530212,
        0.9247226119041443,
        0.9213082194328308,
        0.9190049767494202,
        0.9174157381057739,
        0.9162521958351135,
        0.9153686165809631,
        0.9146767258644104,
        0.9141213893890381,
        0.9136589765548706,
        0.9132598638534546,
        0.9129040241241455,
        0.9125743508338928,
        0.9122605919837952,
        0.9119510054588318,
        0.9116395115852356,
        0.9113250374794006,
        0.9110100865364075,
        0.9107065200805664,
        0.9104254245758057,
        0.9101743698120117,
        0.9099534153938293,
        0.909758448600769,
        0.9095829129219055,
        0.9094201922416687,
        0.9092669486999512,
        0.9091202020645142,
        0.9089787006378174,
        0.9088435769081116,
        0.9087153673171997,
        0.9085944890975952,
        0.9084785580635071,
        0.9083665013313293,
        0.908258855342865,
        0.9081581830978394,
        0.9080653786659241,
        0.9079780578613281,
        0.907896101474762,
        0.9078192114830017,
        0.907745897769928,
        0.9076751470565796,
        0.9076062440872192,
        0.907537579536438,
        0.9074693918228149,
        0.9074029326438904,
        0.9073382019996643,
        0.9072760939598083,
        0.9072163105010986,
        0.9071574211120605,
        0.9070994853973389,
        0.9070411920547485,
        0.9069822430610657,
        0.9069220423698425,
        0.9068605899810791,
        0.9067970514297485,
        0.906731128692627,
        0.9066623449325562,
        0.9065911769866943,
        0.9065172672271729,
        0.9064408540725708,
        0.9063634872436523,
        0.906284749507904,
        0.9062054753303528,
        0.9061247706413269,
        0.9060445427894592,
        0.9059632420539856,
        0.9058818817138672,
        0.9057996869087219,
        0.9057168960571289,
        0.905634343624115,
        0.9055517315864563,
        0.9054698348045349,
        0.9053881764411926,
        0.9053078293800354,
        0.905228316783905,
        0.9051486849784851,
        0.9050697684288025,
        0.9049922227859497,
        0.9049147367477417,
        0.9048385620117188,
        0.9047634601593018,
        0.9046894907951355,
        0.9046172499656677,
        0.9045465588569641,
        0.9044772386550903,
        0.9044086337089539,
        0.9043416380882263,
        0.9042730331420898,
        0.9042041301727295,
        0.9041319489479065,
        0.9040548801422119,
        0.9039686918258667,
        0.9038719534873962,
        0.9037606716156006,
        0.903636634349823,
        0.9035021662712097,
        0.9033671021461487,
        0.903236985206604,
        0.9031177163124084,
        0.903007984161377,
        0.902909517288208,
        0.9028207063674927,
        0.9027388095855713,
        0.9026628136634827,
        0.9025925397872925,
        0.9025276303291321,
        0.9024678468704224,
        0.9024131298065186,
        0.9023628234863281,
        0.9023162126541138,
        0.9022727608680725,
        0.9022297859191895,
        0.902188777923584,
        0.9021487832069397,
        0.9021115899085999,
        0.9020771384239197,
        0.9020451307296753,
        0.9020153284072876,
        0.9019890427589417,
        0.9019657373428345,
        0.9019453525543213,
        0.9019266963005066,
        0.9019100666046143,
        0.9018946290016174,
        0.9018805027008057,
        0.9018668532371521,
        0.9018535614013672,
        0.9018415212631226,
        0.9018309116363525,
        0.9018205404281616,
        0.901810884475708,
        0.901802659034729,
        0.9017940163612366,
        0.9017862677574158,
        0.901779055595398,
        0.9017719030380249,
        0.9017652273178101,
        0.9017583131790161,
        0.9017514586448669,
        0.9017442464828491,
        0.901736319065094,
        0.9017282128334045,
        0.9017186164855957,
        0.9017081260681152,
        0.9016966223716736,
        0.9016838073730469,
        0.9016704559326172,
        0.9016566872596741,
        0.9016422629356384,
        0.9016289114952087,
        0.9016168117523193,
        0.9016062021255493,
        0.90159672498703,
        0.9015888571739197,
        0.9015817642211914,
        0.9015758037567139,
        0.9015706181526184,
        0.9015660881996155,
        0.901561439037323,
        0.901557207107544,
        0.9015534520149231,
        0.9015498161315918,
        0.9015456438064575,
        0.9015418887138367,
        0.9015371799468994,
        0.9015316367149353,
        0.9015243649482727,
        0.9015151262283325,
        0.9015021920204163,
        0.9014846682548523,
        0.9014633297920227,
        0.9014391303062439,
        0.9014155268669128,
        0.9013959169387817,
        0.9013803005218506,
        0.9013678431510925,
        0.9013569355010986,
        0.9013473391532898,
        0.9013389945030212,
        0.9013313055038452,
        0.9013243317604065,
        0.901317298412323,
        0.9013113379478455,
        0.9013051986694336,
        0.9013000130653381,
        0.9012951850891113,
        0.9012904763221741,
        0.9012864828109741,
        0.9012821912765503,
        0.901278555393219,
        0.9012749195098877,
        0.9012715220451355,
        0.9012683033943176,
        0.9012649655342102,
        0.901262104511261,
        0.901259183883667,
        0.9012563824653625,
        0.9012532830238342,
        0.9012511372566223,
        0.9012482166290283,
        0.9012455344200134,
        0.9012429714202881,
        0.9012409448623657,
        0.9012380838394165,
        0.9012354016304016,
        0.9012332558631897,
        0.9012309312820435,
        0.9012283682823181,
        0.9012258052825928,
        0.901223361492157,
        0.9012211561203003,
        0.9012186527252197,
        0.9012168049812317,
        0.9012150168418884,
        0.9012129902839661,
        0.9012112021446228,
        0.9012094140052795,
        0.9012077450752258,
        0.9012056589126587,
        0.9012040495872498,
        0.901202380657196,
        0.9012007117271423,
        0.901199460029602,
        0.9011976718902588,
        0.9011960029602051,
        0.9011944532394409,
        0.9011930227279663,
        0.9011915922164917,
        0.9011900424957275,
        0.901188850402832,
        0.9011871814727783,
        0.901185929775238,
        0.9011844992637634,
        0.901183009147644,
        0.9011819958686829,
        0.9011805057525635,
        0.9011790752410889,
        0.9011778831481934,
        0.9011765718460083,
        0.9011751413345337,
        0.901174008846283,
        0.9011726379394531,
        0.9011714458465576,
        0.901170551776886,
        0.9011693596839905,
        0.9011682868003845,
        0.9011672139167786,
        0.901165783405304,
        0.9011646509170532,
        0.9011633992195129,
        0.9011624455451965,
        0.9011613726615906,
        0.9011602997779846,
        0.9011592864990234,
        0.9011586308479309,
        0.9011576175689697,
        0.9011567234992981,
        0.9011557698249817,
        0.9011549353599548,
        0.9011542201042175,
        0.9011529684066772,
        0.9011524319648743,
        0.9011517763137817,
        0.9011507630348206,
