{
    "normalized_frobenius_error": 0.8761531710624695,
    "masked_rmse": 0.21850340068340302,
    "mean_nonzero_value": 1.3371909856796265,
    "relative_rmse": 0.16340477764606476,
    "explained_variance": 0.23235559463500977,
    "computation_time": 0.5591130256652832,
    "all_factors_non_negative": true,
    "factor_sparsity": [
        "14.07%",
        "19.68%",
        "8.57%"
    ],
    "device": "cpu",
    "best_initialization": "svd",
    "errors_history": [
        0.9268129467964172,
        0.9139996767044067,
        0.906735360622406,
        0.9023458957672119,
        0.8986797332763672,
        0.8956039547920227,
        0.8933312296867371,
        0.8917465209960938,
        0.8905824422836304,
        0.8896333575248718,
        0.8887965679168701,
        0.8880385160446167,
        0.8873540163040161,
        0.8867335915565491,
        0.8861687779426575,
        0.885649561882019,
        0.8851685523986816,
        0.8847221732139587,
        0.8843092322349548,
        0.883931040763855,
        0.883587658405304,
        0.8832789063453674,
        0.8830021619796753,
        0.8827552199363708,
        0.8825337290763855,
        0.8823321461677551,
        0.8821477890014648,
        0.8819764256477356,
        0.8818163871765137,
        0.8816661834716797,
        0.8815261125564575,
        0.8813955187797546,
        0.8812762498855591,
        0.8811684846878052,
        0.8810721635818481,
        0.8809857964515686,
        0.8809090852737427,
        0.880840539932251,
        0.880778968334198,
        0.8807226419448853,
        0.8806719779968262,
        0.8806251287460327,
        0.8805810809135437,
        0.8805401921272278,
        0.8805017471313477,
        0.8804652094841003,
        0.8804311752319336,
        0.8803982734680176,
        0.8803673386573792,
        0.880337119102478,
        0.8803081512451172,
        0.880280613899231,
        0.8802535533905029,
        0.8802280426025391,
        0.8802026510238647,
        0.8801786303520203,
        0.8801549077033997,
        0.8801306486129761,
        0.880107581615448,
        0.8800844550132751,
        0.8800613284111023,
        0.8800379037857056,
        0.8800150752067566,
        0.8799920678138733,
        0.8799694180488586,
        0.8799465298652649,
        0.8799240589141846,
        0.8799009323120117,
        0.8798782229423523,
        0.8798558115959167,
        0.8798334002494812,
        0.8798114657402039,
        0.8797896504402161,
        0.8797680735588074,
        0.8797468543052673,
        0.8797264099121094,
        0.8797063231468201,
        0.8796866536140442,
        0.8796677589416504,
        0.87964928150177,
        0.8796316385269165,
        0.8796143531799316,
        0.8795976042747498,
        0.8795815110206604,
        0.8795654773712158,
        0.8795499801635742,
        0.8795352578163147,
        0.8795206546783447,
        0.8795061707496643,
        0.8794928193092346,
        0.8794791102409363,
        0.8794658184051514,
        0.8794530630111694,
        0.8794403672218323,
        0.8794277310371399,
        0.8794156312942505,
        0.8794035911560059,
        0.8793916702270508,
        0.8793798089027405,
        0.8793681859970093,
        0.8793569207191467,
        0.8793458938598633,
        0.8793343305587769,
        0.87932288646698,
        0.8793120980262756,
        0.8793009519577026,
        0.8792897462844849,
        0.8792790174484253,
        0.8792685270309448,
        0.8792573809623718,
        0.8792471885681152,
        0.879236102104187,
        0.8792251944541931,
        0.8792150020599365,
        0.8792040348052979,
        0.8791927695274353,
        0.8791819214820862,
        0.879170835018158,
        0.8791593909263611,
        0.8791484832763672,
        0.8791366815567017,
        0.8791248202323914,
        0.8791126012802124,
        0.8791003227233887,
        0.8790879845619202,
        0.8790751695632935,
        0.879061222076416,
        0.879047691822052,
        0.8790327310562134,
        0.8790172338485718,
        0.879001259803772,
        0.8789845705032349,
        0.8789668679237366,
        0.878947377204895,
        0.8789282441139221,
        0.8789064288139343,
        0.8788840174674988,
        0.8788595199584961,
        0.8788327574729919,
        0.8788047432899475,
        0.8787742257118225,
        0.8787413835525513,
        0.8787057995796204,
        0.8786672949790955,
        0.8786261081695557,
        0.878582775592804,
        0.8785361051559448,
        0.8784865140914917,
        0.8784353137016296,
        0.8783815503120422,
        0.8783270716667175,
        0.8782714605331421,
        0.8782144784927368,
        0.8781582713127136,
        0.878102719783783,
        0.8780485987663269,
        0.8779956698417664,
        0.8779454827308655,
        0.8778960704803467,
        0.8778492212295532,
        0.8778049945831299,
        0.8777622580528259,
        0.8777212500572205,
        0.8776805400848389,
        0.877640962600708,
        0.877600908279419,
        0.8775608539581299,
        0.8775206208229065,
        0.8774820566177368,
        0.8774446249008179,
        0.8774102330207825,
        0.8773779273033142,
        0.8773487210273743,
        0.8773216605186462,
        0.8772960305213928,
        0.877272367477417,
        0.8772501349449158,
        0.8772286176681519,
        0.8772070407867432,
        0.8771858811378479,
        0.877164363861084,
        0.8771407604217529,
        0.8771141767501831,
        0.8770847916603088,
        0.8770527839660645,
        0.8770214319229126,
        0.876991868019104,
        0.8769649863243103,
        0.8769415020942688,
        0.8769200444221497,
        0.8769003748893738,
        0.8768821358680725,
        0.8768646717071533,
        0.8768484592437744,
        0.8768330216407776,
        0.8768188953399658,
        0.8768051266670227,
        0.8767924308776855,
        0.8767799139022827,
        0.8767692446708679,
        0.8767573833465576,
        0.8767473101615906,
        0.8767369389533997,
        0.8767276406288147,
        0.8767182230949402,
        0.876709520816803,
        0.876701295375824,
        0.8766931295394897,
        0.8766854405403137,
        0.8766782283782959,
        0.8766709566116333,
        0.8766644597053528,
        0.8766576647758484,
        0.876651406288147,
        0.876645565032959,
        0.8766391277313232,
        0.8766339421272278,
        0.8766289353370667,
        0.8766231536865234,
        0.8766179084777832,
        0.8766130208969116,
        0.8766083717346191,
        0.8766036033630371,
        0.8765990138053894,
        0.876594603061676,
        0.8765904307365417,
        0.8765865564346313,
        0.876582682132721,
        0.8765789270401001,
        0.8765751719474792,
        0.8765714764595032,
        0.876568078994751,
        0.8765650391578674,
        0.8765619397163391,
        0.8765584826469421,
        0.8765556216239929,
        0.8765526413917542,
        0.8765496015548706,
        0.8765467405319214,
        0.8765437602996826,
        0.8765410780906677,
        0.8765382170677185,
        0.8765352368354797,
        0.8765319585800171,
        0.876528799533844,
        0.8765256404876709,
        0.8765219449996948,
        0.8765181303024292,
        0.876513659954071,
        0.8765079379081726,
        0.8765016198158264,
        0.876494288444519,
        0.8764864206314087,
        0.8764781355857849,
        0.8764715194702148,
        0.8764654994010925,
        0.8764603137969971,
        0.8764561414718628,
        0.8764521479606628,
        0.8764489889144897,
        0.8764455914497375,
        0.8764421939849854,
        0.8764387965202332,
        0.8764357566833496,
        0.8764325976371765,
        0.8764294385910034,
        0.8764263987541199,
        0.8764237761497498,
        0.8764205574989319,
        0.876417875289917,
