{
    "normalized_frobenius_error": 0.8763678669929504,
    "masked_rmse": 0.19563224911689758,
    "mean_nonzero_value": 1.5989879369735718,
    "relative_rmse": 0.12234754860401154,
    "explained_variance": 0.23197942972183228,
    "computation_time": 1.1924622058868408,
    "all_factors_non_negative": true,
    "factor_sparsity": [
        "25.36%",
        "33.09%",
        "15.97%"
    ],
    "device": "mps",
    "best_initialization": "random",
    "errors_history": [
        0.9560605883598328,
        0.9383747577667236,
        0.9258888363838196,
        0.9159027934074402,
        0.90876305103302,
        0.9033454060554504,
        0.898891270160675,
        0.8951860070228577,
        0.8922753930091858,
        0.8901777267456055,
        0.888799786567688,
        0.8879207372665405,
        0.8873213529586792,
        0.8868608474731445,
        0.8864644169807434,
        0.8861324787139893,
        0.8858686685562134,
        0.8856485486030579,
        0.8854458332061768,
        0.8852385878562927,
        0.8850078582763672,
        0.884733259677887,
        0.8843886852264404,
        0.8839410543441772,
        0.8833616375923157,
        0.8826552629470825,
        0.8818889856338501,
        0.8811647891998291,
        0.8805333375930786,
        0.879920244216919,
        0.8794718980789185,
        0.8792238831520081,
        0.8790937066078186,
        0.8790141940116882,
        0.8789543509483337,
        0.8788962960243225,
        0.8788277506828308,
        0.8787481784820557,
        0.8786704540252686,
        0.8786107897758484,
        0.8785638809204102,
        0.8785200119018555,
        0.8784734010696411,
        0.8784265518188477,
        0.8783752918243408,
        0.8783144354820251,
        0.8782408237457275,
        0.8781682252883911,
        0.878096342086792,
        0.8780195116996765,
        0.8779335618019104,
        0.8778303265571594,
        0.8776972889900208,
        0.8775349259376526,
        0.8773707151412964,
        0.8772268295288086,
        0.8771049976348877,
        0.8770020008087158,
        0.8769151568412781,
        0.8768402934074402,
        0.8767738938331604,
        0.8767151236534119,
        0.876666784286499,
        0.8766288757324219,
        0.8765985369682312,
        0.8765735030174255,
        0.8765522837638855,
        0.8765343427658081,
        0.8765189051628113,
        0.8765060305595398,
        0.8764956593513489,
        0.8764870166778564,
        0.876479983329773,
        0.8764743208885193,
        0.8764698505401611,
        0.8764660954475403,
        0.8764630556106567,
        0.8764604330062866,
        0.8764580488204956,
        0.8764557242393494,
        0.8764531016349792,
        0.8764500617980957,
        0.8764464855194092,
        0.8764423727989197,
        0.8764380216598511,
        0.8764338493347168,
        0.8764299154281616,
        0.8764263987541199,
        0.8764227628707886,
        0.8764191269874573,
        0.8764152526855469,
        0.8764117360115051,
        0.87640780210495,
        0.8764024972915649,
        0.8763955235481262,
        0.8763895034790039,
        0.876386821269989,
        0.8763858079910278,
        0.8763851523399353,
        0.8763846158981323,
        0.8763841986656189,
        0.876383900642395,
        0.8763836026191711,
        0.8763833045959473,
        0.8763831257820129,
        0.8763828873634338,
        0.8763828277587891,
        0.87638258934021,
        0.8763822913169861,
        0.8763821125030518,
        0.8763818740844727,
        0.8763816952705383,
        0.876381516456604,
        0.8763811588287354,
        0.876380980014801,
        0.8763806819915771,
        0.8763802647590637,
        0.8763798475265503,
        0.8763792514801025,
        0.8763790726661682,
        0.8763788342475891,
        0.8763785362243652,
        0.8763783574104309,
        0.8763781785964966,
        0.876378059387207,
        0.8763777613639832,
        0.876377522945404,
        0.8763773441314697,
        0.8763771653175354,
        0.8763768672943115,
        0.8763765096664429,
        0.8763761520385742,
        0.8763757348060608,
        0.876375138759613,
        0.8763744831085205,
        0.8763738870620728,
        0.8763734102249146,
        0.8763728737831116,
        0.8763723969459534,
        0.8763719797134399,
        0.8763716816902161,
        0.8763713836669922,
        0.8763712048530579,
        0.8763709664344788,
        0.8763707876205444,
        0.8763706684112549,
        0.8763705492019653,
        0.8763704895973206,
        0.8763702511787415,
        0.8763700723648071,
        0.876369833946228,
        0.8763696551322937,
        0.8763694763183594,
        0.8763692378997803,
        0.876369059085846,
        0.8763687610626221,
        0.876368522644043,
        0.8763683438301086,
        0.8763681650161743,
        0.8763680458068848,
        0.8763679265975952,
        0.8763678669929504,
        0.8763678669929504
    ],
    "l1_regularization": 0.0,
    "l2_regularization": 0.0,
    "random_state": 1989,
    "c1_unique_zones": 2,
    "c2_unique_od_pairs": 0,
    "c1_c2_approach": "percentage",
    "c1_c2_percentage": 0.2
}