{
    "normalized_frobenius_error": 0.9057245850563049,
    "masked_rmse": 0.11882945895195007,
    "mean_nonzero_value": 1.3623639345169067,
    "relative_rmse": 0.08722299337387085,
    "explained_variance": 0.17966300249099731,
    "computation_time": 1.1368350982666016,
    "all_factors_non_negative": true,
    "factor_sparsity": [
        "41.13%",
        "41.67%",
        "22.92%"
    ],
    "device": "mps",
    "best_initialization": "random",
    "errors_history": [
        0.9721599817276001,
        0.9517403244972229,
        0.9364997148513794,
        0.9287426471710205,
        0.9233911633491516,
        0.9184222221374512,
        0.9141064882278442,
        0.9115018248558044,
        0.9103205800056458,
        0.9097306728363037,
        0.909351646900177,
        0.9090641736984253,
        0.9088260531425476,
        0.9086089730262756,
        0.908383846282959,
        0.9081344604492188,
        0.9078604578971863,
        0.9075778722763062,
        0.907309353351593,
        0.9070677757263184,
        0.9068484306335449,
        0.9066481590270996,
        0.9064686894416809,
        0.9063267111778259,
        0.9062217473983765,
        0.9061382412910461,
        0.9059885144233704,
        0.9059261083602905,
        0.905891478061676,
        0.905870795249939,
        0.9058575630187988,
        0.9058488607406616,
        0.9058430194854736,
        0.9058387279510498,
        0.9058353900909424,
        0.9058325886726379,
        0.9058300852775574,
        0.9058278799057007,
        0.9058256149291992,
        0.9058234095573425,
        0.9058213829994202,
        0.9058193564414978,
        0.9058173894882202,
        0.9058154821395874,
        0.9058135151863098,
        0.9058117270469666,
        0.9058098793029785,
        0.9058082699775696,
        0.9058065414428711,
        0.9058048129081726,
        0.9058032035827637,
        0.9058014750480652,
        0.9057998657226562,
        0.9057982563972473,
        0.9057965874671936,
        0.9057949781417847,
        0.9057932496070862,
        0.9057915210723877,
        0.9057897329330444,
        0.9057878851890564,
        0.9057860970497131,
        0.9057841300964355,
        0.9057822227478027,
        0.9057803153991699,
        0.9057782888412476,
        0.90577632188797,
        0.9057742953300476,
        0.9057722091674805,
        0.9057701826095581,
        0.905768096446991,
        0.9057658910751343,
        0.9057638645172119,
        0.9057617783546448,
        0.9057597517967224,
        0.9057576656341553,
        0.9057556390762329,
        0.9057537317276001,
        0.9057518243789673,
        0.9057499766349792,
        0.9057480692863464,
        0.905746340751648,
        0.905744731426239,
        0.9057431817054749,
        0.9057415723800659,
        0.9057402014732361,
        0.905738890171051,
        0.9057375192642212,
        0.9057363867759705,
        0.9057353138923645,
        0.9057343006134033,
        0.9057333469390869,
        0.9057324528694153,
        0.9057316780090332,
        0.9057309031486511,
        0.9057303667068481,
        0.9057297110557556,
        0.9057291150093079,
        0.9057286381721497,
        0.9057281613349915,
        0.9057276844978333,
        0.9057273864746094,
        0.9057270288467407,
        0.9057267308235168,
        0.905726432800293,
        0.9057261347770691,
        0.9057259559631348,
        0.9057257771492004,
        0.9057255983352661,
        0.905725359916687,
        0.9057253003120422,
        0.9057251811027527,
        0.9057250022888184,
        0.9057248830795288,
        0.905724823474884,
        0.9057247042655945,
        0.9057245850563049,
        0.9057245850563049
    ],
    "l1_regularization": 0.0,
    "l2_regularization": 0.0,
    "random_state": 471717,
    "c1_unique_zones": 2,
    "c2_unique_od_pairs": 0,
    "c1_c2_approach": "percentage",
    "c1_c2_percentage": 0.2
}