{
    "normalized_frobenius_error": 0.9050031900405884,
    "masked_rmse": 0.11873479932546616,
    "mean_nonzero_value": 1.3623639345169067,
    "relative_rmse": 0.08715350925922394,
    "explained_variance": 0.18096923828125,
    "computation_time": 1.5124752521514893,
    "all_factors_non_negative": true,
    "factor_sparsity": [
        "43.01%",
        "42.74%",
        "27.78%"
    ],
    "device": "mps",
    "best_initialization": "random",
    "errors_history": [
        0.9757214188575745,
        0.9607714414596558,
        0.9442223906517029,
        0.9350024461746216,
        0.9286538362503052,
        0.9219160676002502,
        0.9165078997612,
        0.9134867191314697,
        0.9117639660835266,
        0.9105077981948853,
        0.9093617796897888,
        0.9083224534988403,
        0.9075435400009155,
        0.90701824426651,
        0.9065951704978943,
        0.9061951041221619,
        0.9058886766433716,
        0.9056940674781799,
        0.9055760502815247,
        0.9054998755455017,
        0.9054434895515442,
        0.9053930044174194,
        0.9053530097007751,
        0.9053224921226501,
        0.9052991271018982,
        0.9052810072898865,
        0.9052659869194031,
        0.9052536487579346,
        0.9052437543869019,
        0.905236005783081,
        0.9052298665046692,
        0.9052249193191528,
        0.9052205085754395,
        0.905215322971344,
        0.9052043557167053,
        0.9051893353462219,
        0.9051815271377563,
        0.9051774144172668,
        0.9051732420921326,
        0.9051672220230103,
        0.9051586985588074,
        0.9051500558853149,
        0.9051446318626404,
        0.9051410555839539,
        0.9051384925842285,
        0.9051365852355957,
        0.9051350355148315,
        0.9051336050033569,
        0.9051320552825928,
        0.9051305055618286,
        0.9051293730735779,
        0.9051282405853271,
        0.9051271677017212,
        0.9051262140274048,
        0.9051252603530884,
        0.9051244258880615,
        0.9051235318183899,
        0.9051227569580078,
        0.9051219820976257,
        0.9051212668418884,
        0.9051204919815063,
        0.9051198959350586,
        0.9051191210746765,
        0.9051185846328735,
        0.9051178693771362,
        0.9051173329353333,
        0.905116856098175,
        0.9051162600517273,
        0.9051157832145691,
        0.9051151871681213,
        0.9051147103309631,
        0.9051141738891602,
        0.905113697052002,
        0.9051131010055542,
        0.9051124453544617,
        0.9051116704940796,
        0.9051110744476318,
        0.9051105380058289,
        0.9051100611686707,
        0.9051094055175781,
        0.9051086902618408,
        0.905107855796814,
        0.9051072001457214,
        0.9051067233085632,
        0.905106246471405,
        0.9051059484481812,
        0.9051055312156677,
        0.9051051735877991,
        0.9051048755645752,
        0.9051045179367065,
        0.9051042199134827,
        0.9051038026809692,
        0.9051035642623901,
        0.9051031470298767,
        0.9051028490066528,
        0.9051024913787842,
        0.9051021933555603,
        0.9051018953323364,
        0.9051015377044678,
        0.9051012396812439,
        0.9051008820533752,
        0.9051005840301514,
        0.9051002860069275,
        0.9050999879837036,
        0.905099630355835,
        0.9050992131233215,
        0.9050989151000977,
        0.905098557472229,
        0.9050982594490051,
        0.9050979018211365,
        0.905097484588623,
        0.905097246170044,
        0.9050969481468201,
        0.9050965309143066,
        0.905096173286438,
        0.9050957560539246,
        0.9050955176353455,
        0.9050950407981873,
        0.9050946235656738,
        0.90509432554245,
        0.9050938487052917,
        0.9050934910774231,
        0.9050930738449097,
        0.905092716217041,
        0.9050923585891724,
        0.9050919413566589,
        0.9050915837287903,
        0.9050911068916321,
        0.9050906300544739,
        0.9050902128219604,
        0.9050898551940918,
        0.9050893783569336,
        0.9050889015197754,
        0.905088484287262,
        0.9050881266593933,
        0.9050876498222351,
        0.9050871729850769,
        0.9050867557525635,
        0.9050862193107605,
        0.9050857424736023,
        0.9050853252410889,
        0.9050848484039307,
        0.9050843715667725,
        0.9050838947296143,
        0.905083417892456,
        0.9050829410552979,
        0.9050824046134949,
        0.9050816893577576,
        0.905081033706665,
        0.9050803780555725,
        0.9050794839859009,
        0.9050785303115845,
        0.9050775170326233,
        0.9050760865211487,
        0.9050740599632263,
        0.905071496963501,
        0.9050682187080383,
        0.905064582824707,
        0.9050610065460205,
        0.9050580859184265,
        0.9050554633140564,
        0.9050531983375549,
        0.905051052570343,
        0.9050491452217102,
        0.9050471782684326,
        0.905045211315155,
        0.9050432443618774,
        0.9050413370132446,
        0.905039370059967,
        0.9050375819206238,
        0.9050357341766357,
        0.905034065246582,
        0.905032217502594,
        0.9050304889678955,
        0.9050288796424866,
        0.9050273299217224,
        0.9050258994102478,
        0.9050243496894836,
        0.9050230979919434,
        0.9050217866897583,
        0.905020534992218,
        0.9050194621086121,
        0.9050183296203613,
        0.9050173759460449,
        0.9050164222717285,
        0.9050156474113464,
        0.9050148725509644,
        0.9050140976905823,
        0.9050135612487793,
        0.9050129652023315,
        0.9050124287605286,
        0.9050119519233704,
        0.9050114750862122,
        0.9050110578536987,
        0.9050107002258301,
        0.9050104022026062,
        0.9050101041793823,
        0.9050098061561584,
        0.9050096273422241,
        0.9050094485282898,
        0.9050092697143555,
        0.9050090312957764,
        0.905008852481842,
        0.9050085544586182,
        0.9050083756446838,
        0.9050078988075256,
        0.9050072431564331,
        0.9050062894821167,
        0.905005156993866,
        0.9050042629241943,
        0.9050036668777466,
        0.9050034284591675,
        0.9050031900405884,
        0.9050031900405884
    ],
    "l1_regularization": 0.0,
    "l2_regularization": 0.0,
    "random_state": 879636,
    "c1_unique_zones": 3,
    "c2_unique_od_pairs": 0,
    "c1_c2_approach": "percentage",
    "c1_c2_percentage": 0.2
}