{
    "normalized_frobenius_error": 0.8951928019523621,
    "masked_rmse": 0.12164771556854248,
    "mean_nonzero_value": 1.1494661569595337,
    "relative_rmse": 0.10582975298166275,
    "explained_variance": 0.19862985610961914,
    "computation_time": 0.33281874656677246,
    "all_factors_non_negative": true,
    "factor_sparsity": [
        "29.55%",
        "23.86%",
        "4.17%"
    ],
    "device": "cpu",
    "best_initialization": "svd",
    "errors_history": [
        0.9309004545211792,
        0.9210540056228638,
        0.9153872132301331,
        0.910564124584198,
        0.9066693186759949,
        0.9042165875434875,
        0.902755081653595,
        0.9018251299858093,
        0.9012148976325989,
        0.9008007645606995,
        0.9004748463630676,
        0.9001901149749756,
        0.8999353647232056,
        0.8997130393981934,
        0.8995181322097778,
        0.8993474841117859,
        0.8991990089416504,
        0.8990704417228699,
        0.8989618420600891,
        0.8988710045814514,
        0.8987967371940613,
        0.8987352252006531,
        0.8986834287643433,
        0.8986396193504333,
        0.8986014723777771,
        0.8985677361488342,
        0.8985370397567749,
        0.8985090851783752,
        0.8984832167625427,
        0.898459255695343,
        0.898436427116394,
        0.898415207862854,
        0.898395299911499,
        0.8983762860298157,
        0.8983585238456726,
        0.8983415365219116,
        0.8983249068260193,
        0.8983088135719299,
        0.8982933163642883,
        0.8982782363891602,
        0.8982636332511902,
        0.8982493281364441,
        0.8982353806495667,
        0.8982218503952026,
        0.8982081413269043,
        0.8981959819793701,
        0.8981833457946777,
        0.8981714844703674,
        0.8981597423553467,
        0.8981484770774841,
        0.8981372714042664,
        0.8981264233589172,
        0.8981157541275024,
        0.898105263710022,
        0.8980956673622131,
        0.8980861902236938,
        0.8980763554573059,
        0.8980671167373657,
        0.8980578184127808,
        0.8980485200881958,
        0.8980395197868347,
        0.8980299830436707,
        0.8980212211608887,
        0.898012101650238,
        0.8980029225349426,
        0.8979936838150024,
        0.8979843854904175,
        0.897974967956543,
        0.897965669631958,
        0.8979557752609253,
        0.8979461193084717,
        0.8979360461235046,
        0.8979260921478271,
        0.8979154229164124,
        0.8979042768478394,
        0.8978928923606873,
        0.8978811502456665,
        0.8978691101074219,
        0.8978564739227295,
        0.897843599319458,
        0.8978298306465149,
        0.8978157043457031,
        0.8978008031845093,
        0.8977852463722229,
        0.8977688550949097,
        0.89775151014328,
        0.897733747959137,
        0.8977146148681641,
        0.8976947069168091,
        0.8976731896400452,
        0.8976506590843201,
        0.8976265788078308,
        0.8976007103919983,
        0.8975726962089539,
        0.8975430130958557,
        0.8975109457969666,
        0.8974761962890625,
        0.897438108921051,
        0.8973973393440247,
        0.8973531723022461,
        0.8973047733306885,
        0.8972524404525757,
        0.8971962332725525,
        0.8971361517906189,
        0.897072434425354,
        0.8970048427581787,
        0.8969352841377258,
        0.8968619704246521,
        0.8967868685722351,
        0.896710216999054,
        0.8966332077980042,
        0.8965556621551514,
        0.8964788913726807,
        0.8964035511016846,
        0.8963304758071899,
        0.896260678768158,
        0.8961945176124573,
        0.8961324095726013,
        0.8960749506950378,
        0.8960223197937012,
        0.8959744572639465,
        0.8959309458732605,
        0.8958920240402222,
        0.895856499671936,
        0.8958248496055603,
        0.8957962989807129,
        0.8957707285881042,
        0.8957474827766418,
        0.8957260847091675,
        0.8957070708274841,
        0.8956895470619202,
        0.8956736922264099,
        0.8956591486930847,
        0.8956454992294312,
        0.8956332206726074,
        0.8956222534179688,
        0.8956115245819092,
        0.8956019282341003,
        0.8955932259559631,
        0.8955847024917603,
        0.8955775499343872,
        0.8955703377723694,
        0.8955636024475098,
        0.895557701587677,
        0.8955524563789368,
        0.8955474495887756,
        0.8955428600311279,
        0.8955381512641907,
        0.8955339193344116,
        0.8955301642417908,
        0.8955265283584595,
        0.8955232501029968,
        0.895520031452179,
        0.8955166339874268,
        0.8955138325691223,
        0.8955112099647522,
        0.8955085277557373,
        0.895505964756012,
        0.8955036997795105,
        0.895501434803009,
        0.8954992294311523,
        0.8954967856407166,
        0.8954945802688599,
        0.8954917192459106,
        0.8954889178276062,
        0.8954851627349854,
        0.8954804539680481,
        0.8954737782478333,
        0.8954651951789856,
        0.8954536318778992,
        0.8954402804374695,
        0.8954268097877502,
        0.895414412021637,
        0.895404040813446,
        0.8953960537910461,
        0.8953896164894104,
        0.8953847885131836,
        0.8953805565834045,
        0.8953763842582703,
        0.8953725695610046,
        0.8953688144683838,
        0.8953655362129211,
        0.8953620791435242,
        0.8953589200973511,
        0.8953558206558228,
        0.8953529596328735,
        0.8953497409820557,
        0.8953464031219482,
        0.8953425884246826,
        0.8953389525413513,
        0.8953348398208618,
        0.8953311443328857,
        0.8953267335891724,
        0.8953226804733276,
        0.8953187465667725,
        0.8953145742416382,
        0.8953107595443726,
        0.8953068256378174,
        0.8953032493591309,
        0.8952993154525757,
        0.8952957987785339,
        0.8952925801277161,
        0.8952893018722534,
        0.8952860832214355,
        0.8952831625938416,
        0.895280122756958,
        0.8952775001525879,
        0.8952750563621521,
        0.8952728509902954,
        0.8952704668045044,
        0.8952681422233582,
        0.8952661156654358,
        0.895264208316803,
        0.8952622413635254,
        0.8952605128288269,
        0.8952587246894836,
        0.8952570557594299,
        0.8952557444572449,
        0.8952542543411255,
        0.8952528238296509,
        0.8952513933181763,
        0.8952498435974121,
        0.895248532295227,
        0.8952473402023315,
        0.8952462077140808,
        0.8952450156211853,
        0.8952440619468689,
        0.8952429294586182,
        0.8952420353889465,
        0.8952407240867615,
        0.8952400088310242,
        0.8952389359474182,
        0.8952382206916809,
        0.895237147808075,
        0.8952360153198242,
        0.8952353000640869,
        0.8952344655990601,
        0.8952337503433228,
        0.8952328562736511,
        0.8952318429946899,
        0.8952308893203735,
        0.8952300548553467,
        0.8952293395996094,
        0.8952282667160034,
        0.8952272534370422,
        0.8952264785766602,
        0.8952254056930542,
        0.8952245116233826,
        0.8952236771583557,
        0.8952226638793945,
        0.8952214121818542,
        0.8952205777168274,
        0.895219624042511,
        0.8952187299728394,
        0.8952176570892334,
        0.8952162265777588,
        0.8952149748802185,
        0.8952134847640991,
        0.8952115774154663,
        0.8952100276947021,
        0.895207941532135,
        0.8952062129974365,
        0.8952044248580933,
        0.8952026963233948,
        0.8952017426490784,
        0.895200788974762,
        0.8952000737190247,
        0.8951994180679321,
        0.8951985836029053,
