{
    "normalized_frobenius_error": 0.8826748132705688,
    "masked_rmse": 0.11994608491659164,
    "mean_nonzero_value": 1.1494661569595337,
    "relative_rmse": 0.10434938222169876,
    "explained_variance": 0.22088521718978882,
    "computation_time": 0.8321197032928467,
    "all_factors_non_negative": true,
    "factor_sparsity": [
        "23.64%",
        "20.00%",
        "16.67%"
    ],
    "device": "mps",
    "best_initialization": "random",
    "errors_history": [
        0.9615823030471802,
        0.9367269277572632,
        0.92344069480896,
        0.9160436987876892,
        0.9094275832176208,
        0.9016003608703613,
        0.8953615427017212,
        0.8919360637664795,
        0.8898437023162842,
        0.8882609009742737,
        0.8871018886566162,
        0.8861615657806396,
        0.8854506611824036,
        0.8849522471427917,
        0.8845705389976501,
        0.8842687010765076,
        0.8840200901031494,
        0.8838047385215759,
        0.8836068511009216,
        0.8834196925163269,
        0.8832598328590393,
        0.8831266164779663,
        0.8830248117446899,
        0.8829500675201416,
        0.8828975558280945,
        0.8828610181808472,
        0.8828336000442505,
        0.8828092813491821,
        0.8827838897705078,
        0.8827623128890991,
        0.882748544216156,
        0.8827387094497681,
        0.8827277421951294,
        0.8827162981033325,
        0.882709801197052,
        0.8827062845230103,
        0.8827036619186401,
        0.8827009797096252,
        0.8826974630355835,
        0.8826923370361328,
        0.8826884627342224,
        0.8826868534088135,
        0.8826857805252075,
        0.882685124874115,
        0.882684588432312,
        0.8826839923858643,
        0.8826835751533508,
        0.8826830983161926,
        0.8826828002929688,
        0.8826823234558105,
        0.8826820850372314,
        0.8826817870140076,
        0.8826813101768494,
        0.8826808929443359,
        0.8826804161071777,
        0.8826798796653748,
        0.8826792240142822,
        0.8826783895492554,
        0.8826775550842285,
        0.8826766610145569,
        0.8826761841773987,
        0.8826757669448853,
        0.8826754689216614,
        0.8826752305030823,
        0.8826751112937927,
        0.8826749324798584,
        0.8826748728752136,
        0.8826748728752136
    ],
    "l1_regularization": 0.0,
    "l2_regularization": 0.0,
    "random_state": 575234,
    "c1_unique_zones": 1,
    "c2_unique_od_pairs": 0,
    "c1_c2_approach": "percentage",
    "c1_c2_percentage": 0.2
}