{
    "normalized_frobenius_error": 0.8853422999382019,
    "masked_rmse": 0.12030857801437378,
    "mean_nonzero_value": 1.1494661569595337,
    "relative_rmse": 0.10466474294662476,
    "explained_variance": 0.2161690592765808,
    "computation_time": 0.9074699878692627,
    "all_factors_non_negative": true,
    "factor_sparsity": [
        "33.64%",
        "29.09%",
        "19.17%"
    ],
    "device": "mps",
    "best_initialization": "random",
    "errors_history": [
        0.9527921080589294,
        0.9338288307189941,
        0.9192259907722473,
        0.9066209197044373,
        0.8991410136222839,
        0.8955702781677246,
        0.8937053084373474,
        0.8926049470901489,
        0.8918219804763794,
        0.8911373615264893,
        0.8904471397399902,
        0.8897299766540527,
        0.8889988660812378,
        0.8882933259010315,
        0.8876652121543884,
        0.8871434330940247,
        0.8867274522781372,
        0.8863966464996338,
        0.8861413598060608,
        0.8859553933143616,
        0.8858224153518677,
        0.8857262134552002,
        0.8856555819511414,
        0.8856040835380554,
        0.8855665326118469,
        0.8855380415916443,
        0.8855153918266296,
        0.8854969143867493,
        0.8854819536209106,
        0.8854697346687317,
        0.8854601383209229,
        0.8854523301124573,
        0.8854456543922424,
        0.8854398131370544,
        0.8854342103004456,
        0.885428786277771,
        0.8854231834411621,
        0.8854178190231323,
        0.8854126334190369,
        0.8854084014892578,
        0.8854049444198608,
        0.8854020237922668,
        0.8853994607925415,
        0.8853970766067505,
        0.8853949904441833,
        0.8853930234909058,
        0.885391354560852,
        0.8853896856307983,
        0.8853880763053894,
        0.8853864669799805,
        0.8853850364685059,
        0.8853836059570312,
        0.8853821158409119,
        0.8853808641433716,
        0.885379433631897,
        0.8853781223297119,
        0.8853769898414612,
        0.8853757381439209,
        0.8853745460510254,
        0.8853734135627747,
        0.8853722810745239,
        0.8853712677955627,
        0.885370135307312,
        0.8853691816329956,
        0.8853681683540344,
        0.8853671550750732,
        0.8853662014007568,
        0.8853654265403748,
        0.8853644728660583,
        0.8853636980056763,
        0.8853628635406494,
        0.8853620290756226,
        0.8853612542152405,
        0.8853605389595032,
        0.8853598833084106,
        0.8853592872619629,
        0.8853585124015808,
        0.8853579163551331,
        0.8853572607040405,
        0.8853566646575928,
        0.8853561282157898,
        0.8853555917739868,
        0.8853551149368286,
        0.8853545784950256,
        0.8853541612625122,
        0.8853538036346436,
        0.8853532671928406,
        0.8853528499603271,
        0.8853524923324585,
        0.8853521347045898,
        0.885351836681366,
        0.8853513598442078,
        0.8853510618209839,
        0.8853507041931152,
        0.8853502869606018,
        0.885349690914154,
        0.8853489756584167,
        0.885348379611969,
        0.8853479027748108,
        0.8853477239608765,
        0.8853474259376526,
        0.8853471875190735,
        0.8853468894958496,
        0.885346531867981,
        0.8853460550308228,
        0.8853455185890198,
        0.8853452205657959,
        0.8853448629379272,
        0.8853446841239929,
        0.8853445649147034,
        0.8853443264961243,
        0.8853442072868347,
        0.8853441476821899,
        0.8853440284729004,
        0.8853438496589661,
        0.8853437304496765,
        0.8853435516357422,
        0.8853434920310974,
        0.8853434324264526,
        0.8853432536125183,
        0.8853431940078735,
        0.8853431344032288,
        0.8853429555892944,
        0.8853428959846497,
        0.8853427767753601,
        0.8853427171707153,
        0.8853425979614258,
        0.885342538356781,
        0.8853424787521362,
        0.8853424191474915,
        0.8853424191474915
    ],
    "l1_regularization": 0.0,
    "l2_regularization": 0.0,
    "random_state": 824734,
    "c1_unique_zones": 1,
    "c2_unique_od_pairs": 0,
    "c1_c2_approach": "percentage",
    "c1_c2_percentage": 0.2
}