{
    "normalized_frobenius_error": 0.9025661945343018,
    "masked_rmse": 0.11841507256031036,
    "mean_nonzero_value": 1.3623639345169067,
    "relative_rmse": 0.08691882342100143,
    "explained_variance": 0.18537431955337524,
    "computation_time": 0.8471269607543945,
    "all_factors_non_negative": true,
    "factor_sparsity": [
        "36.29%",
        "34.95%",
        "26.39%"
    ],
    "device": "mps",
    "best_initialization": "random",
    "errors_history": [
        0.9733957052230835,
        0.9566242098808289,
        0.9391098022460938,
        0.9232536554336548,
        0.9156402349472046,
        0.9122292399406433,
        0.9101219177246094,
        0.9085317850112915,
        0.9072325825691223,
        0.9061724543571472,
        0.90531325340271,
        0.9046010375022888,
        0.9040554165840149,
        0.9036606550216675,
        0.9033486843109131,
        0.9031093716621399,
        0.902948796749115,
        0.9028516411781311,
        0.9027920961380005,
        0.9027534127235413,
        0.9027248024940491,
        0.902704119682312,
        0.9026906490325928,
        0.9026812314987183,
        0.9026744365692139,
        0.9026688933372498,
        0.9026641249656677,
        0.9026601314544678,
        0.9026569724082947,
        0.9026542901992798,
        0.9026519656181335,
        0.9026498794555664,
        0.9026477336883545,
        0.9026458263397217,
        0.9026443362236023,
        0.902643084526062,
        0.902642011642456,
        0.9026411771774292,
        0.9026404023170471,
        0.902639627456665,
        0.9026386737823486,
        0.9026376008987427,
        0.9026361703872681,
        0.9026346206665039,
        0.9026327133178711,
        0.9026304483413696,
        0.9026278257369995,
        0.9026250839233398,
        0.9026222229003906,
        0.9026192426681519,
        0.9026167392730713,
        0.9026146531105042,
        0.9026127457618713,
        0.9026110768318176,
        0.9026095867156982,
        0.9026080369949341,
        0.9026066660881042,
        0.902605414390564,
        0.9026042222976685,
        0.9026029706001282,
        0.9026017189025879,
        0.9026004672050476,
        0.9025993347167969,
        0.9025981426239014,
        0.9025970101356506,
        0.9025959372520447,
        0.9025949239730835,
        0.9025940299034119,
        0.9025930762290955,
        0.9025922417640686,
        0.902591347694397,
        0.9025905132293701,
        0.9025898575782776,
        0.902588963508606,
        0.9025883078575134,
        0.9025876522064209,
        0.9025868773460388,
        0.9025862216949463,
        0.9025856256484985,
        0.902584969997406,
        0.9025843739509583,
        0.9025837182998657,
        0.9025830626487732,
        0.9025823473930359,
        0.9025816917419434,
        0.9025811553001404,
        0.902580738067627,
        0.9025802612304688,
        0.9025797843933105,
        0.9025793075561523,
        0.9025788307189941,
        0.9025783538818359,
        0.9025778770446777,
        0.9025774002075195,
        0.9025769233703613,
        0.9025763273239136,
        0.902575671672821,
        0.902574896812439,
        0.9025742411613464,
        0.9025736451148987,
        0.9025731682777405,
        0.9025726318359375,
        0.9025721549987793,
        0.9025715589523315,
        0.9025710821151733,
        0.9025706052780151,
        0.9025701284408569,
        0.9025697112083435,
        0.9025694727897644,
        0.902569055557251,
        0.9025687575340271,
        0.9025686979293823,
        0.902568519115448,
        0.9025682806968689,
        0.9025682210922241,
        0.9025681018829346,
        0.9025678038597107,
        0.9025675058364868,
        0.9025668501853943,
        0.9025663733482361,
        0.9025661945343018,
        0.9025661945343018
    ],
    "l1_regularization": 0.0,
    "l2_regularization": 0.0,
    "random_state": 280607,
    "c1_unique_zones": 2,
    "c2_unique_od_pairs": 0,
    "c1_c2_approach": "percentage",
    "c1_c2_percentage": 0.2
}