{
    "normalized_frobenius_error": 0.8093138337135315,
    "masked_rmse": 0.049111753702163696,
    "mean_nonzero_value": 0.30729177594184875,
    "relative_rmse": 0.15982124209403992,
    "explained_variance": 0.3450111746788025,
    "computation_time": 2.1995232105255127,
    "all_factors_non_negative": true,
    "factor_sparsity": [
        "33.85%",
        "30.09%",
        "19.12%"
    ],
    "device": "mps",
    "best_initialization": "random",
    "errors_history": [
        0.9461411833763123,
        0.9187281131744385,
        0.8893362283706665,
        0.8715401291847229,
        0.8595374822616577,
        0.8501672744750977,
        0.8431349396705627,
        0.8377858400344849,
        0.8332506418228149,
        0.8294088244438171,
        0.8263546228408813,
        0.8240082263946533,
        0.8221487402915955,
        0.820601224899292,
        0.819264829158783,
        0.8181183934211731,
        0.8171313405036926,
        0.8162823915481567,
        0.8155485987663269,
        0.814911425113678,
        0.8143600821495056,
        0.8138900995254517,
        0.8134921789169312,
        0.8131551742553711,
        0.8128688931465149,
        0.812625527381897,
        0.8124192357063293,
        0.8122416734695435,
        0.8120851516723633,
        0.8119457364082336,
        0.8118191957473755,
        0.8117015957832336,
        0.8115911483764648,
        0.8114863038063049,
        0.8113857507705688,
        0.8112874031066895,
        0.8111905455589294,
        0.8110951781272888,
        0.8110021352767944,
        0.8109124898910522,
        0.8108268976211548,
        0.8107459545135498,
        0.8106690049171448,
        0.8105959892272949,
        0.8105267882347107,
        0.8104615211486816,
        0.8104000091552734,
        0.810342013835907,
        0.8102872371673584,
        0.8102357387542725,
        0.810187578201294,
        0.8101426362991333,
        0.810101330280304,
        0.8100636005401611,
        0.8100295066833496,
        0.8099986910820007,
        0.8099703192710876,
        0.8099435567855835,
        0.8099169135093689,
        0.8098885416984558,
        0.8098570704460144,
        0.809823215007782,
        0.8097909688949585,
        0.8097633123397827,
        0.8097400069236755,
        0.8097198605537415,
        0.8097022771835327,
        0.8096863031387329,
        0.80967116355896,
        0.8096568584442139,
        0.8096433877944946,
        0.8096302151679993,
        0.8096175193786621,
        0.8096051812171936,
        0.8095933794975281,
        0.8095816969871521,
        0.8095696568489075,
        0.809556782245636,
        0.8095424175262451,
        0.8095266222953796,
        0.809510350227356,
        0.80949467420578,
        0.8094806671142578,
        0.8094687461853027,
        0.8094586133956909,
        0.8094498515129089,
        0.8094421625137329,
        0.8094351291656494,
        0.8094286322593689,
        0.8094226121902466,
        0.8094170093536377,
        0.8094118237495422,
        0.8094070553779602,
        0.809402585029602,
        0.8093981742858887,
        0.8093938827514648,
        0.8093894720077515,
        0.8093848824501038,
        0.809380054473877,
        0.809375524520874,
        0.8093715906143188,
        0.8093682527542114,
        0.8093653917312622,
        0.8093627095222473,
        0.8093603849411011,
        0.8093581199645996,
        0.8093559145927429,
        0.8093540072441101,
        0.809351921081543,
        0.8093500733375549,
        0.8093482255935669,
        0.8093465566635132,
        0.8093448281288147,
        0.809343159198761,
        0.8093416094779968,
        0.8093401193618774,
        0.8093386888504028,
        0.8093373775482178,
        0.8093361258506775,
        0.8093349933624268,
        0.8093338012695312,
        0.8093326687812805,
        0.8093315958976746,
        0.8093305826187134,
        0.8093296885490417,
        0.8093286752700806,
        0.8093278408050537,
        0.8093268871307373,
        0.8093261122703552,
        0.8093252778053284,
        0.8093245625495911,
        0.8093238472938538,
        0.8093231916427612,
        0.8093225359916687,
        0.8093218803405762,
        0.8093212842941284,
        0.809320867061615,
        0.8093203902244568,
        0.8093199133872986,
        0.8093194961547852,
        0.8093190789222717,
        0.8093187808990479,
        0.8093183636665344,
        0.8093180060386658,
        0.8093177080154419,
        0.8093174695968628,
        0.8093172311782837,
        0.8093169331550598,
        0.8093166351318359,
        0.8093164563179016,
        0.8093162775039673,
        0.8093159794807434,
        0.8093158006668091,
        0.8093156814575195,
        0.8093154430389404,
        0.8093153238296509,
        0.8093150854110718,
        0.809315025806427,
        0.8093148469924927,
        0.8093147277832031,
        0.8093146085739136,
        0.809314489364624,
        0.8093143701553345,
        0.8093143105506897,
        0.8093141913414001,
        0.8093140721321106,
        0.8093140125274658,
        0.8093138337135315,
        0.8093138337135315
    ],
    "l1_regularization": 0.0,
    "l2_regularization": 0.0,
    "c1_unique_zones": 22,
    "c2_unique_od_pairs": 48,
    "c1_c2_approach": "top_n",
    "c1_c2_top_n": 2
}