{
    "normalized_frobenius_error": 0.8850889205932617,
    "masked_rmse": 0.1975790560245514,
    "mean_nonzero_value": 1.5989879369735718,
    "relative_rmse": 0.12356507033109665,
    "explained_variance": 0.2166176438331604,
    "computation_time": 1.2539677619934082,
    "all_factors_non_negative": true,
    "factor_sparsity": [
        "17.68%",
        "24.06%",
        "11.67%"
    ],
    "device": "mps",
    "best_initialization": "random",
    "errors_history": [
        0.9529727101325989,
        0.9377445578575134,
        0.9246435165405273,
        0.9144533276557922,
        0.9086019992828369,
        0.9045377969741821,
        0.9012266993522644,
        0.8983913660049438,
        0.8959078788757324,
        0.8935881853103638,
        0.8913647532463074,
        0.8893977999687195,
        0.887975811958313,
        0.8871447443962097,
        0.8866901397705078,
        0.8864170908927917,
        0.8862303495407104,
        0.8860899806022644,
        0.8859768509864807,
        0.8858814835548401,
        0.8858010172843933,
        0.8857352137565613,
        0.8856824040412903,
        0.8856397867202759,
        0.8856037855148315,
        0.8855724334716797,
        0.8855435848236084,
        0.8855136036872864,
        0.8854769468307495,
        0.8854301571846008,
        0.8853774070739746,
        0.8853287696838379,
        0.8852902054786682,
        0.8852614164352417,
        0.8852397799491882,
        0.8852232694625854,
        0.8852102756500244,
        0.8851995468139648,
        0.8851905465126038,
        0.8851827383041382,
        0.885175883769989,
        0.885170042514801,
        0.8851646780967712,
        0.8851597905158997,
        0.8851553797721863,
        0.8851510286331177,
        0.8851466774940491,
        0.8851420283317566,
        0.8851369619369507,
        0.8851317167282104,
        0.8851264119148254,
        0.8851215839385986,
        0.8851175308227539,
        0.885114312171936,
        0.8851116895675659,
        0.8851096630096436,
        0.8851078152656555,
        0.8851063251495361,
        0.8851051330566406,
        0.8851038813591003,
        0.8851028084754944,
        0.885101854801178,
        0.8851009607315063,
        0.8851001262664795,
        0.885099470615387,
        0.8850988149642944,
        0.8850980997085571,
        0.8850976228713989,
        0.8850970268249512,
        0.8850966095924377,
        0.8850961327552795,
        0.8850957155227661,
        0.8850951790809631,
        0.8850947022438049,
        0.885094404220581,
        0.8850939869880676,
        0.8850934505462646,
        0.885093092918396,
        0.8850927948951721,
        0.8850923776626587,
        0.8850920796394348,
        0.8850917816162109,
        0.8850913643836975,
        0.8850910663604736,
        0.8850907683372498,
        0.8850905299186707,
        0.8850902318954468,
        0.8850900530815125,
        0.8850898146629333,
        0.885089635848999,
        0.8850895166397095,
        0.8850893378257751,
        0.8850892186164856,
        0.8850891590118408,
        0.8850889205932617,
        0.8850889205932617
    ],
    "l1_regularization": 0.0,
    "l2_regularization": 0.0,
    "c1_unique_zones": 11,
    "c2_unique_od_pairs": 20,
    "c1_c2_approach": "top_n",
    "c1_c2_top_n": 2
}