{
    "normalized_frobenius_error": 0.8337253332138062,
    "masked_rmse": 0.10938326269388199,
    "mean_nonzero_value": 1.3623639345169067,
    "relative_rmse": 0.0802893117070198,
    "explained_variance": 0.3049021363258362,
    "computation_time": 2.0677690505981445,
    "all_factors_non_negative": true,
    "factor_sparsity": [
        "55.33%",
        "54.09%",
        "37.82%"
    ],
    "device": "mps",
    "best_initialization": "random",
    "errors_history": [
        0.9718575477600098,
        0.9469258189201355,
        0.9135379791259766,
        0.8849478363990784,
        0.8674854636192322,
        0.8578510284423828,
        0.8522772192955017,
        0.8488790988922119,
        0.8466762900352478,
        0.8450694680213928,
        0.8437466025352478,
        0.8425700068473816,
        0.8414944410324097,
        0.8403114080429077,
        0.8389796018600464,
        0.8376935720443726,
        0.8366938829421997,
        0.8360266089439392,
        0.8355638384819031,
        0.8352412581443787,
        0.8349794149398804,
        0.8347738981246948,
        0.8345810770988464,
        0.8343499302864075,
        0.8341452479362488,
        0.8340163826942444,
        0.8339470028877258,
        0.8339073657989502,
        0.8338817954063416,
        0.8338647484779358,
        0.8338524103164673,
        0.8338416814804077,
        0.8338270783424377,
        0.8338162302970886,
        0.8338098526000977,
        0.8338040709495544,
        0.833796501159668,
        0.8337827324867249,
        0.8337697386741638,
        0.8337629437446594,
        0.8337591886520386,
        0.8337565064430237,
        0.8337539434432983,
        0.833751916885376,
        0.8337504863739014,
        0.8337492346763611,
        0.8337481617927551,
        0.8337473273277283,
        0.8337465524673462,
        0.8337457776069641,
        0.833745002746582,
        0.8337443470954895,
        0.8337435722351074,
        0.8337427973747253,
        0.8337423205375671,
        0.8337418437004089,
        0.833741307258606,
        0.8337408900260925,
        0.8337405323982239,
        0.833740234375,
        0.8337399363517761,
        0.8337397575378418,
        0.8337395787239075,
        0.8337393999099731,
        0.833739161491394,
        0.8337389230728149,
        0.8337386250495911,
        0.8337382078170776,
        0.833737850189209,
        0.8337374329566956,
        0.8337368965148926,
        0.8337363004684448,
        0.8337356448173523,
        0.8337348699569702,
        0.8337339162826538,
        0.833733081817627,
        0.8337321877479553,
        0.8337311148643494,
        0.833730161190033,
        0.8337293267250061,
        0.8337284922599792,
        0.8337277173995972,
        0.833727240562439,
        0.8337267637252808,
        0.8337263464927673,
        0.8337260484695435,
        0.8337258696556091,
        0.8337256908416748,
        0.8337255716323853,
        0.8337255120277405,
        0.8337253928184509,
        0.8337253332138062,
        0.8337253928184509,
        0.8337253332138062,
        0.8337252140045166,
        0.8337252140045166
    ],
    "l1_regularization": 0.0,
    "l2_regularization": 0.0,
    "c1_unique_zones": 23,
    "c2_unique_od_pairs": 50,
    "c1_c2_approach": "top_n",
    "c1_c2_top_n": 2
}