{
    "normalized_frobenius_error": 0.8681395053863525,
    "masked_rmse": 0.2264241725206375,
    "mean_nonzero_value": 1.345635175704956,
    "relative_rmse": 0.16826564073562622,
    "explained_variance": 0.24633383750915527,
    "computation_time": 1.1858961582183838,
    "all_factors_non_negative": true,
    "factor_sparsity": [
        "24.44%",
        "22.67%",
        "9.17%"
    ],
    "device": "mps",
    "best_initialization": "random",
    "errors_history": [
        0.9423381090164185,
        0.9268451929092407,
        0.907093346118927,
        0.8932909965515137,
        0.8869657516479492,
        0.8831886649131775,
        0.8799399137496948,
        0.8769832849502563,
        0.8746777176856995,
        0.8731529116630554,
        0.8721960783004761,
        0.8715609312057495,
        0.8711186051368713,
        0.8708164095878601,
        0.8705989122390747,
        0.8704215288162231,
        0.8702622056007385,
        0.8701158761978149,
        0.8699876070022583,
        0.8698813319206238,
        0.8697943687438965,
        0.8697209358215332,
        0.8696560859680176,
        0.8695964813232422,
        0.8695400357246399,
        0.8694848418235779,
        0.8694297671318054,
        0.8693736791610718,
        0.8693153858184814,
        0.8692546486854553,
        0.8691919445991516,
        0.8691290020942688,
        0.8690678477287292,
        0.8690093159675598,
        0.8689538836479187,
        0.8689018487930298,
        0.8688535094261169,
        0.8688089847564697,
        0.8687679767608643,
        0.8687304258346558,
        0.8686959147453308,
        0.8686638474464417,
        0.8686339855194092,
        0.86860591173172,
        0.8685793280601501,
        0.868554413318634,
        0.8685309886932373,
        0.8685092329978943,
        0.8684889078140259,
        0.8684701323509216,
        0.8684525489807129,
        0.8684361577033997,
        0.8684206008911133,
        0.8684059381484985,
        0.8683919906616211,
        0.8683786392211914,
        0.8683658242225647,
        0.8683537244796753,
        0.868341863155365,
        0.8683300018310547,
        0.8683147430419922,
        0.8682968616485596,
        0.8682854175567627,
        0.8682758212089539,
        0.8682672381401062,
        0.8682591915130615,
        0.8682517409324646,
        0.8682448863983154,
        0.8682385087013245,
        0.8682325482368469,
        0.8682270646095276,
        0.8682218790054321,
        0.8682171106338501,
        0.8682128190994263,
        0.8682087063789368,
        0.8682047724723816,
        0.8682011961936951,
        0.8681977987289429,
        0.8681946992874146,
        0.8681917786598206,
        0.8681890368461609,
        0.8681865334510803,
        0.8681842088699341,
        0.8681821227073669,
        0.8681800365447998,
        0.868178129196167,
        0.8681764006614685,
        0.8681747317314148,
        0.8681730628013611,
        0.8681716322898865,
        0.8681702017784119,
        0.8681688904762268,
        0.868167519569397,
        0.8681663274765015,
        0.8681649565696716,
        0.8681637644767761,
        0.8681625127792358,
        0.8681613802909851,
        0.8681601881980896,
        0.8681590557098389,
        0.8681578636169434,
        0.8681566715240479,
        0.8681555390357971,
        0.8681544065475464,
        0.86815345287323,
        0.868152379989624,
        0.8681513667106628,
        0.8681504726409912,
        0.8681495785713196,
        0.8681488037109375,
        0.8681480884552002,
        0.8681473135948181,
        0.8681467771530151,
        0.8681463003158569,
        0.8681457042694092,
        0.868145227432251,
        0.8681447505950928,
        0.8681443333625793,
        0.8681439757347107,
        0.868143618106842,
        0.8681432008743286,
        0.8681430220603943,
        0.8681427836418152,
        0.8681424856185913,
        0.8681422472000122,
        0.8681418895721436,
        0.868141770362854,
        0.8681414723396301,
        0.8681412935256958,
        0.8681411743164062,
        0.8681409358978271,
        0.8681408166885376,
        0.868140697479248,
        0.8681405186653137,
        0.8681403398513794,
        0.8681402206420898,
        0.8681401014328003,
        0.8681399822235107,
        0.868139922618866,
        0.8681397438049316,
        0.8681396842002869,
        0.8681395053863525,
        0.8681395053863525
    ],
    "l1_regularization": 0.0,
    "l2_regularization": 0.0,
    "random_state": 204839,
    "c1_unique_zones": 3,
    "c2_unique_od_pairs": 0,
    "c1_c2_approach": "percentage",
    "c1_c2_percentage": 0.2
}