{
    "normalized_frobenius_error": 0.8681358695030212,
    "masked_rmse": 0.2264232188463211,
    "mean_nonzero_value": 1.345635175704956,
    "relative_rmse": 0.1682649403810501,
    "explained_variance": 0.24634015560150146,
    "computation_time": 1.1327669620513916,
    "all_factors_non_negative": true,
    "factor_sparsity": [
        "24.00%",
        "20.00%",
        "10.00%"
    ],
    "device": "mps",
    "best_initialization": "random",
    "errors_history": [
        0.9407091736793518,
        0.9273772239685059,
        0.9118565320968628,
        0.8994162678718567,
        0.8922562003135681,
        0.8880606293678284,
        0.8851222991943359,
        0.8828313946723938,
        0.8808887004852295,
        0.8791595697402954,
        0.8776113986968994,
        0.8762408494949341,
        0.8750383853912354,
        0.873980700969696,
        0.8730393648147583,
        0.8721967339515686,
        0.871459424495697,
        0.8708471059799194,
        0.8703634142875671,
        0.8699971437454224,
        0.8697240948677063,
        0.8695152401924133,
        0.8693444132804871,
        0.8691920638084412,
        0.8690492510795593,
        0.8689194321632385,
        0.86881023645401,
        0.8687220811843872,
        0.8686502575874329,
        0.8685901165008545,
        0.8685382604598999,
        0.8684929013252258,
        0.8684529662132263,
        0.868418276309967,
        0.8683882355690002,
        0.868362545967102,
        0.8683403730392456,
        0.8683212995529175,
        0.8683047890663147,
        0.8682906627655029,
        0.868278443813324,
        0.868267834186554,
        0.8682587146759033,
        0.8682507872581482,
        0.8682438135147095,
        0.8682379126548767,
        0.8682325482368469,
        0.8682276606559753,
        0.8682235479354858,
        0.8682198524475098,
        0.8682162761688232,
        0.8682129979133606,
        0.8682098388671875,
        0.8682067394256592,
        0.8682036399841309,
        0.868200421333313,
        0.8681970834732056,
        0.868194043636322,
        0.868191123008728,
        0.8681885600090027,
        0.8681862354278564,
        0.8681842684745789,
        0.8681825399398804,
        0.868181049823761,
        0.8681795001029968,
        0.8681780695915222,
        0.8681766390800476,
        0.868175208568573,
        0.8681736588478088,
        0.8681721687316895,
        0.868170440196991,
        0.8681685924530029,
        0.8681666254997253,
        0.8681647777557373,
        0.8681629300117493,
        0.8681613206863403,
        0.8681599497795105,
        0.8681586384773254,
        0.8681574463844299,
        0.8681564331054688,
        0.8681555986404419,
        0.8681549429893494,
        0.8681542277336121,
        0.8681535720825195,
        0.8681530356407166,
        0.8681524395942688,
        0.8681517839431763,
        0.8681512475013733,
        0.8681506514549255,
        0.8681501746177673,
        0.8681495785713196,
        0.8681491017341614,
        0.868148684501648,
        0.868148148059845,
        0.868147611618042,
        0.8681471347808838,
        0.8681466579437256,
        0.8681460618972778,
        0.8681455850601196,
        0.8681449890136719,
        0.8681443929672241,
        0.8681437969207764,
        0.8681432008743286,
        0.8681426644325256,
        0.8681420087814331,
        0.8681414127349854,
        0.8681408166885376,
        0.8681402206420898,
        0.8681396842002869,
        0.8681391477584839,
        0.8681387901306152,
        0.8681382536888123,
        0.8681378960609436,
        0.8681376576423645,
        0.8681373000144958,
        0.8681370615959167,
        0.8681367635726929,
        0.8681366443634033,
        0.8681365251541138,
        0.868136465549469,
        0.8681363463401794,
        0.8681361675262451,
        0.8681361079216003,
        0.8681360483169556,
        0.8681359887123108,
        0.868135929107666,
        0.8681358695030212,
        0.8681358695030212
    ],
    "l1_regularization": 0.0,
    "l2_regularization": 0.0,
    "random_state": 475281,
    "c1_unique_zones": 3,
    "c2_unique_od_pairs": 0,
    "c1_c2_approach": "percentage",
    "c1_c2_percentage": 0.2
}