{
    "normalized_frobenius_error": 0.856438934803009,
    "masked_rmse": 0.2233724743127823,
    "mean_nonzero_value": 1.345635175704956,
    "relative_rmse": 0.16599780321121216,
    "explained_variance": 0.266512393951416,
    "computation_time": 0.6876568794250488,
    "all_factors_non_negative": true,
    "factor_sparsity": [
        "20.44%",
        "19.11%",
        "11.67%"
    ],
    "device": "mps",
    "best_initialization": "random",
    "errors_history": [
        0.9427844882011414,
        0.9240245819091797,
        0.9007095694541931,
        0.8841428160667419,
        0.8743335604667664,
        0.8681665658950806,
        0.8638241291046143,
        0.8608503341674805,
        0.8590872883796692,
        0.8581132888793945,
        0.8575664162635803,
        0.8572341203689575,
        0.8570156693458557,
        0.8568698167800903,
        0.8567720055580139,
        0.8567032217979431,
        0.8566513657569885,
        0.8566113114356995,
        0.8565803170204163,
        0.8565566539764404,
        0.8565383553504944,
        0.8565239906311035,
        0.8565124869346619,
        0.8565032482147217,
        0.85649573802948,
        0.856489360332489,
        0.8564841747283936,
        0.856479823589325,
        0.8564761281013489,
        0.856472909450531,
        0.8564702868461609,
        0.8564679026603699,
        0.8564659357070923,
        0.8564640879631042,
        0.8564624786376953,
        0.8564611673355103,
        0.85645991563797,
        0.8564587831497192,
        0.8564577102661133,
        0.8564569354057312,
        0.8564561009407043,
        0.8564553260803223,
        0.856454610824585,
        0.8564539551734924,
        0.8564534187316895,
        0.8564527630805969,
        0.8564523458480835,
        0.8564517498016357,
        0.8564514517784119,
        0.8564509153366089,
        0.8564505577087402,
        0.8564501404762268,
        0.8564497232437134,
        0.8564493060112,
        0.8564489483833313,
        0.8564485907554626,
        0.856448233127594,
        0.8564479351043701,
        0.8564475774765015,
        0.8564473390579224,
        0.8564468622207642,
        0.8564465641975403,
        0.8564462661743164,
        0.8564459085464478,
        0.8564456701278687,
        0.8564453721046448,
        0.8564450740814209,
        0.8564447164535522,
        0.8564445376396179,
        0.8564441800117493,
        0.8564438819885254,
        0.8564436435699463,
        0.8564434051513672,
        0.8564430475234985,
        0.8564428091049194,
        0.8564426898956299,
        0.856442391872406,
        0.8564420938491821,
        0.8564419150352478,
        0.8564416766166687,
        0.8564414381980896,
        0.8564413189888,
        0.856441080570221,
        0.8564409017562866,
        0.8564406633377075,
        0.856440544128418,
        0.8564404249191284,
        0.8564401865005493,
        0.8564400672912598,
        0.8564399480819702,
        0.8564398884773254,
        0.8564397096633911,
        0.8564395308494568,
        0.856439471244812,
        0.8564393520355225,
        0.8564392924308777,
        0.8564391732215881,
        0.8564391136169434,
        0.856438934803009,
        0.856438934803009
    ],
    "l1_regularization": 0.0,
    "l2_regularization": 0.0,
    "random_state": 409310,
    "c1_unique_zones": 2,
    "c2_unique_od_pairs": 0,
    "c1_c2_approach": "percentage",
    "c1_c2_percentage": 0.2
}