{
    "normalized_frobenius_error": 0.8781641125679016,
    "masked_rmse": 0.19603323936462402,
    "mean_nonzero_value": 1.5989879369735718,
    "relative_rmse": 0.1225983202457428,
    "explained_variance": 0.2288278341293335,
    "computation_time": 1.222269058227539,
    "all_factors_non_negative": true,
    "factor_sparsity": [
        "28.99%",
        "32.85%",
        "18.06%"
    ],
    "device": "mps",
    "best_initialization": "random",
    "errors_history": [
        0.9535808563232422,
        0.9354958534240723,
        0.9223222136497498,
        0.9135777354240417,
        0.9067940711975098,
        0.9010953903198242,
        0.8969370722770691,
        0.8941993713378906,
        0.8923787474632263,
        0.8910283446311951,
        0.889825165271759,
        0.8885596394538879,
        0.8871535062789917,
        0.8856660723686218,
        0.8842349648475647,
        0.8829798102378845,
        0.8819617629051208,
        0.881167471408844,
        0.8805495500564575,
        0.8800585269927979,
        0.8796640038490295,
        0.8794041872024536,
        0.8792444467544556,
        0.879136323928833,
        0.879055380821228,
        0.8789854049682617,
        0.8789216876029968,
        0.8788589239120483,
        0.8787972331047058,
        0.8787420392036438,
        0.8786976337432861,
        0.8786635994911194,
        0.8786366581916809,
        0.878612220287323,
        0.8785869479179382,
        0.878556489944458,
        0.8785181641578674,
        0.878477931022644,
        0.8784440755844116,
        0.8784189820289612,
        0.8784011006355286,
        0.8783878684043884,
        0.8783764243125916,
        0.8783680200576782,
        0.8783613443374634,
        0.8783556818962097,
        0.8783508539199829,
        0.8783466815948486,
        0.8783426880836487,
        0.8783391118049622,
        0.8783361911773682,
        0.878333568572998,
        0.8783311247825623,
        0.8783289194107056,
        0.8783267736434937,
        0.8783248662948608,
        0.878322958946228,
        0.8783208131790161,
        0.8783187866210938,
        0.8783162832260132,
        0.8783131241798401,
        0.8783093690872192,
        0.8783053755760193,
        0.8783013820648193,
        0.8782981634140015,
        0.8782955408096313,
        0.8782933950424194,
        0.8782916069030762,
        0.8782901763916016,
        0.878288745880127,
        0.8782874345779419,
        0.8782860636711121,
        0.8782845139503479,
        0.8782830238342285,
        0.8782814145088196,
        0.8782795667648315,
        0.8782777786254883,
        0.8782756328582764,
        0.8782734274864197,
        0.8782709836959839,
        0.8782684206962585,
        0.8782657980918884,
        0.8782631158828735,
        0.8782603740692139,
        0.8782576322555542,
        0.878254771232605,
        0.8782520890235901,
        0.8782491087913513,
        0.8782461881637573,
        0.8782432675361633,
        0.8782402276992798,
        0.8782373070716858,
        0.8782345056533813,
        0.8782317638397217,
        0.8782293200492859,
        0.8782269954681396,
        0.8782249689102173,
        0.8782229423522949,
        0.8782212138175964,
        0.8782196044921875,
        0.8782181739807129,
        0.8782168030738831,
        0.878215491771698,
        0.8782142400741577,
        0.8782130479812622,
        0.8782119154930115,
        0.8782108426094055,
        0.8782098293304443,
        0.878208577632904,
        0.8782073855400085,
        0.878206193447113,
        0.8782046437263489,
        0.8782031536102295,
        0.878201425075531,
        0.8781995177268982,
        0.8781974911689758,
        0.8781953454017639,
        0.8781933188438416,
        0.8781914114952087,
        0.8781896829605103,
        0.8781880736351013,
        0.8781867623329163,
        0.8781855702400208,
        0.8781843185424805,
        0.8781833052635193,
        0.8781822919845581,
        0.8781812787055969,
        0.8781802654266357,
        0.8781794905662537,
        0.8781785368919373,
        0.8781778812408447,
        0.8781771659851074,
        0.8781764507293701,
        0.8781759142875671,
        0.8781755566596985,
        0.878174901008606,
        0.8781745433807373,
        0.8781740069389343,
        0.8781737089157104,
        0.878173291683197,
        0.8781728744506836,
        0.8781725764274597,
        0.8781722784042358,
        0.8781720995903015,
        0.8781718015670776,
        0.8781715631484985,
        0.8781713843345642,
        0.8781712055206299,
        0.8781709671020508,
        0.8781707882881165,
        0.8781705498695374,
        0.878170371055603,
        0.8781702518463135,
        0.8781700730323792,
        0.8781699538230896,
        0.8781698942184448,
        0.8781697750091553,
        0.8781696557998657,
        0.878169596195221,
        0.8781693577766418,
        0.8781692385673523,
        0.8781691789627075,
        0.878169059753418,
        0.8781687617301941,
        0.8781685829162598,
        0.8781682252883911,
        0.8781678676605225,
        0.8781672120094299,
        0.8781666159629822,
        0.8781660199165344,
        0.8781655430793762,
        0.8781651258468628,
        0.8781648278236389,
        0.8781647086143494,
        0.878164529800415,
        0.8781644105911255,
        0.8781642913818359,
        0.8781641125679016,
        0.8781641125679016
    ],
    "l1_regularization": 0.0,
    "l2_regularization": 0.0,
    "random_state": 496779,
    "c1_unique_zones": 2,
    "c2_unique_od_pairs": 0,
    "c1_c2_approach": "percentage",
    "c1_c2_percentage": 0.2
}