{
    "normalized_frobenius_error": 0.8812642097473145,
    "masked_rmse": 0.11975438892841339,
    "mean_nonzero_value": 1.1494661569595337,
    "relative_rmse": 0.10418261587619781,
    "explained_variance": 0.2233734130859375,
    "computation_time": 0.4623568058013916,
    "all_factors_non_negative": true,
    "factor_sparsity": [
        "24.55%",
        "24.09%",
        "17.50%"
    ],
    "device": "mps",
    "best_initialization": "random",
    "errors_history": [
        0.956413745880127,
        0.9390506148338318,
        0.9251943230628967,
        0.9147698283195496,
        0.9054686427116394,
        0.8989436626434326,
        0.8956300616264343,
        0.8938596248626709,
        0.8927367925643921,
        0.89179527759552,
        0.8907162547111511,
        0.8891436457633972,
        0.8869168162345886,
        0.88478684425354,
        0.8834771513938904,
        0.8828212022781372,
        0.8823330402374268,
        0.8819858431816101,
        0.8817600011825562,
        0.8816410899162292,
        0.8815533518791199,
        0.8814663290977478,
        0.8814082145690918,
        0.8813744783401489,
        0.8813497424125671,
        0.8813308477401733,
        0.8813162446022034,
        0.8813050985336304,
        0.881296694278717,
        0.8812902569770813,
        0.881285548210144,
        0.881281852722168,
        0.8812790513038635,
        0.8812768459320068,
        0.8812749981880188,
        0.8812735080718994,
        0.8812721371650696,
        0.8812708854675293,
        0.881269633769989,
        0.8812686800956726,
        0.8812677264213562,
        0.8812670707702637,
        0.8812665343284607,
        0.8812661170959473,
        0.8812658786773682,
        0.8812655210494995,
        0.8812653422355652,
        0.8812652230262756,
        0.8812650442123413,
        0.8812649250030518,
        0.8812647461891174,
        0.8812645673751831,
        0.8812645077705383,
        0.8812643885612488,
        0.8812642097473145,
        0.8812642097473145
    ],
    "l1_regularization": 0.0,
    "l2_regularization": 0.0,
    "random_state": 130623,
    "c1_unique_zones": 1,
    "c2_unique_od_pairs": 0,
    "c1_c2_approach": "percentage",
    "c1_c2_percentage": 0.2
}