{
    "normalized_frobenius_error": 0.9449120759963989,
    "masked_rmse": 0.08272141218185425,
    "mean_nonzero_value": 1.3470518589019775,
    "relative_rmse": 0.061409227550029755,
    "explained_variance": 0.10714119672775269,
    "computation_time": 1.1267650127410889,
    "all_factors_non_negative": true,
    "factor_sparsity": [
        "35.51%",
        "35.87%",
        "34.00%"
    ],
    "device": "mps",
    "best_initialization": "random",
    "errors_history": [
        0.9879959225654602,
        0.9818880558013916,
        0.975197434425354,
        0.9689905643463135,
        0.9647812843322754,
        0.9618791937828064,
        0.9584118127822876,
        0.9544485211372375,
        0.9520383477210999,
        0.9508222341537476,
        0.950035810470581,
        0.9494139552116394,
        0.9488810896873474,
        0.948388397693634,
        0.947902262210846,
        0.9474095106124878,
        0.946914553642273,
        0.9464344382286072,
        0.9460430145263672,
        0.9457765221595764,
        0.9455631971359253,
        0.9453973174095154,
        0.9453082084655762,
        0.9452462196350098,
        0.9451963901519775,
        0.9451504349708557,
        0.9450886249542236,
        0.9450439810752869,
        0.945022463798523,
        0.9450098872184753,
        0.9450016021728516,
        0.9449949860572815,
        0.9449881911277771,
        0.9449808597564697,
        0.9449735283851624,
        0.9449647068977356,
        0.9449517130851746,
        0.9449440240859985,
        0.9449349641799927,
        0.9449326395988464,
        0.9449309706687927,
        0.9449295997619629,
        0.9449284672737122,
        0.9449272751808167,
        0.9449257850646973,
        0.9449235796928406,
        0.9449211359024048,
        0.9449196457862854,
        0.9449188113212585,
        0.9449180960655212,
        0.9449175000190735,
        0.9449170231819153,
        0.9449165463447571,
        0.9449161887168884,
        0.944915771484375,
        0.9449154734611511,
        0.9449151754379272,
        0.9449149966239929,
        0.9449148178100586,
        0.9449145793914795,
        0.9449145197868347,
        0.9449144005775452,
        0.9449142217636108,
        0.9449141025543213,
        0.944913923740387,
        0.9449138045310974,
        0.9449137449264526,
        0.9449135065078735,
        0.9449134469032288,
        0.9449133276939392,
        0.9449131488800049,
        0.9449129700660706,
        0.944912850856781,
        0.9449127316474915,
        0.9449125528335571,
        0.9449124336242676,
        0.9449123740196228,
        0.9449122548103333,
        0.9449121356010437,
        0.9449121356010437
    ],
    "l1_regularization": 0.0,
    "l2_regularization": 0.0,
    "c1_unique_zones": 14,
    "c2_unique_od_pairs": 31,
    "c1_c2_approach": "top_n",
    "c1_c2_top_n": 2
}