{
    "normalized_frobenius_error": 0.8826721906661987,
    "masked_rmse": 0.11994572728872299,
    "mean_nonzero_value": 1.1494661569595337,
    "relative_rmse": 0.10434906929731369,
    "explained_variance": 0.22088980674743652,
    "computation_time": 0.565234899520874,
    "all_factors_non_negative": true,
    "factor_sparsity": [
        "23.64%",
        "21.82%",
        "17.50%"
    ],
    "device": "mps",
    "best_initialization": "random",
    "errors_history": [
        0.9598124623298645,
        0.947097897529602,
        0.9319254755973816,
        0.916466474533081,
        0.9063986539840698,
        0.9000873565673828,
        0.8954982161521912,
        0.8922821879386902,
        0.890234649181366,
        0.8888846039772034,
        0.8878361582756042,
        0.886913001537323,
        0.886038601398468,
        0.8852322697639465,
        0.8845748901367188,
        0.8840807676315308,
        0.8837154507637024,
        0.8834472894668579,
        0.8832538723945618,
        0.8831161856651306,
        0.883018434047699,
        0.88294917345047,
        0.8828985095024109,
        0.8828555345535278,
        0.8828134536743164,
        0.8827766180038452,
        0.8827529549598694,
        0.8827386498451233,
        0.8827290534973145,
        0.882722020149231,
        0.8827166557312012,
        0.8827123045921326,
        0.882708728313446,
        0.8827054500579834,
        0.8827023506164551,
        0.8826989531517029,
        0.8826953768730164,
        0.8826919198036194,
        0.8826887011528015,
        0.8826863765716553,
        0.8826850056648254,
        0.8826841115951538,
        0.8826833367347717,
        0.882682740688324,
        0.8826821446418762,
        0.8826817870140076,
        0.8826813697814941,
        0.8826808929443359,
        0.8826804757118225,
        0.8826801776885986,
        0.8826799392700195,
        0.8826796412467957,
        0.8826792240142822,
        0.8826788663864136,
        0.8826783895492554,
        0.8826779723167419,
        0.8826776146888733,
        0.8826771378517151,
        0.8826768398284912,
        0.882676362991333,
        0.8826759457588196,
        0.8826755881309509,
        0.8826751708984375,
        0.8826747536659241,
        0.8826744556427002,
        0.8826741576194763,
        0.8826737999916077,
        0.882673442363739,
        0.8826730847358704,
        0.8826727867126465,
        0.8826724886894226,
        0.8826723098754883,
        0.8826722502708435,
        0.8826722502708435
    ],
    "l1_regularization": 0.0,
    "l2_regularization": 0.0,
    "random_state": 233704,
    "c1_unique_zones": 1,
    "c2_unique_od_pairs": 0,
    "c1_c2_approach": "percentage",
    "c1_c2_percentage": 0.2
}