{
    "normalized_frobenius_error": 0.9062181711196899,
    "masked_rmse": 0.11889523267745972,
    "mean_nonzero_value": 1.3623639345169067,
    "relative_rmse": 0.08727127313613892,
    "explained_variance": 0.17876863479614258,
    "computation_time": 0.20544004440307617,
    "all_factors_non_negative": true,
    "factor_sparsity": [
        "18.06%",
        "9.41%",
        "10.42%"
    ],
    "device": "cpu",
    "best_initialization": "random",
    "errors_history": [
        0.9789295196533203,
        0.9757681488990784,
        0.9749842882156372,
        0.974407434463501,
        0.9735715985298157,
        0.9720838665962219,
        0.9694024920463562,
        0.96550053358078,
        0.9618170261383057,
        0.9592729806900024,
        0.9573630690574646,
        0.9554685950279236,
        0.9532425999641418,
        0.9504750967025757,
        0.9469465017318726,
        0.9423982501029968,
        0.9367810487747192,
        0.9306246638298035,
        0.9245379567146301,
        0.9194011688232422,
        0.9161521792411804,
        0.9143445491790771,
        0.9132559299468994,
        0.9124455451965332,
        0.911793053150177,
        0.9112876057624817,
        0.910857617855072,
        0.9104499816894531,
        0.9100415110588074,
        0.9096403121948242,
        0.9092500805854797,
        0.908884584903717,
        0.9085543751716614,
        0.9082365036010742,
        0.9078733325004578,
        0.9074872136116028,
        0.9071961045265198,
        0.9070075750350952,
        0.9068825244903564,
        0.9067956209182739,
        0.906731367111206,
        0.9066815972328186,
        0.9066411256790161,
        0.9066073298454285,
        0.9065788984298706,
        0.9065539240837097,
        0.9065313935279846,
        0.9065108299255371,
        0.9064921736717224,
        0.9064738750457764,
        0.9064493775367737,
        0.9064052104949951,
        0.9063702821731567,
        0.9063533544540405,
        0.9063423275947571,
        0.9063342809677124,
        0.9063276052474976,
        0.9063219428062439,
        0.906316876411438,
        0.9063125848770142,
        0.906308650970459,
        0.9063053131103516,
        0.9063019156455994,
        0.9062992930412292,
        0.9062966108322144,
        0.9062941074371338,
        0.9062919020652771,
        0.9062896966934204,
        0.9062877893447876,
        0.906286358833313,
        0.9062843322753906,
        0.9062824845314026,
        0.9062808752059937,
        0.906279444694519,
        0.9062778353691101,
        0.9062766432762146,
        0.9062753319740295,
        0.9062739014625549,
        0.906272828578949,
        0.9062715768814087,
        0.906270444393158,
        0.9062693119049072,
        0.9062682390213013,
        0.9062671661376953,
        0.9062661528587341,
        0.9062647819519043,
        0.906263530254364,
        0.9062623977661133,
        0.9062607884407043,
        0.9062594175338745,
        0.9062579870223999,
        0.9062564969062805,
        0.9062551259994507,
        0.9062538146972656,
        0.9062527418136597,
        0.9062513709068298,
        0.9062499403953552,
        0.9062488079071045,
        0.9062476754188538,
        0.9062466025352478,
        0.9062454700469971,
        0.9062442183494568,
        0.9062431454658508,
        0.9062418937683105,
        0.9062407612800598,
        0.9062397480010986,
        0.9062382578849792,
        0.9062371253967285,
        0.9062363505363464,
        0.9062353372573853,
        0.9062342643737793,
        0.9062333106994629,
        0.9062324166297913,
        0.906231701374054,
        0.9062308073043823,
        0.9062301516532898,
        0.9062293767929077,
        0.9062286019325256,
        0.9062281250953674,
        0.9062274694442749,
        0.9062268733978271,
        0.9062262177467346,
        0.906225860118866,
        0.9062251448631287,
        0.9062249064445496,
        0.9062244892120361,
        0.9062238335609436,
        0.9062233567237854,
        0.9062227010726929,
        0.906222403049469,
        0.9062221050262451,
        0.9062217473983765,
        0.9062214493751526,
        0.9062211513519287,
        0.9062208533287048,
        0.9062203764915466,
        0.9062200784683228,
        0.906220018863678,
        0.9062197208404541,
        0.9062194228172302,
        0.9062192440032959,
        0.906218945980072,
        0.9062188267707825,
        0.9062186479568481,
        0.9062184691429138,
        0.9062182903289795,
        0.9062181711196899,
        0.9062181711196899
    ],
    "ranks": {
        "origin": 5,
        "destination": 6,
        "time": 4
    }
}