{
    "normalized_frobenius_error": 0.9012033343315125,
    "masked_rmse": 0.11823728680610657,
    "mean_nonzero_value": 1.3623639345169067,
    "relative_rmse": 0.08678832650184631,
    "explained_variance": 0.1878325343132019,
    "computation_time": 0.14362192153930664,
    "all_factors_non_negative": true,
    "factor_sparsity": [
        "31.61%",
        "30.97%",
        "22.50%"
    ],
    "device": "cpu",
    "best_initialization": "random",
    "errors_history": [
        0.9788076281547546,
        0.9757596850395203,
        0.9750035405158997,
        0.974419891834259,
        0.9735507965087891,
        0.9718889594078064,
        0.968410849571228,
        0.9620009660720825,
        0.953237771987915,
        0.9444894790649414,
        0.9376944899559021,
        0.9327383041381836,
        0.9293106198310852,
        0.9268117547035217,
        0.9247082471847534,
        0.9228733777999878,
        0.9213391542434692,
        0.9201005101203918,
        0.9190989136695862,
        0.9183017015457153,
        0.9176815748214722,
        0.9171814918518066,
        0.9167511463165283,
        0.9163567423820496,
        0.9159713387489319,
        0.9155818223953247,
        0.9151878952980042,
        0.9147989749908447,
        0.9144346117973328,
        0.9141157865524292,
        0.9138515591621399,
        0.9136354327201843,
        0.9134464263916016,
        0.9132554531097412,
        0.9130448698997498,
        0.9128357768058777,
        0.9126547574996948,
        0.9124917387962341,
        0.9123296737670898,
        0.9121595621109009,
        0.911976158618927,
        0.9117804765701294,
        0.9115797877311707,
        0.9113863110542297,
        0.9112094640731812,
        0.9110535383224487,
        0.9109166860580444,
        0.9107946753501892,
        0.9106807112693787,
        0.9105677604675293,
        0.9104490280151367,
        0.9103162884712219,
        0.9101608991622925,
        0.9099707007408142,
        0.9097345471382141,
        0.9094423651695251,
        0.9090909361839294,
        0.9086950421333313,
        0.908288300037384,
        0.9079132080078125,
        0.907604992389679,
        0.9073722958564758,
        0.9072028994560242,
        0.9070786833763123,
        0.9069842100143433,
        0.9069101214408875,
        0.9068506360054016,
        0.9068022966384888,
        0.906760573387146,
        0.9067226648330688,
        0.9066877961158752,
        0.9066540002822876,
        0.9066208004951477,
        0.9065853953361511,
        0.9065473079681396,
        0.9065071940422058,
        0.9064635038375854,
        0.9064279198646545,
        0.9064034819602966,
        0.9063830971717834,
        0.9063652157783508,
        0.9063495397567749,
        0.9063354730606079,
        0.9063231945037842,
        0.9063116312026978,
        0.9063015580177307,
        0.9062925577163696,
        0.9062840342521667,
        0.9062759280204773,
        0.9062681794166565,
        0.9062606692314148,
        0.9062530994415283,
        0.9062450528144836,
        0.9062368273735046,
        0.9062285423278809,
        0.906221330165863,
        0.906214714050293,
        0.9062091112136841,
        0.9062042236328125,
        0.9061996340751648,
        0.9061957597732544,
        0.9061921238899231,
        0.90618896484375,
        0.9061858057975769,
        0.9061829447746277,
        0.9061800837516785,
        0.9061774015426636,
        0.906174898147583,
        0.9061724543571472,
        0.906170129776001,
        0.9061676263809204,
        0.9061652421951294,
        0.9061622619628906,
        0.9061591029167175,
        0.9061552882194519,
        0.9061520099639893,
        0.9061488509178162,
        0.9061464071273804,
        0.9061440229415894,
        0.9061418771743774,
        0.9061399698257446,
        0.9061383605003357,
        0.9061363339424133,
        0.9061346054077148,
        0.9061328768730164,
        0.9061312675476074,
        0.9061298370361328,
        0.9061287045478821,
        0.9061271548271179,
        0.9061262011528015,
        0.9061250686645508,
        0.9061238765716553,
        0.9061227440834045,
        0.9061216115951538,
        0.9061205387115479,
        0.9061191082000732,
        0.9061179757118225,
        0.9061166048049927,
        0.9061153531074524,
        0.9061141014099121,
        0.9061129689216614,
        0.906112015247345,
        0.9061111807823181,
        0.906110405921936,
        0.906109631061554,
        0.9061087369918823,
        0.9061080813407898,
        0.9061076045036316,
        0.9061066508293152,
        0.9061058759689331,
        0.9061050415039062,
        0.9061043858528137,
        0.9061033129692078,
        0.9061024188995361,
        0.9061014652252197,
        0.906099796295166,
        0.9060982465744019,
        0.9060963988304138,
        0.906094491481781,
        0.9060919880867004,
        0.9060895442962646,
        0.9060867428779602,
        0.9060837626457214,
        0.9060807228088379,
        0.9060776829719543,
        0.9060747623443604,
        0.9060718417167664,
        0.9060688614845276,
        0.9060657620429993,
        0.9060628414154053,
        0.9060594439506531,
        0.9060562252998352,
        0.9060527682304382,
        0.9060492515563965,
        0.9060456156730652,
        0.9060414433479309,
        0.906037449836731,
        0.9060331583023071,
        0.9060288071632385,
        0.9060242176055908,
        0.9060194492340088,
        0.9060146808624268,
        0.9060098528862,
        0.9060052037239075,
        0.9060001969337463,
        0.9059954285621643,
        0.9059903621673584,
        0.9059849977493286,
        0.9059795141220093,
        0.9059737920761108,
        0.9059673547744751,
        0.9059599041938782,
        0.9059520363807678,
        0.9059430360794067,
        0.9059330821037292,
        0.9059216976165771,
        0.9059088826179504,
        0.9058941602706909,
        0.9058772325515747,
        0.9058582782745361,
        0.90583735704422,
        0.905815064907074,
        0.9057921171188354,
        0.9057693481445312,
        0.9057466983795166,
        0.9057255983352661,
        0.9057053923606873,
        0.905686616897583,
        0.9056684374809265,
        0.9056512713432312,
        0.9056345224380493,
        0.9056187272071838,
        0.9056030511856079,
        0.9055876135826111,
        0.9055721163749695,
        0.9055570960044861,
        0.9055414199829102,
        0.9055256843566895,
        0.9055092334747314,
        0.9054914116859436,
        0.9054723978042603,
        0.9054509997367859,
        0.9054266214370728,
        0.9053963422775269,
        0.9053601622581482,
        0.9053167104721069,
        0.9052691459655762,
        0.9052221179008484,
        0.9051768779754639,
        0.905131459236145,
        0.9050849676132202,
        0.905035674571991,
        0.9049832224845886,
        0.9049257040023804,
        0.9048608541488647,
        0.9047871828079224,
        0.9047009944915771,
        0.9045998454093933,
        0.9044798016548157,
        0.90433669090271,
        0.9041670560836792,
        0.9039679169654846,
        0.903740406036377,
        0.9034867882728577,
        0.9032188653945923,
        0.9029451608657837,
        0.9026849865913391,
        0.9024798274040222,
        0.9023204445838928,
        0.9021973609924316,
        0.9021040201187134,
        0.9020337462425232,
        0.9019817113876343,
        0.9019423127174377,
        0.9019119739532471,
        0.9018868207931519,
        0.9018663167953491,
        0.9018495082855225,
        0.9018328189849854,
        0.9018121361732483,
        0.9017817974090576,
        0.9017298221588135,
        0.9016506671905518,
        0.9015741944313049,
        0.9015209674835205,
        0.9014798998832703,
        0.9014462828636169,
        0.901419460773468,
        0.9014014005661011,
