{
    "normalized_frobenius_error": 0.9113110303878784,
    "masked_rmse": 0.20343559980392456,
    "mean_nonzero_value": 1.5989879369735718,
    "relative_rmse": 0.12722772359848022,
    "explained_variance": 0.16951221227645874,
    "computation_time": 0.49082112312316895,
    "all_factors_non_negative": true,
    "factor_sparsity": [
        "9.66%",
        "17.03%",
        "4.17%"
    ],
    "device": "cpu",
    "best_initialization": "svd",
    "errors_history": [
        0.9505844712257385,
        0.946692943572998,
        0.9408843517303467,
        0.9339975118637085,
        0.9284117817878723,
        0.9252393245697021,
        0.9234863519668579,
        0.9222753643989563,
        0.921200692653656,
        0.9200533628463745,
        0.9187658429145813,
        0.9174790978431702,
        0.916432797908783,
        0.9156981706619263,
        0.9151944518089294,
        0.9148417711257935,
        0.9145873188972473,
        0.9143933057785034,
        0.9142372012138367,
        0.9141073822975159,
        0.91399747133255,
        0.9139041304588318,
        0.9138225317001343,
        0.9137497544288635,
        0.9136832356452942,
        0.9136211276054382,
        0.9135633707046509,
        0.913508415222168,
        0.9134581685066223,
        0.9134114384651184,
        0.9133684635162354,
        0.9133287072181702,
        0.9132938385009766,
        0.9132617712020874,
        0.9132323861122131,
        0.9132052659988403,
        0.9131802916526794,
        0.9131577610969543,
        0.913135826587677,
        0.9131149053573608,
        0.9130946397781372,
        0.91307532787323,
        0.913055956363678,
        0.9130373597145081,
        0.9130189418792725,
        0.9130003452301025,
        0.9129823446273804,
        0.9129642248153687,
        0.9129451513290405,
        0.912926435470581,
        0.9129075407981873,
        0.912887692451477,
        0.9128676056861877,
        0.9128466248512268,
        0.9128243327140808,
        0.9128018617630005,
        0.9127777218818665,
        0.9127534031867981,
        0.9127275347709656,
        0.9127011299133301,
        0.9126729369163513,
        0.9126438498497009,
        0.9126145243644714,
        0.9125833511352539,
        0.9125516414642334,
        0.9125192761421204,
        0.9124860763549805,
        0.9124520421028137,
        0.912418782711029,
        0.9123842120170593,
        0.9123499989509583,
        0.912315845489502,
        0.9122823476791382,
        0.9122487306594849,
        0.9122159481048584,
        0.9121832847595215,
        0.9121508598327637,
        0.9121193885803223,
        0.9120878577232361,
        0.9120572209358215,
        0.9120270013809204,
        0.9119971394538879,
        0.9119690656661987,
        0.9119412302970886,
        0.9119144678115845,
        0.9118897914886475,
        0.911866307258606,
        0.9118438959121704,
        0.9118228554725647,
        0.9118030071258545,
        0.9117847084999084,
        0.9117676615715027,
        0.9117513298988342,
        0.9117360711097717,
        0.9117216467857361,
        0.9117085933685303,
        0.9116954207420349,
        0.9116836190223694,
        0.9116721153259277,
        0.9116608500480652,
        0.911650538444519,
        0.9116410613059998,
        0.9116314649581909,
        0.9116220474243164,
        0.9116136431694031,
        0.911605179309845,
        0.9115966558456421,
        0.9115889668464661,
        0.9115815758705139,
        0.9115740060806274,
        0.9115674495697021,
        0.9115603566169739,
        0.9115538001060486,
        0.9115477204322815,
        0.9115419387817383,
        0.9115355014801025,
        0.9115301370620728,
        0.9115239381790161,
        0.911518394947052,
        0.9115131497383118,
        0.9115079045295715,
        0.9115027189254761,
        0.9114970564842224,
        0.9114919900894165,
        0.9114866852760315,
        0.9114819169044495,
        0.9114770293235779,
        0.9114719033241272,
        0.9114676713943481,
        0.91146320104599,
        0.9114590287208557,
        0.9114550352096558,
        0.9114508628845215,
        0.9114475250244141,
        0.9114435911178589,
        0.9114399552345276,
        0.9114367365837097,
        0.9114334583282471,
        0.9114302396774292,
        0.9114270806312561,
        0.9114243984222412,
        0.9114218354225159,
        0.9114187359809875,
        0.9114162921905518,
        0.911413848400116,
        0.9114115238189697,
        0.9114090800285339,
        0.9114069938659668,
        0.9114048480987549,
        0.9114027619361877,
        0.9114007353782654,
        0.9113985896110535,
        0.9113968014717102,
        0.9113949537277222,
        0.9113934636116028,
        0.9113917946815491,
        0.9113898873329163,
        0.9113881587982178,
        0.9113865494728088,
        0.9113849401473999,
        0.9113836288452148,
        0.9113823175430298,
        0.9113810062408447,
        0.9113795757293701,
        0.9113780856132507,
        0.9113767743110657,
        0.9113755226135254,
        0.9113745093345642,
        0.9113731980323792,
        0.911372184753418,
        0.9113708734512329,
        0.9113696813583374,
        0.9113686680793762,
        0.911367654800415,
        0.9113666415214539,
        0.9113655090332031,
        0.911364734172821,
        0.9113634824752808,
        0.9113628268241882,
        0.9113616943359375,
        0.9113606810569763,
        0.9113597869873047,
        0.9113590717315674,
        0.9113579392433167,
        0.9113569259643555,
        0.9113561511039734,
        0.9113554954528809,
        0.9113548398017883,
        0.9113543033599854,
        0.9113532900810242,
        0.9113525748252869,
        0.9113516807556152,
        0.9113507866859436,
        0.9113500714302063,
        0.9113494753837585,
        0.9113487601280212,
        0.9113478660583496,
        0.9113471508026123,
        0.9113464951515198,
        0.911345899105072,
        0.9113451242446899,
        0.911344587802887,
        0.9113438129425049,
        0.9113430976867676,
        0.9113423824310303,
        0.911341667175293,
        0.9113410711288452,
        0.9113401770591736,
        0.9113393425941467,
        0.9113386273384094,
        0.9113378524780273,
        0.9113370180130005,
        0.9113358855247498,
        0.9113355278968811,
        0.9113345742225647,
        0.9113338589668274,
        0.9113330841064453,
        0.911332368850708,
        0.9113319516181946,
        0.9113311767578125,
        0.9113304615020752,
        0.9113297462463379,
        0.9113291501998901,
        0.9113286137580872,
        0.9113278388977051,
        0.9113274216651917,
        0.9113268256187439,
        0.9113262295722961,
        0.9113255143165588,
        0.911325216293335,
        0.911324679851532,
        0.9113239645957947,
        0.9113234877586365,
        0.9113227725028992,
        0.9113224744796753,
        0.9113220572471619,
        0.9113214612007141,
        0.9113207459449768,
        0.9113204479217529,
        0.9113200306892395,
        0.9113194346427917,
        0.9113188982009888,
        0.9113185405731201,
        0.9113180041313171,
        0.9113175868988037,
        0.911316990852356,
        0.9113165736198425,
        0.9113163948059082,
        0.91131591796875,
        0.9113152027130127,
        0.9113149046897888,
        0.9113143682479858,
        0.9113139510154724,
        0.911313533782959,
        0.9113129377365112,
        0.9113127589225769,
        0.9113123416900635,
        0.9113120436668396,
        0.9113114476203918,
        0.9113110303878784,
        0.9113110303878784
    ],
    "ranks": {
        "origin": 3,
        "destination": 4,
        "time": 2
    }
}