{
    "normalized_frobenius_error": 0.886153519153595,
    "masked_rmse": 0.12041880190372467,
    "mean_nonzero_value": 1.1494661569595337,
    "relative_rmse": 0.10476063191890717,
    "explained_variance": 0.21473199129104614,
    "computation_time": 0.6772480010986328,
    "all_factors_non_negative": true,
    "factor_sparsity": [
        "30.00%",
        "24.09%",
        "19.17%"
    ],
    "device": "mps",
    "best_initialization": "random",
    "errors_history": [
        0.9559820294380188,
        0.9310821890830994,
        0.9161253571510315,
        0.9068613648414612,
        0.9005618691444397,
        0.8963184356689453,
        0.8931223750114441,
        0.8911282420158386,
        0.8899231553077698,
        0.8891541361808777,
        0.8886188268661499,
        0.8882061839103699,
        0.8878690004348755,
        0.8875837326049805,
        0.8873345851898193,
        0.8871157765388489,
        0.8869267106056213,
        0.8867678642272949,
        0.8866366147994995,
        0.8865318894386292,
        0.8864505290985107,
        0.8863884806632996,
        0.8863387703895569,
        0.8862960338592529,
        0.8862629532814026,
        0.8862411379814148,
        0.8862268328666687,
        0.8862167596817017,
        0.8862091898918152,
        0.886203408241272,
        0.8861987590789795,
        0.8861947655677795,
        0.8861914277076721,
        0.8861885070800781,
        0.8861857652664185,
        0.8861833214759827,
        0.8861809372901917,
        0.8861787915229797,
        0.8861770033836365,
        0.8861752152442932,
        0.8861736059188843,
        0.8861722946166992,
        0.8861711621284485,
        0.8861702084541321,
        0.88616943359375,
        0.8861685991287231,
        0.8861677646636963,
        0.8861669898033142,
        0.8861660957336426,
        0.88616544008255,
        0.8861647844314575,
        0.8861643075942993,
        0.8861637711524963,
        0.8861631155014038,
        0.8861622214317322,
        0.8861610889434814,
        0.8861601948738098,
        0.8861595988273621,
        0.8861591815948486,
        0.8861589431762695,
        0.8861587047576904,
        0.8861584663391113,
        0.8861581683158875,
        0.8861579895019531,
        0.8861576914787292,
        0.8861574530601501,
        0.886157214641571,
        0.8861569762229919,
        0.8861567378044128,
        0.8861563801765442,
        0.8861560821533203,
        0.8861557245254517,
        0.8861554265022278,
        0.8861551284790039,
        0.8861547708511353,
        0.8861545920372009,
        0.8861544132232666,
        0.8861542344093323,
        0.8861541152000427,
        0.8861539959907532,
        0.8861539363861084,
        0.8861538171768188,
        0.8861537575721741,
        0.8861535787582397,
        0.886153519153595,
        0.886153519153595
    ],
    "l1_regularization": 0.0,
    "l2_regularization": 0.0,
    "random_state": 872476,
    "c1_unique_zones": 1,
    "c2_unique_od_pairs": 0,
    "c1_c2_approach": "percentage",
    "c1_c2_percentage": 0.2
}