{
    "normalized_frobenius_error": 0.9298105239868164,
    "masked_rmse": 0.0813993588089943,
    "mean_nonzero_value": 1.3470518589019775,
    "relative_rmse": 0.06042778491973877,
    "explained_variance": 0.13545244932174683,
    "computation_time": 1.9679100513458252,
    "all_factors_non_negative": true,
    "factor_sparsity": [
        "40.82%",
        "45.89%",
        "40.03%"
    ],
    "device": "mps",
    "best_initialization": "random",
    "errors_history": [
        0.9870519042015076,
        0.9765344262123108,
        0.9623674154281616,
        0.9503427743911743,
        0.9428740739822388,
        0.9396063089370728,
        0.9376683831214905,
        0.9362499117851257,
        0.9351155161857605,
        0.9341985583305359,
        0.9334777593612671,
        0.9329087138175964,
        0.9324241876602173,
        0.931991457939148,
        0.931596577167511,
        0.9312555193901062,
        0.9309845566749573,
        0.9307823181152344,
        0.9306347370147705,
        0.9305204153060913,
        0.9304295182228088,
        0.9303544759750366,
        0.9302947521209717,
        0.9302496314048767,
        0.9302151799201965,
        0.930188000202179,
        0.9301661252975464,
        0.9301477670669556,
        0.9301307201385498,
        0.9301103353500366,
        0.9300767183303833,
        0.9300378561019897,
        0.9300123453140259,
        0.9299950003623962,
        0.9299822449684143,
        0.9299723505973816,
        0.9299646615982056,
        0.9299586415290833,
        0.9299538731575012,
        0.9299500584602356,
        0.9299468398094177,
        0.9299442172050476,
        0.9299419522285461,
        0.9299400448799133,
        0.9299376606941223,
        0.9299284219741821,
        0.9299112558364868,
        0.9299067258834839,
        0.929904043674469,
        0.9299021363258362,
        0.9299004673957825,
        0.9298987984657288,
        0.929897129535675,
        0.929895281791687,
        0.9298931360244751,
        0.9298909306526184,
        0.9298886656761169,
        0.929886519908905,
        0.9298848509788513,
        0.9298834204673767,
        0.9298821687698364,
        0.9298810958862305,
        0.9298800826072693,
        0.9298791289329529,
        0.9298780560493469,
        0.929876983165741,
        0.929875910282135,
        0.929874837398529,
        0.9298735857009888,
        0.9298722147941589,
        0.9298709630966187,
        0.9298693537712097,
        0.9298679232597351,
        0.9298664331436157,
        0.9298648834228516,
        0.9298635125160217,
        0.9298619627952576,
        0.9298605918884277,
        0.9298591613769531,
        0.9298577904701233,
        0.9298564195632935,
        0.9298550486564636,
        0.9298536777496338,
        0.929852306842804,
        0.9298509359359741,
        0.9298495054244995,
        0.9298481345176697,
        0.9298467636108398,
        0.9298453330993652,
        0.9298439621925354,
        0.9298425912857056,
        0.9298413395881653,
        0.9298399686813354,
        0.9298385977745056,
        0.9298373460769653,
        0.9298361539840698,
        0.9298349618911743,
        0.9298338890075684,
        0.9298328161239624,
        0.929831862449646,
        0.9298309087753296,
        0.929830014705658,
        0.9298292994499207,
        0.9298285245895386,
        0.9298279881477356,
        0.9298273921012878,
        0.9298267960548401,
        0.9298262000083923,
        0.9298257231712341,
        0.9298253059387207,
        0.9298248291015625,
        0.9298245310783386,
        0.9298240542411804,
        0.9298236966133118,
        0.9298232793807983,
        0.9298226833343506,
        0.9298222064971924,
        0.9298216104507446,
        0.9298209547996521,
        0.92982017993927,
        0.9298194050788879,
        0.9298186898231506,
        0.9298180341720581,
        0.9298175573348999,
        0.9298170208930969,
        0.9298167824745178,
        0.9298163652420044,
        0.929815948009491,
        0.9298157095909119,
        0.929815411567688,
        0.9298149943351746,
        0.9298146963119507,
        0.929814338684082,
        0.9298141002655029,
        0.9298139214515686,
        0.9298137426376343,
        0.9298136234283447,
        0.9298134446144104,
        0.9298126697540283,
        0.929811954498291,
        0.9298115968704224,
        0.929811418056488,
        0.9298111796379089,
        0.9298110008239746,
        0.9298108816146851,
        0.9298108220100403,
        0.9298107028007507,
        0.929810643196106,
        0.929810643196106
    ],
    "l1_regularization": 0.0,
    "l2_regularization": 0.0,
    "c1_unique_zones": 19,
    "c2_unique_od_pairs": 47,
    "c1_c2_approach": "top_n",
    "c1_c2_top_n": 2
}