{
    "normalized_frobenius_error": 0.885753870010376,
    "masked_rmse": 0.12036449462175369,
    "mean_nonzero_value": 1.1494661569595337,
    "relative_rmse": 0.10471338778734207,
    "explained_variance": 0.21544009447097778,
    "computation_time": 0.6925890445709229,
    "all_factors_non_negative": true,
    "factor_sparsity": [
        "29.09%",
        "19.55%",
        "20.83%"
    ],
    "device": "mps",
    "best_initialization": "random",
    "errors_history": [
        0.9628733396530151,
        0.9434945583343506,
        0.9180405139923096,
        0.9033461213111877,
        0.8972597718238831,
        0.8947484493255615,
        0.893207311630249,
        0.8917973041534424,
        0.8902862668037415,
        0.888814389705658,
        0.8877080082893372,
        0.8870273232460022,
        0.8866280913352966,
        0.8863838315010071,
        0.8862263560295105,
        0.8861211538314819,
        0.8860466480255127,
        0.8859913945198059,
        0.8859499096870422,
        0.8859179019927979,
        0.8858934640884399,
        0.8858755230903625,
        0.8858617544174194,
        0.8858503699302673,
        0.8858394622802734,
        0.8858281373977661,
        0.8858184814453125,
        0.8858117461204529,
        0.8858070969581604,
        0.88580322265625,
        0.885799765586853,
        0.8857967853546143,
        0.885793924331665,
        0.8857914209365845,
        0.8857890963554382,
        0.8857868909835815,
        0.8857847452163696,
        0.8857827186584473,
        0.8857806921005249,
        0.8857788443565369,
        0.8857770562171936,
        0.8857755064964294,
        0.8857740163803101,
        0.8857728838920593,
        0.8857716917991638,
        0.8857707381248474,
        0.8857697248458862,
        0.8857688903808594,
        0.8857681155204773,
        0.8857673406600952,
        0.8857665657997131,
        0.8857659697532654,
        0.8857653141021729,
        0.8857646584510803,
        0.8857640027999878,
        0.8857635259628296,
        0.8857629299163818,
        0.8857623338699341,
        0.8857617378234863,
        0.8857613205909729,
        0.8857608437538147,
        0.8857603073120117,
        0.8857597708702087,
        0.8857594728469849,
        0.8857589960098267,
        0.8857586979866028,
        0.8857582807540894,
        0.8857579827308655,
        0.8857576847076416,
        0.8857573866844177,
        0.8857570886611938,
        0.8857569098472595,
        0.8857567310333252,
        0.8857565522193909,
        0.8857563138008118,
        0.8857561349868774,
        0.8857560157775879,
        0.8857558965682983,
        0.8857557773590088,
        0.8857555389404297,
        0.8857554793357849,
        0.8857553601264954,
        0.8857552409172058,
        0.8857550024986267,
        0.8857549428939819,
        0.8857548236846924,
        0.8857547044754028,
        0.8857545256614685,
        0.8857544660568237,
        0.8857542872428894,
        0.8857542276382446,
        0.8857541084289551,
        0.8857540488243103,
        0.8857539892196655,
        0.8857539296150208,
        0.8857539296150208
    ],
    "l1_regularization": 0.0,
    "l2_regularization": 0.0,
    "random_state": 546491,
    "c1_unique_zones": 1,
    "c2_unique_od_pairs": 0,
    "c1_c2_approach": "percentage",
    "c1_c2_percentage": 0.2
}