{
    "normalized_frobenius_error": 0.9436931610107422,
    "masked_rmse": 0.12381085008382797,
    "mean_nonzero_value": 1.3623639345169067,
    "relative_rmse": 0.090879425406456,
    "explained_variance": 0.1094433069229126,
    "computation_time": 0.47674012184143066,
    "all_factors_non_negative": true,
    "factor_sparsity": [
        "29.03%",
        "23.66%",
        "12.50%"
    ],
    "device": "mps",
    "best_initialization": "random",
    "errors_history": [
        0.9775179028511047,
        0.9682265520095825,
        0.9607664346694946,
        0.9546000957489014,
        0.9501637816429138,
        0.9473329782485962,
        0.9457695484161377,
        0.9449552893638611,
        0.9444995522499084,
        0.9442052841186523,
        0.9440122842788696,
        0.9438904523849487,
        0.9438233375549316,
        0.9437850117683411,
        0.9437617659568787,
        0.9437472224235535,
        0.9437376260757446,
        0.9437308311462402,
        0.9437257647514343,
        0.9437220692634583,
        0.943718671798706,
        0.943715512752533,
        0.9437123537063599,
        0.9437091946601868,
        0.9437068104743958,
        0.9437050819396973,
        0.9437037706375122,
        0.9437023997306824,
        0.9437012672424316,
        0.9437001347541809,
        0.9436991810798645,
        0.9436982274055481,
        0.943697452545166,
        0.9436967968940735,
        0.9436962008476257,
        0.9436957240104675,
        0.9436953663825989,
        0.9436948299407959,
        0.9436945915222168,
        0.9436942934989929,
        0.9436941146850586,
        0.9436938166618347,
        0.9436936974525452,
        0.9436935186386108,
        0.9436933994293213,
        0.9436933398246765,
        0.9436931610107422,
        0.9436931610107422
    ],
    "l1_regularization": 0.0,
    "l2_regularization": 0.0,
    "random_state": 170941,
    "c1_unique_zones": 3,
    "c2_unique_od_pairs": 1,
    "c1_c2_approach": "percentage",
    "c1_c2_percentage": 0.2
}