{
    "normalized_frobenius_error": 0.8564386367797852,
    "masked_rmse": 0.22337239980697632,
    "mean_nonzero_value": 1.345635175704956,
    "relative_rmse": 0.16599774360656738,
    "explained_variance": 0.266512930393219,
    "computation_time": 0.7283718585968018,
    "all_factors_non_negative": true,
    "factor_sparsity": [
        "20.44%",
        "19.11%",
        "11.67%"
    ],
    "device": "mps",
    "best_initialization": "random",
    "errors_history": [
        0.9436811804771423,
        0.9317489862442017,
        0.9189043045043945,
        0.9038426876068115,
        0.8890792727470398,
        0.8782716393470764,
        0.8727331757545471,
        0.8696196675300598,
        0.8672648668289185,
        0.8650940656661987,
        0.8631269931793213,
        0.8615447878837585,
        0.8604042530059814,
        0.8595941662788391,
        0.8589431643486023,
        0.8583645820617676,
        0.8579204678535461,
        0.8576202392578125,
        0.857384443283081,
        0.8571620583534241,
        0.8569830060005188,
        0.8568621277809143,
        0.8567756414413452,
        0.8567102551460266,
        0.8566597700119019,
        0.8566209673881531,
        0.8565906882286072,
        0.8565667867660522,
        0.8565477728843689,
        0.8565324544906616,
        0.8565199375152588,
        0.8565098643302917,
        0.856501579284668,
        0.8564946055412292,
        0.8564890027046204,
        0.856484055519104,
        0.8564798831939697,
        0.856476366519928,
        0.8564732670783997,
        0.8564706444740295,
        0.8564684391021729,
        0.8564664125442505,
        0.8564648032188416,
        0.8564632534980774,
        0.8564620018005371,
        0.8564609289169312,
        0.8564598560333252,
        0.8564589023590088,
        0.8564581871032715,
        0.8564574718475342,
        0.8564566969871521,
        0.8564561009407043,
        0.856455385684967,
        0.8564547896385193,
        0.8564542531967163,
        0.8564536571502686,
        0.8564532995223999,
        0.8564527630805969,
        0.8564522862434387,
        0.8564518094062805,
        0.8564514517784119,
        0.8564509749412537,
        0.8564505577087402,
        0.8564501404762268,
        0.8564497828483582,
        0.8564493656158447,
        0.8564489483833313,
        0.8564485311508179,
        0.8564480543136597,
        0.8564475774765015,
        0.8564471006393433,
        0.8564466238021851,
        0.8564462661743164,
        0.856445848941803,
        0.8564453721046448,
        0.8564450144767761,
        0.8564445376396179,
        0.8564441204071045,
        0.8564438223838806,
        0.8564434051513672,
        0.8564430475234985,
        0.8564426898956299,
        0.8564422726631165,
        0.8564420342445374,
        0.8564416170120239,
        0.8564413189888,
        0.856441080570221,
        0.8564408421516418,
        0.856440544128418,
        0.8564403653144836,
        0.8564401268959045,
        0.8564399480819702,
        0.8564397096633911,
        0.8564395904541016,
        0.856439471244812,
        0.8564393520355225,
        0.8564392328262329,
        0.8564391136169434,
        0.8564389944076538,
        0.8564388751983643,
        0.8564388155937195,
        0.8564387559890747,
        0.8564386963844299,
        0.8564386367797852,
        0.8564386367797852
    ],
    "l1_regularization": 0.0,
    "l2_regularization": 0.0,
    "random_state": 357753,
    "c1_unique_zones": 2,
    "c2_unique_od_pairs": 0,
    "c1_c2_approach": "percentage",
    "c1_c2_percentage": 0.2
}