{
    "normalized_frobenius_error": 0.8526248931884766,
    "masked_rmse": 0.11586261540651321,
    "mean_nonzero_value": 1.1494661569595337,
    "relative_rmse": 0.1007968932390213,
    "explained_variance": 0.2730308175086975,
    "computation_time": 1.740083932876587,
    "all_factors_non_negative": true,
    "factor_sparsity": [
        "42.90%",
        "35.51%",
        "28.65%"
    ],
    "device": "mps",
    "best_initialization": "random",
    "errors_history": [
        0.9530600309371948,
        0.9289542436599731,
        0.9047682881355286,
        0.8922555446624756,
        0.8863826394081116,
        0.882330060005188,
        0.8787824511528015,
        0.8748429417610168,
        0.8707073926925659,
        0.8679870367050171,
        0.8666303753852844,
        0.8658462166786194,
        0.865355372428894,
        0.8649798035621643,
        0.8646095991134644,
        0.864152193069458,
        0.8634730577468872,
        0.8623939156532288,
        0.8608680963516235,
        0.8592448234558105,
        0.8579544425010681,
        0.857074499130249,
        0.8564943671226501,
        0.8560787439346313,
        0.8556832075119019,
        0.8553476333618164,
        0.8551297783851624,
        0.8549659848213196,
        0.8548376560211182,
        0.8547335863113403,
        0.8546379208564758,
        0.8545515537261963,
        0.8544178605079651,
        0.8542450070381165,
        0.8541103005409241,
        0.8540114760398865,
        0.8539307117462158,
        0.8538536429405212,
        0.853775680065155,
        0.8536958694458008,
        0.8536139726638794,
        0.8535295724868774,
        0.8534403443336487,
        0.8533483147621155,
        0.8532622456550598,
        0.8531834483146667,
        0.8531087040901184,
        0.8530373573303223,
        0.852970540523529,
        0.8529106378555298,
        0.8528631925582886,
        0.8528265357017517,
        0.8527987003326416,
        0.8527777194976807,
        0.8527622818946838,
        0.8527509570121765,
        0.8527425527572632,
        0.8527361750602722,
        0.8527311086654663,
        0.8527270555496216,
        0.8527237176895142,
        0.8527207374572754,
        0.85271817445755,
        0.852715790271759,
        0.8527135252952576,
        0.8527113199234009,
        0.8527089357376099,
        0.8527066111564636,
        0.8527042269706726,
        0.8527014255523682,
        0.8526989221572876,
        0.8526965379714966,
        0.8526943922042847,
        0.8526920676231384,
        0.8526896834373474,
        0.8526870608329773,
        0.8526841998100281,
        0.8526808023452759,
        0.8526774644851685,
        0.8526741862297058,
        0.8526713848114014,
        0.8526688814163208,
        0.8526666760444641,
        0.8526646494865417,
        0.8526630401611328,
        0.8526614308357239,
        0.8526599407196045,
        0.8526586294174194,
        0.8526573777198792,
        0.8526563048362732,
        0.8526553511619568,
        0.8526544570922852,
        0.8526538014411926,
        0.8526530861854553,
        0.8526524901390076,
        0.852651834487915,
        0.8526514172554016,
        0.8526510000228882,
        0.8526505827903748,
        0.8526502251625061,
        0.8526498079299927,
        0.852649450302124,
        0.8526489734649658,
        0.8526484370231628,
        0.8526474237442017,
        0.8526456356048584,
        0.8526430726051331,
        0.8526406288146973,
        0.8526390790939331,
        0.852637767791748,
        0.8526365160942078,
        0.8526349663734436,
        0.8526333570480347,
        0.8526320457458496,
        0.8526310324668884,
        0.8526302576065063,
        0.8526297807693481,
        0.8526293635368347,
        0.8526290655136108,
        0.8526286482810974,
        0.8526283502578735,
        0.8526279330253601,
        0.8526275753974915,
        0.8526272773742676,
        0.8526269793510437,
        0.852626621723175,
        0.852626383304596,
        0.8526262640953064,
        0.8526260852813721,
        0.8526259064674377,
        0.8526257276535034,
        0.8526256680488586,
        0.8526255488395691,
        0.8526254296302795,
        0.8526253700256348,
        0.8526252508163452,
        0.8526251316070557,
        0.8526250720024109,
        0.8526248931884766,
        0.8526248931884766
    ],
    "l1_regularization": 0.0,
    "l2_regularization": 0.0,
    "c1_unique_zones": 21,
    "c2_unique_od_pairs": 32,
    "c1_c2_approach": "top_n",
    "c1_c2_top_n": 2
}