{
    "normalized_frobenius_error": 0.8564401865005493,
    "masked_rmse": 0.22337280213832855,
    "mean_nonzero_value": 1.345635175704956,
    "relative_rmse": 0.16599804162979126,
    "explained_variance": 0.2665102481842041,
    "computation_time": 0.6601932048797607,
    "all_factors_non_negative": true,
    "factor_sparsity": [
        "17.33%",
        "16.44%",
        "10.83%"
    ],
    "device": "mps",
    "best_initialization": "random",
    "errors_history": [
        0.9454697966575623,
        0.9356077313423157,
        0.9244883060455322,
        0.9116498827934265,
        0.900655210018158,
        0.8922353982925415,
        0.8864082098007202,
        0.882246732711792,
        0.8787709474563599,
        0.8754125833511353,
        0.871807336807251,
        0.8679120540618896,
        0.8642268776893616,
        0.8614832162857056,
        0.8597204089164734,
        0.8585882186889648,
        0.8578309416770935,
        0.8573523759841919,
        0.8570643663406372,
        0.8568806648254395,
        0.8567631840705872,
        0.8566869497299194,
        0.8566354513168335,
        0.8565995693206787,
        0.8565739393234253,
        0.8565553426742554,
        0.8565409183502197,
        0.8565294742584229,
        0.8565196990966797,
        0.8565109968185425,
        0.856502890586853,
        0.8564954996109009,
        0.8564891815185547,
        0.8564839959144592,
        0.8564796447753906,
        0.8564758896827698,
        0.856472373008728,
        0.8564693331718445,
        0.85646653175354,
        0.8564640283584595,
        0.8564616441726685,
        0.8564596772193909,
        0.8564577102661133,
        0.8564561009407043,
        0.8564546704292297,
        0.8564534783363342,
        0.8564524054527283,
        0.8564514517784119,
        0.8564505577087402,
        0.8564498424530029,
        0.8564491271972656,
        0.8564485907554626,
        0.8564479947090149,
        0.8564473986625671,
        0.8564468622207642,
        0.856446385383606,
        0.8564459085464478,
        0.8564454317092896,
        0.8564451336860657,
        0.8564447164535522,
        0.8564444184303284,
        0.8564441204071045,
        0.8564438223838806,
        0.856443464756012,
        0.8564432859420776,
        0.8564429879188538,
        0.8564427495002747,
        0.8564425110816956,
        0.8564422726631165,
        0.8564421534538269,
        0.856441855430603,
        0.8564417362213135,
        0.8564416170120239,
        0.8564414381980896,
        0.8564412593841553,
        0.8564411401748657,
        0.8564410209655762,
        0.8564408421516418,
        0.8564406633377075,
        0.856440544128418,
        0.8564404845237732,
        0.8564403653144836,
        0.8564401865005493,
        0.8564401865005493
    ],
    "l1_regularization": 0.0,
    "l2_regularization": 0.0,
    "random_state": 516338,
    "c1_unique_zones": 2,
    "c2_unique_od_pairs": 0,
    "c1_c2_approach": "percentage",
    "c1_c2_percentage": 0.2
}