{
    "normalized_frobenius_error": 0.8749380111694336,
    "masked_rmse": 0.19531303644180298,
    "mean_nonzero_value": 1.5989879369735718,
    "relative_rmse": 0.12214791029691696,
    "explained_variance": 0.234483540058136,
    "computation_time": 0.9849419593811035,
    "all_factors_non_negative": true,
    "factor_sparsity": [
        "25.12%",
        "33.82%",
        "15.28%"
    ],
    "device": "mps",
    "best_initialization": "random",
    "errors_history": [
        0.9551135301589966,
        0.9408054947853088,
        0.9279786348342896,
        0.9127360582351685,
        0.9035620093345642,
        0.8989945650100708,
        0.8955966830253601,
        0.8928143382072449,
        0.8908191919326782,
        0.8895197510719299,
        0.8886539340019226,
        0.8879773616790771,
        0.8872379660606384,
        0.8861435651779175,
        0.8844876289367676,
        0.8825335502624512,
        0.8808620572090149,
        0.8796188235282898,
        0.8786800503730774,
        0.8780195116996765,
        0.8775461316108704,
        0.8771691918373108,
        0.8768466711044312,
        0.8765295147895813,
        0.8762463331222534,
        0.8760272264480591,
        0.8758492469787598,
        0.8756999373435974,
        0.8755747675895691,
        0.875471293926239,
        0.8753861784934998,
        0.8753170371055603,
        0.8752620220184326,
        0.8752202987670898,
        0.8751890063285828,
        0.8751652836799622,
        0.8751465678215027,
        0.8751314878463745,
        0.8751192688941956,
        0.875109076499939,
        0.8751005530357361,
        0.8750931024551392,
        0.8750864267349243,
        0.8750802278518677,
        0.8750745058059692,
        0.8750689029693604,
        0.8750636577606201,
        0.8750587105751038,
        0.8750543594360352,
        0.87505042552948,
        0.8750472664833069,
        0.8750447630882263,
        0.875042736530304,
        0.8750410079956055,
        0.8750395774841309,
        0.8750382661819458,
        0.8750371932983398,
        0.8750359416007996,
        0.8750349283218384,
        0.8750338554382324,
        0.8750328421592712,
        0.8750318288803101,
        0.8750305771827698,
        0.8750292658805847,
        0.8750279545783997,
        0.8750263452529907,
        0.8750245571136475,
        0.8750225305557251,
        0.8750202655792236,
        0.8750181794166565,
        0.8750160336494446,
        0.8750138282775879,
        0.875011682510376,
        0.8750093579292297,
        0.875006914138794,
        0.8750044107437134,
        0.8750016689300537,
        0.874998927116394,
        0.8749961256980896,
        0.8749932050704956,
        0.8749902844429016,
        0.8749874234199524,
        0.8749845027923584,
        0.8749816417694092,
        0.8749790191650391,
        0.874976396560669,
        0.8749738931655884,
        0.8749715685844421,
        0.8749693036079407,
        0.8749673962593079,
        0.874965488910675,
        0.8749637603759766,
        0.8749622702598572,
        0.8749608397483826,
        0.8749595284461975,
        0.8749582767486572,
        0.8749572038650513,
        0.8749561905860901,
        0.8749552965164185,
        0.8749544620513916,
        0.8749536275863647,
        0.8749529719352722,
        0.8749523162841797,
        0.8749517202377319,
        0.8749512434005737,
        0.8749507069587708,
        0.8749502897262573,
        0.8749499320983887,
        0.8749495148658752,
        0.8749493360519409,
        0.8749489784240723,
        0.8749486804008484,
        0.8749485015869141,
        0.8749482035636902,
        0.8749479651451111,
        0.8749476671218872,
        0.8749474883079529,
        0.8749473094940186,
        0.8749470710754395,
        0.8749468922615051,
        0.8749465942382812,
        0.8749463558197021,
        0.8749461770057678,
        0.874945878982544,
        0.8749455809593201,
        0.8749452829360962,
        0.8749448657035828,
        0.8749444484710693,
        0.8749439716339111,
        0.8749433159828186,
        0.8749428391456604,
        0.8749422430992126,
        0.8749417066574097,
        0.8749411106109619,
        0.8749405145645142,
        0.8749399781227112,
        0.8749396204948425,
        0.8749393224716187,
        0.8749389052391052,
        0.8749386668205261,
        0.8749384880065918,
        0.8749383091926575,
        0.8749381899833679,
        0.8749380707740784,
        0.8749380111694336,
        0.8749380111694336
    ],
    "l1_regularization": 0.0,
    "l2_regularization": 0.0,
    "random_state": 768121,
    "c1_unique_zones": 2,
    "c2_unique_od_pairs": 0,
    "c1_c2_approach": "percentage",
    "c1_c2_percentage": 0.2
}