{
    "normalized_frobenius_error": 0.8652640581130981,
    "masked_rmse": 0.22567419707775116,
    "mean_nonzero_value": 1.345635175704956,
    "relative_rmse": 0.16770830750465393,
    "explained_variance": 0.25131815671920776,
    "computation_time": 1.1773340702056885,
    "all_factors_non_negative": true,
    "factor_sparsity": [
        "18.67%",
        "14.67%",
        "9.17%"
    ],
    "device": "mps",
    "best_initialization": "random",
    "errors_history": [
        0.9448403716087341,
        0.9343324303627014,
        0.9172864556312561,
        0.900242805480957,
        0.8899747133255005,
        0.8833574056625366,
        0.87803715467453,
        0.8737658858299255,
        0.870776891708374,
        0.8689587712287903,
        0.8678695559501648,
        0.8671734929084778,
        0.8666932582855225,
        0.8663544654846191,
        0.8661065697669983,
        0.8659153580665588,
        0.8657668232917786,
        0.8656567931175232,
        0.8655786514282227,
        0.8655224442481995,
        0.8654800057411194,
        0.8654466271400452,
        0.865419864654541,
        0.8653988838195801,
        0.8653819561004639,
        0.865367591381073,
        0.8653543591499329,
        0.8653416037559509,
        0.865330159664154,
        0.8653213381767273,
        0.8653148412704468,
        0.8653097152709961,
        0.8653050661087036,
        0.8653010725975037,
        0.8652973771095276,
        0.8652941584587097,
        0.8652916550636292,
        0.8652896285057068,
        0.865287721157074,
        0.8652862310409546,
        0.8652847409248352,
        0.8652835488319397,
        0.865282416343689,
        0.8652814030647278,
        0.8652805089950562,
        0.8652796149253845,
        0.8652787804603577,
        0.8652781248092651,
        0.8652773499488831,
        0.8652767539024353,
        0.8652760982513428,
        0.865275502204895,
        0.865274965763092,
        0.8652744889259338,
        0.8652738332748413,
        0.8652734160423279,
        0.8652728199958801,
        0.8652724027633667,
        0.865271806716919,
        0.8652713298797607,
        0.8652708530426025,
        0.8652704954147339,
        0.8652699589729309,
        0.865269660949707,
        0.8652693033218384,
        0.8652689456939697,
        0.8652687072753906,
        0.865268349647522,
        0.8652681112289429,
        0.8652677536010742,
        0.8652675747871399,
        0.8652673363685608,
        0.8652670979499817,
        0.8652669191360474,
        0.8652666807174683,
        0.8652665019035339,
        0.8652663826942444,
        0.8652661442756653,
        0.8652660250663757,
        0.8652659058570862,
        0.8652657270431519,
        0.8652654886245728,
        0.8652653694152832,
        0.8652653098106384,
        0.8652651309967041,
        0.8652650117874146,
        0.8652648329734802,
        0.8652647733688354,
        0.8652646541595459,
        0.8652645349502563,
        0.8652644157409668,
        0.8652642965316772,
        0.8652641773223877,
        0.8652640581130981,
        0.8652640581130981
    ],
    "l1_regularization": 0.0,
    "l2_regularization": 0.0,
    "random_state": 393563,
    "c1_unique_zones": 3,
    "c2_unique_od_pairs": 0,
    "c1_c2_approach": "percentage",
    "c1_c2_percentage": 0.2
}