{
    "normalized_frobenius_error": 0.9039759635925293,
    "masked_rmse": 0.1186000257730484,
    "mean_nonzero_value": 1.3623639345169067,
    "relative_rmse": 0.08705458045005798,
    "explained_variance": 0.18282747268676758,
    "computation_time": 1.3585960865020752,
    "all_factors_non_negative": true,
    "factor_sparsity": [
        "53.49%",
        "47.04%",
        "32.64%"
    ],
    "device": "mps",
    "best_initialization": "random",
    "errors_history": [
        0.972705066204071,
        0.9583206176757812,
        0.9468641877174377,
        0.9393806457519531,
        0.9338269233703613,
        0.9292730689048767,
        0.925618052482605,
        0.9228212833404541,
        0.9200534224510193,
        0.9162684679031372,
        0.912616491317749,
        0.9100152850151062,
        0.9080356359481812,
        0.9067451357841492,
        0.905834436416626,
        0.9052680730819702,
        0.9049633145332336,
        0.9047706127166748,
        0.9046461582183838,
        0.9045739769935608,
        0.9045314788818359,
        0.9045037031173706,
        0.9044831991195679,
        0.9044694304466248,
        0.9044605493545532,
        0.9044552445411682,
        0.9044520258903503,
        0.904449999332428,
        0.904448390007019,
        0.9044467806816101,
        0.9044448137283325,
        0.9044412970542908,
        0.9044357538223267,
        0.9044285416603088,
        0.9044195413589478,
        0.9044107794761658,
        0.90440434217453,
        0.9044005274772644,
        0.9043983221054077,
        0.9043969511985779,
        0.904396116733551,
        0.9043954610824585,
        0.9043948650360107,
        0.9043943881988525,
        0.9043939113616943,
        0.9043934345245361,
        0.9043928384780884,
        0.9043923616409302,
        0.9043920040130615,
        0.9043915867805481,
        0.904391348361969,
        0.9043910503387451,
        0.9043907523155212,
        0.9043904542922974,
        0.9043901562690735,
        0.9043899178504944,
        0.9043896794319153,
        0.9043894410133362,
        0.9043890237808228,
        0.9043888449668884,
        0.9043885469436646,
        0.9043882489204407,
        0.9043880701065063,
        0.9043877720832825,
        0.9043874740600586,
        0.9043872356414795,
        0.9043869376182556,
        0.9043867588043213,
        0.9043864607810974,
        0.9043861627578735,
        0.9043859839439392,
        0.9043855667114258,
        0.9043853878974915,
        0.9043850898742676,
        0.9043847918510437,
        0.9043846130371094,
        0.904384434223175,
        0.9043841361999512,
        0.9043838381767273,
        0.904383659362793,
        0.9043834805488586,
        0.9043831825256348,
        0.9043828845024109,
        0.9043827056884766,
        0.9043824076652527,
        0.9043821096420288,
        0.9043819308280945,
        0.9043816328048706,
        0.9043813943862915,
        0.9043810963630676,
        0.9043806791305542,
        0.9043804407119751,
        0.9043800234794617,
        0.9043797254562378,
        0.9043793678283691,
        0.9043789505958557,
        0.9043785929679871,
        0.9043781161308289,
        0.9043777585029602,
        0.904377281665802,
        0.9043768048286438,
        0.9043762683868408,
        0.9043757319450378,
        0.9043751358985901,
        0.9043745994567871,
        0.9043738842010498,
        0.9043733477592468,
        0.9043726325035095,
        0.9043717980384827,
        0.9043710231781006,
        0.9043702483177185,
        0.9043692946434021,
        0.9043684601783752,
        0.9043673872947693,
        0.9043662548065186,
        0.9043651223182678,
        0.9043638706207275,
        0.9043624401092529,
        0.9043610692024231,
        0.9043594598770142,
        0.9043578505516052,
        0.9043558835983276,
        0.90435391664505,
        0.9043517112731934,
        0.9043493866920471,
        0.9043467044830322,
        0.9043439626693726,
        0.9043408632278442,
        0.9043375253677368,
        0.904333770275116,
        0.904329776763916,
        0.9043254852294922,
        0.9043206572532654,
        0.9043154120445251,
        0.9043097496032715,
        0.9043035507202148,
        0.9042967557907104,
        0.904289186000824,
        0.904280960559845,
        0.9042718410491943,
        0.9042618274688721,
        0.9042506217956543,
        0.9042389988899231,
        0.9042268395423889,
        0.9042144417762756,
        0.9042015075683594,
        0.9041880965232849,
        0.9041745066642761,
        0.9041606187820435,
        0.9041467308998108,
        0.9041328430175781,
        0.9041187167167664,
        0.9041026830673218,
        0.9040852189064026,
        0.9040710926055908,
        0.9040587544441223,
        0.9040475487709045,
        0.9040375351905823,
        0.9040285348892212,
        0.9040205478668213,
        0.9040135741233826,
        0.9040073752403259,
        0.9040021300315857,
        0.9039974808692932,
        0.9039936661720276,
        0.9039904475212097,
        0.9039877653121948,
        0.9039855599403381,
        0.9039838314056396,
        0.9039824604988098,
        0.9039814472198486,
        0.903980553150177,
        0.9039790034294128,
        0.9039773344993591,
        0.9039768576622009,
        0.903976559638977,
        0.903976321220398,
        0.9039761424064636,
        0.9039759635925293,
        0.9039759635925293
    ],
    "l1_regularization": 0.0,
    "l2_regularization": 0.0,
    "random_state": 393931,
    "c1_unique_zones": 1,
    "c2_unique_od_pairs": 0,
    "c1_c2_approach": "percentage",
    "c1_c2_percentage": 0.2
}