{
    "normalized_frobenius_error": 0.8952932357788086,
    "masked_rmse": 0.12166136503219604,
    "mean_nonzero_value": 1.1494661569595337,
    "relative_rmse": 0.10584162175655365,
    "explained_variance": 0.1984500288963318,
    "computation_time": 0.3944430351257324,
    "all_factors_non_negative": true,
    "factor_sparsity": [
        "34.09%",
        "29.09%",
        "6.25%"
    ],
    "device": "cpu",
    "best_initialization": "svd",
    "errors_history": [
        0.9314524531364441,
        0.9222214221954346,
        0.9172437787055969,
        0.913425862789154,
        0.9105682373046875,
        0.9087475538253784,
        0.9075687527656555,
        0.906725287437439,
        0.9061299562454224,
        0.9057130217552185,
        0.9053975343704224,
        0.9051395058631897,
        0.9049161672592163,
        0.9047155976295471,
        0.9045345783233643,
        0.9043713808059692,
        0.9042258262634277,
        0.9040997624397278,
        0.9039927124977112,
        0.903904378414154,
        0.9038331508636475,
        0.9037748575210571,
        0.9037270545959473,
        0.9036876559257507,
        0.9036543369293213,
        0.9036256670951843,
        0.9035996198654175,
        0.9035768508911133,
        0.9035550355911255,
        0.9035348296165466,
        0.9035157561302185,
        0.9034973978996277,
        0.9034792184829712,
        0.9034622311592102,
        0.9034458994865417,
        0.9034295082092285,
        0.9034146070480347,
        0.9033993482589722,
        0.9033849239349365,
        0.90337073802948,
        0.9033568501472473,
        0.9033440947532654,
        0.9033313393592834,
        0.903318464756012,
        0.9033058285713196,
        0.9032938480377197,
        0.9032817482948303,
        0.9032692909240723,
        0.9032567143440247,
        0.9032439589500427,
        0.9032304883003235,
        0.9032168984413147,
        0.9032024145126343,
        0.9031869173049927,
        0.9031708240509033,
        0.903152585029602,
        0.9031336307525635,
        0.9031127095222473,
        0.9030898213386536,
        0.9030638933181763,
        0.9030349850654602,
        0.9030025005340576,
        0.902965247631073,
        0.9029229879379272,
        0.9028728604316711,
        0.9028145670890808,
        0.9027446508407593,
        0.9026612639427185,
        0.9025599956512451,
        0.902436375617981,
        0.9022861123085022,
        0.9021039009094238,
        0.9018874764442444,
        0.9016387462615967,
        0.9013643264770508,
        0.9010728597640991,
        0.9007725119590759,
        0.9004701375961304,
        0.9001900553703308,
        0.8999642133712769,
        0.8997896313667297,
        0.8996517658233643,
        0.8995396494865417,
        0.8994451761245728,
        0.8993571996688843,
        0.8992596864700317,
        0.8991281390190125,
        0.8989568948745728,
        0.8988016843795776,
        0.8986973166465759,
        0.898616373538971,
        0.8985394835472107,
        0.8984594345092773,
        0.8983725309371948,
        0.8982788324356079,
        0.8981789946556091,
        0.8980755805969238,
        0.89797443151474,
        0.8978790640830994,
        0.8977930545806885,
        0.897717297077179,
        0.8976473212242126,
        0.8975744843482971,
        0.8974836468696594,
        0.8973724246025085,
        0.8972724676132202,
        0.8972035646438599,
        0.8971512913703918,
        0.8971055150032043,
        0.8970636129379272,
        0.8970286250114441,
        0.8970003128051758,
        0.8969775438308716,
        0.8969597220420837,
        0.8969429731369019,
        0.8969256281852722,
        0.8969033360481262,
        0.8968727588653564,
        0.8968384861946106,
        0.8968073725700378,
        0.8967811465263367,
        0.8967552185058594,
        0.896723210811615,
        0.8966819047927856,
        0.8966305255889893,
        0.8965800404548645,
        0.8965409398078918,
        0.8965149521827698,
        0.8964981436729431,
        0.8964859843254089,
        0.8964763283729553,
        0.8964688181877136,
        0.8964613676071167,
        0.896454393863678,
        0.8964477181434631,
        0.8964404463768005,
        0.8964338898658752,
        0.8964263796806335,
        0.8964179158210754,
        0.8964083194732666,
        0.8963973522186279,
        0.8963849544525146,
        0.8963711857795715,
        0.8963547945022583,
        0.8963354229927063,
        0.8963131308555603,
        0.8962869048118591,
        0.8962576389312744,
        0.896223783493042,
        0.8961866497993469,
        0.8961463570594788,
        0.8961043953895569,
        0.8960607051849365,
        0.8960174322128296,
        0.8959752321243286,
        0.8959349989891052,
        0.8958964943885803,
        0.8958613276481628,
        0.8958289623260498,
        0.8957993388175964,
        0.8957716226577759,
        0.8957472443580627,
        0.8957247734069824,
        0.895704984664917,
        0.8956871628761292,
        0.8956713676452637,
        0.8956568837165833,
        0.8956442475318909,
        0.8956329226493835,
        0.8956227898597717,
        0.8956134915351868,
        0.8956055045127869,
        0.8955984115600586,
        0.8955920338630676,
        0.8955867886543274,
        0.8955813050270081,
        0.8955768346786499,
        0.8955726623535156,
        0.8955690264701843,
        0.8955658078193665,
        0.8955631256103516,
        0.8955603837966919,
        0.8955581784248352,
        0.8955556154251099,
        0.895553708076477,
        0.8955515623092651,
        0.8955497741699219,
        0.8955481052398682,
        0.8955458998680115,
        0.8955438733100891,
        0.8955416679382324,
        0.8955396413803101,
        0.895537793636322,
        0.8955356478691101,
        0.8955346345901489,
        0.8955327272415161,
        0.8955317735671997,
        0.8955309391021729,
        0.895530104637146,
        0.8955295085906982,
        0.8955289721488953,
        0.8955284953117371,
        0.8955280184745789,
        0.8955275416374207,
        0.8955273032188416,
        0.8955268263816833,
        0.8955264687538147,
        0.8955260515213013,
        0.8955253958702087,
        0.895524799823761,
        0.8955244421958923,
        0.895523726940155,
        0.8955231308937073,
        0.8955227136611938,
        0.8955221176147461,
        0.8955217003822327,
        0.8955210447311401,
        0.8955205082893372,
        0.8955199122428894,
        0.8955194354057312,
        0.8955186009407043,
        0.8955175876617432,
        0.8955165147781372,
        0.8955148458480835,
        0.8955122828483582,
        0.8955080509185791,
        0.8955012559890747,
        0.8954909443855286,
        0.8954771757125854,
        0.8954601883888245,
        0.8954428434371948,
        0.8954277038574219,
        0.8954160809516907,
        0.8954079151153564,
        0.8954020738601685,
        0.8953973054885864,
        0.8953938484191895,
        0.8953906893730164,
        0.8953881859779358,
        0.8953860998153687,
        0.8953840136528015,
        0.8953823447227478,
        0.8953810930252075,
        0.8953797817230225,
        0.8953787088394165,
        0.8953774571418762,
        0.8953762054443359,
        0.8953753709793091,
        0.8953744173049927,
        0.8953739404678345,
        0.8953732848167419,
        0.8953726887702942,
        0.8953718543052673,
        0.8953713774681091,
        0.8953708410263062,
        0.8953700065612793,
        0.8953697681427002,
        0.8953690528869629,
        0.895368754863739,
        0.8953683972358704,
        0.8953678011894226,
        0.895367443561554,
        0.8953666687011719,
        0.895366370677948,
        0.8953660130500793,
        0.8953653573989868,
        0.8953648209571838,
        0.8953640460968018,
        0.895363450050354,
