{
    "normalized_frobenius_error": 0.8809974193572998,
    "masked_rmse": 0.11971879005432129,
    "mean_nonzero_value": 1.1494661569595337,
    "relative_rmse": 0.1041516438126564,
    "explained_variance": 0.22384357452392578,
    "computation_time": 0.36812520027160645,
    "all_factors_non_negative": true,
    "factor_sparsity": [
        "29.17%",
        "19.89%",
        "9.38%"
    ],
    "device": "cpu",
    "best_initialization": "random",
    "errors_history": [
        0.9644344449043274,
        0.9608118534088135,
        0.9603437185287476,
        0.960073709487915,
        0.9597973823547363,
        0.9594606161117554,
        0.9590243101119995,
        0.9584331512451172,
        0.957598090171814,
        0.9563632011413574,
        0.9544376134872437,
        0.9512868523597717,
        0.946143627166748,
        0.9389023184776306,
        0.9313019514083862,
        0.9250589609146118,
        0.9203748106956482,
        0.9168996810913086,
        0.9142162203788757,
        0.91193026304245,
        0.9098361134529114,
        0.9079781174659729,
        0.9064810276031494,
        0.9053150415420532,
        0.9043294191360474,
        0.9034363031387329,
        0.9026727676391602,
        0.9020364284515381,
        0.9015068411827087,
        0.9010571837425232,
        0.9006634950637817,
        0.9003066420555115,
        0.8999693393707275,
        0.8996320962905884,
        0.8992776274681091,
        0.8988975882530212,
        0.8984740972518921,
        0.8979857563972473,
        0.8974507451057434,
        0.8969337940216064,
        0.896477222442627,
        0.8960851430892944,
        0.8957459330558777,
        0.8954484462738037,
        0.8951887488365173,
        0.8949653506278992,
        0.8947739601135254,
        0.894600510597229,
        0.8944246172904968,
        0.8942326903343201,
        0.894031822681427,
        0.8938372135162354,
        0.8936668038368225,
        0.8935032486915588,
        0.893322229385376,
        0.8931118845939636,
        0.8928975462913513,
        0.8926738500595093,
        0.8924424648284912,
        0.8922028541564941,
        0.8919448852539062,
        0.891650378704071,
        0.891336977481842,
        0.8910473585128784,
        0.8907830715179443,
        0.8905330300331116,
        0.8902904987335205,
        0.8900549411773682,
        0.8898209929466248,
        0.8895804286003113,
        0.8893159031867981,
        0.889005720615387,
        0.8886377811431885,
        0.8882359862327576,
        0.8878503441810608,
        0.8875096440315247,
        0.8872095942497253,
        0.8869554996490479,
        0.8867488503456116,
        0.8865700960159302,
        0.8864012360572815,
        0.8862461447715759,
        0.8861126899719238,
        0.8859882950782776,
        0.8857969641685486,
        0.8854576945304871,
        0.8852493166923523,
        0.8851284384727478,
        0.8850546479225159,
        0.8850010633468628,
        0.8849496245384216,
        0.8848888874053955,
        0.8848298788070679,
        0.8847566843032837,
        0.884671151638031,
        0.8845968842506409,
        0.8845490217208862,
        0.8845182657241821,
        0.8844953775405884,
        0.8844751715660095,
        0.8844571709632874,
        0.8844426870346069,
        0.8844309449195862,
        0.8844214677810669,
        0.8844121098518372,
        0.8844032883644104,
        0.884394645690918,
        0.8843857049942017,
        0.88437819480896,
        0.884371817111969,
        0.8843654990196228,
        0.8843594789505005,
        0.8843520283699036,
        0.8843432068824768,
        0.8843324184417725,
        0.8843225240707397,
        0.8843157887458801,
        0.8843110799789429,
        0.8843076825141907,
        0.8843044638633728,
        0.8843011856079102,
        0.8842966556549072,
        0.8842898011207581,
        0.8842782974243164,
        0.8842587471008301,
        0.8842312693595886,
        0.8842028379440308,
        0.8841819763183594,
        0.8841702938079834,
        0.8841632604598999,
        0.8841585516929626,
        0.884154736995697,
        0.8841516375541687,
        0.8841487765312195,
        0.8841464519500732,
        0.884144127368927,
        0.8841418623924255,
        0.8841396570205688,
        0.8841376304626465,
        0.8841356635093689,
        0.884133517742157,
        0.884131908416748,
        0.8841300010681152,
        0.8841279149055481,
        0.8841263055801392,
        0.8841244578361511,
        0.8841227293014526,
        0.8841210007667542,
        0.8841192722320557,
        0.8841175436973572,
        0.8841157555580139,
        0.8841140866279602,
        0.8841122388839722,
        0.8841104507446289,
        0.8841084241867065,
        0.8841069340705872,
        0.8841049671173096,
        0.8841034173965454,
        0.8841019868850708,
        0.8841002583503723,
        0.8840985894203186,
        0.8840967416763306,
        0.8840953707695007,
        0.8840941190719604,
        0.8840929269790649,
        0.8840913772583008,
        0.8840901255607605,
        0.884088933467865,
        0.8840878009796143,
        0.8840867877006531,
        0.8840854167938232,
        0.8840842247009277,
        0.8840827941894531,
        0.8840814232826233,
        0.8840802311897278,
        0.8840789794921875,
        0.884077787399292,
        0.8840763568878174,
        0.8840752243995667,
        0.8840738534927368,
        0.8840724229812622,
        0.8840709328651428,
        0.8840696811676025,
        0.8840682506561279,
        0.8840667605400085,
        0.8840649127960205,
        0.884063184261322,
        0.8840613961219788,
        0.8840595483779907,
        0.8840575814247131,
        0.8840556144714355,
        0.8840539455413818,
        0.8840517401695251,
        0.8840494155883789,
        0.8840470314025879,
        0.8840444684028625,
        0.8840417265892029,
        0.8840386867523193,
        0.8840358853340149,
        0.8840326070785522,
        0.8840293884277344,
        0.8840257525444031,
        0.8840219974517822,
        0.8840180039405823,
        0.8840137124061584,
        0.8840093016624451,
        0.8840040564537048,
        0.8839985728263855,
        0.8839926719665527,
        0.8839862942695618,
        0.8839792609214783,
        0.8839715123176575,
        0.8839628100395203,
        0.8839529752731323,
        0.883942723274231,
        0.8839309811592102,
        0.8839191198348999,
        0.8839062452316284,
        0.8838934898376465,
        0.8838794827461243,
        0.8838650584220886,
        0.8838502168655396,
        0.883834719657898,
        0.8838186860084534,
        0.8838021159172058,
        0.8837853670120239,
        0.8837679624557495,
        0.8837498426437378,
        0.8837316036224365,
        0.883712649345398,
        0.8836935758590698,
        0.8836738467216492,
        0.8836538791656494,
        0.8836327791213989,
        0.8836110830307007,
        0.8835884928703308,
        0.8835647702217102,
        0.8835403323173523,
        0.883514404296875,
        0.8834874629974365,
        0.8834596276283264,
        0.8834313750267029,
        0.8834031224250793,
        0.8833755850791931,
        0.8833495378494263,
        0.8833252787590027,
        0.8833035230636597,
        0.8832840919494629,
        0.8832668662071228,
        0.883251965045929,
        0.883239209651947,
        0.8832280039787292,
        0.8832182884216309,
        0.883209764957428,
        0.8832026124000549,
        0.8831962943077087,
        0.8831906914710999,
        0.8831852078437805,
        0.8831789493560791,
        0.8831704258918762,
        0.8831573128700256,
        0.8831348419189453,
        0.8831034898757935,
        0.8830729722976685,
        0.883051872253418,
        0.8830382823944092,
        0.8830282688140869,
        0.8830187320709229,
        0.8830093145370483,
