{
    "normalized_frobenius_error": 0.9026445746421814,
    "masked_rmse": 0.11842535436153412,
    "mean_nonzero_value": 1.3623639345169067,
    "relative_rmse": 0.08692637085914612,
    "explained_variance": 0.18523281812667847,
    "computation_time": 2.628211259841919,
    "all_factors_non_negative": true,
    "factor_sparsity": [
        "46.77%",
        "44.62%",
        "31.25%"
    ],
    "device": "mps",
    "best_initialization": "random",
    "errors_history": [
        0.9654399156570435,
        0.9502655863761902,
        0.9398140907287598,
        0.9311039447784424,
        0.9246588349342346,
        0.9207167029380798,
        0.9179629683494568,
        0.9157183170318604,
        0.9139845371246338,
        0.9126874208450317,
        0.9114837646484375,
        0.9102389812469482,
        0.9090120792388916,
        0.9079766869544983,
        0.9073082208633423,
        0.9068676829338074,
        0.9065271019935608,
        0.9062569737434387,
        0.9060682654380798,
        0.9058877229690552,
        0.9056095480918884,
        0.9052912592887878,
        0.9048919677734375,
        0.9045231342315674,
        0.9042084217071533,
        0.9039624929428101,
        0.9037899971008301,
        0.903671145439148,
        0.9035826921463013,
        0.9035136103630066,
        0.9034392237663269,
        0.9033710956573486,
        0.9033275246620178,
        0.9032925963401794,
        0.9032588601112366,
        0.9032244086265564,
        0.9031879305839539,
        0.9031506180763245,
        0.9031188488006592,
        0.9030942320823669,
        0.9030725955963135,
        0.9030504822731018,
        0.9030264616012573,
        0.90300053358078,
        0.9029754400253296,
        0.9029551148414612,
        0.9029407501220703,
        0.902930736541748,
        0.9029232859611511,
        0.9029176235198975,
        0.9029129147529602,
        0.902908980846405,
        0.9029055237770081,
        0.9029021263122559,
        0.9028988480567932,
        0.9028952121734619,
        0.9028914570808411,
        0.9028880000114441,
        0.9028854370117188,
        0.9028836488723755,
        0.9028822779655457,
        0.9028811454772949,
        0.9028800129890442,
        0.9028787612915039,
        0.9028775095939636,
        0.9028764367103577,
        0.9028756022453308,
        0.9028748273849487,
        0.9028739333152771,
        0.9028730988502502,
        0.9028720259666443,
        0.9028708934783936,
        0.902869462966919,
        0.9028680920600891,
        0.902866780757904,
        0.9028655290603638,
        0.9028644561767578,
        0.9028635025024414,
        0.9028627276420593,
        0.902862012386322,
        0.9028612375259399,
        0.9028605818748474,
        0.9028599858283997,
        0.9028593897819519,
        0.9028588533401489,
        0.9028579592704773,
        0.9028568267822266,
        0.902855396270752,
        0.9028542637825012,
        0.9028535485267639,
        0.9028531908988953,
        0.9028527140617371,
        0.9028521180152893,
        0.9028511643409729,
        0.9028493762016296,
        0.9028459787368774,
        0.9028407335281372,
        0.9028345942497253,
        0.902829647064209,
        0.9028266668319702,
        0.902824878692627,
        0.9028235077857971,
        0.902821958065033,
        0.9028198719024658,
        0.9028171896934509,
        0.9028146266937256,
        0.9028127193450928,
        0.9028115272521973,
        0.9028105735778809,
        0.902809739112854,
        0.9028088450431824,
        0.9028080701828003,
        0.902807354927063,
        0.9028065800666809,
        0.9028058052062988,
        0.9028051495552063,
        0.902804434299469,
        0.9028037190437317,
        0.9028030037879944,
        0.9028023481369019,
        0.9028017520904541,
        0.9028010964393616,
        0.9028005599975586,
        0.9027999639511108,
        0.9027993083000183,
        0.9027987122535706,
        0.9027981162071228,
        0.9027974605560303,
        0.9027969241142273,
        0.9027963280677795,
        0.9027957320213318,
        0.9027951955795288,
        0.902794599533081,
        0.9027940034866333,
        0.9027934670448303,
        0.902792751789093,
        0.90279221534729,
        0.9027915596961975,
        0.9027909636497498,
        0.9027903079986572,
        0.9027895927429199,
        0.9027888774871826,
        0.9027881026268005,
        0.9027873277664185,
        0.9027864336967468,
        0.90278559923172,
        0.9027848243713379,
        0.9027840495109558,
        0.902783215045929,
        0.9027823209762573,
        0.9027814865112305,
        0.9027804136276245,
        0.9027792811393738,
        0.902778148651123,
        0.9027768969535828,
        0.9027756452560425,
        0.9027745723724365,
        0.9027734398841858,
        0.9027723670005798,
        0.9027712345123291,
        0.9027701616287231,
        0.9027690291404724,
        0.9027677774429321,
        0.9027666449546814,
        0.9027653932571411,
        0.9027641415596008,
        0.9027628302574158,
        0.9027614593505859,
        0.9027601480484009,
        0.902758777141571,
        0.9027572870254517,
        0.902755856513977,
        0.9027543067932129,
        0.9027527570724487,
        0.9027511477470398,
        0.9027495384216309,
        0.9027478694915771,
        0.9027461409568787,
        0.9027445316314697,
        0.9027428030967712,
        0.902741014957428,
        0.9027391672134399,
        0.9027373790740967,
        0.9027356505393982,
        0.9027337431907654,
        0.9027317762374878,
        0.902729868888855,
        0.9027279615402222,
        0.9027260541915894,
        0.9027241468429565,
        0.9027222394943237,
        0.9027203321456909,
        0.9027184247970581,
        0.9027165770530701,
        0.9027146697044373,
        0.9027127623558044,
        0.9027108550071716,
        0.9027090072631836,
        0.9027070999145508,
        0.9027053117752075,
        0.902703583240509,
        0.902701735496521,
        0.9026999473571777,
        0.9026982188224792,
        0.9026965498924255,
        0.9026948809623718,
        0.9026932120323181,
        0.9026916027069092,
        0.9026899933815002,
        0.9026884436607361,
        0.9026870131492615,
        0.9026854634284973,
        0.9026840329170227,
        0.9026826024055481,
        0.9026812314987183,
        0.9026798009872437,
        0.9026784896850586,
        0.9026771187782288,
        0.9026756882667542,
        0.9026742577552795,
        0.9026726484298706,
        0.902671217918396,
        0.9026697874069214,
        0.9026685357093811,
        0.9026674628257751,
        0.902666449546814,
        0.9026654362678528,
        0.9026644825935364,
        0.90266352891922,
        0.9026627540588379,
        0.902661919593811,
        0.902661144733429,
        0.9026603102684021,
        0.9026594161987305,
        0.9026585817337036,
        0.9026579260826111,
        0.9026572108268738,
        0.9026566743850708,
        0.9026559591293335,
        0.9026554822921753,
        0.9026550054550171,
        0.9026544690132141,
        0.9026538729667664,
        0.9026535153388977,
        0.9026530981063843,
        0.9026526212692261,
        0.9026522636413574,
        0.9026519656181335,
        0.9026516079902649,
        0.9026511907577515,
        0.9026508927345276,
        0.9026506543159485,
        0.9026503562927246,
        0.9026500582695007,
        0.9026496410369873,
        0.902649462223053,
        0.9026492834091187,
        0.9026491045951843,
        0.90264892578125,
        0.9026486873626709,
        0.9026485085487366,
        0.9026483297348022,
        0.9026482105255127,
        0.9026480317115784,
        0.9026479721069336,
        0.902647852897644,
        0.9026476740837097,
        0.9026475548744202,
        0.9026474952697754,
        0.9026473760604858,
