{
    "normalized_frobenius_error": 0.856438934803009,
    "masked_rmse": 0.22337248921394348,
    "mean_nonzero_value": 1.345635175704956,
    "relative_rmse": 0.16599780321121216,
    "explained_variance": 0.266512393951416,
    "computation_time": 0.6227090358734131,
    "all_factors_non_negative": true,
    "factor_sparsity": [
        "16.44%",
        "15.11%",
        "11.67%"
    ],
    "device": "mps",
    "best_initialization": "random",
    "errors_history": [
        0.9411972761154175,
        0.9339678883552551,
        0.9278502464294434,
        0.919328510761261,
        0.9072293639183044,
        0.895205020904541,
        0.8850431442260742,
        0.8776262402534485,
        0.8726691603660583,
        0.8693012595176697,
        0.8666583299636841,
        0.8643355965614319,
        0.8623300194740295,
        0.8607404232025146,
        0.85957270860672,
        0.8587551116943359,
        0.8581981658935547,
        0.8578010201454163,
        0.8574976325035095,
        0.8572571277618408,
        0.8570660948753357,
        0.8569179773330688,
        0.8568078875541687,
        0.8567279577255249,
        0.8566690683364868,
        0.8566240668296814,
        0.85658860206604,
        0.856561005115509,
        0.8565396666526794,
        0.8565226793289185,
        0.8565086126327515,
        0.8564965128898621,
        0.8564864993095398,
        0.856478750705719,
        0.8564728498458862,
        0.856468141078949,
        0.8564643263816833,
        0.8564611673355103,
        0.8564585447311401,
        0.856456458568573,
        0.8564546704292297,
        0.856453001499176,
        0.856451690196991,
        0.8564505577087402,
        0.856449544429779,
        0.8564485907554626,
        0.8564477562904358,
        0.8564471006393433,
        0.8564464449882507,
        0.856445848941803,
        0.8564452528953552,
        0.8564447164535522,
        0.8564444184303284,
        0.8564438819885254,
        0.8564435243606567,
        0.8564431071281433,
        0.8564428091049194,
        0.8564425110816956,
        0.8564422130584717,
        0.8564419150352478,
        0.8564417362213135,
        0.8564415574073792,
        0.8564413189888,
        0.856441080570221,
        0.8564409017562866,
        0.8564406633377075,
        0.856440544128418,
        0.8564403653144836,
        0.8564401865005493,
        0.8564400672912598,
        0.8564399480819702,
        0.8564398884773254,
        0.8564397096633911,
        0.8564395308494568,
        0.856439471244812,
        0.8564394116401672,
        0.8564393520355225,
        0.8564392924308777,
        0.8564392328262329,
        0.8564391136169434,
        0.856438934803009,
        0.856438934803009
    ],
    "l1_regularization": 0.0,
    "l2_regularization": 0.0,
    "random_state": 5244,
    "c1_unique_zones": 2,
    "c2_unique_od_pairs": 0,
    "c1_c2_approach": "percentage",
    "c1_c2_percentage": 0.2
}