{
    "normalized_frobenius_error": 0.8652642965316772,
    "masked_rmse": 0.22567427158355713,
    "mean_nonzero_value": 1.345635175704956,
    "relative_rmse": 0.1677083671092987,
    "explained_variance": 0.25131773948669434,
    "computation_time": 0.9502861499786377,
    "all_factors_non_negative": true,
    "factor_sparsity": [
        "22.22%",
        "17.78%",
        "10.00%"
    ],
    "device": "mps",
    "best_initialization": "random",
    "errors_history": [
        0.9419524669647217,
        0.9278269410133362,
        0.9117619395256042,
        0.8988943696022034,
        0.8906586766242981,
        0.885198175907135,
        0.8818680047988892,
        0.8796575665473938,
        0.8779051899909973,
        0.8763436079025269,
        0.8748985528945923,
        0.8735350370407104,
        0.872210681438446,
        0.8709275126457214,
        0.8697338700294495,
        0.8687026500701904,
        0.8678644895553589,
        0.8672263026237488,
        0.8667930364608765,
        0.8665042519569397,
        0.8662909269332886,
        0.8661273717880249,
        0.8660081028938293,
        0.8659243583679199,
        0.8658626079559326,
        0.8658137321472168,
        0.8657729029655457,
        0.8657376170158386,
        0.865706205368042,
        0.8656774163246155,
        0.8656500577926636,
        0.865622878074646,
        0.8655956387519836,
        0.8655675649642944,
        0.8655391335487366,
        0.8655115962028503,
        0.8654864430427551,
        0.8654643297195435,
        0.8654453158378601,
        0.8654286861419678,
        0.8654143214225769,
        0.8654014468193054,
        0.8653901219367981,
        0.8653799295425415,
        0.8653708696365356,
        0.865362823009491,
        0.8653557896614075,
        0.8653494119644165,
        0.8653437495231628,
        0.8653386235237122,
        0.8653340339660645,
        0.8653298020362854,
        0.8653258681297302,
        0.8653222918510437,
        0.8653189539909363,
        0.8653159141540527,
        0.8653130531311035,
        0.8653104305267334,
        0.8653079867362976,
        0.8653056025505066,
        0.8653034567832947,
        0.8653013110160828,
        0.8652994632720947,
        0.8652976751327515,
        0.8652958869934082,
        0.8652942776679993,
        0.8652928471565247,
        0.86529141664505,
        0.8652900457382202,
        0.8652887940406799,
        0.8652876019477844,
        0.8652864694595337,
        0.8652854561805725,
        0.8652845025062561,
        0.8652834296226501,
        0.8652825355529785,
        0.8652817010879517,
        0.86528080701828,
        0.8652801513671875,
        0.8652793765068054,
        0.8652787208557129,
        0.8652780055999756,
        0.8652772903442383,
        0.8652768731117249,
        0.8652760982513428,
        0.8652756810188293,
        0.8652750849723816,
        0.8652746081352234,
        0.8652741312980652,
        0.8652735948562622,
        0.8652731776237488,
        0.8652727603912354,
        0.8652722835540771,
        0.8652719259262085,
        0.8652716279029846,
        0.8652712106704712,
        0.8652708530426025,
        0.8652704954147339,
        0.8652702569961548,
        0.8652699589729309,
        0.865269660949707,
        0.8652693033218384,
        0.865269124507904,
        0.8652688264846802,
        0.8652685284614563,
        0.865268349647522,
        0.8652681112289429,
        0.8652678728103638,
        0.8652676343917847,
        0.8652674555778503,
        0.8652672171592712,
        0.8652670979499817,
        0.8652669191360474,
        0.865266740322113,
        0.8652665615081787,
        0.8652663826942444,
        0.8652662038803101,
        0.8652660846710205,
        0.8652658462524414,
        0.8652657270431519,
        0.8652655482292175,
        0.865265429019928,
        0.8652653098106384,
        0.8652651906013489,
        0.8652651309967041,
        0.8652649521827698,
        0.865264892578125,
        0.8652647137641907,
        0.8652646541595459,
        0.8652645349502563,
        0.865264356136322,
        0.865264356136322
    ],
    "l1_regularization": 0.0,
    "l2_regularization": 0.0,
    "random_state": 373045,
    "c1_unique_zones": 3,
    "c2_unique_od_pairs": 0,
    "c1_c2_approach": "percentage",
    "c1_c2_percentage": 0.2
}