{
    "normalized_frobenius_error": 0.8564391136169434,
    "masked_rmse": 0.22337253391742706,
    "mean_nonzero_value": 1.345635175704956,
    "relative_rmse": 0.16599784791469574,
    "explained_variance": 0.26651209592819214,
    "computation_time": 0.6682591438293457,
    "all_factors_non_negative": true,
    "factor_sparsity": [
        "16.00%",
        "14.67%",
        "10.83%"
    ],
    "device": "mps",
    "best_initialization": "random",
    "errors_history": [
        0.9397777318954468,
        0.9202231168746948,
        0.8985108137130737,
        0.8816700577735901,
        0.872215747833252,
        0.8671290874481201,
        0.8639987111091614,
        0.8619890809059143,
        0.8607151508331299,
        0.8597806096076965,
        0.8589953184127808,
        0.8583536148071289,
        0.8578760027885437,
        0.857519805431366,
        0.8572450280189514,
        0.8570449352264404,
        0.8569098114967346,
        0.8568193912506104,
        0.8567543029785156,
        0.8567044138908386,
        0.8566646575927734,
        0.8566322326660156,
        0.8566057682037354,
        0.8565840125083923,
        0.8565661311149597,
        0.8565512895584106,
        0.8565390110015869,
        0.8565283417701721,
        0.8565186858177185,
        0.8565092086791992,
        0.856499195098877,
        0.8564887046813965,
        0.8564793467521667,
        0.8564723134040833,
        0.8564674258232117,
        0.8564638495445251,
        0.8564610481262207,
        0.8564587831497192,
        0.8564568758010864,
        0.8564551472663879,
        0.8564536571502686,
        0.856452465057373,
        0.8564512729644775,
        0.8564503192901611,
        0.8564494252204895,
        0.8564485907554626,
        0.8564478158950806,
        0.8564472198486328,
        0.8564465641975403,
        0.8564459085464478,
        0.8564452528953552,
        0.8564447164535522,
        0.856444239616394,
        0.8564438223838806,
        0.8564434051513672,
        0.8564429879188538,
        0.8564426898956299,
        0.856442391872406,
        0.8564420938491821,
        0.856441855430603,
        0.8564415574073792,
        0.8564413189888,
        0.8564411997795105,
        0.8564410209655762,
        0.8564408421516418,
        0.856440544128418,
        0.8564404845237732,
        0.8564403653144836,
        0.8564401865005493,
        0.8564399480819702,
        0.8564398884773254,
        0.8564398288726807,
        0.8564397096633911,
        0.8564395308494568,
        0.8564393520355225,
        0.8564392924308777,
        0.8564392328262329,
        0.8564391136169434,
        0.8564391136169434
    ],
    "l1_regularization": 0.0,
    "l2_regularization": 0.0,
    "random_state": 962333,
    "c1_unique_zones": 2,
    "c2_unique_od_pairs": 0,
    "c1_c2_approach": "percentage",
    "c1_c2_percentage": 0.2
}