{
    "normalized_frobenius_error": 0.8564404845237732,
    "masked_rmse": 0.22337289154529572,
    "mean_nonzero_value": 1.345635175704956,
    "relative_rmse": 0.16599810123443604,
    "explained_variance": 0.2665097117424011,
    "computation_time": 0.6860048770904541,
    "all_factors_non_negative": true,
    "factor_sparsity": [
        "15.56%",
        "13.33%",
        "10.83%"
    ],
    "device": "mps",
    "best_initialization": "random",
    "errors_history": [
        0.9400536417961121,
        0.9257228970527649,
        0.9084327220916748,
        0.890463650226593,
        0.8762603402137756,
        0.8674493432044983,
        0.8626928925514221,
        0.86020827293396,
        0.8588342070579529,
        0.8580201864242554,
        0.8575043082237244,
        0.8571832776069641,
        0.8569892644882202,
        0.856864333152771,
        0.8567790985107422,
        0.8567180633544922,
        0.8566725850105286,
        0.8566372394561768,
        0.8566091060638428,
        0.8565858006477356,
        0.8565661311149597,
        0.8565492033958435,
        0.8565343618392944,
        0.8565215468406677,
        0.8565104603767395,
        0.8565012812614441,
        0.8564934730529785,
        0.8564870357513428,
        0.856481671333313,
        0.8564772605895996,
        0.8564733266830444,
        0.856469988822937,
        0.856467068195343,
        0.8564645051956177,
        0.856462299823761,
        0.8564603328704834,
        0.8564584851264954,
        0.8564568758010864,
        0.8564554452896118,
        0.8564541339874268,
        0.856453001499176,
        0.8564518690109253,
        0.8564509153366089,
        0.8564499616622925,
        0.8564491868019104,
        0.8564484715461731,
        0.856447696685791,
        0.8564471006393433,
        0.8564465045928955,
        0.8564459085464478,
        0.8564455509185791,
        0.8564450144767761,
        0.8564446568489075,
        0.8564441800117493,
        0.8564438819885254,
        0.8564435243606567,
        0.8564431071281433,
        0.856442928314209,
        0.8564426898956299,
        0.856442391872406,
        0.8564420938491821,
        0.8564419150352478,
        0.8564416766166687,
        0.8564415574073792,
        0.8564413189888,
        0.8564411997795105,
        0.856441080570221,
        0.8564408421516418,
        0.8564407229423523,
        0.856440544128418,
        0.856440544128418
    ],
    "l1_regularization": 0.0,
    "l2_regularization": 0.0,
    "random_state": 943861,
    "c1_unique_zones": 2,
    "c2_unique_od_pairs": 0,
    "c1_c2_approach": "percentage",
    "c1_c2_percentage": 0.2
}