{
    "normalized_frobenius_error": 0.8763692378997803,
    "masked_rmse": 0.19563254714012146,
    "mean_nonzero_value": 1.5989879369735718,
    "relative_rmse": 0.12234773486852646,
    "explained_variance": 0.23197698593139648,
    "computation_time": 0.6017861366271973,
    "all_factors_non_negative": true,
    "factor_sparsity": [
        "18.12%",
        "23.67%",
        "13.19%"
    ],
    "device": "mps",
    "best_initialization": "random",
    "errors_history": [
        0.9553316235542297,
        0.937420129776001,
        0.9238032102584839,
        0.9138355851173401,
        0.9069610238075256,
        0.9021944999694824,
        0.8984401822090149,
        0.8949676752090454,
        0.8915624022483826,
        0.888397753238678,
        0.885469377040863,
        0.8830403089523315,
        0.8812651634216309,
        0.880047619342804,
        0.8791970014572144,
        0.8786026239395142,
        0.8781419396400452,
        0.8777716159820557,
        0.8774718046188354,
        0.8772298693656921,
        0.8770391941070557,
        0.8768983483314514,
        0.876793384552002,
        0.8767133951187134,
        0.8766524791717529,
        0.8766059279441833,
        0.8765695691108704,
        0.8765416145324707,
        0.8765193223953247,
        0.8765010833740234,
        0.8764859437942505,
        0.876473605632782,
        0.8764635920524597,
        0.8764557242393494,
        0.8764491081237793,
        0.8764433860778809,
        0.8764382004737854,
        0.8764336705207825,
        0.8764297962188721,
        0.8764265775680542,
        0.8764236569404602,
        0.8764210939407349,
        0.8764187693595886,
        0.8764164447784424,
        0.8764141201972961,
        0.8764117360115051,
        0.8764094114303589,
        0.8764068484306335,
        0.8764044642448425,
        0.8764023184776306,
        0.8764002919197083,
        0.8763985633850098,
        0.8763970732688904,
        0.8763956427574158,
        0.8763943314552307,
        0.8763931393623352,
        0.8763918280601501,
        0.8763905167579651,
        0.8763892650604248,
        0.8763879537582397,
        0.8763865232467651,
        0.8763851523399353,
        0.8763836026191711,
        0.8763819932937622,
        0.8763803839683533,
        0.8763787746429443,
        0.8763773441314697,
        0.8763760328292847,
        0.8763748407363892,
        0.876373827457428,
        0.8763731122016907,
        0.8763723969459534,
        0.8763718008995056,
        0.8763713836669922,
        0.8763709664344788,
        0.8763707876205444,
        0.8763704895973206,
        0.8763702511787415,
        0.8763701915740967,
        0.8763699531555176,
        0.876369833946228,
        0.8763697743415833,
        0.8763696551322937,
        0.8763695359230042,
        0.8763694763183594,
        0.8763693571090698,
        0.8763692378997803,
        0.8763692378997803
    ],
    "l1_regularization": 0.0,
    "l2_regularization": 0.0,
    "random_state": 750517,
    "c1_unique_zones": 2,
    "c2_unique_od_pairs": 0,
    "c1_c2_approach": "percentage",
    "c1_c2_percentage": 0.2
}