{
    "normalized_frobenius_error": 0.8763677477836609,
    "masked_rmse": 0.195632204413414,
    "mean_nonzero_value": 1.5989879369735718,
    "relative_rmse": 0.12234751880168915,
    "explained_variance": 0.2319796085357666,
    "computation_time": 0.6111299991607666,
    "all_factors_non_negative": true,
    "factor_sparsity": [
        "17.63%",
        "22.71%",
        "11.81%"
    ],
    "device": "mps",
    "best_initialization": "random",
    "errors_history": [
        0.9577799439430237,
        0.9421674013137817,
        0.9262666702270508,
        0.9099218249320984,
        0.8976714015007019,
        0.8898861408233643,
        0.8856850266456604,
        0.8831844925880432,
        0.881437361240387,
        0.8800712823867798,
        0.8790421485900879,
        0.8783386945724487,
        0.8778513669967651,
        0.8775100708007812,
        0.8772667646408081,
        0.8770891427993774,
        0.8769559860229492,
        0.8768544793128967,
        0.8767691254615784,
        0.8766934871673584,
        0.8766428232192993,
        0.8766033053398132,
        0.876571774482727,
        0.8765462040901184,
        0.8765252828598022,
        0.8765077590942383,
        0.8764930367469788,
        0.8764801621437073,
        0.876469075679779,
        0.8764590620994568,
        0.8764503598213196,
        0.8764428496360779,
        0.8764362931251526,
        0.8764305114746094,
        0.8764253854751587,
        0.876420795917511,
        0.876416802406311,
        0.876413106918335,
        0.8764097094535828,
        0.8764065504074097,
        0.8764036297798157,
        0.876400887966156,
        0.8763981461524963,
        0.8763957619667053,
        0.8763933181762695,
        0.8763908743858337,
        0.876388669013977,
        0.8763864636421204,
        0.876384437084198,
        0.8763827085494995,
        0.876380980014801,
        0.8763794898986816,
        0.8763781785964966,
        0.8763768672943115,
        0.8763757348060608,
        0.8763747215270996,
        0.8763738870620728,
        0.8763731718063354,
        0.8763725757598877,
        0.8763720989227295,
        0.8763715624809265,
        0.8763712048530579,
        0.8763707876205444,
        0.8763704895973206,
        0.8763700723648071,
        0.8763697743415833,
        0.8763695359230042,
        0.8763692378997803,
        0.8763691782951355,
        0.8763689398765564,
        0.8763687610626221,
        0.876368522644043,
        0.8763684630393982,
        0.8763682246208191,
        0.8763681650161743,
        0.8763680458068848,
        0.8763679265975952,
        0.8763678669929504,
        0.8763677477836609,
        0.8763677477836609
    ],
    "l1_regularization": 0.0,
    "l2_regularization": 0.0,
    "random_state": 582109,
    "c1_unique_zones": 2,
    "c2_unique_od_pairs": 0,
    "c1_c2_approach": "percentage",
    "c1_c2_percentage": 0.2
}