{
    "normalized_frobenius_error": 0.9026901721954346,
    "masked_rmse": 0.11843132972717285,
    "mean_nonzero_value": 1.3623639345169067,
    "relative_rmse": 0.0869307592511177,
    "explained_variance": 0.18515044450759888,
    "computation_time": 0.7698822021484375,
    "all_factors_non_negative": true,
    "factor_sparsity": [
        "43.82%",
        "38.98%",
        "27.08%"
    ],
    "device": "mps",
    "best_initialization": "random",
    "errors_history": [
        0.9727226495742798,
        0.9571021199226379,
        0.9427712559700012,
        0.9321926832199097,
        0.9248145818710327,
        0.9187599420547485,
        0.9138790369033813,
        0.9108121395111084,
        0.9094609618186951,
        0.9088103771209717,
        0.908430814743042,
        0.9081630706787109,
        0.9079834818840027,
        0.9078617095947266,
        0.907764732837677,
        0.907676100730896,
        0.9075863361358643,
        0.9074884653091431,
        0.9073773622512817,
        0.9072483777999878,
        0.907091498374939,
        0.9069093465805054,
        0.906700074672699,
        0.9064702987670898,
        0.9062274694442749,
        0.9059802889823914,
        0.9057406187057495,
        0.9055174589157104,
        0.9053089618682861,
        0.9050990343093872,
        0.9048875570297241,
        0.9046652317047119,
        0.9043907523155212,
        0.9041299223899841,
        0.9039030075073242,
        0.9036562442779541,
        0.9034866094589233,
        0.9033596515655518,
        0.9032539129257202,
        0.9031957983970642,
        0.9031485915184021,
        0.903109073638916,
        0.9030863046646118,
        0.903066873550415,
        0.9030504822731018,
        0.9030263423919678,
        0.9029988646507263,
        0.9029800891876221,
        0.9029703736305237,
        0.9029635787010193,
        0.9029552340507507,
        0.9029313921928406,
        0.9028598070144653,
        0.9028185606002808,
        0.902803897857666,
        0.9027941226959229,
        0.9027816653251648,
        0.9027614593505859,
        0.9027438759803772,
        0.902737557888031,
        0.9027347564697266,
        0.9027328491210938,
        0.9027312397956848,
        0.9027299880981445,
        0.9027290344238281,
        0.9027273058891296,
        0.9027237892150879,
        0.9027227163314819,
        0.9027219414710999,
        0.902721107006073,
        0.9027200937271118,
        0.9027189612388611,
        0.9027178287506104,
        0.9027169942855835,
        0.9027159214019775,
        0.9027135968208313,
        0.9027102589607239,
        0.9027085304260254,
        0.9027078747749329,
        0.9027069807052612,
        0.9027048945426941,
        0.9027019143104553,
        0.9027000069618225,
        0.9026992321014404,
        0.9026987552642822,
        0.9026979207992554,
        0.9026967883110046,
        0.9026960730552673,
        0.9026958346366882,
        0.9026954174041748,
        0.9026950597763062,
        0.902694582939148,
        0.9026939868927002,
        0.9026936292648315,
        0.9026932120323181,
        0.9026930332183838,
        0.9026927351951599,
        0.9026923775672913,
        0.9026917219161987,
        0.9026910066604614,
        0.9026905298233032,
        0.9026903510093689,
        0.9026902318000793,
        0.9026901721954346,
        0.9026901721954346
    ],
    "l1_regularization": 0.0,
    "l2_regularization": 0.0,
    "random_state": 785702,
    "c1_unique_zones": 2,
    "c2_unique_od_pairs": 0,
    "c1_c2_approach": "percentage",
    "c1_c2_percentage": 0.2
}