{
  "total_core_entries": 90,
  "total_energy": 250.39642333984375,
  "num_entries_80pct": 5,
  "selected_indices": [
    [
      0,
      2,
      0
    ],
    [
      1,
      0,
      1
    ],
    [
      0,
      4,
      3
    ],
    [
      0,
      5,
      4
    ],
    [
      2,
      1,
      2
    ]
  ],
  "selected_energies": [
    51.90149688720703,
    44.1599235534668,
    42.48445129394531,
    40.862060546875,
    28.454355239868164
  ]
}