{
    "normalized_frobenius_error": 0.8771805167198181,
    "masked_rmse": 0.19581635296344757,
    "mean_nonzero_value": 1.5989879369735718,
    "relative_rmse": 0.1224626824259758,
    "explained_variance": 0.23055434226989746,
    "computation_time": 0.4288289546966553,
    "all_factors_non_negative": true,
    "factor_sparsity": [
        "13.04%",
        "21.01%",
        "5.00%"
    ],
    "device": "cpu",
    "best_initialization": "svd",
    "errors_history": [
        0.9434580206871033,
        0.9325304627418518,
        0.9230540990829468,
        0.9152141809463501,
        0.9081131219863892,
        0.9013255834579468,
        0.8954933285713196,
        0.891126811504364,
        0.8880650997161865,
        0.8859072923660278,
        0.8843482136726379,
        0.883202850818634,
        0.8823496103286743,
        0.8817047476768494,
        0.881206214427948,
        0.88080894947052,
        0.8804851174354553,
        0.8802138566970825,
        0.8799818158149719,
        0.879783034324646,
        0.8796100616455078,
        0.8794599175453186,
        0.8793262243270874,
        0.8792064189910889,
        0.8790984153747559,
        0.8789986371994019,
        0.8789075613021851,
        0.8788237571716309,
        0.8787458539009094,
        0.8786748051643372,
        0.8786101937294006,
        0.8785507678985596,
        0.8784970641136169,
        0.8784487247467041,
        0.8784048557281494,
        0.878364086151123,
        0.8783270120620728,
        0.8782930374145508,
        0.878261148929596,
        0.8782314658164978,
        0.8782037496566772,
        0.8781773447990417,
        0.8781527876853943,
        0.878128707408905,
        0.878105878829956,
        0.8780840039253235,
        0.8780624866485596,
        0.8780414462089539,
        0.8780209422111511,
        0.8780009150505066,
        0.8779811263084412,
        0.8779618144035339,
        0.8779431581497192,
        0.8779242038726807,
        0.877905547618866,
        0.8778879046440125,
        0.8778699040412903,
        0.8778529167175293,
        0.8778366446495056,
        0.8778200149536133,
        0.8778049945831299,
        0.8777899146080017,
        0.8777751326560974,
        0.8777608871459961,
        0.8777472376823425,
        0.8777334690093994,
        0.8777209520339966,
        0.8777076005935669,
        0.8776947855949402,
        0.8776828646659851,
        0.8776708245277405,
        0.8776596784591675,
        0.8776481747627258,
        0.8776370286941528,
        0.8776265382766724,
        0.8776162266731262,
        0.8776062726974487,
        0.877596378326416,
        0.8775871992111206,
        0.8775783777236938,
        0.8775693774223328,
        0.8775610327720642,
        0.8775529265403748,
        0.8775451183319092,
        0.8775374293327332,
        0.8775301575660706,
        0.8775227665901184,
        0.8775157332420349,
        0.8775086402893066,
        0.8775018453598022,
        0.8774951696395874,
        0.8774890899658203,
        0.877482533454895,
        0.8774760961532593,
        0.8774700164794922,
        0.877464234828949,
        0.8774581551551819,
        0.8774521946907043,
        0.8774463534355164,
        0.8774408102035522,
        0.8774358034133911,
        0.8774303793907166,
        0.8774250149726868,
        0.8774197697639465,
        0.8774148225784302,
        0.8774098753929138,
        0.8774048089981079,
        0.8774000406265259,
        0.8773955702781677,
        0.8773910403251648,
        0.8773863911628723,
        0.877382218837738,
        0.8773778080940247,
        0.8773738741874695,
        0.8773697018623352,
        0.8773655891418457,
        0.8773618340492249,
        0.8773577809333801,
        0.8773537278175354,
        0.8773496747016907,
        0.8773461580276489,
        0.8773422241210938,
        0.8773387670516968,
        0.877335250377655,
        0.8773314952850342,
        0.8773282766342163,
        0.8773249387741089,
        0.8773216605186462,
        0.877318263053894,
        0.8773149251937866,
        0.877311646938324,
        0.8773086667060852,
        0.8773059248924255,
        0.877302885055542,
        0.8772995471954346,
        0.8772966861724854,
        0.8772937059402466,
        0.8772909641265869,
        0.8772886395454407,
        0.8772856593132019,
        0.8772832751274109,
        0.8772807121276855,
        0.877278208732605,
        0.8772754669189453,
        0.8772729635238647,
        0.8772703409194946,
        0.877268373966217,
        0.8772661685943604,
        0.8772638440132141,
        0.8772621154785156,
        0.8772600889205933,
        0.8772580027580261,
        0.8772563934326172,
        0.8772544264793396,
        0.8772521018981934,
        0.8772503137588501,
        0.8772488832473755,
        0.8772472739219666,
        0.8772454261779785,
        0.8772436380386353,
        0.8772422075271606,
        0.8772404789924622,
        0.8772389888763428,
        0.8772376775741577,
        0.8772358298301697,
        0.8772342205047607,
        0.8772329092025757,
        0.8772315979003906,
        0.8772304058074951,
        0.8772291541099548,
        0.8772278428077698,
        0.8772265315055847,
        0.8772254586219788,
        0.8772244453430176,
        0.877223014831543,
        0.8772221207618713,
        0.877220869064331,
        0.8772196769714355,
        0.8772186636924744,
        0.8772177696228027,
        0.8772165179252625,
        0.8772157430648804,
        0.877214789390564,
        0.8772138953208923,
        0.8772130012512207,
        0.8772119879722595,
        0.8772112727165222,
        0.8772104382514954,
        0.8772096633911133,
        0.877208948135376,
        0.8772080540657043,
        0.8772074580192566,
        0.8772065043449402,
        0.8772056102752686,
        0.8772050142288208,
        0.8772042989730835,
        0.8772035837173462,
        0.8772029876708984,
        0.8772019743919373,
        0.8772012591362,
        0.8772004842758179,
        0.8771999478340149,
        0.8771993517875671,
        0.8771985173225403,
        0.8771979212760925,
        0.8771971464157104,
        0.877196192741394,
        0.8771957159042358,
        0.8771951794624329,
        0.8771945834159851,
        0.877193808555603,
        0.8771936893463135,
        0.8771928548812866,
        0.8771925568580627,
        0.8771916627883911,
        0.8771914839744568,
        0.8771908283233643,
        0.877190351486206,
        0.8771896362304688,
        0.8771892189979553,
        0.8771887421607971,
        0.8771883249282837,
        0.8771877884864807,
        0.877187192440033,
        0.8771868348121643,
        0.8771864175796509,
        0.877186119556427,
        0.8771854043006897,
        0.8771848082542419,
        0.8771845102310181,
        0.8771841526031494,
        0.8771840929985046,
        0.8771836757659912,
        0.8771832585334778,
        0.8771828413009644,
        0.8771824836730957,
        0.8771820664405823,
        0.8771819472312927,
        0.8771814703941345,
        0.8771809339523315,
        0.8771805167198181,
        0.8771805167198181
    ],
    "ranks": {
        "origin": 5,
        "destination": 6,
        "time": 5
    }
}