{
    "normalized_frobenius_error": 0.8564432859420776,
    "masked_rmse": 0.2233736217021942,
    "mean_nonzero_value": 1.345635175704956,
    "relative_rmse": 0.1659986525774002,
    "explained_variance": 0.2665049433708191,
    "computation_time": 1.7642431259155273,
    "all_factors_non_negative": true,
    "factor_sparsity": [
        "22.67%",
        "19.56%",
        "11.67%"
    ],
    "device": "mps",
    "best_initialization": "random",
    "errors_history": [
        0.9413459897041321,
        0.9186084270477295,
        0.8978152275085449,
        0.8860536813735962,
        0.8797255158424377,
        0.8759536743164062,
        0.8735336661338806,
        0.8719621300697327,
        0.8709273934364319,
        0.8702262043952942,
        0.8697582483291626,
        0.8694434762001038,
        0.8692203760147095,
        0.8690583109855652,
        0.8689416646957397,
        0.8688570261001587,
        0.868793249130249,
        0.8687424063682556,
        0.8686991930007935,
        0.8686599731445312,
        0.8686213493347168,
        0.8685799241065979,
        0.8685306906700134,
        0.8684659004211426,
        0.8683724999427795,
        0.8682265281677246,
        0.8679826259613037,
        0.8675535917282104,
        0.8667795658111572,
        0.8654298186302185,
        0.8634104132652283,
        0.8611918687820435,
        0.8595031499862671,
        0.8584709763526917,
        0.8578516840934753,
        0.857478678226471,
        0.8572640419006348,
        0.8571438789367676,
        0.8570758700370789,
        0.8570361137390137,
        0.8570117354393005,
        0.856995701789856,
        0.8569842576980591,
        0.8569750189781189,
        0.8569658398628235,
        0.8569549322128296,
        0.8569393157958984,
        0.8569151759147644,
        0.8568781018257141,
        0.8568251729011536,
        0.856759250164032,
        0.8566908836364746,
        0.8566328287124634,
        0.8565905094146729,
        0.8565614223480225,
        0.8565410375595093,
        0.8565254807472229,
        0.8565128445625305,
        0.85650235414505,
        0.8564936518669128,
        0.8564872145652771,
        0.8564822673797607,
        0.8564786314964294,
        0.8564755916595459,
        0.8564728498458862,
        0.8564704060554504,
        0.8564682602882385,
        0.8564661741256714,
        0.8564642071723938,
        0.8564624786376953,
        0.8564608097076416,
        0.8564592599868774,
        0.8564581871032715,
        0.8564570546150208,
        0.8564561009407043,
        0.8564553260803223,
        0.8564546704292297,
        0.8564540147781372,
        0.8564534783363342,
        0.856453001499176,
        0.8564524054527283,
        0.8564514517784119,
        0.856449544429779,
        0.8564481735229492,
        0.8564475774765015,
        0.8564471006393433,
        0.8564467430114746,
        0.8564462661743164,
        0.856445848941803,
        0.8564454317092896,
        0.8564450740814209,
        0.856444776058197,
        0.8564445376396179,
        0.8564442992210388,
        0.8564441204071045,
        0.8564439415931702,
        0.8564438223838806,
        0.8564436435699463,
        0.8564435243606567,
        0.856443464756012,
        0.8564433455467224,
        0.8564432859420776,
        0.8564432859420776
    ],
    "l1_regularization": 0.0,
    "l2_regularization": 0.0,
    "random_state": 588830,
    "c1_unique_zones": 2,
    "c2_unique_od_pairs": 0,
    "c1_c2_approach": "percentage",
    "c1_c2_percentage": 0.2
}