{
    "normalized_frobenius_error": 0.8628774285316467,
    "masked_rmse": 0.22505174577236176,
    "mean_nonzero_value": 1.345635175704956,
    "relative_rmse": 0.16724573075771332,
    "explained_variance": 0.2554425597190857,
    "computation_time": 0.9894149303436279,
    "all_factors_non_negative": true,
    "factor_sparsity": [
        "24.89%",
        "22.67%",
        "11.67%"
    ],
    "device": "mps",
    "best_initialization": "random",
    "errors_history": [
        0.9395178556442261,
        0.9220311641693115,
        0.9056596755981445,
        0.8918026685714722,
        0.8815966248512268,
        0.8749375939369202,
        0.8706415891647339,
        0.8678463101387024,
        0.8661361932754517,
        0.865084707736969,
        0.8644366264343262,
        0.8640223145484924,
        0.863740086555481,
        0.863537073135376,
        0.8634012341499329,
        0.863309919834137,
        0.8632446527481079,
        0.863196849822998,
        0.8631612658500671,
        0.8631340861320496,
        0.8631129264831543,
        0.8630959987640381,
        0.8630823493003845,
        0.863071084022522,
        0.8630616664886475,
        0.8630537986755371,
        0.8630470633506775,
        0.8630411624908447,
        0.863036036491394,
        0.8630313277244568,
        0.8630272746086121,
        0.8630234003067017,
        0.8630199432373047,
        0.8630165457725525,
        0.8630132675170898,
        0.8630102872848511,
        0.8630074858665466,
        0.8630048036575317,
        0.8630023002624512,
        0.8629997968673706,
        0.8629974722862244,
        0.8629953265190125,
        0.8629931807518005,
        0.8629911541938782,
        0.862989068031311,
        0.862987220287323,
        0.8629851937294006,
        0.8629833459854126,
        0.8629814386367798,
        0.8629795908927917,
        0.8629776835441589,
        0.8629756569862366,
        0.8629738092422485,
        0.8629719018936157,
        0.8629698753356934,
        0.8629679679870605,
        0.8629660606384277,
        0.8629639744758606,
        0.862962007522583,
        0.8629600405693054,
        0.8629580736160278,
        0.8629560470581055,
        0.8629540205001831,
        0.8629519939422607,
        0.8629500865936279,
        0.8629480004310608,
        0.8629460334777832,
        0.8629440069198608,
        0.8629420399665833,
        0.8629400134086609,
        0.8629381060600281,
        0.8629361391067505,
        0.8629343509674072,
        0.8629323840141296,
        0.8629304766654968,
        0.8629286885261536,
        0.8629269003868103,
        0.862925112247467,
        0.8629233837127686,
        0.8629217147827148,
        0.8629199862480164,
        0.8629183769226074,
        0.8629167675971985,
        0.8629152178764343,
        0.8629136085510254,
        0.8629120588302612,
        0.8629106283187866,
        0.8629090785980225,
        0.8629077076911926,
        0.8629063367843628,
        0.862904965877533,
        0.8629035949707031,
        0.8629022836685181,
        0.8629010319709778,
        0.8628997802734375,
        0.862898588180542,
        0.862897515296936,
        0.8628963828086853,
        0.8628953099250793,
        0.8628944754600525,
        0.8628934025764465,
        0.8628926277160645,
        0.8628917932510376,
        0.8628909587860107,
        0.8628903031349182,
        0.8628894686698914,
        0.8628888130187988,
        0.8628882765769958,
        0.8628876209259033,
        0.8628870844841003,
        0.8628864288330078,
        0.8628858923912048,
        0.8628853559494019,
        0.8628849983215332,
        0.8628845810890198,
        0.8628841042518616,
        0.8628836274147034,
        0.8628832697868347,
        0.8628827929496765,
        0.8628824949264526,
        0.862882137298584,
        0.8628817796707153,
        0.8628815412521362,
        0.8628811836242676,
        0.8628809452056885,
        0.8628806471824646,
        0.8628804087638855,
        0.8628801107406616,
        0.8628798723220825,
        0.8628796935081482,
        0.8628793954849243,
        0.86287921667099,
        0.8628790974617004,
        0.8628789186477661,
        0.8628787398338318,
        0.8628785610198975,
        0.8628783822059631,
        0.8628782033920288,
        0.8628780841827393,
        0.8628779649734497,
        0.8628777861595154,
        0.8628776669502258,
        0.8628774881362915,
        0.8628774881362915
    ],
    "l1_regularization": 0.0,
    "l2_regularization": 0.0,
    "random_state": 729928,
    "c1_unique_zones": 2,
    "c2_unique_od_pairs": 0,
    "c1_c2_approach": "percentage",
    "c1_c2_percentage": 0.2
}