{
    "normalized_frobenius_error": 0.8652625679969788,
    "masked_rmse": 0.2256738245487213,
    "mean_nonzero_value": 1.345635175704956,
    "relative_rmse": 0.16770802438259125,
    "explained_variance": 0.2513207197189331,
    "computation_time": 0.8996627330780029,
    "all_factors_non_negative": true,
    "factor_sparsity": [
        "21.33%",
        "18.22%",
        "10.00%"
    ],
    "device": "mps",
    "best_initialization": "random",
    "errors_history": [
        0.93953537940979,
        0.928210437297821,
        0.9160975217819214,
        0.8996611833572388,
        0.8872150778770447,
        0.8819972276687622,
        0.8789435625076294,
        0.8768899440765381,
        0.8754851818084717,
        0.8744335174560547,
        0.8735752105712891,
        0.8728516101837158,
        0.8722296953201294,
        0.8716767430305481,
        0.8711650371551514,
        0.8706832528114319,
        0.8702104091644287,
        0.869735836982727,
        0.8692586421966553,
        0.8687823414802551,
        0.8683165311813354,
        0.8678997159004211,
        0.8675435185432434,
        0.8672443628311157,
        0.8669910430908203,
        0.8667669296264648,
        0.8665538430213928,
        0.8663203120231628,
        0.866077184677124,
        0.8658919334411621,
        0.8657733798027039,
        0.8656935095787048,
        0.8656365275382996,
        0.8655950427055359,
        0.8655635118484497,
        0.8655387759208679,
        0.86551833152771,
        0.8655010461807251,
        0.8654869198799133,
        0.8654757738113403,
        0.865466833114624,
        0.8654595613479614,
        0.86545330286026,
        0.8654479384422302,
        0.865443229675293,
        0.8654391765594482,
        0.8654356002807617,
        0.8654325604438782,
        0.8654298186302185,
        0.8654273748397827,
        0.8654248714447021,
        0.8654223680496216,
        0.8654194474220276,
        0.8654160499572754,
        0.8654120564460754,
        0.8654075860977173,
        0.8654021620750427,
        0.8653950691223145,
        0.865385890007019,
        0.8653746247291565,
        0.8653613924980164,
        0.8653470873832703,
        0.865333080291748,
        0.8653207421302795,
        0.865310788154602,
        0.865303099155426,
        0.8652974963188171,
        0.8652933239936829,
        0.8652902245521545,
        0.8652878403663635,
        0.8652859330177307,
        0.8652843832969666,
        0.8652830719947815,
        0.865281879901886,
        0.8652808666229248,
        0.865280032157898,
        0.8652792572975159,
        0.865278422832489,
        0.8652777671813965,
        0.8652771711349487,
        0.8652766346931458,
        0.8652760982513428,
        0.8652756810188293,
        0.8652752637863159,
        0.8652748465538025,
        0.8652744889259338,
        0.8652740716934204,
        0.8652738332748413,
        0.8652735352516174,
        0.8652731776237488,
        0.8652729988098145,
        0.8652727603912354,
        0.8652724623680115,
        0.8652722239494324,
        0.8652719855308533,
        0.865271806716919,
        0.8652716279029846,
        0.8652713298797607,
        0.8652712106704712,
        0.8652710318565369,
        0.8652708530426025,
        0.8652706146240234,
        0.8652704358100891,
        0.8652702569961548,
        0.8652700185775757,
        0.8652698397636414,
        0.8652695417404175,
        0.8652692437171936,
        0.8652689456939697,
        0.8652687072753906,
        0.8652684092521667,
        0.8652681112289429,
        0.8652677536010742,
        0.8652673363685608,
        0.8652670979499817,
        0.8652666211128235,
        0.8652663230895996,
        0.8652659058570862,
        0.8652654886245728,
        0.8652651309967041,
        0.8652647733688354,
        0.8652644157409668,
        0.8652641773223877,
        0.8652639389038086,
        0.8652637004852295,
        0.8652634620666504,
        0.8652631640434265,
        0.865263044834137,
        0.8652629256248474,
        0.8652628064155579,
        0.8652626276016235,
        0.8652625679969788,
        0.8652625679969788
    ],
    "l1_regularization": 0.0,
    "l2_regularization": 0.0,
    "random_state": 338111,
    "c1_unique_zones": 3,
    "c2_unique_od_pairs": 0,
    "c1_c2_approach": "percentage",
    "c1_c2_percentage": 0.2
}