{
    "normalized_frobenius_error": 0.8564386367797852,
    "masked_rmse": 0.22337239980697632,
    "mean_nonzero_value": 1.345635175704956,
    "relative_rmse": 0.16599774360656738,
    "explained_variance": 0.266512930393219,
    "computation_time": 1.1600220203399658,
    "all_factors_non_negative": true,
    "factor_sparsity": [
        "25.33%",
        "20.89%",
        "13.33%"
    ],
    "device": "mps",
    "best_initialization": "random",
    "errors_history": [
        0.946274995803833,
        0.9380890130996704,
        0.9274564981460571,
        0.9097191095352173,
        0.8927980065345764,
        0.8835579752922058,
        0.8788904547691345,
        0.8763436675071716,
        0.8746159672737122,
        0.873153030872345,
        0.8716637492179871,
        0.869997501373291,
        0.8681204915046692,
        0.866149365901947,
        0.8643186688423157,
        0.8628043532371521,
        0.8616101741790771,
        0.8606516718864441,
        0.8598518371582031,
        0.8591679930686951,
        0.8586090803146362,
        0.8581640124320984,
        0.8578112125396729,
        0.8575361967086792,
        0.8573171496391296,
        0.8571431636810303,
        0.857016384601593,
        0.8569281101226807,
        0.8568642735481262,
        0.8568152189254761,
        0.8567752838134766,
        0.8567404747009277,
        0.8567076325416565,
        0.8566759824752808,
        0.8566471338272095,
        0.8566224575042725,
        0.8566014170646667,
        0.8565835952758789,
        0.8565683364868164,
        0.8565553426742554,
        0.8565441966056824,
        0.8565343618392944,
        0.8565256595611572,
        0.8565179109573364,
        0.8565109968185425,
        0.8565049767494202,
        0.8564996719360352,
        0.8564950823783875,
        0.8564913272857666,
        0.856488049030304,
        0.8564853072166443,
        0.856482982635498,
        0.8564810752868652,
        0.856479287147522,
        0.8564777374267578,
        0.8564763069152832,
        0.8564748764038086,
        0.856473445892334,
        0.8564720153808594,
        0.8564702868461609,
        0.8564684987068176,
        0.8564667701721191,
        0.8564651012420654,
        0.8564633727073669,
        0.8564620614051819,
        0.8564609289169312,
        0.8564599752426147,
        0.8564592003822327,
        0.8564585447311401,
        0.8564580082893372,
        0.8564574718475342,
        0.8564570546150208,
        0.8564566969871521,
        0.8564563989639282,
        0.8564561009407043,
        0.8564557433128357,
        0.8564554452896118,
        0.8564552068710327,
        0.8564550280570984,
        0.8564547896385193,
        0.8564545512199402,
        0.8564543724060059,
        0.8564541935920715,
        0.8564540147781372,
        0.8564538955688477,
        0.8564537763595581,
        0.8564535975456238,
        0.8564534783363342,
        0.8564533591270447,
        0.8564531803131104,
        0.8564530611038208,
        0.856453001499176,
        0.8564527630805969,
        0.8564526438713074,
        0.856452465057373,
        0.8564522862434387,
        0.856452226638794,
        0.8564520478248596,
        0.8564517498016357,
        0.8564516305923462,
        0.8564514517784119,
        0.8564512133598328,
        0.8564510345458984,
        0.8564506769180298,
        0.8564504384994507,
        0.8564501404762268,
        0.8564497828483582,
        0.8564493656158447,
        0.8564490675926208,
        0.8564486503601074,
        0.8564481735229492,
        0.8564477562904358,
        0.8564473390579224,
        0.8564468622207642,
        0.856446385383606,
        0.8564459085464478,
        0.8564453125,
        0.8564448356628418,
        0.8564444184303284,
        0.8564438819885254,
        0.8564435243606567,
        0.8564429879188538,
        0.8564425110816956,
        0.8564421534538269,
        0.8564416766166687,
        0.8564414381980896,
        0.856441080570221,
        0.8564406633377075,
        0.8564404845237732,
        0.8564401268959045,
        0.8564399480819702,
        0.8564397692680359,
        0.8564395308494568,
        0.8564393520355225,
        0.8564392328262329,
        0.8564391136169434,
        0.856438934803009,
        0.8564388155937195,
        0.8564387559890747,
        0.8564386367797852,
        0.8564386367797852
    ],
    "l1_regularization": 0.0,
    "l2_regularization": 0.0,
    "random_state": 961944,
    "c1_unique_zones": 2,
    "c2_unique_od_pairs": 0,
    "c1_c2_approach": "percentage",
    "c1_c2_percentage": 0.2
}