{
    "normalized_frobenius_error": 0.8883516788482666,
    "masked_rmse": 0.2316969335079193,
    "mean_nonzero_value": 1.345635175704956,
    "relative_rmse": 0.1721840649843216,
    "explained_variance": 0.21083128452301025,
    "computation_time": 0.3215317726135254,
    "all_factors_non_negative": true,
    "factor_sparsity": [
        "15.56%",
        "17.33%",
        "2.08%"
    ],
    "device": "cpu",
    "best_initialization": "random",
    "errors_history": [
        0.9476010203361511,
        0.9449024796485901,
        0.9442890882492065,
        0.9435996413230896,
        0.9426050186157227,
        0.9410327076911926,
        0.9382926225662231,
        0.9330117106437683,
        0.9237804412841797,
        0.9131913781166077,
        0.9053298830986023,
        0.9013097882270813,
        0.8994531631469727,
        0.8984024524688721,
        0.8976771831512451,
        0.8971169590950012,
        0.8966543674468994,
        0.8962534070014954,
        0.895892858505249,
        0.8955594301223755,
        0.8952487111091614,
        0.8949583172798157,
        0.8946890234947205,
        0.8944411277770996,
        0.8942168354988098,
        0.894016683101654,
        0.8938385844230652,
        0.8936811685562134,
        0.8935416340827942,
        0.8934176564216614,
        0.893305778503418,
        0.8932042717933655,
        0.8931115865707397,
        0.8930266499519348,
        0.8929485082626343,
        0.8928775191307068,
        0.8928123116493225,
        0.8927534818649292,
        0.8926995396614075,
        0.8926487565040588,
        0.8926016092300415,
        0.89255690574646,
        0.892514705657959,
        0.8924747705459595,
        0.8924357891082764,
        0.8923985362052917,
        0.8923617005348206,
        0.8923254609107971,
        0.8922897577285767,
        0.8922540545463562,
        0.8922193050384521,
        0.8921840786933899,
        0.8921484351158142,
        0.8921125531196594,
        0.8920766711235046,
        0.892040491104126,
        0.8920034766197205,
        0.891965925693512,
        0.8919281959533691,
        0.8918904662132263,
        0.8918514251708984,
        0.8918130397796631,
        0.8917733430862427,
        0.8917334079742432,
        0.8916931748390198,
        0.8916521072387695,
        0.891610324382782,
        0.8915674090385437,
        0.891524076461792,
        0.8914794325828552,
        0.8914343118667603,
        0.8913876414299011,
        0.8913408517837524,
        0.8912931680679321,
        0.891245424747467,
        0.8911974430084229,
        0.8911502361297607,
        0.8911038637161255,
        0.8910583853721619,
        0.8910149931907654,
        0.8909720778465271,
        0.8909314274787903,
        0.8908923268318176,
        0.8908554315567017,
        0.8908203840255737,
        0.8907869458198547,
        0.8907550573348999,
        0.8907248973846436,
        0.8906965851783752,
        0.8906694054603577,
        0.8906435370445251,
        0.8906192183494568,
        0.8905962705612183,
        0.89057457447052,
        0.8905537128448486,
        0.8905338048934937,
        0.8905145525932312,
        0.890496015548706,
        0.8904781937599182,
        0.8904609084129333,
        0.8904440402984619,
        0.8904276490211487,
        0.8904114365577698,
        0.8903958201408386,
        0.8903794288635254,
        0.8903640508651733,
        0.8903483152389526,
        0.8903328776359558,
        0.8903173804283142,
        0.8903015851974487,
        0.8902857303619385,
        0.8902695178985596,
        0.8902526497840881,
        0.8902360200881958,
        0.8902185559272766,
        0.8902000784873962,
        0.8901811838150024,
        0.8901611566543579,
        0.8901398181915283,
        0.8901177048683167,
        0.8900937438011169,
        0.890068531036377,
        0.8900415301322937,
        0.890012264251709,
        0.8899809122085571,
        0.8899469375610352,
        0.8899105787277222,
        0.889872133731842,
        0.8898307085037231,
        0.889787495136261,
        0.8897433876991272,
        0.8896979093551636,
        0.8896526098251343,
        0.8896079063415527,
        0.8895641565322876,
        0.8895217180252075,
        0.8894815444946289,
        0.8894432783126831,
        0.8894070386886597,
        0.8893730640411377,
        0.8893411755561829,
        0.8893105983734131,
        0.8892826437950134,
        0.8892555236816406,
        0.889230489730835,
        0.8892066478729248,
        0.8891834020614624,
        0.8891620635986328,
        0.8891419768333435,
        0.8891233205795288,
        0.8891057372093201,
        0.8890892863273621,
        0.8890741467475891,
        0.8890601992607117,
        0.8890474438667297,
        0.8890358805656433,
        0.8890247344970703,
        0.8890149593353271,
        0.8890052437782288,
        0.8889968395233154,
        0.8889886140823364,
        0.8889805674552917,
        0.8889735341072083,
        0.8889668583869934,
        0.8889603614807129,
        0.8889539837837219,
        0.8889482617378235,
        0.8889424204826355,
        0.88893723487854,
        0.8889320492744446,
        0.8889262080192566,
        0.8889213800430298,
        0.8889163732528687,
        0.8889110088348389,
        0.8889062404632568,
        0.8889013528823853,
        0.8888972997665405,
        0.8888925313949585,
        0.8888882398605347,
        0.8888846039772034,
        0.8888805508613586,
        0.8888770937919617,
        0.8888734579086304,
        0.888870358467102,
        0.8888673782348633,
        0.8888641595840454,
        0.8888614773750305,
        0.8888588547706604,
        0.8888561129570007,
        0.8888533115386963,
        0.8888511061668396,
        0.8888487815856934,
        0.8888460397720337,
        0.8888437151908875,
        0.8888416886329651,
        0.8888394832611084,
        0.8888379335403442,
        0.8888360261917114,
        0.8888341784477234,
        0.8888319134712219,
        0.888830304145813,
        0.8888282775878906,
        0.8888264894485474,
        0.8888251185417175,
        0.888823390007019,
        0.888822078704834,
        0.8888201117515564,
        0.8888188600540161,
        0.8888171911239624,
        0.8888160586357117,
        0.8888147473335266,
        0.8888131976127625,
        0.8888117074966431,
        0.8888099789619446,
        0.8888084888458252,
        0.8888074159622192,
        0.8888058066368103,
        0.8888046145439148,
        0.8888028860092163,
        0.8888014554977417,
        0.8888000249862671,
        0.888799250125885,
        0.8887978196144104,
        0.8887964487075806,
        0.8887948989868164,
        0.8887937664985657,
        0.8887923955917358,
        0.8887911438941956,
        0.8887901306152344,
        0.888788640499115,
        0.8887869715690613,
        0.8887858986854553,
        0.8887845277786255,
        0.8887832164764404,
        0.8887820839881897,
        0.8887807130813599,
        0.8887799978256226,
        0.8887786865234375,
        0.8887778520584106,
        0.8887767195701599,
        0.8887752890586853,
        0.888774573802948,
        0.8887734413146973,
        0.8887726664543152,
        0.888771653175354,
        0.8887706995010376,
        0.8887697458267212,
        0.888769268989563,
        0.888768196105957,
        0.8887673616409302,
        0.8887664675712585,
        0.888765811920166,
        0.8887650966644287,
        0.8887644410133362,
        0.8887636065483093,
        0.8887628316879272,
        0.8887619376182556,
        0.8887614011764526,
        0.8887607455253601,
        0.8887601494789124,
        0.8887594938278198,
        0.8887588977813721,
        0.8887583017349243,
        0.8887576460838318,
        0.888757050037384,
        0.8887566328048706,
        0.8887558579444885,
        0.8887549638748169,
        0.8887544274330139,
