{
    "normalized_frobenius_error": 0.8943691849708557,
    "masked_rmse": 0.12153586000204086,
    "mean_nonzero_value": 1.1494661569595337,
    "relative_rmse": 0.10573244094848633,
    "explained_variance": 0.200103759765625,
    "computation_time": 0.6024158000946045,
    "all_factors_non_negative": true,
    "factor_sparsity": [
        "14.77%",
        "8.52%",
        "11.46%"
    ],
    "device": "cpu",
    "best_initialization": "random",
    "errors_history": [
        0.9652876853942871,
        0.9600257873535156,
        0.9589024782180786,
        0.9575554132461548,
        0.9550851583480835,
        0.9501992464065552,
        0.9420386552810669,
        0.9334659576416016,
        0.9277692437171936,
        0.924416720867157,
        0.9222761988639832,
        0.9208009839057922,
        0.9197416305541992,
        0.9189293384552002,
        0.9182525277137756,
        0.9176469445228577,
        0.9170764684677124,
        0.9165200591087341,
        0.9159684777259827,
        0.9154138565063477,
        0.9148487448692322,
        0.914262056350708,
        0.9136394262313843,
        0.9129650592803955,
        0.9122289419174194,
        0.9114362001419067,
        0.9106086492538452,
        0.9097821712493896,
        0.90899658203125,
        0.9082764983177185,
        0.9076222777366638,
        0.9070254564285278,
        0.9064704775810242,
        0.9059497117996216,
        0.905458927154541,
        0.9050007462501526,
        0.9045747518539429,
        0.9041721820831299,
        0.9037789106369019,
        0.9033833742141724,
        0.9029713273048401,
        0.9025253653526306,
        0.9020662903785706,
        0.9016044735908508,
        0.9011296629905701,
        0.9006446003913879,
        0.9001587629318237,
        0.8996764421463013,
        0.8992183208465576,
        0.8988053202629089,
        0.8984389901161194,
        0.8980808854103088,
        0.8978003263473511,
        0.8975619673728943,
        0.8973658680915833,
        0.8972089290618896,
        0.8970659971237183,
        0.8969286680221558,
        0.8967964053153992,
        0.8966718912124634,
        0.896558940410614,
        0.8964605927467346,
        0.8963689804077148,
        0.8962681293487549,
        0.8961572647094727,
        0.8960776329040527,
        0.896025538444519,
        0.8959829807281494,
        0.8959432244300842,
        0.8959051966667175,
        0.8958684206008911,
        0.8958315253257751,
        0.8957938551902771,
        0.8957522511482239,
        0.8957038521766663,
        0.8956512808799744,
        0.895602285861969,
        0.8955610990524292,
        0.8955235481262207,
        0.8954864144325256,
        0.8954497575759888,
        0.8954148292541504,
        0.8953818082809448,
        0.8953495025634766,
        0.895318329334259,
        0.8952873349189758,
        0.8952569961547852,
        0.8952274322509766,
        0.8951978087425232,
        0.8951687812805176,
        0.8951404690742493,
        0.8951128125190735,
        0.8950851559638977,
        0.8950585126876831,
        0.8950324654579163,
        0.8950064778327942,
        0.8949813842773438,
        0.8949573636054993,
        0.8949354887008667,
        0.8949146866798401,
        0.8948948383331299,
        0.8948765397071838,
        0.8948584198951721,
        0.8948416709899902,
        0.8948250412940979,
        0.8948096036911011,
        0.8947946429252625,
        0.8947802782058716,
        0.8947662711143494,
        0.8947529792785645,
        0.8947395086288452,
        0.8947272896766663,
        0.8947148323059082,
        0.8947029113769531,
        0.894690752029419,
        0.8946790099143982,
        0.894667387008667,
        0.8946565389633179,
        0.894646167755127,
        0.8946360349655151,
        0.8946262001991272,
        0.8946170210838318,
        0.8946079611778259,
        0.8945990204811096,
        0.8945900797843933,
        0.8945808410644531,
        0.894571840763092,
        0.8945636749267578,
        0.8945555090904236,
        0.8945482969284058,
        0.894541323184967,
        0.8945344090461731,
        0.8945273160934448,
        0.8945199251174927,
        0.894512414932251,
        0.8945048451423645,
        0.8944963812828064,
        0.8944886326789856,
        0.8944817185401917,
        0.894475519657135,
        0.8944699764251709,
        0.8944647312164307,
        0.8944592475891113,
        0.8944540619850159,
        0.8944492340087891,
        0.894444465637207,
        0.894440233707428,
        0.8944365978240967,
        0.894432783126831,
        0.8944288492202759,
        0.894425630569458,
        0.8944219350814819,
        0.8944185376167297,
        0.8944150805473328,
        0.8944117426872253,
        0.8944088816642761,
        0.8944060802459717,
        0.8944035172462463,
        0.8944011330604553,
        0.894399106502533,
        0.8943972587585449,
        0.8943957686424255,
        0.8943943381309509,
        0.8943925499916077,
        0.8943914771080017,
        0.8943899273872375,
        0.894388735294342,
        0.8943873643875122,
        0.8943861126899719,
        0.8943851590156555,
        0.8943843245506287,
        0.8943831324577332,
        0.8943819999694824,
        0.8943812251091003,
        0.8943803906440735,
        0.8943795561790466,
        0.8943791389465332,
        0.8943782448768616,
        0.8943775296211243,
        0.8943772315979004,
        0.8943766951560974,
        0.894376277923584,
        0.8943760395050049,
        0.8943756222724915,
        0.8943751454353333,
        0.8943747878074646,
        0.8943741917610168,
        0.8943739533424377,
        0.894373893737793,
        0.89437335729599,
        0.8943731188774109,
        0.894372820854187,
        0.8943725228309631,
        0.8943723440170288,
        0.8943721055984497,
        0.8943718671798706,
        0.8943713903427124,
        0.8943713307380676,
        0.8943710923194885,
        0.8943709135055542,
        0.8943706750869751,
        0.8943704962730408,
        0.894370436668396,
        0.8943703770637512,
        0.8943702578544617,
        0.8943701386451721,
        0.894369900226593,
        0.8943697810173035,
        0.8943696022033691,
        0.8943694829940796,
        0.8943694233894348,
        0.8943691849708557,
        0.8943691849708557
    ],
    "ranks": {
        "origin": 4,
        "destination": 4,
        "time": 4
    }
}