{
    "normalized_frobenius_error": 0.9050440192222595,
    "masked_rmse": 0.11874015629291534,
    "mean_nonzero_value": 1.3623639345169067,
    "relative_rmse": 0.08715744316577911,
    "explained_variance": 0.18089532852172852,
    "computation_time": 0.8558361530303955,
    "all_factors_non_negative": true,
    "factor_sparsity": [
        "34.95%",
        "37.37%",
        "20.14%"
    ],
    "device": "mps",
    "best_initialization": "random",
    "errors_history": [
        0.9758602976799011,
        0.9648685455322266,
        0.9526198506355286,
        0.941754937171936,
        0.9351232647895813,
        0.9301496744155884,
        0.9257575273513794,
        0.9219226837158203,
        0.9183512926101685,
        0.9150771498680115,
        0.9128047823905945,
        0.911598801612854,
        0.9108927249908447,
        0.910392165184021,
        0.9099931120872498,
        0.9096435904502869,
        0.9093506336212158,
        0.9090989828109741,
        0.9088906049728394,
        0.9087238311767578,
        0.9085854887962341,
        0.9084317088127136,
        0.9082845449447632,
        0.9081692099571228,
        0.9080922603607178,
        0.9080295562744141,
        0.9079763889312744,
        0.9079303741455078,
        0.9078847169876099,
        0.9078139662742615,
        0.9077581167221069,
        0.9077056050300598,
        0.9076506495475769,
        0.9075887203216553,
        0.9075194001197815,
        0.9074344635009766,
        0.9073317646980286,
        0.9072138667106628,
        0.9070757031440735,
        0.9069119095802307,
        0.9067134857177734,
        0.90648353099823,
        0.9062805771827698,
        0.906121015548706,
        0.9059837460517883,
        0.9057732224464417,
        0.9055207967758179,
        0.9053855538368225,
        0.9053264856338501,
        0.9052979350090027,
        0.9052819609642029,
        0.9052695035934448,
        0.9052599668502808,
        0.9052489399909973,
        0.9052292108535767,
        0.9051488041877747,
        0.9050940871238708,
        0.905080258846283,
        0.9050742387771606,
        0.9050697684288025,
        0.9050661325454712,
        0.9050630331039429,
        0.9050605297088623,
        0.9050586223602295,
        0.9050571322441101,
        0.9050558805465698,
        0.9050548076629639,
        0.905053973197937,
        0.9050531983375549,
        0.9050526022911072,
        0.9050522446632385,
        0.9050518274307251,
        0.9050515294075012,
        0.9050512909889221,
        0.9050508737564087,
        0.9050500392913818,
        0.9050477147102356,
        0.9050454497337341,
        0.905044674873352,
        0.9050442576408386,
        0.9050440192222595,
        0.9050440192222595
    ],
    "l1_regularization": 0.0,
    "l2_regularization": 0.0,
    "random_state": 411928,
    "c1_unique_zones": 3,
    "c2_unique_od_pairs": 0,
    "c1_c2_approach": "percentage",
    "c1_c2_percentage": 0.2
}