{
    "normalized_frobenius_error": 0.9167212843894958,
    "masked_rmse": 0.12027326226234436,
    "mean_nonzero_value": 1.3623639345169067,
    "relative_rmse": 0.08828277140855789,
    "explained_variance": 0.15962207317352295,
    "computation_time": 0.18753528594970703,
    "all_factors_non_negative": true,
    "factor_sparsity": [
        "35.48%",
        "27.02%",
        "26.04%"
    ],
    "device": "cpu",
    "best_initialization": "random",
    "errors_history": [
        0.979123055934906,
        0.9755800366401672,
        0.974894106388092,
        0.9743235111236572,
        0.9733994603157043,
        0.9717361927032471,
        0.9690340161323547,
        0.9657896161079407,
        0.9630997180938721,
        0.9611140489578247,
        0.959263265132904,
        0.9570898413658142,
        0.9544326663017273,
        0.9513822197914124,
        0.9481927752494812,
        0.9453554153442383,
        0.9432622790336609,
        0.9417868256568909,
        0.9406657814979553,
        0.9397199153900146,
        0.9389021992683411,
        0.9382056593894958,
        0.9376100897789001,
        0.9370798468589783,
        0.9365755319595337,
        0.9360621571540833,
        0.935515284538269,
        0.9349344968795776,
        0.9343537092208862,
        0.9338262677192688,
        0.9333852529525757,
        0.9330304861068726,
        0.9327479004859924,
        0.9325223565101624,
        0.9323415160179138,
        0.9321898221969604,
        0.9320538640022278,
        0.9319246411323547,
        0.9317940473556519,
        0.931659460067749,
        0.9315145611763,
        0.931357741355896,
        0.9311836957931519,
        0.9309901595115662,
        0.9307671189308167,
        0.9305070042610168,
        0.9301984906196594,
        0.9298335909843445,
        0.9294052124023438,
        0.9289183020591736,
        0.9283985495567322,
        0.9278888702392578,
        0.9274315237998962,
        0.9270439147949219,
        0.9267199635505676,
        0.9264516234397888,
        0.9262253642082214,
        0.9260210394859314,
        0.9258807301521301,
        0.9257760047912598,
        0.9256880879402161,
        0.9256115555763245,
        0.9255459308624268,
        0.9254896640777588,
        0.925437867641449,
        0.9253879189491272,
        0.9253374934196472,
        0.9252880811691284,
        0.9252434372901917,
        0.9252053499221802,
        0.9251740574836731,
        0.9251478314399719,
        0.9251258969306946,
        0.9251061677932739,
        0.925087034702301,
        0.9250680208206177,
        0.9250500798225403,
        0.9250323176383972,
        0.9250149726867676,
        0.9249970316886902,
        0.9249798059463501,
        0.9249619245529175,
        0.9249452948570251,
        0.9249295592308044,
        0.9249160885810852,
        0.9249036312103271,
        0.9248927235603333,
        0.9248824715614319,
        0.924872636795044,
        0.9248630404472351,
        0.9248534440994263,
        0.9248442649841309,
        0.9248349070549011,
        0.9248253107070923,
        0.9248162508010864,
        0.9248066544532776,
        0.9247970581054688,
        0.9247878193855286,
        0.9247781038284302,
        0.9247686266899109,
        0.9247589111328125,
        0.9247494339942932,
        0.9247404336929321,
        0.9247322082519531,
        0.9247238636016846,
        0.9247164130210876,
        0.9247092008590698,
        0.9247027039527893,
        0.9246970415115356,
        0.9246916174888611,
        0.9246863126754761,
        0.924681544303894,
        0.924676775932312,
        0.9246720671653748,
        0.9246678352355957,
        0.9246634244918823,
        0.9246595501899719,
        0.9246559143066406,
        0.9246523380279541,
        0.9246484041213989,
        0.9246447682380676,
        0.9246410727500916,
        0.9246376156806946,
        0.9246341586112976,
        0.9246305227279663,
        0.9246270656585693,
        0.9246242046356201,
        0.9246207475662231,
        0.9246178865432739,
        0.9246150851249695,
        0.9246122241020203,
        0.9246095418930054,
        0.9246071577072144,
        0.9246047735214233,
        0.9246025681495667,
        0.9246000051498413,
        0.9245977997779846,
        0.9245954155921936,
        0.9245933890342712,
        0.9245911836624146,
        0.9245888590812683,
        0.9245864748954773,
        0.9245844483375549,
        0.924582302570343,
        0.9245796799659729,
        0.9245769381523132,
        0.9245744347572327,
        0.9245718121528625,
        0.9245694279670715,
        0.9245672225952148,
        0.924565315246582,
        0.9245634078979492,
        0.9245617985725403,
        0.9245598912239075,
        0.9245582222938538,
        0.9245565533638,
        0.9245550036430359,
        0.9245531558990479,
        0.9245516657829285,
        0.9245499968528748,
        0.9245485067367554,
        0.9245468378067017,
        0.9245452284812927,
        0.9245433807373047,
        0.9245414733886719,
        0.9245393872261047,
        0.9245373010635376,
        0.9245353937149048,
        0.9245335459709167,
        0.9245318174362183,
        0.924530565738678,
        0.924528956413269,
        0.9245275259017944,
        0.9245263934135437,
        0.9245250225067139,
        0.9245235919952393,
        0.924522340297699,
        0.92452073097229,
        0.9245196580886841,
        0.9245181679725647,
        0.9245166778564453,
        0.9245154857635498,
        0.9245139956474304,
        0.9245129823684692,
        0.924511730670929,
        0.9245103001594543,
        0.9245093464851379,
        0.9245079755783081,
        0.9245067238807678,
        0.9245051145553589,
        0.9245041608810425,
        0.9245027303695679,
        0.9245016574859619,
        0.9245002269744873,
        0.9244992136955261,
        0.9244981408119202,
        0.9244970083236694,
        0.9244959354400635,
        0.9244945645332336,
        0.9244934320449829,
        0.924492359161377,
        0.9244912266731262,
        0.9244899153709412,
        0.9244884848594666,
        0.9244868159294128,
        0.9244850873947144,
        0.9244831204414368,
        0.924481213092804,
        0.9244790077209473,
        0.924476683139801,
        0.9244741201400757,
        0.9244717359542847,
        0.9244691133499146,
        0.9244669079780579,
        0.9244648218154907,
        0.9244629144668579,
        0.9244610071182251,
        0.9244593381881714,
        0.9244579076766968,
        0.9244564175605774,
        0.9244551658630371,
        0.9244534969329834,
        0.9244524836540222,
        0.9244509339332581,
        0.9244498014450073,
        0.9244484305381775,
        0.9244471192359924,
        0.9244456887245178,
        0.9244446158409119,
        0.9244433641433716,
        0.9244420528411865,
        0.9244406819343567,
        0.9244392514228821,
        0.924437940120697,
        0.9244367480278015,
        0.9244356155395508,
        0.9244345426559448,
        0.9244331121444702,
        0.9244323968887329,
        0.9244312047958374,
        0.9244303703308105,
        0.9244297742843628,
        0.9244285225868225,
        0.9244275093078613,
        0.9244267344474792,
        0.9244258403778076,
        0.9244248270988464,
        0.9244239330291748,
        0.9244229793548584,
        0.924422025680542,
        0.924420952796936,
        0.9244199991226196,
        0.9244190454483032,
        0.9244179129600525,
        0.9244167804718018,
        0.9244158267974854,
        0.9244144558906555,
        0.9244131445884705,
        0.9244118928909302,
        0.9244107604026794,
        0.9244095683097839,
        0.9244084358215332,
        0.9244073629379272,
        0.9244064092636108,
        0.9244054555892944,
        0.9244047999382019,
        0.9244040250778198,
        0.924403190612793,
        0.9244022965431213,
