{
    "normalized_frobenius_error": 0.9132381081581116,
    "masked_rmse": 0.1198163852095604,
    "mean_nonzero_value": 1.3623639345169067,
    "relative_rmse": 0.08794741332530975,
    "explained_variance": 0.16599613428115845,
    "computation_time": 0.21168017387390137,
    "all_factors_non_negative": true,
    "factor_sparsity": [
        "17.10%",
        "14.84%",
        "11.46%"
    ],
    "device": "cpu",
    "best_initialization": "svd",
    "errors_history": [
        0.9559255242347717,
        0.9430229663848877,
        0.9353517889976501,
        0.9307938814163208,
        0.9277779459953308,
        0.9258210062980652,
        0.9246281385421753,
        0.9237905144691467,
        0.9230800271034241,
        0.9224597215652466,
        0.9219220280647278,
        0.9213908314704895,
        0.9207472801208496,
        0.9198729991912842,
        0.9187257885932922,
        0.9174690842628479,
        0.9164202809333801,
        0.9157086610794067,
        0.9152454137802124,
        0.9148969054222107,
        0.914610743522644,
        0.9144367575645447,
        0.9143328666687012,
        0.914254367351532,
        0.9141843914985657,
        0.9141077995300293,
        0.9140242338180542,
        0.9139515161514282,
        0.9138892889022827,
        0.913831353187561,
        0.9137740135192871,
        0.9137124419212341,
        0.9136449098587036,
        0.9135778546333313,
        0.9135250449180603,
        0.9134886264801025,
        0.9134633541107178,
        0.9134446978569031,
        0.9134292006492615,
        0.9134162068367004,
        0.913405179977417,
        0.913395345211029,
        0.9133865237236023,
        0.9133782982826233,
        0.9133706092834473,
        0.9133631587028503,
        0.913356363773346,
        0.9133491516113281,
        0.9133421778678894,
        0.913335382938385,
        0.9133290648460388,
        0.9133235216140747,
        0.9133187532424927,
        0.9133144021034241,
        0.9133110046386719,
        0.9133076071739197,
        0.9133047461509705,
        0.9133021831512451,
        0.9132993221282959,
        0.913296639919281,
        0.9132943153381348,
        0.9132915735244751,
        0.9132885932922363,
        0.9132857322692871,
        0.9132824540138245,
        0.9132789373397827,
        0.9132755398750305,
        0.9132728576660156,
        0.9132707118988037,
        0.91326904296875,
        0.9132680296897888,
        0.913266658782959,
        0.9132653474807739,
        0.9132645726203918,
        0.9132637977600098,
        0.9132630228996277,
        0.9132617712020874,
        0.9132609367370605,
        0.9132604598999023,
        0.9132596850395203,
        0.9132587909698486,
        0.9132579565048218,
        0.9132573008537292,
        0.9132563471794128,
        0.9132557511329651,
        0.913254976272583,
        0.9132543206214905,
        0.9132533669471741,
        0.9132527112960815,
        0.9132519960403442,
        0.9132514595985413,
        0.9132508635520935,
        0.9132502675056458,
        0.9132497310638428,
        0.9132490754127502,
        0.913248598575592,
        0.9132481217384338,
        0.9132475852966309,
        0.9132472276687622,
        0.913246750831604,
        0.9132463932037354,
        0.9132459759712219,
        0.9132456183433533,
        0.9132450222969055,
        0.9132446646690369,
        0.9132442474365234,
        0.9132438898086548,
        0.9132435917854309,
        0.9132432341575623,
        0.9132428169250488,
        0.9132426381111145,
        0.9132422804832458,
        0.913241982460022,
        0.9132415652275085,
        0.9132412075996399,
        0.9132410883903503,
        0.9132407307624817,
        0.9132404327392578,
        0.9132401347160339,
        0.9132400751113892,
        0.9132397770881653,
        0.913239598274231,
        0.9132394790649414,
        0.9132391810417175,
        0.9132388830184937,
        0.9132388234138489,
        0.9132386445999146,
        0.9132383465766907,
        0.9132381081581116,
        0.9132381081581116
    ],
    "ranks": {
        "origin": 5,
        "destination": 5,
        "time": 4
    }
}