{
    "normalized_frobenius_error": 0.886008083820343,
    "masked_rmse": 0.12039904296398163,
    "mean_nonzero_value": 1.1494661569595337,
    "relative_rmse": 0.10474344342947006,
    "explained_variance": 0.21498972177505493,
    "computation_time": 0.7141060829162598,
    "all_factors_non_negative": true,
    "factor_sparsity": [
        "33.64%",
        "23.18%",
        "15.83%"
    ],
    "device": "mps",
    "best_initialization": "random",
    "errors_history": [
        0.954744815826416,
        0.9341431856155396,
        0.9216211438179016,
        0.9115443825721741,
        0.9038533568382263,
        0.8998769521713257,
        0.8976472616195679,
        0.8960671424865723,
        0.8946662545204163,
        0.8932037949562073,
        0.8916373252868652,
        0.8901841640472412,
        0.8890869617462158,
        0.8883602023124695,
        0.8878721594810486,
        0.8875526189804077,
        0.8873505592346191,
        0.8872109055519104,
        0.8870974183082581,
        0.886998176574707,
        0.8869156837463379,
        0.8868445754051208,
        0.8867810368537903,
        0.8867208361625671,
        0.8866621851921082,
        0.8866052627563477,
        0.8865523338317871,
        0.8865049481391907,
        0.8864633440971375,
        0.8864266276359558,
        0.886393666267395,
        0.8863623738288879,
        0.8863307237625122,
        0.8863044381141663,
        0.886284589767456,
        0.8862686157226562,
        0.886254608631134,
        0.8862419128417969,
        0.886229932308197,
        0.886219322681427,
        0.8862107992172241,
        0.8862041234970093,
        0.8861990571022034,
        0.8861949443817139,
        0.8861913084983826,
        0.8861877918243408,
        0.8861833214759827,
        0.8861749172210693,
        0.886162519454956,
        0.8861545324325562,
        0.886151134967804,
        0.8861488103866577,
        0.8861466646194458,
        0.8861446976661682,
        0.8861424922943115,
        0.8861390352249146,
        0.886130154132843,
        0.8861138820648193,
        0.8860915303230286,
        0.8860650062561035,
        0.8860532641410828,
        0.8860487937927246,
        0.8860461711883545,
        0.8860442638397217,
        0.8860427141189575,
        0.886040449142456,
        0.8860355615615845,
        0.8860271573066711,
        0.8860210180282593,
        0.8860189318656921,
        0.8860180974006653,
        0.886017382144928,
        0.8860169053077698,
        0.8860165476799011,
        0.8860160708427429,
        0.8860158324241638,
        0.8860154747962952,
        0.8860151767730713,
        0.886014997959137,
        0.8860147595405579,
        0.886014461517334,
        0.8860141038894653,
        0.8860135674476624,
        0.886012613773346,
        0.8860113024711609,
        0.8860101699829102,
        0.8860095143318176,
        0.886009156703949,
        0.8860089778900146,
        0.8860089182853699,
        0.8860087990760803,
        0.8860086798667908,
        0.886008620262146,
        0.8860085010528564,
        0.8860084414482117,
        0.8860083818435669,
        0.8860083222389221,
        0.8860082626342773,
        0.8860082030296326,
        0.886008083820343,
        0.886008083820343
    ],
    "l1_regularization": 0.0,
    "l2_regularization": 0.0,
    "random_state": 326870,
    "c1_unique_zones": 1,
    "c2_unique_od_pairs": 0,
    "c1_c2_approach": "percentage",
    "c1_c2_percentage": 0.2
}