{
    "normalized_frobenius_error": 0.8564392328262329,
    "masked_rmse": 0.22337256371974945,
    "mean_nonzero_value": 1.345635175704956,
    "relative_rmse": 0.16599786281585693,
    "explained_variance": 0.2665119171142578,
    "computation_time": 0.9896869659423828,
    "all_factors_non_negative": true,
    "factor_sparsity": [
        "24.44%",
        "21.78%",
        "11.67%"
    ],
    "device": "mps",
    "best_initialization": "random",
    "errors_history": [
        0.9433125853538513,
        0.9333385229110718,
        0.9224140048027039,
        0.9051011204719543,
        0.8872079849243164,
        0.8750143647193909,
        0.8681213855743408,
        0.8648416996002197,
        0.8631117939949036,
        0.8620378971099854,
        0.8612622618675232,
        0.8606299161911011,
        0.8600678443908691,
        0.8595468401908875,
        0.8590698838233948,
        0.8586532473564148,
        0.8583068251609802,
        0.8580270409584045,
        0.8577986359596252,
        0.8576056361198425,
        0.8574382066726685,
        0.8572918772697449,
        0.8571664094924927,
        0.8570623397827148,
        0.856978714466095,
        0.85691237449646,
        0.8568571209907532,
        0.8568099737167358,
        0.8567708134651184,
        0.8567361831665039,
        0.856704592704773,
        0.8566750288009644,
        0.8566470742225647,
        0.8566210269927979,
        0.8565970063209534,
        0.856575608253479,
        0.8565572500228882,
        0.8565420508384705,
        0.856529712677002,
        0.8565196394920349,
        0.8565115928649902,
        0.8565050959587097,
        0.8564996719360352,
        0.8564951419830322,
        0.8564913272857666,
        0.8564881086349487,
        0.8564852476119995,
        0.8564828038215637,
        0.8564807772636414,
        0.8564790487289429,
        0.8564773201942444,
        0.8564759492874146,
        0.856474757194519,
        0.8564737439155579,
        0.8564727902412415,
        0.8564720153808594,
        0.8564713597297668,
        0.8564705848693848,
        0.8564698696136475,
        0.8564692735671997,
        0.8564686179161072,
        0.8564679026603699,
        0.8564671277999878,
        0.8564664125442505,
        0.8564655780792236,
        0.856464684009552,
        0.8564637303352356,
        0.8564627170562744,
        0.856461763381958,
        0.8564609289169312,
        0.85645991563797,
        0.8564590811729431,
        0.8564582467079163,
        0.8564574122428894,
        0.8564568161964417,
        0.8564561009407043,
        0.8564554452896118,
        0.8564549684524536,
        0.8564543724060059,
        0.8564538359642029,
        0.8564533591270447,
        0.8564528822898865,
        0.8564524054527283,
        0.8564518690109253,
        0.8564515709877014,
        0.856451153755188,
        0.8564508557319641,
        0.8564504384994507,
        0.8564499616622925,
        0.8564496636390686,
        0.8564493060112,
        0.8564490675926208,
        0.8564487099647522,
        0.8564482927322388,
        0.8564479947090149,
        0.8564476370811462,
        0.8564473390579224,
        0.8564468622207642,
        0.8564464449882507,
        0.8564462065696716,
        0.8564459085464478,
        0.8564456105232239,
        0.8564453721046448,
        0.8564450740814209,
        0.8564448356628418,
        0.8564445376396179,
        0.8564444184303284,
        0.8564441204071045,
        0.8564438819885254,
        0.8564435243606567,
        0.8564433455467224,
        0.8564430475234985,
        0.8564428687095642,
        0.8564426898956299,
        0.8564423322677612,
        0.8564421534538269,
        0.8564419150352478,
        0.8564416766166687,
        0.8564414978027344,
        0.8564413189888,
        0.856441080570221,
        0.8564409613609314,
        0.8564407229423523,
        0.856440544128418,
        0.8564404249191284,
        0.8564401865005493,
        0.856440007686615,
        0.8564399480819702,
        0.8564398288726807,
        0.8564397096633911,
        0.8564395904541016,
        0.856439471244812,
        0.8564392924308777,
        0.8564392924308777
    ],
    "l1_regularization": 0.0,
    "l2_regularization": 0.0,
    "random_state": 252344,
    "c1_unique_zones": 2,
    "c2_unique_od_pairs": 0,
    "c1_c2_approach": "percentage",
    "c1_c2_percentage": 0.2
}