{
    "normalized_frobenius_error": 0.8566378951072693,
    "masked_rmse": 0.22342438995838165,
    "mean_nonzero_value": 1.345635175704956,
    "relative_rmse": 0.16603638231754303,
    "explained_variance": 0.26617157459259033,
    "computation_time": 1.923203706741333,
    "all_factors_non_negative": true,
    "factor_sparsity": [
        "31.11%",
        "32.00%",
        "11.67%"
    ],
    "device": "mps",
    "best_initialization": "random",
    "errors_history": [
        0.9435795545578003,
        0.9256721138954163,
        0.9065020084381104,
        0.8929392695426941,
        0.8845005035400391,
        0.8788427114486694,
        0.8752468824386597,
        0.8729691505432129,
        0.8714494109153748,
        0.8703146576881409,
        0.8693110942840576,
        0.8683342933654785,
        0.8674443960189819,
        0.8667498230934143,
        0.8662678003311157,
        0.8659512996673584,
        0.8657456040382385,
        0.8656057715415955,
        0.8655022978782654,
        0.8654166460037231,
        0.8653385639190674,
        0.865265965461731,
        0.8652088642120361,
        0.865166962146759,
        0.8651355504989624,
        0.8651108741760254,
        0.8650906085968018,
        0.8650728464126587,
        0.8650569319725037,
        0.865041971206665,
        0.865027904510498,
        0.865014374256134,
        0.8650014400482178,
        0.8649888038635254,
        0.8649765253067017,
        0.8649644255638123,
        0.864952564239502,
        0.8649410009384155,
        0.8649296164512634,
        0.8649185299873352,
        0.8649075627326965,
        0.8648967742919922,
        0.8648861050605774,
        0.8648756146430969,
        0.8648651242256165,
        0.8648547530174255,
        0.8648446202278137,
        0.8648345470428467,
        0.8648244142532349,
        0.8648142218589783,
        0.864803671836853,
        0.8647928833961487,
        0.8647817969322205,
        0.8647700548171997,
        0.8647578358650208,
        0.8647450804710388,
        0.8647317290306091,
        0.8647178411483765,
        0.8647031188011169,
        0.8646876811981201,
        0.8646714687347412,
        0.8646540641784668,
        0.8646353483200073,
        0.8646150827407837,
        0.8645928502082825,
        0.8645678162574768,
        0.8645395636558533,
        0.8645067811012268,
        0.8644682168960571,
        0.8644219636917114,
        0.8643655180931091,
        0.8642956614494324,
        0.8642080426216125,
        0.8640978932380676,
        0.8639601469039917,
        0.8637911081314087,
        0.863589882850647,
        0.8633597493171692,
        0.8631075620651245,
        0.8628413677215576,
        0.8625876903533936,
        0.8623826503753662,
        0.8622268438339233,
        0.8621111512184143,
        0.8620270490646362,
        0.8619667887687683,
        0.8619229197502136,
        0.8618901371955872,
        0.8618643879890442,
        0.8618432283401489,
        0.8618254065513611,
        0.861810564994812,
        0.8617982268333435,
        0.8617876768112183,
        0.861777663230896,
        0.8617662191390991,
        0.8617507815361023,
        0.8617292642593384,
        0.8617046475410461,
        0.8616836667060852,
        0.8616688251495361,
        0.8616584539413452,
        0.8616505861282349,
        0.8616437911987305,
        0.8616374731063843,
        0.8616313934326172,
        0.8616251945495605,
        0.8616190552711487,
        0.861612856388092,
        0.8616071939468384,
        0.8616020679473877,
        0.8615972399711609,
        0.8615924119949341,
        0.8615878224372864,
        0.8615832328796387,
        0.8615785241127014,
        0.8615738749504089,
        0.8615688681602478,
        0.8615635633468628,
        0.86155766248703,
        0.8615507483482361,
        0.8615425229072571,
        0.8615322113037109,
        0.8615189790725708,
        0.8615019917488098,
        0.8614803552627563,
        0.8614530563354492,
        0.8614186644554138,
        0.8613760471343994,
        0.8613243699073792,
        0.8612630367279053,
        0.8611916303634644,
        0.8611080646514893,
        0.8610072135925293,
        0.8608877062797546,
        0.8607619404792786,
        0.8606442809104919,
        0.8605397939682007,
        0.8604440093040466,
        0.8603530526161194,
        0.8602660298347473,
        0.8601830005645752,
        0.8601047992706299,
        0.8600321412086487,
        0.8599653244018555,
        0.859904408454895,
        0.8598490357398987,
        0.859798014163971,
        0.8597501516342163,
        0.8597041368484497,
        0.8596585392951965,
        0.8596137166023254,
        0.859571099281311,
        0.8595340251922607,
        0.8595044016838074,
        0.8594822883605957,
        0.859466016292572,
        0.8594540357589722,
        0.859444797039032,
        0.8594372868537903,
        0.8594309687614441,
        0.8594251275062561,
        0.8594191074371338,
        0.8594110608100891,
        0.8593977093696594,
        0.8593716621398926,
        0.8593177795410156,
        0.859205961227417,
        0.8590193390846252,
        0.8588197231292725,
        0.8586755394935608,
        0.8585744500160217,
        0.8584737181663513,
        0.8583142757415771,
        0.85805743932724,
        0.8577869534492493,
        0.8575957417488098,
        0.8574743866920471,
        0.8573966026306152,
        0.857344925403595,
        0.8573107719421387,
        0.857288658618927,
        0.857274055480957,
        0.8572641015052795,
        0.8572571277618408,
        0.8572522401809692,
        0.8572484850883484,
        0.857245922088623,
        0.8572438955307007,
        0.8572425246238708,
        0.8572413325309753,
        0.8572405576705933,
        0.8572397232055664,
        0.8572390079498291,
        0.8572384119033813,
        0.8572376370429993,
        0.8572367429733276,
        0.8572359681129456,
        0.8572350740432739,
        0.8572342991828918,
        0.8572335243225098,
        0.857232928276062,
        0.8572323322296143,
        0.8572315573692322,
        0.8572306036949158,
        0.8572287559509277,
        0.8572245240211487,
        0.8572149872779846,
        0.8571945428848267,
        0.8571580648422241,
        0.8571098446846008,
        0.8570638298988342,
        0.857029139995575,
        0.8570082783699036,
        0.8569976091384888,
        0.8569924235343933,
        0.8569898009300232,
        0.8569883704185486,
        0.8569875359535217,
        0.8569871187210083,
        0.8569867014884949,
        0.8569865822792053,
        0.8569862842559814,
        0.8569861650466919,
        0.8569860458374023,
        0.8569859266281128,
        0.8569857478141785,
        0.8569856882095337,
        0.8569855093955994,
        0.8569853901863098,
        0.8569852113723755,
        0.8569850325584412,
        0.8569847941398621,
        0.8569844961166382,
        0.8569841980934143,
        0.8569836616516113,
        0.8569831252098083,
        0.8569825887680054,
        0.8569818139076233,
        0.8569809198379517,
        0.8569798469543457,
        0.8569788932800293,
        0.8569777607917786,
        0.8569765686988831,
        0.8569755554199219,
        0.8569744229316711,
        0.85697340965271,
        0.8569726347923279,
        0.8569719195365906,
        0.8569713830947876,
        0.8569707870483398,
        0.8569700717926025,
        0.8569691181182861,
        0.8569673895835876,
        0.8569641709327698,
        0.856957733631134,
        0.8569454550743103,
        0.8569226861000061,
        0.8568844795227051,
        0.8568300604820251,
        0.8567696213722229,
        0.8567196726799011,
        0.8566879630088806,
        0.8566704988479614,
        0.8566609025001526,
        0.8566552400588989,
        0.8566517233848572,
        0.8566492795944214,
        0.8566474914550781,
