{
    "normalized_frobenius_error": 0.8282521367073059,
    "masked_rmse": 0.18489134311676025,
    "mean_nonzero_value": 1.5989879369735718,
    "relative_rmse": 0.11563023179769516,
    "explained_variance": 0.31399840116500854,
    "computation_time": 2.8890182971954346,
    "all_factors_non_negative": true,
    "factor_sparsity": [
        "44.48%",
        "46.60%",
        "27.56%"
    ],
    "device": "mps",
    "best_initialization": "random",
    "errors_history": [
        0.951663076877594,
        0.9293051362037659,
        0.906327486038208,
        0.8897685408592224,
        0.8767320513725281,
        0.8673194646835327,
        0.8610740900039673,
        0.8568198084831238,
        0.8535107970237732,
        0.8506842255592346,
        0.8483412861824036,
        0.8465269207954407,
        0.8451216816902161,
        0.8439637422561646,
        0.8429485559463501,
        0.8420416712760925,
        0.8412426710128784,
        0.8405576348304749,
        0.839974045753479,
        0.8394629955291748,
        0.838981032371521,
        0.8384851217269897,
        0.8379462957382202,
        0.8373342752456665,
        0.8366508483886719,
        0.8359704613685608,
        0.8353530764579773,
        0.8348008990287781,
        0.8343116641044617,
        0.8339563012123108,
        0.8336858153343201,
        0.8334565758705139,
        0.8332518339157104,
        0.833063542842865,
        0.8328894376754761,
        0.8327290415763855,
        0.8325799703598022,
        0.832438588142395,
        0.8322970867156982,
        0.8321378827095032,
        0.8319551944732666,
        0.8317803740501404,
        0.8316125273704529,
        0.8314432501792908,
        0.8312776684761047,
        0.831119179725647,
        0.8309677839279175,
        0.8308234214782715,
        0.830686628818512,
        0.8305574059486389,
        0.8304361701011658,
        0.8303229212760925,
        0.8302150964736938,
        0.8301168084144592,
        0.8300265669822693,
        0.8299417495727539,
        0.8298611044883728,
        0.8297837972640991,
        0.8297051191329956,
        0.8296382427215576,
        0.8295785188674927,
        0.8295245170593262,
        0.8294752240180969,
        0.8294299244880676,
        0.8293879628181458,
        0.8293486833572388,
        0.8293114900588989,
        0.8292761445045471,
        0.8292422294616699,
        0.8292105197906494,
        0.8291813135147095,
        0.8291544318199158,
        0.8291293382644653,
        0.8291058540344238,
        0.8290836811065674,
        0.829062283039093,
        0.8290413618087769,
        0.8290203809738159,
        0.8289998769760132,
        0.8289804458618164,
        0.8289619088172913,
        0.8289452195167542,
        0.8289297223091125,
        0.828914999961853,
        0.8289000391960144,
        0.8288843631744385,
        0.828866720199585,
        0.8288469314575195,
        0.8288277983665466,
        0.8288117051124573,
        0.8287981748580933,
        0.8287853598594666,
        0.8287726044654846,
        0.8287588357925415,
        0.8287432193756104,
        0.8287256360054016,
        0.8287078142166138,
        0.8286917805671692,
        0.8286774158477783,
        0.8286639451980591,
        0.8286516666412354,
        0.8286405801773071,
        0.8286306262016296,
        0.8286211490631104,
        0.8286122679710388,
        0.8286033272743225,
        0.8285936117172241,
        0.8285827040672302,
        0.8285717368125916,
        0.8285627365112305,
        0.8285552263259888,
        0.8285483717918396,
        0.8285417556762695,
        0.8285351991653442,
        0.8285287618637085,
        0.8285221457481384,
        0.8285156488418579,
        0.8285089731216431,
        0.828502357006073,
        0.828495442867279,
        0.8284884095191956,
        0.8284813761711121,
        0.8284745216369629,
        0.8284684419631958,
        0.828463077545166,
        0.8284583687782288,
        0.8284541368484497,
        0.8284499049186707,
        0.828445315361023,
        0.8284394145011902,
        0.8284313678741455,
        0.828421413898468,
        0.8284119367599487,
        0.8284049034118652,
        0.8283999562263489,
        0.8283963203430176,
        0.8283931612968445,
        0.8283904194831848,
        0.828387975692749,
        0.8283858299255371,
        0.8283839821815491,
        0.8283822536468506,
        0.8283807039260864,
        0.8283793330192566,
        0.8283780813217163,
        0.8283770084381104,
        0.8283758163452148,
        0.8283746838569641,
        0.8283737301826477,
        0.8283726572990417,
        0.8283717036247253,
        0.8283706903457642,
        0.828369677066803,
        0.828368604183197,
        0.8283674716949463,
        0.8283662796020508,
        0.8283650279045105,
        0.8283634781837463,
        0.8283616900444031,
        0.828359842300415,
        0.8283576369285583,
        0.828355073928833,
        0.8283523917198181,
        0.8283495306968689,
        0.8283466100692749,
        0.8283436894416809,
        0.8283408284187317,
        0.8283379077911377,
        0.8283350467681885,
        0.828332245349884,
        0.8283293843269348,
        0.8283265829086304,
        0.8283237218856812,
        0.8283208608627319,
        0.8283180594444275,
        0.828315258026123,
        0.8283125758171082,
        0.8283098340034485,
        0.8283072113990784,
        0.8283047080039978,
        0.8283020853996277,
        0.8282995223999023,
        0.8282970786094666,
        0.828294575214386,
        0.8282920718193054,
        0.8282896876335144,
        0.8282873034477234,
        0.8282851576805115,
        0.8282832503318787,
        0.8282814621925354,
        0.8282798528671265,
        0.8282783031463623,
        0.828277051448822,
        0.8282759785652161,
        0.8282750844955444,
        0.8282742500305176,
        0.8282734751701355,
        0.828272819519043,
        0.8282721638679504,
        0.8282715082168579,
        0.8282707929611206,
        0.8282701373100281,
        0.8282691240310669,
        0.8282679915428162,
        0.8282665610313416,
        0.8282651305198669,
        0.828263521194458,
        0.8282622694969177,
        0.8282612562179565,
        0.8282604813575745,
        0.8282600045204163,
        0.8282595276832581,
        0.8282592296600342,
        0.8282588720321655,
        0.8282585740089417,
        0.8282583951950073,
        0.8282580971717834,
        0.8282578587532043,
        0.8282576203346252,
        0.8282573819160461,
        0.828257143497467,
        0.8282568454742432,
        0.8282566666603088,
        0.8282564282417297,
        0.8282561302185059,
        0.8282558917999268,
        0.8282557725906372,
        0.8282554745674133,
        0.8282553553581238,
        0.8282551765441895,
        0.8282550573348999,
        0.8282548785209656,
        0.828254759311676,
        0.8282545804977417,
        0.8282545208930969,
        0.8282543420791626,
        0.8282541632652283,
        0.8282541036605835,
        0.8282538652420044,
        0.8282536864280701,
        0.8282535076141357,
        0.8282533288002014,
        0.8282531499862671,
        0.8282530307769775,
        0.828252911567688,
        0.8282528519630432,
        0.8282527327537537,
        0.8282525539398193,
        0.8282524943351746,
        0.8282524347305298,
        0.8282523155212402,
        0.8282522559165955,
        0.8282521367073059,
        0.8282521367073059
    ],
    "l1_regularization": 0.0,
    "l2_regularization": 0.0,
    "c1_unique_zones": 18,
    "c2_unique_od_pairs": 47,
    "c1_c2_approach": "top_n",
    "c1_c2_top_n": 2
}