{
    "normalized_frobenius_error": 0.8564388155937195,
    "masked_rmse": 0.2233724594116211,
    "mean_nonzero_value": 1.345635175704956,
    "relative_rmse": 0.16599778831005096,
    "explained_variance": 0.2665126323699951,
    "computation_time": 0.7720460891723633,
    "all_factors_non_negative": true,
    "factor_sparsity": [
        "16.00%",
        "12.89%",
        "10.83%"
    ],
    "device": "mps",
    "best_initialization": "random",
    "errors_history": [
        0.9416611194610596,
        0.9238223433494568,
        0.9021788835525513,
        0.8887395858764648,
        0.8795555233955383,
        0.8717705607414246,
        0.8661190271377563,
        0.8628367185592651,
        0.8610842227935791,
        0.8600247502326965,
        0.8592565059661865,
        0.8586273193359375,
        0.858102023601532,
        0.8576788902282715,
        0.8573508262634277,
        0.8571081757545471,
        0.8569319844245911,
        0.8568050265312195,
        0.8567143678665161,
        0.8566492795944214,
        0.8566023707389832,
        0.856567919254303,
        0.8565420508384705,
        0.8565221428871155,
        0.8565068244934082,
        0.856495201587677,
        0.8564862012863159,
        0.8564791083335876,
        0.8564733266830444,
        0.8564686179161072,
        0.856464684009552,
        0.8564615249633789,
        0.8564587831497192,
        0.8564565181732178,
        0.8564545512199402,
        0.8564528822898865,
        0.8564515709877014,
        0.8564503788948059,
        0.8564493060112,
        0.8564484715461731,
        0.8564474582672119,
        0.8564468622207642,
        0.8564462661743164,
        0.8564456105232239,
        0.8564450740814209,
        0.8564446568489075,
        0.8564441204071045,
        0.8564438223838806,
        0.8564433455467224,
        0.8564429879188538,
        0.8564426898956299,
        0.8564422726631165,
        0.8564420342445374,
        0.8564416766166687,
        0.8564414381980896,
        0.8564412593841553,
        0.8564410209655762,
        0.8564406633377075,
        0.856440544128418,
        0.8564403653144836,
        0.8564401268959045,
        0.8564399480819702,
        0.8564398288726807,
        0.8564397096633911,
        0.8564395904541016,
        0.8564394116401672,
        0.8564393520355225,
        0.8564392328262329,
        0.8564391136169434,
        0.856438934803009,
        0.8564388155937195,
        0.8564388155937195
    ],
    "l1_regularization": 0.0,
    "l2_regularization": 0.0,
    "random_state": 87460,
    "c1_unique_zones": 2,
    "c2_unique_od_pairs": 0,
    "c1_c2_approach": "percentage",
    "c1_c2_percentage": 0.2
}