{
    "normalized_frobenius_error": 0.8778303265571594,
    "masked_rmse": 0.19595873355865479,
    "mean_nonzero_value": 1.5989879369735718,
    "relative_rmse": 0.12255172431468964,
    "explained_variance": 0.2294139862060547,
    "computation_time": 0.8708827495574951,
    "all_factors_non_negative": true,
    "factor_sparsity": [
        "25.12%",
        "29.23%",
        "15.28%"
    ],
    "device": "mps",
    "best_initialization": "random",
    "errors_history": [
        0.9556876420974731,
        0.939516544342041,
        0.9301784038543701,
        0.9233536124229431,
        0.9173719882965088,
        0.9114790558815002,
        0.9052138924598694,
        0.8983641862869263,
        0.8908659815788269,
        0.8849236965179443,
        0.8820947408676147,
        0.8808972239494324,
        0.8802561163902283,
        0.8798249959945679,
        0.8795075416564941,
        0.879267156124115,
        0.8790825605392456,
        0.8789364695549011,
        0.8788166642189026,
        0.8787145614624023,
        0.8786253333091736,
        0.8785464763641357,
        0.8784759044647217,
        0.878411591053009,
        0.8783527612686157,
        0.8782998919487,
        0.8782511353492737,
        0.8782019019126892,
        0.8781546950340271,
        0.8781202435493469,
        0.8780953288078308,
        0.8780749440193176,
        0.8780571222305298,
        0.8780410885810852,
        0.8780264258384705,
        0.8780124187469482,
        0.8779994249343872,
        0.8779869675636292,
        0.8779751658439636,
        0.8779636025428772,
        0.8779518008232117,
        0.8779390454292297,
        0.8779283165931702,
        0.8779195547103882,
        0.8779117465019226,
        0.8779046535491943,
        0.8778985142707825,
        0.8778929114341736,
        0.8778879642486572,
        0.8778834342956543,
        0.8778795003890991,
        0.8778759241104126,
        0.8778727054595947,
        0.8778697848320007,
        0.8778670430183411,
        0.8778645396232605,
        0.877862274646759,
        0.8778600692749023,
        0.8778581619262695,
        0.877856433391571,
        0.8778549432754517,
        0.8778536319732666,
        0.8778523802757263,
        0.8778511881828308,
        0.8778502941131592,
        0.877849280834198,
        0.8778484463691711,
        0.8778476119041443,
        0.8778469562530518,
        0.8778462409973145,
        0.8778455257415771,
        0.8778449296951294,
        0.8778443932533264,
        0.8778437972068787,
        0.8778433203697205,
        0.8778427839279175,
        0.8778424859046936,
        0.8778420090675354,
        0.877841591835022,
        0.8778411746025085,
        0.8778407573699951,
        0.8778403401374817,
        0.877839982509613,
        0.8778395652770996,
        0.8778390288352966,
        0.8778384327888489,
        0.8778376579284668,
        0.8778366446495056,
        0.8778355121612549,
        0.8778344988822937,
        0.8778334856033325,
        0.8778327703475952,
        0.8778323531150818,
        0.8778320550918579,
        0.877831757068634,
        0.8778315782546997,
        0.8778313398361206,
        0.8778311610221863,
        0.877830982208252,
        0.8778308629989624,
        0.8778307437896729,
        0.8778306841850281,
        0.8778305649757385,
        0.877830445766449,
        0.8778303265571594,
        0.8778303265571594
    ],
    "l1_regularization": 0.0,
    "l2_regularization": 0.0,
    "random_state": 854289,
    "c1_unique_zones": 2,
    "c2_unique_od_pairs": 0,
    "c1_c2_approach": "percentage",
    "c1_c2_percentage": 0.2
}