{
    "normalized_frobenius_error": 0.9025771021842957,
    "masked_rmse": 0.11841651052236557,
    "mean_nonzero_value": 1.3623639345169067,
    "relative_rmse": 0.0869198814034462,
    "explained_variance": 0.1853545904159546,
    "computation_time": 1.223797082901001,
    "all_factors_non_negative": true,
    "factor_sparsity": [
        "38.44%",
        "40.59%",
        "29.86%"
    ],
    "device": "mps",
    "best_initialization": "random",
    "errors_history": [
        0.9733338952064514,
        0.9543445706367493,
        0.9374640583992004,
        0.9266402125358582,
        0.9196327924728394,
        0.9156758189201355,
        0.9134765267372131,
        0.9120426177978516,
        0.911139726638794,
        0.9105614423751831,
        0.9101706743240356,
        0.9098871350288391,
        0.9096652269363403,
        0.9094785451889038,
        0.9092988967895508,
        0.9090930819511414,
        0.9088281989097595,
        0.9084764719009399,
        0.9079976677894592,
        0.9073527455329895,
        0.906539797782898,
        0.9056214094161987,
        0.9047819972038269,
        0.9041333198547363,
        0.9036644697189331,
        0.9033470153808594,
        0.9030200242996216,
        0.9029062390327454,
        0.9028423428535461,
        0.9027948975563049,
        0.9027585983276367,
        0.9027287364006042,
        0.9027170538902283,
        0.9027107357978821,
        0.902707576751709,
        0.9027054905891418,
        0.9027036428451538,
        0.9027021527290344,
        0.9027007818222046,
        0.9026996493339539,
        0.9026985764503479,
        0.9026975035667419,
        0.9026960730552673,
        0.9026936888694763,
        0.9026895761489868,
        0.902685284614563,
        0.9026817083358765,
        0.9026781916618347,
        0.9026748538017273,
        0.9026720523834229,
        0.90267014503479,
        0.9026687145233154,
        0.902667760848999,
        0.9026669263839722,
        0.9026662111282349,
        0.9026656746864319,
        0.9026650786399841,
        0.9026646018028259,
        0.9026640057563782,
        0.9026636481285095,
        0.9026630520820618,
        0.9026625156402588,
        0.9026620388031006,
        0.9026615619659424,
        0.902661144733429,
        0.9026606678962708,
        0.9026601910591125,
        0.9026597142219543,
        0.9026593565940857,
        0.9026588797569275,
        0.9026584029197693,
        0.9026578068733215,
        0.9026573300361633,
        0.9026567339897156,
        0.9026562571525574,
        0.9026556015014648,
        0.9026549458503723,
        0.9026540517807007,
        0.9026530981063843,
        0.9026522636413574,
        0.9026516079902649,
        0.9026508927345276,
        0.9026502370834351,
        0.902649462223053,
        0.9026486873626709,
        0.9026479721069336,
        0.9026469588279724,
        0.9026461243629456,
        0.9026451706886292,
        0.9026440978050232,
        0.902643084526062,
        0.9026418924331665,
        0.9026407599449158,
        0.902639627456665,
        0.9026384949684143,
        0.9026374220848083,
        0.9026363492012024,
        0.902635395526886,
        0.90263432264328,
        0.9026333093643188,
        0.9026322364807129,
        0.9026311635971069,
        0.9026301503181458,
        0.9026290774345398,
        0.9026280045509338,
        0.9026268720626831,
        0.9026257395744324,
        0.9026246666908264,
        0.9026235342025757,
        0.902622401714325,
        0.9026212096214294,
        0.9026200771331787,
        0.902618944644928,
        0.902617871761322,
        0.9026166200637817,
        0.9026156067848206,
        0.902614414691925,
        0.9026132822036743,
        0.902612030506134,
        0.9026110172271729,
        0.9026097655296326,
        0.9026086926460266,
        0.9026075601577759,
        0.9026064872741699,
        0.9026053547859192,
        0.9026042819023132,
        0.902603268623352,
        0.9026021957397461,
        0.9026011228561401,
        0.9026001691818237,
        0.9025990962982178,
        0.9025981426239014,
        0.902597188949585,
        0.9025963544845581,
        0.9025954008102417,
        0.9025945067405701,
        0.9025936722755432,
        0.9025927782058716,
        0.9025920629501343,
        0.9025912880897522,
        0.9025905132293701,
        0.902589738368988,
        0.9025890827178955,
        0.902588427066803,
        0.9025877118110657,
        0.9025870561599731,
        0.9025864601135254,
        0.9025859236717224,
        0.9025853276252747,
        0.9025848507881165,
        0.9025843143463135,
        0.9025838971138,
        0.9025833010673523,
        0.9025828242301941,
        0.9025824666023254,
        0.9025821089744568,
        0.9025816321372986,
        0.9025812149047852,
        0.9025809168815613,
        0.9025806784629822,
        0.9025802612304688,
        0.9025799632072449,
        0.902579665184021,
        0.9025794267654419,
        0.9025791883468628,
        0.9025790095329285,
        0.9025788307189941,
        0.9025786519050598,
        0.9025784730911255,
        0.9025783538818359,
        0.9025781750679016,
        0.9025779962539673,
        0.9025778770446777,
        0.9025777578353882,
        0.9025776982307434,
        0.9025775790214539,
        0.9025775194168091,
        0.9025774002075195,
        0.90257728099823,
        0.9025772213935852,
        0.9025771021842957,
        0.9025771021842957
    ],
    "l1_regularization": 0.0,
    "l2_regularization": 0.0,
    "random_state": 74615,
    "c1_unique_zones": 2,
    "c2_unique_od_pairs": 0,
    "c1_c2_approach": "percentage",
    "c1_c2_percentage": 0.2
}