{
    "normalized_frobenius_error": 0.8628751635551453,
    "masked_rmse": 0.2250511646270752,
    "mean_nonzero_value": 1.345635175704956,
    "relative_rmse": 0.1672452986240387,
    "explained_variance": 0.25544649362564087,
    "computation_time": 0.8525609970092773,
    "all_factors_non_negative": true,
    "factor_sparsity": [
        "24.00%",
        "20.44%",
        "10.00%"
    ],
    "device": "mps",
    "best_initialization": "random",
    "errors_history": [
        0.9410892724990845,
        0.915581464767456,
        0.8964712619781494,
        0.8842900395393372,
        0.8779335021972656,
        0.8742914199829102,
        0.8719441890716553,
        0.8704285025596619,
        0.8694090247154236,
        0.8686832189559937,
        0.8681339025497437,
        0.8676900863647461,
        0.8673068284988403,
        0.8669556975364685,
        0.8666189312934875,
        0.8662861585617065,
        0.8659533262252808,
        0.8656211495399475,
        0.8652949333190918,
        0.8649823665618896,
        0.8646915555000305,
        0.8644289970397949,
        0.8641983270645142,
        0.8639991283416748,
        0.8638285398483276,
        0.8636820316314697,
        0.863560676574707,
        0.8634645938873291,
        0.8633883595466614,
        0.8633273839950562,
        0.8632778525352478,
        0.8632373809814453,
        0.8632038831710815,
        0.8631759881973267,
        0.8631523251533508,
        0.8631321787834167,
        0.8631142377853394,
        0.8630982041358948,
        0.8630834221839905,
        0.8630695939064026,
        0.8630571365356445,
        0.8630456924438477,
        0.8630354404449463,
        0.8630261421203613,
        0.863017737865448,
        0.8630097508430481,
        0.8630021810531616,
        0.8629947304725647,
        0.8629873394966125,
        0.8629798889160156,
        0.8629725575447083,
        0.8629653453826904,
        0.8629583120346069,
        0.8629516363143921,
        0.8629454374313354,
        0.8629395961761475,
        0.8629342913627625,
        0.8629293441772461,
        0.8629248738288879,
        0.8629207611083984,
        0.8629171252250671,
        0.8629140257835388,
        0.8629113435745239,
        0.8629090189933777,
        0.8629069328308105,
        0.862904965877533,
        0.8629032969474792,
        0.8629016876220703,
        0.8629002571105957,
        0.8628990650177002,
        0.8628977537155151,
        0.8628968000411987,
        0.8628957271575928,
        0.8628948330879211,
        0.8628939986228943,
        0.862893283367157,
        0.8628925681114197,
        0.8628919124603271,
        0.8628911972045898,
        0.8628906011581421,
        0.8628900051116943,
        0.8628895282745361,
        0.8628891110420227,
        0.8628885746002197,
        0.8628881573677063,
        0.8628876805305481,
        0.8628873825073242,
        0.862886905670166,
        0.862886369228363,
        0.8628859519958496,
        0.8628853559494019,
        0.8628848195075989,
        0.862883985042572,
        0.8628830313682556,
        0.8628820776939392,
        0.8628810048103333,
        0.8628799915313721,
        0.8628792762756348,
        0.8628786206245422,
        0.8628782629966736,
        0.8628779053688049,
        0.8628776669502258,
        0.8628774285316467,
        0.8628771901130676,
        0.8628771305084229,
        0.8628769516944885,
        0.862876832485199,
        0.8628766536712646,
        0.8628764748573303,
        0.8628764152526855,
        0.862876296043396,
        0.8628761768341064,
        0.8628759980201721,
        0.8628759384155273,
        0.8628758192062378,
        0.8628756999969482,
        0.8628755807876587,
        0.8628754615783691,
        0.8628754019737244,
        0.8628752827644348,
        0.8628752827644348
    ],
    "l1_regularization": 0.0,
    "l2_regularization": 0.0,
    "random_state": 68759,
    "c1_unique_zones": 2,
    "c2_unique_od_pairs": 0,
    "c1_c2_approach": "percentage",
    "c1_c2_percentage": 0.2
}