{
    "normalized_frobenius_error": 0.8564398288726807,
    "masked_rmse": 0.22337272763252258,
    "mean_nonzero_value": 1.345635175704956,
    "relative_rmse": 0.16599798202514648,
    "explained_variance": 0.26651090383529663,
    "computation_time": 0.6111049652099609,
    "all_factors_non_negative": true,
    "factor_sparsity": [
        "19.56%",
        "17.33%",
        "11.67%"
    ],
    "device": "mps",
    "best_initialization": "random",
    "errors_history": [
        0.9446378350257874,
        0.9331426620483398,
        0.9168508052825928,
        0.8986961245536804,
        0.8865771293640137,
        0.8778915405273438,
        0.8709866404533386,
        0.866370677947998,
        0.8635696768760681,
        0.861673891544342,
        0.8602635860443115,
        0.8592153787612915,
        0.8584501147270203,
        0.8578979969024658,
        0.8575030565261841,
        0.8572221994400024,
        0.8570222854614258,
        0.8568788170814514,
        0.8567755222320557,
        0.8567003607749939,
        0.8566454648971558,
        0.856604814529419,
        0.856574535369873,
        0.8565517663955688,
        0.8565343618392944,
        0.8565207123756409,
        0.8565093874931335,
        0.856499969959259,
        0.8564925789833069,
        0.8564866185188293,
        0.8564820885658264,
        0.8564780950546265,
        0.856474757194519,
        0.8564720153808594,
        0.856469452381134,
        0.8564672470092773,
        0.8564652800559998,
        0.8564635515213013,
        0.8564620018005371,
        0.8564606308937073,
        0.856459379196167,
        0.8564582467079163,
        0.8564571738243103,
        0.8564562797546387,
        0.8564553260803223,
        0.856454610824585,
        0.8564539551734924,
        0.8564532399177551,
        0.8564526438713074,
        0.8564520478248596,
        0.8564515113830566,
        0.8564509749412537,
        0.8564504384994507,
        0.8564499616622925,
        0.856449544429779,
        0.8564491271972656,
        0.8564486503601074,
        0.856448233127594,
        0.8564478158950806,
        0.8564474582672119,
        0.8564470410346985,
        0.8564467430114746,
        0.856446385383606,
        0.8564461469650269,
        0.8564457297325134,
        0.8564453721046448,
        0.8564450740814209,
        0.856444776058197,
        0.8564445376396179,
        0.8564441204071045,
        0.8564440011978149,
        0.8564437031745911,
        0.856443464756012,
        0.8564431071281433,
        0.856442928314209,
        0.8564427495002747,
        0.8564425110816956,
        0.8564422726631165,
        0.8564420938491821,
        0.8564419150352478,
        0.8564416766166687,
        0.8564415574073792,
        0.8564414381980896,
        0.8564411997795105,
        0.856441080570221,
        0.8564409613609314,
        0.8564407229423523,
        0.856440544128418,
        0.8564404845237732,
        0.8564404249191284,
        0.8564403057098389,
        0.8564401268959045,
        0.8564400672912598,
        0.8564399480819702,
        0.8564399480819702
    ],
    "l1_regularization": 0.0,
    "l2_regularization": 0.0,
    "random_state": 683233,
    "c1_unique_zones": 2,
    "c2_unique_od_pairs": 0,
    "c1_c2_approach": "percentage",
    "c1_c2_percentage": 0.2
}