{
    "normalized_frobenius_error": 0.8781988620758057,
    "masked_rmse": 0.19604100286960602,
    "mean_nonzero_value": 1.5989879369735718,
    "relative_rmse": 0.12260317802429199,
    "explained_variance": 0.22876685857772827,
    "computation_time": 2.09945011138916,
    "all_factors_non_negative": true,
    "factor_sparsity": [
        "41.79%",
        "41.30%",
        "25.69%"
    ],
    "device": "mps",
    "best_initialization": "random",
    "errors_history": [
        0.9545154571533203,
        0.9366577863693237,
        0.9165605306625366,
        0.9038161635398865,
        0.8973381519317627,
        0.8935604691505432,
        0.8911627531051636,
        0.8895830512046814,
        0.8883892893791199,
        0.8873236775398254,
        0.8861770629882812,
        0.8848550915718079,
        0.8834664821624756,
        0.882226288318634,
        0.8813810348510742,
        0.8808453679084778,
        0.8804792761802673,
        0.8801925182342529,
        0.8799501657485962,
        0.8797491788864136,
        0.8795894980430603,
        0.8794625997543335,
        0.8793610334396362,
        0.8792780041694641,
        0.8792083263397217,
        0.8791484832763672,
        0.8790974020957947,
        0.8790537714958191,
        0.8790157437324524,
        0.8789819478988647,
        0.8789510130882263,
        0.8789216876029968,
        0.8788930773735046,
        0.878864049911499,
        0.8788342475891113,
        0.878804087638855,
        0.8787744045257568,
        0.8787458539009094,
        0.8787195086479187,
        0.8786952495574951,
        0.8786729574203491,
        0.8786525726318359,
        0.8786335587501526,
        0.8786160349845886,
        0.8785997629165649,
        0.8785848021507263,
        0.8785710334777832,
        0.8785586357116699,
        0.878547191619873,
        0.8785368800163269,
        0.8785274624824524,
        0.8785189986228943,
        0.8785113096237183,
        0.8785044550895691,
        0.8784982562065125,
        0.8784928321838379,
        0.8784878253936768,
        0.8784834742546082,
        0.878479540348053,
        0.8784761428833008,
        0.8784731030464172,
        0.8784703612327576,
        0.8784679174423218,
        0.8784657120704651,
        0.8784636855125427,
        0.8784617781639099,
        0.8784600496292114,
        0.8784586191177368,
        0.8784570097923279,
        0.8784556984901428,
        0.8784543871879578,
        0.8784531950950623,
        0.8784520626068115,
        0.878450870513916,
        0.8784498572349548,
        0.8784486055374146,
        0.8784475922584534,
        0.8784465193748474,
        0.8784455060958862,
        0.8784443736076355,
        0.8784432411193848,
        0.8784422278404236,
        0.8784411549568176,
        0.8784400224685669,
        0.8784390091896057,
        0.878437876701355,
        0.8784369230270386,
        0.8784356713294983,
        0.8784344792366028,
        0.8784331679344177,
        0.8784316182136536,
        0.8784302473068237,
        0.8784288167953491,
        0.8784275650978088,
        0.8784262537956238,
        0.8784249424934387,
        0.8784236311912537,
        0.8784223198890686,
        0.878420889377594,
        0.8784196972846985,
        0.8784183859825134,
        0.8784171938896179,
        0.8784158825874329,
        0.8784146308898926,
        0.8784133195877075,
        0.878412127494812,
        0.8784109950065613,
        0.8784096837043762,
        0.8784084916114807,
        0.8784072399139404,
        0.8784060478210449,
        0.8784048557281494,
        0.8784036040306091,
        0.8784025311470032,
        0.8784012794494629,
        0.8784000873565674,
        0.8783988952636719,
        0.8783976435661316,
        0.8783965706825256,
        0.8783953189849854,
        0.8783942461013794,
        0.8783931136131287,
        0.8783919215202332,
        0.878390908241272,
        0.8783897757530212,
        0.8783886432647705,
        0.8783875703811646,
        0.8783864378929138,
        0.8783853054046631,
        0.8783842921257019,
        0.8783832788467407,
        0.8783822059631348,
        0.8783811926841736,
        0.8783801794052124,
        0.8783790469169617,
        0.8783779740333557,
        0.8783770203590393,
        0.8783760070800781,
        0.8783749341964722,
        0.8783739805221558,
        0.8783729672431946,
        0.8783719539642334,
        0.878371000289917,
        0.8783700466156006,
        0.878369152545929,
        0.8783681392669678,
        0.878367006778717,
        0.8783659934997559,
        0.8783649206161499,
        0.8783636689186096,
        0.8783623576164246,
        0.8783608675003052,
        0.8783590197563171,
        0.8783572316169739,
        0.8783553242683411,
        0.8783533573150635,
        0.8783515691757202,
        0.8783499598503113,
        0.8783483505249023,
        0.8783469200134277,
        0.8783456087112427,
        0.8783441781997681,
        0.8783429861068726,
        0.8783416748046875,
        0.8783404231071472,
        0.8783391118049622,
        0.8783379197120667,
        0.8783366084098816,
        0.878335177898407,
        0.8783339858055115,
        0.8783325552940369,
        0.8783313632011414,
        0.8783299326896667,
        0.8783286809921265,
        0.878327488899231,
        0.8783262968063354,
        0.8783250451087952,
        0.8783237338066101,
        0.8783226609230042,
        0.8783214092254639,
        0.8783202171325684,
        0.8783189058303833,
        0.8783177733421326,
        0.8783164620399475,
        0.8783151507377625,
        0.8783138394355774,
        0.8783125281333923,
        0.8783110976219177,
        0.8783097863197327,
        0.8783082962036133,
        0.8783066868782043,
        0.878304660320282,
        0.8783025145530701,
        0.8783000111579895,
        0.8782976865768433,
        0.8782954216003418,
        0.8782936334609985,
        0.8782919049263,
        0.8782904148101807,
        0.8782891035079956,
        0.878287672996521,
        0.8782862424850464,
        0.8782848119735718,
        0.8782833218574524,
        0.8782817721366882,
        0.8782801032066345,
        0.8782782554626465,
        0.8782762289047241,
        0.8782740831375122,
        0.8782718777656555,
        0.8782696723937988,
        0.8782673478126526,
        0.8782653212547302,
        0.8782632946968079,
        0.878261387348175,
        0.8782597780227661,
        0.8782583475112915,
        0.8782567977905273,
        0.8782554864883423,
        0.8782541155815125,
        0.8782526850700378,
        0.8782512545585632,
        0.8782497644424438,
        0.8782482147216797,
        0.8782469034194946,
        0.87824547290802,
        0.8782442808151245,
        0.878243088722229,
        0.8782419562339783,
        0.8782408237457275,
        0.878239631652832,
        0.8782384991645813,
        0.8782374262809753,
        0.8782362937927246,
        0.8782351613044739,
        0.8782340884208679,
        0.8782330751419067,
        0.8782320618629456,
        0.8782310485839844,
        0.8782299160957336,
        0.8782289028167725,
        0.8782280087471008,
        0.8782271146774292,
        0.8782261610031128,
        0.8782252669334412,
        0.8782244920730591,
        0.8782236576080322,
        0.8782228231430054,
        0.8782221674919128,
        0.878221333026886,
        0.8782207369804382,
        0.8782200217247009,
        0.8782193064689636,
        0.8782185316085815,
        0.878217875957489,
        0.8782172799110413,
        0.8782168030738831,
        0.8782162666320801,
        0.8782157897949219,
        0.8782153725624084,
        0.8782148361206055,
        0.8782144784927368,
        0.8782140612602234,
        0.8782137632369995,
        0.8782133460044861,
        0.8782130479812622,
        0.8782126307487488,
        0.8782123327255249,
        0.8782119154930115,
