{
    "normalized_frobenius_error": 0.8827884793281555,
    "masked_rmse": 0.11996152997016907,
    "mean_nonzero_value": 1.1494661569595337,
    "relative_rmse": 0.10436282306909561,
    "explained_variance": 0.22068458795547485,
    "computation_time": 1.0085091590881348,
    "all_factors_non_negative": true,
    "factor_sparsity": [
        "36.36%",
        "29.55%",
        "16.67%"
    ],
    "device": "mps",
    "best_initialization": "random",
    "errors_history": [
        0.960119366645813,
        0.9421841502189636,
        0.926442563533783,
        0.9165505170822144,
        0.909372091293335,
        0.9028371572494507,
        0.8968918323516846,
        0.8934370279312134,
        0.8916950821876526,
        0.8906673789024353,
        0.8899669051170349,
        0.8894577026367188,
        0.889083743095398,
        0.8888114094734192,
        0.8886167407035828,
        0.8884773254394531,
        0.8883770108222961,
        0.8883041143417358,
        0.8882497549057007,
        0.8882074952125549,
        0.8881719708442688,
        0.8881407976150513,
        0.8881138563156128,
        0.8880887031555176,
        0.8880638480186462,
        0.8880385756492615,
        0.8880112767219543,
        0.8879808783531189,
        0.8879472017288208,
        0.8879119157791138,
        0.8878766298294067,
        0.8878417611122131,
        0.8878082036972046,
        0.8877761363983154,
        0.8877456784248352,
        0.8877162933349609,
        0.8876873254776001,
        0.8876582384109497,
        0.8876283764839172,
        0.887597382068634,
        0.8875648379325867,
        0.8875308036804199,
        0.8874953389167786,
        0.8874585032463074,
        0.8874207139015198,
        0.887382447719574,
        0.8873443007469177,
        0.8873070478439331,
        0.8872711658477783,
        0.887237012386322,
        0.8872038722038269,
        0.8871710300445557,
        0.887137770652771,
        0.8871026039123535,
        0.887064516544342,
        0.8870218396186829,
        0.8869732618331909,
        0.8869180679321289,
        0.8868553638458252,
        0.8867844939231873,
        0.8867048025131226,
        0.886616587638855,
        0.8865208625793457,
        0.886419415473938,
        0.8863136172294617,
        0.886203944683075,
        0.8860895037651062,
        0.8859679698944092,
        0.8858352899551392,
        0.8856906890869141,
        0.8855316042900085,
        0.8853604793548584,
        0.8851959705352783,
        0.8850445747375488,
        0.8849031329154968,
        0.8847729563713074,
        0.8846544623374939,
        0.8845440149307251,
        0.8844307065010071,
        0.8843114376068115,
        0.884213924407959,
        0.884128749370575,
        0.8840489983558655,
        0.8839729428291321,
        0.883902370929718,
        0.883841335773468,
        0.8837878108024597,
        0.8837389349937439,
        0.883689820766449,
        0.8836336135864258,
        0.8835609555244446,
        0.8834637403488159,
        0.8833763003349304,
        0.8833279013633728,
        0.8832987546920776,
        0.8832674026489258,
        0.8832165002822876,
        0.8831253051757812,
        0.8830198645591736,
        0.8829574584960938,
        0.8829137086868286,
        0.8828871846199036,
        0.8828749060630798,
        0.8828680515289307,
        0.8828638792037964,
        0.8828609585762024,
        0.8828586935997009,
        0.8828569650650024,
        0.8828555941581726,
        0.8828544020652771,
        0.8828533887863159,
        0.8828524947166443,
        0.8828516006469727,
        0.8828509449958801,
        0.8828502297401428,
        0.8828495740890503,
        0.882848858833313,
        0.8828481435775757,
        0.8828473687171936,
        0.882846474647522,
        0.8828452229499817,
        0.8828434348106384,
        0.8828408122062683,
        0.8828370571136475,
        0.8828316926956177,
        0.8828248977661133,
        0.8828170895576477,
        0.8828094601631165,
        0.8828031420707703,
        0.8827986717224121,
        0.8827957510948181,
        0.8827940225601196,
        0.8827927112579346,
        0.8827917575836182,
        0.8827909231185913,
        0.8827903866767883,
        0.8827899694442749,
        0.8827898502349854,
        0.8827896118164062,
        0.8827894330024719,
        0.8827892541885376,
        0.8827890753746033,
        0.882788896560669,
        0.8827887177467346,
        0.8827886581420898,
        0.8827885985374451,
        0.8827885389328003,
        0.8827884793281555,
        0.8827884793281555
    ],
    "l1_regularization": 0.0,
    "l2_regularization": 0.0,
    "random_state": 51500,
    "c1_unique_zones": 1,
    "c2_unique_od_pairs": 0,
    "c1_c2_approach": "percentage",
    "c1_c2_percentage": 0.2
}