{
    "normalized_frobenius_error": 0.8652645945549011,
    "masked_rmse": 0.2256743460893631,
    "mean_nonzero_value": 1.345635175704956,
    "relative_rmse": 0.1677084118127823,
    "explained_variance": 0.25131726264953613,
    "computation_time": 0.7325241565704346,
    "all_factors_non_negative": true,
    "factor_sparsity": [
        "19.11%",
        "16.00%",
        "10.00%"
    ],
    "device": "mps",
    "best_initialization": "random",
    "errors_history": [
        0.9442335963249207,
        0.9323862195014954,
        0.9188635349273682,
        0.9030430316925049,
        0.8911686539649963,
        0.8832675218582153,
        0.8781642317771912,
        0.8746772408485413,
        0.8722046613693237,
        0.870385468006134,
        0.8690072298049927,
        0.8679840564727783,
        0.8672575354576111,
        0.8667580485343933,
        0.866415798664093,
        0.8661768436431885,
        0.8660059571266174,
        0.8658809661865234,
        0.8657848238945007,
        0.8657066822052002,
        0.8656402230262756,
        0.8655822277069092,
        0.8655319213867188,
        0.8654900193214417,
        0.8654564619064331,
        0.8654302358627319,
        0.8654096722602844,
        0.8653931617736816,
        0.8653796315193176,
        0.8653683662414551,
        0.8653587698936462,
        0.8653506636619568,
        0.8653438687324524,
        0.8653379082679749,
        0.8653327822685242,
        0.8653282523155212,
        0.8653243780136108,
        0.8653208613395691,
        0.865317702293396,
        0.8653148412704468,
        0.8653122186660767,
        0.8653098344802856,
        0.8653075695037842,
        0.865305483341217,
        0.8653034567832947,
        0.8653013706207275,
        0.8652995228767395,
        0.8652976751327515,
        0.8652958869934082,
        0.8652941584587097,
        0.8652924299240112,
        0.8652908205986023,
        0.8652892112731934,
        0.8652876615524292,
        0.8652862310409546,
        0.8652847409248352,
        0.8652833700180054,
        0.8652821779251099,
        0.8652808666229248,
        0.8652796745300293,
        0.8652787208557129,
        0.8652777075767517,
        0.8652766942977905,
        0.8652758598327637,
        0.8652750849723816,
        0.8652742505073547,
        0.8652735948562622,
        0.8652728796005249,
        0.8652724027633667,
        0.8652717471122742,
        0.8652712106704712,
        0.8652707934379578,
        0.8652702569961548,
        0.8652699589729309,
        0.8652694821357727,
        0.865269124507904,
        0.8652688264846802,
        0.8652685284614563,
        0.8652682304382324,
        0.8652680516242981,
        0.8652677536010742,
        0.8652674555778503,
        0.8652672171592712,
        0.8652670383453369,
        0.865266740322113,
        0.8652666807174683,
        0.8652664422988892,
        0.8652662038803101,
        0.8652660846710205,
        0.8652659058570862,
        0.8652657270431519,
        0.8652656078338623,
        0.865265429019928,
        0.8652653098106384,
        0.8652652502059937,
        0.8652650117874146,
        0.865264892578125,
        0.8652647733688354,
        0.8652646541595459,
        0.8652646541595459
    ],
    "l1_regularization": 0.0,
    "l2_regularization": 0.0,
    "c1_unique_zones": 9,
    "c2_unique_od_pairs": 18,
    "c1_c2_approach": "top_n",
    "c1_c2_top_n": 2
}