{
    "normalized_frobenius_error": 0.8826829195022583,
    "masked_rmse": 0.11994718760251999,
    "mean_nonzero_value": 1.1494661569595337,
    "relative_rmse": 0.10435034334659576,
    "explained_variance": 0.22087091207504272,
    "computation_time": 0.8434009552001953,
    "all_factors_non_negative": true,
    "factor_sparsity": [
        "31.36%",
        "23.64%",
        "17.50%"
    ],
    "device": "mps",
    "best_initialization": "random",
    "errors_history": [
        0.9587956070899963,
        0.9413480162620544,
        0.9292303323745728,
        0.9196670055389404,
        0.9108535051345825,
        0.9010754227638245,
        0.8945011496543884,
        0.891170084476471,
        0.8896473050117493,
        0.8888500928878784,
        0.8883033990859985,
        0.8878813982009888,
        0.8875122666358948,
        0.8871626257896423,
        0.8868382573127747,
        0.8865474462509155,
        0.8862899541854858,
        0.8860635757446289,
        0.8858637809753418,
        0.8856838345527649,
        0.8855139017105103,
        0.8853418231010437,
        0.8851565718650818,
        0.8849595189094543,
        0.884770393371582,
        0.8845999836921692,
        0.8844441771507263,
        0.8843018412590027,
        0.8841685652732849,
        0.8840347528457642,
        0.8838960528373718,
        0.8837646245956421,
        0.8836551904678345,
        0.8835659623146057,
        0.883489727973938,
        0.8834202289581299,
        0.8833537697792053,
        0.8832903504371643,
        0.883231520652771,
        0.883179783821106,
        0.8831360340118408,
        0.8830986022949219,
        0.8830657601356506,
        0.8830350637435913,
        0.883003294467926,
        0.8829601407051086,
        0.8829067349433899,
        0.8828561902046204,
        0.8828179240226746,
        0.8827971816062927,
        0.882782518863678,
        0.8827694654464722,
        0.8827566504478455,
        0.8827447295188904,
        0.8827354907989502,
        0.882729172706604,
        0.8827247619628906,
        0.8827211260795593,
        0.8827178478240967,
        0.8827136158943176,
        0.8827071785926819,
        0.8827000856399536,
        0.8826958537101746,
        0.8826936483383179,
        0.8826920986175537,
        0.8826905488967896,
        0.8826892375946045,
        0.8826882243156433,
        0.882687509059906,
        0.8826867938041687,
        0.8826863765716553,
        0.8826860785484314,
        0.8826857805252075,
        0.8826855421066284,
        0.8826854228973389,
        0.8826853036880493,
        0.882685124874115,
        0.8826850056648254,
        0.8826849460601807,
        0.8826848268508911,
        0.8826847076416016,
        0.8826844692230225,
        0.8826841711997986,
        0.8826839923858643,
        0.8826838731765747,
        0.8826836943626404,
        0.8826835751533508,
        0.8826834559440613,
        0.882683277130127,
        0.8826832175254822,
        0.8826830387115479,
        0.8826829791069031,
        0.8826829195022583,
        0.8826829195022583
    ],
    "l1_regularization": 0.0,
    "l2_regularization": 0.0,
    "random_state": 875032,
    "c1_unique_zones": 1,
    "c2_unique_od_pairs": 0,
    "c1_c2_approach": "percentage",
    "c1_c2_percentage": 0.2
}