{
    "normalized_frobenius_error": 0.856438934803009,
    "masked_rmse": 0.22337248921394348,
    "mean_nonzero_value": 1.345635175704956,
    "relative_rmse": 0.16599780321121216,
    "explained_variance": 0.266512393951416,
    "computation_time": 0.6243720054626465,
    "all_factors_non_negative": true,
    "factor_sparsity": [
        "16.44%",
        "14.67%",
        "10.83%"
    ],
    "device": "mps",
    "best_initialization": "random",
    "errors_history": [
        0.9434606432914734,
        0.9310721158981323,
        0.9129759669303894,
        0.8959336876869202,
        0.8828221559524536,
        0.873829185962677,
        0.8691285252571106,
        0.8663666248321533,
        0.8641119003295898,
        0.8620046377182007,
        0.8602532744407654,
        0.8590487837791443,
        0.858256995677948,
        0.8577269911766052,
        0.8573798537254333,
        0.8571516275405884,
        0.8569960594177246,
        0.8568873405456543,
        0.8568078875541687,
        0.8567460179328918,
        0.8566952347755432,
        0.8566528558731079,
        0.856615424156189,
        0.8565809726715088,
        0.8565515875816345,
        0.8565289974212646,
        0.8565126657485962,
        0.8565008044242859,
        0.8564916253089905,
        0.8564844131469727,
        0.8564783930778503,
        0.856473445892334,
        0.8564692139625549,
        0.8564656972885132,
        0.8564624786376953,
        0.8564597368240356,
        0.8564573526382446,
        0.8564551472663879,
        0.8564532995223999,
        0.8564516305923462,
        0.8564501404762268,
        0.8564488887786865,
        0.8564477562904358,
        0.8564469218254089,
        0.8564460277557373,
        0.8564453721046448,
        0.8564447164535522,
        0.8564441204071045,
        0.8564436435699463,
        0.8564431071281433,
        0.8564428091049194,
        0.856442391872406,
        0.8564421534538269,
        0.8564417958259583,
        0.8564415574073792,
        0.8564413189888,
        0.856441080570221,
        0.8564409017562866,
        0.8564406633377075,
        0.8564404845237732,
        0.8564403057098389,
        0.8564401865005493,
        0.8564400672912598,
        0.8564398884773254,
        0.8564397096633911,
        0.8564395904541016,
        0.8564395308494568,
        0.856439471244812,
        0.8564392924308777,
        0.8564392328262329,
        0.8564391732215881,
        0.8564391136169434,
        0.856438934803009,
        0.856438934803009
    ],
    "l1_regularization": 0.0,
    "l2_regularization": 0.0,
    "random_state": 793689,
    "c1_unique_zones": 2,
    "c2_unique_od_pairs": 0,
    "c1_c2_approach": "percentage",
    "c1_c2_percentage": 0.2
}