{
    "normalized_frobenius_error": 0.8843636512756348,
    "masked_rmse": 0.1201755702495575,
    "mean_nonzero_value": 1.1494661569595337,
    "relative_rmse": 0.10454902797937393,
    "explained_variance": 0.21790099143981934,
    "computation_time": 1.0246269702911377,
    "all_factors_non_negative": true,
    "factor_sparsity": [
        "34.55%",
        "30.91%",
        "18.33%"
    ],
    "device": "mps",
    "best_initialization": "random",
    "errors_history": [
        0.9613432884216309,
        0.948425829410553,
        0.9342283010482788,
        0.9220854043960571,
        0.9111104607582092,
        0.9034451842308044,
        0.8986716270446777,
        0.8949509263038635,
        0.8921288251876831,
        0.8902314305305481,
        0.888900101184845,
        0.887866199016571,
        0.8870059847831726,
        0.8863968253135681,
        0.8859873414039612,
        0.885718047618866,
        0.8855401277542114,
        0.8854207396507263,
        0.88534015417099,
        0.8852865695953369,
        0.8852498531341553,
        0.8852231502532959,
        0.8852024078369141,
        0.8851842284202576,
        0.8851675391197205,
        0.8851519823074341,
        0.8851370215415955,
        0.8851242065429688,
        0.8851144909858704,
        0.8851069211959839,
        0.8851004242897034,
        0.885094404220581,
        0.8850887417793274,
        0.8850833773612976,
        0.8850780129432678,
        0.885073184967041,
        0.8850688338279724,
        0.8850650787353516,
        0.8850616812705994,
        0.8850584030151367,
        0.8850554823875427,
        0.8850525617599487,
        0.8850497603416443,
        0.8850468993186951,
        0.8850440979003906,
        0.8850412368774414,
        0.8850383758544922,
        0.8850352168083191,
        0.8850319385528564,
        0.8850284814834595,
        0.8850246667861938,
        0.8850206732749939,
        0.8850162029266357,
        0.8850114345550537,
        0.8850060701370239,
        0.8850004076957703,
        0.8849940896034241,
        0.8849871158599854,
        0.8849797248840332,
        0.8849714398384094,
        0.8849625587463379,
        0.884952962398529,
        0.8849425315856934,
        0.8849312663078308,
        0.8849190473556519,
        0.884905993938446,
        0.884891927242279,
        0.8848772048950195,
        0.8848620057106018,
        0.8848468065261841,
        0.8848313093185425,
        0.8848158121109009,
        0.8848000168800354,
        0.8847838044166565,
        0.884766697883606,
        0.8847482204437256,
        0.8847294449806213,
        0.8847118616104126,
        0.8846962451934814,
        0.8846819996833801,
        0.8846681118011475,
        0.8846539855003357,
        0.8846388459205627,
        0.8846226930618286,
        0.8846061825752258,
        0.8845900893211365,
        0.8845735788345337,
        0.8845541477203369,
        0.884529709815979,
        0.8845013380050659,
        0.8844756484031677,
        0.8844576478004456,
        0.8844456672668457,
        0.8844369649887085,
        0.8844301700592041,
        0.8844245076179504,
        0.8844199180603027,
        0.884415864944458,
        0.884412407875061,
        0.884409487247467,
        0.8844069242477417,
        0.8844045400619507,
        0.8844025135040283,
        0.8844010233879089,
        0.8843998908996582,
        0.884398877620697,
        0.8843980431556702,
        0.8843973278999329,
        0.8843966722488403,
        0.8843960762023926,
        0.8843955993652344,
        0.8843950629234314,
        0.8843945860862732,
        0.884394109249115,
        0.8843936324119568,
        0.8843932151794434,
        0.8843927383422852,
        0.8843922019004822,
        0.8843916654586792,
        0.8843910098075867,
        0.8843903541564941,
        0.8843895792961121,
        0.8843887448310852,
        0.8843877911567688,
        0.8843868374824524,
        0.8843858242034912,
        0.8843849301338196,
        0.8843839764595032,
        0.8843830227851868,
        0.8843821287155151,
        0.8843811750411987,
        0.8843801021575928,
        0.8843789100646973,
        0.8843772411346436,
        0.8843750953674316,
        0.8843724727630615,
        0.8843697309494019,
        0.8843676447868347,
        0.8843663930892944,
        0.8843656182289124,
        0.8843650817871094,
        0.8843647241592407,
        0.8843644857406616,
        0.8843643069267273,
        0.884364128112793,
        0.8843639492988586,
        0.8843638896942139,
        0.8843637108802795,
        0.8843636512756348,
        0.8843636512756348
    ],
    "l1_regularization": 0.0,
    "l2_regularization": 0.0,
    "random_state": 422881,
    "c1_unique_zones": 0,
    "c2_unique_od_pairs": 0,
    "c1_c2_approach": "percentage",
    "c1_c2_percentage": 0.2
}