{
    "normalized_frobenius_error": 0.9087772965431213,
    "masked_rmse": 0.20286980271339417,
    "mean_nonzero_value": 1.5989879369735718,
    "relative_rmse": 0.12687388062477112,
    "explained_variance": 0.1741238236427307,
    "computation_time": 0.5942189693450928,
    "all_factors_non_negative": true,
    "factor_sparsity": [
        "13.77%",
        "14.98%",
        "2.08%"
    ],
    "device": "cpu",
    "best_initialization": "svd",
    "errors_history": [
        0.9508379101753235,
        0.9470693469047546,
        0.9416051506996155,
        0.9357460737228394,
        0.9306899905204773,
        0.9264234900474548,
        0.9228630065917969,
        0.9201363921165466,
        0.9183091521263123,
        0.9171105623245239,
        0.9162530303001404,
        0.9156031012535095,
        0.9151227474212646,
        0.9147698879241943,
        0.9144935011863708,
        0.9142606258392334,
        0.9140528440475464,
        0.9138602614402771,
        0.9136732816696167,
        0.9134886860847473,
        0.9133043885231018,
        0.913120448589325,
        0.9129385352134705,
        0.9127612113952637,
        0.9125911593437195,
        0.9124301671981812,
        0.912278950214386,
        0.9121372103691101,
        0.9120043516159058,
        0.9118784666061401,
        0.9117556810379028,
        0.9116324782371521,
        0.9115076661109924,
        0.9113792777061462,
        0.9112492799758911,
        0.9111229777336121,
        0.9110044836997986,
        0.9108960032463074,
        0.9107981324195862,
        0.91070955991745,
        0.9106287360191345,
        0.9105531573295593,
        0.9104828834533691,
        0.9104176759719849,
        0.9103559851646423,
        0.9103008508682251,
        0.9102503061294556,
        0.9102045297622681,
        0.9101640582084656,
        0.9101281762123108,
        0.9100959300994873,
        0.9100669026374817,
        0.9100416302680969,
        0.9100183844566345,
        0.9099972248077393,
        0.9099783301353455,
        0.909960925579071,
        0.9099447727203369,
        0.909929633140564,
        0.909915566444397,
        0.9099023342132568,
        0.9098902940750122,
        0.9098789691925049,
        0.9098682403564453,
        0.9098576307296753,
        0.9098480343818665,
        0.9098387360572815,
        0.9098303318023682,
        0.909821629524231,
        0.9098135232925415,
        0.9098056554794312,
        0.9097978472709656,
        0.9097901582717896,
        0.9097825288772583,
        0.9097747206687927,
        0.9097669124603271,
        0.9097592234611511,
        0.9097514748573303,
        0.9097433686256409,
        0.909735381603241,
        0.9097273945808411,
        0.9097191095352173,
        0.9097110033035278,
        0.9097025990486145,
        0.9096944332122803,
        0.9096865653991699,
        0.90967857837677,
        0.9096710681915283,
        0.9096639752388,
        0.9096572399139404,
        0.9096505641937256,
        0.909644365310669,
        0.9096384048461914,
        0.9096328616142273,
        0.909627377986908,
        0.9096221327781677,
        0.9096167683601379,
        0.909611701965332,
        0.9096070528030396,
        0.9096020460128784,
        0.9095975756645203,
        0.9095930457115173,
        0.9095883965492249,
        0.9095839262008667,
        0.9095795750617981,
        0.9095755219459534,
        0.9095712900161743,
        0.9095670580863953,
        0.9095627069473267,
        0.9095584750175476,
        0.9095547199249268,
        0.9095509648323059,
        0.9095472097396851,
        0.9095432758331299,
        0.9095396399497986,
        0.909535825252533,
        0.9095325469970703,
        0.9095293283462524,
        0.9095256924629211,
        0.9095219373703003,
        0.9095184206962585,
        0.9095155596733093,
        0.909512460231781,
        0.9095095992088318,
        0.9095065593719482,
        0.9095034599304199,
        0.9095001220703125,
        0.9094972014427185,
        0.9094944596290588,
        0.9094913005828857,
        0.9094883799552917,
        0.9094858765602112,
        0.9094827175140381,
        0.9094799757003784,
        0.9094775319099426,
        0.9094746112823486,
        0.9094715118408203,
        0.9094683527946472,
        0.9094654321670532,
        0.9094623923301697,
        0.9094593524932861,
        0.9094560146331787,
        0.9094529747962952,
        0.9094497561454773,
        0.9094469547271729,
        0.9094434976577759,
        0.9094401597976685,
        0.9094367027282715,
        0.9094333052635193,
        0.9094298481941223,
        0.9094260931015015,
        0.9094217419624329,
        0.9094182252883911,
        0.9094138741493225,
        0.9094097018241882,
        0.9094051718711853,
        0.909400999546051,
        0.9093966484069824,
        0.9093924164772034,
        0.9093880653381348,
        0.9093835353851318,
        0.9093790650367737,
        0.9093745350837708,
        0.9093700647354126,
        0.909365713596344,
        0.9093614816665649,
        0.9093570709228516,
        0.9093523025512695,
        0.9093475341796875,
        0.9093431830406189,
        0.9093383550643921,
        0.9093335866928101,
        0.9093292355537415,
        0.9093247056007385,
        0.9093207716941833,
        0.9093164205551147,
        0.9093121290206909,
        0.9093080163002014,
        0.9093037843704224,
        0.9092997908592224,
        0.9092958569526672,
        0.9092918038368225,
        0.9092879891395569,
        0.9092841148376465,
        0.9092804789543152,
        0.9092766642570496,
        0.9092732071876526,
        0.9092699885368347,
        0.9092661738395691,
        0.9092627167701721,
        0.9092596769332886,
        0.9092565178871155,
        0.9092534780502319,
        0.9092503786087036,
        0.9092471599578857,
        0.9092440009117126,
        0.9092414975166321,
        0.9092384576797485,
        0.9092361330986023,
        0.9092335104942322,
        0.9092309474945068,
        0.9092286229133606,
        0.9092265367507935,
        0.9092236757278442,
        0.909221351146698,
        0.9092193245887756,
        0.909217119216919,
        0.9092145562171936,
        0.9092124700546265,
        0.9092106223106384,
        0.9092085361480713,
        0.9092065691947937,
        0.9092046618461609,
        0.9092024564743042,
        0.9092007279396057,
        0.9091989994049072,
        0.9091972708702087,
        0.9091957807540894,
        0.9091939330101013,
        0.9091924428939819,
        0.9091907143592834,
        0.9091894030570984,
        0.9091880917549133,
        0.9091867804527283,
        0.9091851711273193,
        0.909183919429779,
        0.9091828465461731,
        0.9091812968254089,
        0.9091796875,
        0.9091784954071045,
        0.9091771841049194,
        0.9091755747795105,
        0.9091737270355225,
        0.9091721177101135,
        0.9091702699661255,
        0.9091686010360718,
        0.9091667532920837,
        0.9091647267341614,
        0.909162700176239,
        0.9091607928276062,
        0.9091586470603943,
        0.9091565608978271,
        0.9091547131538391,
        0.9091529846191406,
        0.9091513156890869,
        0.9091503024101257,
        0.9091484546661377,
        0.9091468453407288,
        0.9091452956199646,
        0.9091439843177795,
        0.9091426730155945,
        0.9091413021087646,
        0.90913987159729,
        0.9091386795043945,
        0.909136950969696,
        0.9091355204582214,
        0.9091340899467468,
        0.9091324806213379,
        0.9091307520866394,
        0.90912926197052,
        0.9091271162033081,
        0.9091256260871887,
        0.9091234803199768,
        0.9091212749481201,
        0.9091190099716187,
        0.9091166853904724,
        0.90911465883255,
        0.9091125726699829,
        0.9091103672981262,
        0.9091085195541382,
