{
    "normalized_frobenius_error": 0.8564404845237732,
    "masked_rmse": 0.22337289154529572,
    "mean_nonzero_value": 1.345635175704956,
    "relative_rmse": 0.16599810123443604,
    "explained_variance": 0.2665097117424011,
    "computation_time": 1.0125691890716553,
    "all_factors_non_negative": true,
    "factor_sparsity": [
        "23.56%",
        "21.33%",
        "12.50%"
    ],
    "device": "mps",
    "best_initialization": "random",
    "errors_history": [
        0.945480227470398,
        0.9349538087844849,
        0.9235445261001587,
        0.908142626285553,
        0.8945663571357727,
        0.886623203754425,
        0.8821526169776917,
        0.8791371583938599,
        0.8761777877807617,
        0.872607409954071,
        0.869050145149231,
        0.8664689660072327,
        0.8647232055664062,
        0.8634830713272095,
        0.8627013564109802,
        0.8622211813926697,
        0.8618879318237305,
        0.861622154712677,
        0.8613924384117126,
        0.8611924052238464,
        0.8610141277313232,
        0.8608528971672058,
        0.8607058525085449,
        0.8605678677558899,
        0.8604299426078796,
        0.8602830171585083,
        0.8601188659667969,
        0.8599314093589783,
        0.8597167730331421,
        0.8594753742218018,
        0.859210193157196,
        0.8589285016059875,
        0.8586475253105164,
        0.858381986618042,
        0.8581417202949524,
        0.8579332232475281,
        0.8577597737312317,
        0.8576204180717468,
        0.8575117588043213,
        0.8574272394180298,
        0.8573587536811829,
        0.8572990298271179,
        0.8572413921356201,
        0.8571815490722656,
        0.8571169376373291,
        0.8570511341094971,
        0.8569898009300232,
        0.8569362163543701,
        0.8568922877311707,
        0.8568575382232666,
        0.8568305969238281,
        0.8568099737167358,
        0.8567938804626465,
        0.8567808270454407,
        0.8567695617675781,
        0.8567588329315186,
        0.8567477464675903,
        0.8567355275154114,
        0.8567225337028503,
        0.8567093014717102,
        0.8566961884498596,
        0.8566827774047852,
        0.8566689491271973,
        0.8566544055938721,
        0.8566396236419678,
        0.8566247224807739,
        0.8566101789474487,
        0.8565961122512817,
        0.8565824627876282,
        0.8565689325332642,
        0.8565554022789001,
        0.8565419912338257,
        0.8565289974212646,
        0.8565172553062439,
        0.856507420539856,
        0.856499433517456,
        0.8564931750297546,
        0.8564881086349487,
        0.8564844131469727,
        0.8564813733100891,
        0.856478750705719,
        0.8564766645431519,
        0.8564746975898743,
        0.8564731478691101,
        0.8564717173576355,
        0.8564703464508057,
        0.8564691543579102,
        0.8564679026603699,
        0.8564668893814087,
        0.8564658164978027,
        0.8564646244049072,
        0.8564634919166565,
        0.8564622402191162,
        0.8564609885215759,
        0.8564596772193909,
        0.8564581871032715,
        0.8564568758010864,
        0.8564554452896118,
        0.8564541935920715,
        0.856453001499176,
        0.8564518690109253,
        0.8564507365226746,
        0.8564496636390686,
        0.856448769569397,
        0.8564479351043701,
        0.8564471006393433,
        0.8564464449882507,
        0.856445848941803,
        0.8564453721046448,
        0.8564449548721313,
        0.8564445376396179,
        0.8564440608024597,
        0.8564435839653015,
        0.8564432263374329,
        0.8564428091049194,
        0.8564425110816956,
        0.8564422726631165,
        0.8564420938491821,
        0.856441855430603,
        0.8564415574073792,
        0.8564414381980896,
        0.8564412593841553,
        0.856441080570221,
        0.8564409613609314,
        0.8564406633377075,
        0.856440544128418,
        0.856440544128418
    ],
    "l1_regularization": 0.0,
    "l2_regularization": 0.0,
    "random_state": 991832,
    "c1_unique_zones": 2,
    "c2_unique_od_pairs": 0,
    "c1_c2_approach": "percentage",
    "c1_c2_percentage": 0.2
}