{
    "normalized_frobenius_error": 0.861457884311676,
    "masked_rmse": 0.22468151152133942,
    "mean_nonzero_value": 1.345635175704956,
    "relative_rmse": 0.16697059571743011,
    "explained_variance": 0.25789034366607666,
    "computation_time": 1.2435719966888428,
    "all_factors_non_negative": true,
    "factor_sparsity": [
        "31.11%",
        "28.00%",
        "16.67%"
    ],
    "device": "mps",
    "best_initialization": "random",
    "errors_history": [
        0.9439146518707275,
        0.9345681667327881,
        0.9223872423171997,
        0.9058229923248291,
        0.8910143375396729,
        0.8821730613708496,
        0.877231240272522,
        0.874182939529419,
        0.8721629977226257,
        0.8707197904586792,
        0.8696897029876709,
        0.8690106868743896,
        0.8685848712921143,
        0.8683141469955444,
        0.8681325316429138,
        0.8680022358894348,
        0.8679037690162659,
        0.8678286075592041,
        0.8677728176116943,
        0.8677309155464172,
        0.8676973581314087,
        0.8676695227622986,
        0.8676455616950989,
        0.8676246404647827,
        0.867605447769165,
        0.8675867319107056,
        0.8675675988197327,
        0.8675469756126404,
        0.8675240874290466,
        0.8674982786178589,
        0.8674683570861816,
        0.8674330711364746,
        0.8673909902572632,
        0.8673402070999146,
        0.8672776818275452,
        0.8672003149986267,
        0.8671035766601562,
        0.8669818043708801,
        0.8668279051780701,
        0.8666342496871948,
        0.8663925528526306,
        0.8660961985588074,
        0.8657436370849609,
        0.8653417229652405,
        0.8649083971977234,
        0.8644711375236511,
        0.8640565872192383,
        0.8636829257011414,
        0.8633588552474976,
        0.8630864024162292,
        0.8628591895103455,
        0.8626704812049866,
        0.8625231385231018,
        0.8624143004417419,
        0.8623257279396057,
        0.8622297644615173,
        0.8621372580528259,
        0.8620831966400146,
        0.8620487451553345,
        0.8620123863220215,
        0.8619739413261414,
        0.8619511723518372,
        0.8619320392608643,
        0.8619108200073242,
        0.8618853092193604,
        0.8618566989898682,
        0.8618299961090088,
        0.861809253692627,
        0.8617947101593018,
        0.8617846965789795,
        0.8617774844169617,
        0.861771821975708,
        0.861767053604126,
        0.8617627024650574,
        0.861758291721344,
        0.8617537021636963,
        0.8617489337921143,
        0.8617435097694397,
        0.8617375493049622,
        0.8617308139801025,
        0.8617234826087952,
        0.8617156147956848,
        0.8617071509361267,
        0.8616983294487,
        0.8616893887519836,
        0.8616803884506226,
        0.8616714477539062,
        0.8616625070571899,
        0.861653208732605,
        0.8616439700126648,
        0.8616345524787903,
        0.8616250157356262,
        0.8616153001785278,
        0.8616054058074951,
        0.8615947365760803,
        0.8615820407867432,
        0.8615663051605225,
        0.8615490794181824,
        0.861532986164093,
        0.8615203499794006,
        0.8615112900733948,
        0.861504852771759,
        0.8614999055862427,
        0.861495852470398,
        0.861492395401001,
        0.8614895343780518,
        0.8614869117736816,
        0.8614844083786011,
        0.8614823222160339,
        0.8614804744720459,
        0.8614785671234131,
        0.8614770770072937,
        0.8614755868911743,
        0.8614741563796997,
        0.8614729642868042,
        0.8614717721939087,
        0.861470639705658,
        0.8614697456359863,
        0.8614687323570251,
        0.8614678382873535,
        0.8614670038223267,
        0.8614661693572998,
        0.8614653944969177,
        0.86146479845047,
        0.8614641427993774,
        0.8614635467529297,
        0.8614630103111267,
        0.861462414264679,
        0.8614619970321655,
        0.8614615201950073,
        0.8614611625671387,
        0.86146080493927,
        0.8614605665206909,
        0.8614600896835327,
        0.8614599704742432,
        0.8614596128463745,
        0.8614594340324402,
        0.8614591956138611,
        0.8614590167999268,
        0.8614588975906372,
        0.8614587783813477,
        0.8614585995674133,
        0.8614584803581238,
        0.8614583611488342,
        0.8614582419395447,
        0.8614581823348999,
        0.8614580035209656,
        0.8614580631256104,
        0.861457884311676,
        0.861457884311676
    ],
    "l1_regularization": 0.0,
    "l2_regularization": 0.0,
    "random_state": 289950,
    "c1_unique_zones": 1,
    "c2_unique_od_pairs": 0,
    "c1_c2_approach": "percentage",
    "c1_c2_percentage": 0.2
}