{
    "normalized_frobenius_error": 0.9084802269935608,
    "masked_rmse": 0.11919098347425461,
    "mean_nonzero_value": 1.3623639345169067,
    "relative_rmse": 0.08748836070299149,
    "explained_variance": 0.1746637225151062,
    "computation_time": 1.010721206665039,
    "all_factors_non_negative": true,
    "factor_sparsity": [
        "38.44%",
        "40.59%",
        "25.00%"
    ],
    "device": "mps",
    "best_initialization": "random",
    "errors_history": [
        0.9745333194732666,
        0.9617971181869507,
        0.9452747106552124,
        0.9329739809036255,
        0.9262750148773193,
        0.9219303727149963,
        0.9192131161689758,
        0.9176256656646729,
        0.9167373180389404,
        0.9161951541900635,
        0.9157570004463196,
        0.9152840971946716,
        0.9146901965141296,
        0.9139646291732788,
        0.9132114052772522,
        0.912587583065033,
        0.9121714234352112,
        0.9119238257408142,
        0.9117667078971863,
        0.9116498231887817,
        0.9115512371063232,
        0.9114659428596497,
        0.9113896489143372,
        0.9113195538520813,
        0.9112570881843567,
        0.9111993312835693,
        0.9111437201499939,
        0.9110879302024841,
        0.9110292196273804,
        0.9109659790992737,
        0.9108952283859253,
        0.9108143448829651,
        0.9107248187065125,
        0.910629391670227,
        0.9105288982391357,
        0.9104251265525818,
        0.9103211164474487,
        0.910216212272644,
        0.9100992679595947,
        0.909970760345459,
        0.9098116755485535,
        0.9095503687858582,
        0.9092962145805359,
        0.9091324806213379,
        0.909026026725769,
        0.908962607383728,
        0.9089266061782837,
        0.9089047908782959,
        0.9088317155838013,
        0.9086759090423584,
        0.9086498618125916,
        0.9086396098136902,
        0.9086341261863708,
        0.908630907535553,
        0.9086287617683411,
        0.9086271524429321,
        0.9086245894432068,
        0.9086058139801025,
        0.9085375666618347,
        0.9085167646408081,
        0.9085129499435425,
        0.9085114002227783,
        0.9085106253623962,
        0.9085099697113037,
        0.9085096716880798,
        0.9085094332695007,
        0.9085091352462769,
        0.9085089564323425,
        0.9085086584091187,
        0.9085083603858948,
        0.9085080623626709,
        0.9085077047348022,
        0.9085072875022888,
        0.9085068106651306,
        0.9085061550140381,
        0.9085049033164978,
        0.9085023403167725,
        0.9084980487823486,
        0.9084948897361755,
        0.9084933996200562,
        0.908492386341095,
        0.9084914922714233,
        0.9084906578063965,
        0.9084900617599487,
        0.9084895849227905,
        0.9084892272949219,
        0.9084888100624084,
        0.9084885716438293,
        0.9084883332252502,
        0.9084881544113159,
        0.908487856388092,
        0.9084876775741577,
        0.9084874987602234,
        0.9084873795509338,
        0.9084872007369995,
        0.90848708152771,
        0.9084870219230652,
        0.9084868431091309,
        0.9084867238998413,
        0.908486545085907,
        0.9084858894348145,
        0.9084842205047607,
        0.9084819555282593,
        0.9084807634353638,
        0.9084805250167847,
        0.9084804058074951,
        0.9084802865982056,
        0.9084802269935608,
        0.9084802865982056,
        0.9084802269935608,
        0.9084802269935608
    ],
    "l1_regularization": 0.0,
    "l2_regularization": 0.0,
    "random_state": 606946,
    "c1_unique_zones": 3,
    "c2_unique_od_pairs": 0,
    "c1_c2_approach": "percentage",
    "c1_c2_percentage": 0.2
}